deployment_id,camera_name,image_filename,timestamp_recorded,record_user_id,cells_0,cells_1_9,cells_10_99,cells_100_999,sun_exposed_cells_1_9,sun_exposed_cells_10_99,sun_exposed_cells_100_999,butterfly_index,sun_exposed_butterfly_index
SC1,EM03,SC1_20231117114001.JPG,2023-11-17T11:40:01,SM,104,31,9,0,0,0,0,121,0
SC1,EM03,SC1_20231117114501.JPG,2023-11-17T11:45:01,SM,105,26,13,0,0,0,0,156,0
SC1,EM03,SC1_20231117115001.JPG,2023-11-17T11:50:01,SM,103,32,9,0,0,0,0,122,0
SC1,EM03,SC1_20231117115501.JPG,2023-11-17T11:55:01,SM,109,24,11,0,0,0,0,134,0
SC1,EM03,SC1_20231117120001.JPG,2023-11-17T12:00:01,SM,108,28,8,0,0,0,0,108,0
SC1,EM03,SC1_20231117120501.JPG,2023-11-17T12:05:01,SM,102,34,8,0,0,0,0,114,0
SC1,EM03,SC1_20231117121001.JPG,2023-11-17T12:10:01,SM,103,36,5,0,0,0,0,86,0
SC1,EM03,SC1_20231117121501.JPG,2023-11-17T12:15:01,SM,108,30,6,0,0,0,0,90,0
SC1,EM03,SC1_20231117122001.JPG,2023-11-17T12:20:01,SM,107,32,5,0,0,0,0,82,0
SC1,EM03,SC1_20231117122501.JPG,2023-11-17T12:25:01,SM,109,29,6,0,0,0,0,89,0
SC1,EM03,SC1_20231117123001.JPG,2023-11-17T12:30:01,SM,108,32,4,0,0,0,0,72,0
SC1,EM03,SC1_20231117123501.JPG,2023-11-17T12:35:01,SM,108,32,4,0,0,0,0,72,0
SC1,EM03,SC1_20231117124001.JPG,2023-11-17T12:40:01,SM,113,23,8,0,0,0,0,103,0
SC1,EM03,SC1_20231117124501.JPG,2023-11-17T12:45:01,SM,111,27,6,0,0,0,0,87,0
SC1,EM03,SC1_20231117125001.JPG,2023-11-17T12:50:01,SM,107,30,7,0,0,0,0,100,0
SC1,EM03,SC1_20231117125501.JPG,2023-11-17T12:55:01,SM,104,33,7,0,0,0,0,103,0
SC1,EM03,SC1_20231117130001.JPG,2023-11-17T13:00:01,SM,106,34,4,0,0,0,0,74,0
SC1,EM03,SC1_20231117130501.JPG,2023-11-17T13:05:01,SM,111,26,7,0,0,0,0,96,0
SC1,EM03,SC1_20231117131001.JPG,2023-11-17T13:10:01,SM,111,26,7,0,0,0,0,96,0
SC1,EM03,SC1_20231117131501.JPG,2023-11-17T13:15:01,SM,113,24,7,0,0,0,0,94,0
SC1,EM03,SC1_20231117132001.JPG,2023-11-17T13:20:01,SM,110,28,6,0,0,0,0,88,0
SC1,EM03,SC1_20231117132501.JPG,2023-11-17T13:25:01,SM,113,25,6,0,0,0,0,85,0
SC1,EM03,SC1_20231117133001.JPG,2023-11-17T13:30:01,SM,121,19,4,0,0,0,0,59,0
SC1,EM03,SC1_20231117133501.JPG,2023-11-17T13:35:01,SM,107,30,7,0,0,0,0,100,0
SC1,EM03,SC1_20231117134001.JPG,2023-11-17T13:40:01,SM,107,28,9,0,0,0,0,118,0
SC1,EM03,SC1_20231117134501.JPG,2023-11-17T13:45:01,SM,112,26,6,0,0,0,0,86,0
SC1,EM03,SC1_20231117135001.JPG,2023-11-17T13:50:01,SM,107,33,4,0,0,0,0,73,0
SC1,EM03,SC1_20231117135501.JPG,2023-11-17T13:55:01,SM,109,28,7,0,0,0,0,98,0
SC1,EM03,SC1_20231117140001.JPG,2023-11-17T14:00:01,SM,95,41,8,0,0,0,0,121,0
SC1,EM03,SC1_20231117140501.JPG,2023-11-17T14:05:01,SM,109,31,4,0,0,0,0,71,0
SC1,EM03,SC1_20231117141001.JPG,2023-11-17T14:10:01,SM,111,28,5,0,0,0,0,78,0
SC1,EM03,SC1_20231117141501.JPG,2023-11-17T14:15:01,SM,111,28,5,0,0,0,0,78,0
SC1,EM03,SC1_20231117142001.JPG,2023-11-17T14:20:01,SM,109,29,6,0,0,0,0,89,0
SC1,EM03,SC1_20231117142502.JPG,2023-11-17T14:25:02,SM,115,22,7,0,0,0,0,92,0
SC1,EM03,SC1_20231117143001.JPG,2023-11-17T14:30:01,SM,109,31,4,0,0,0,0,71,0
SC1,EM03,SC1_20231117143501.JPG,2023-11-17T14:35:01,SM,109,26,9,0,0,0,0,116,0
SC1,EM03,SC1_20231117144001.JPG,2023-11-17T14:40:01,SM,113,24,7,0,0,0,0,94,0
SC1,EM03,SC1_20231117144501.JPG,2023-11-17T14:45:01,SM,108,30,6,0,0,0,0,90,0
SC1,EM03,SC1_20231117145001.JPG,2023-11-17T14:50:01,SM,118,20,6,0,0,0,0,80,0
SC1,EM03,SC1_20231117145501.JPG,2023-11-17T14:55:01,SM,112,25,7,0,0,0,0,95,0
SC1,EM03,SC1_20231117150001.JPG,2023-11-17T15:00:01,SM,113,28,3,0,0,0,0,58,0
SC1,EM03,SC1_20231117150501.JPG,2023-11-17T15:05:01,SM,115,26,3,0,0,0,0,56,0
SC1,EM03,SC1_20231117151001.JPG,2023-11-17T15:10:01,SM,115,26,3,0,0,0,0,56,0
SC1,EM03,SC1_20231117151501.JPG,2023-11-17T15:15:01,SM,107,34,3,0,0,0,0,64,0
SC1,EM03,SC1_20231117152001.JPG,2023-11-17T15:20:01,SM,113,30,1,0,0,0,0,40,0
SC1,EM03,SC1_20231117152501.JPG,2023-11-17T15:25:01,SM,114,28,2,0,0,0,0,48,0
SC1,EM03,SC1_20231117153001.JPG,2023-11-17T15:30:01,SM,112,29,3,0,0,0,0,59,0
SC1,EM03,SC1_20231117153501.JPG,2023-11-17T15:35:01,SM,119,19,6,0,0,0,0,79,0
SC1,EM03,SC1_20231117154001.JPG,2023-11-17T15:40:01,SM,116,27,1,0,0,0,0,37,0
SC1,EM03,SC1_20231117154501.JPG,2023-11-17T15:45:01,SM,117,25,2,0,0,0,0,45,0
SC1,EM03,SC1_20231117155001.JPG,2023-11-17T15:50:01,SM,115,27,2,0,0,0,0,47,0
SC1,EM03,SC1_20231117155501.JPG,2023-11-17T15:55:01,SM,117,25,2,0,0,0,0,45,0
SC1,EM03,SC1_20231117160001.JPG,2023-11-17T16:00:01,SM,110,32,2,0,0,0,0,52,0
SC1,EM03,SC1_20231117160501.JPG,2023-11-17T16:05:01,SM,115,29,0,0,0,0,0,29,0
SC1,EM03,SC1_20231117161001.JPG,2023-11-17T16:10:01,SM,115,27,2,0,0,0,0,47,0
SC1,EM03,SC1_20231117161501.JPG,2023-11-17T16:15:01,SM,117,26,1,0,0,0,0,36,0
SC1,EM03,SC1_20231117162001.JPG,2023-11-17T16:20:01,SM,118,24,2,0,0,0,0,44,0
SC1,EM03,SC1_20231117162501.JPG,2023-11-17T16:25:01,SM,110,32,2,0,0,0,0,52,0
SC1,EM03,SC1_20231117163001.JPG,2023-11-17T16:30:01,SM,111,31,2,0,0,0,0,51,0
SC1,EM03,SC1_20231117163501.JPG,2023-11-17T16:35:01,SM,114,29,1,0,0,0,0,39,0
SC1,EM03,SC1_20231117164001.JPG,2023-11-17T16:40:01,SM,112,30,2,0,0,0,0,50,0
SC1,EM03,SC1_20231117164501.JPG,2023-11-17T16:45:01,SM,114,29,1,0,0,0,0,39,0
SC1,EM03,SC1_20231117165001.JPG,2023-11-17T16:50:01,SM,112,31,1,0,0,0,0,41,0
SC1,EM03,SC1_20231117165501.JPG,2023-11-17T16:55:01,SM,114,29,1,0,0,0,0,39,0
SC1,EM03,SC1_20231117170001.JPG,2023-11-17T17:00:01,SM,112,28,4,0,0,0,0,68,0
SC1,EM03,SC1_20231117170501.JPG,2023-11-17T17:05:01,SM,116,23,5,0,0,0,0,73,0
SC1,EM03,SC1_20231117171001.JPG,2023-11-17T17:10:01,SM,117,22,5,0,0,0,0,72,0
SC1,EM03,SC1_20231117171501.JPG,2023-11-17T17:15:01,SM,119,21,4,0,0,0,0,61,0
SC1,EM03,SC1_20231117172001.JPG,2023-11-17T17:20:01,SM,122,19,3,0,0,0,0,49,0
SC1,EM03,SC1_20231117172501.JPG,2023-11-17T17:25:01,SM,123,17,4,0,0,0,0,57,0
SC1,EM03,SC1_20231117173001.JPG,2023-11-17T17:30:01,SM,120,21,3,0,0,0,0,51,0
SC1,EM03,SC1_20231117173501.JPG,2023-11-17T17:35:01,SM,117,24,3,0,0,0,0,54,0
SC1,EM03,SC1_20231118062501.JPG,2023-11-18T06:25:01,SM,118,20,6,0,0,0,0,80,0
SC1,EM03,SC1_20231118063002.JPG,2023-11-18T06:30:02,SM,115,26,3,0,0,0,0,56,0
SC1,EM03,SC1_20231118063501.JPG,2023-11-18T06:35:01,SM,117,23,4,0,0,0,0,63,0
SC1,EM03,SC1_20231118064001.JPG,2023-11-18T06:40:01,SM,118,21,5,0,0,0,0,71,0
SC1,EM03,SC1_20231118064501.JPG,2023-11-18T06:45:01,SM,118,23,3,0,0,0,0,53,0
SC1,EM03,SC1_20231118065001.JPG,2023-11-18T06:50:01,SM,113,29,2,0,0,0,0,49,0
SC1,EM03,SC1_20231118065501.JPG,2023-11-18T06:55:01,SM,118,24,2,0,0,0,0,44,0
SC1,EM03,SC1_20231118070001.JPG,2023-11-18T07:00:01,SM,120,23,1,0,0,0,0,33,0
SC1,EM03,SC1_20231118070501.JPG,2023-11-18T07:05:01,SM,112,30,2,0,0,0,0,50,0
SC1,EM03,SC1_20231118071001.JPG,2023-11-18T07:10:01,SM,112,30,2,0,0,0,0,50,0
SC1,EM03,SC1_20231118071501.JPG,2023-11-18T07:15:01,SM,118,23,3,0,0,0,0,53,0
SC1,EM03,SC1_20231118072001.JPG,2023-11-18T07:20:01,SM,115,27,2,0,0,0,0,47,0
SC1,EM03,SC1_20231118072501.JPG,2023-11-18T07:25:01,SM,117,25,2,0,0,0,0,45,0
SC1,EM03,SC1_20231118073001.JPG,2023-11-18T07:30:01,SM,118,24,2,0,0,0,0,44,0
SC1,EM03,SC1_20231118073501.JPG,2023-11-18T07:35:01,SM,113,29,2,0,0,0,0,49,0
SC1,EM03,SC1_20231118074001.JPG,2023-11-18T07:40:01,SM,115,27,2,0,0,0,0,47,0
SC1,EM03,SC1_20231118074501.JPG,2023-11-18T07:45:01,SM,114,27,3,0,0,0,0,57,0
SC1,EM03,SC1_20231118075001.JPG,2023-11-18T07:50:01,SM,116,26,2,0,0,0,0,46,0
SC1,EM03,SC1_20231118075501.JPG,2023-11-18T07:55:01,SM,117,24,3,0,0,0,0,54,0
SC1,EM03,SC1_20231118080001.JPG,2023-11-18T08:00:01,SM,116,25,3,0,0,0,0,55,0
SC1,EM03,SC1_20231118080501.JPG,2023-11-18T08:05:01,SM,115,26,3,0,0,0,0,56,0
SC1,EM03,SC1_20231118081001.JPG,2023-11-18T08:10:01,SM,115,27,2,0,0,0,0,47,0
SC1,EM03,SC1_20231118081501.JPG,2023-11-18T08:15:01,SM,115,27,2,0,0,0,0,47,0
SC1,EM03,SC1_20231118082001.JPG,2023-11-18T08:20:01,SM,114,28,2,0,0,0,0,48,0
SC1,EM03,SC1_20231118082501.JPG,2023-11-18T08:25:01,SM,112,30,2,0,0,0,0,50,0
SC1,EM03,SC1_20231118083001.JPG,2023-11-18T08:30:01,SM,111,31,2,0,0,0,0,51,0
SC1,EM03,SC1_20231118083501.JPG,2023-11-18T08:35:01,SM,115,26,3,0,0,0,0,56,0
SC1,EM03,SC1_20231118084001.JPG,2023-11-18T08:40:01,SM,115,27,2,0,0,0,0,47,0
SC1,EM03,SC1_20231118084501.JPG,2023-11-18T08:45:01,SM,115,29,0,0,0,0,0,29,0
SC1,EM03,SC1_20231118085001.JPG,2023-11-18T08:50:01,SM,116,26,2,0,0,0,0,46,0
SC1,EM03,SC1_20231118085501.JPG,2023-11-18T08:55:01,SM,116,26,2,0,0,0,0,46,0
SC1,EM03,SC1_20231118090001.JPG,2023-11-18T09:00:01,SM,120,22,2,0,0,0,0,42,0
SC1,EM03,SC1_20231118090501.JPG,2023-11-18T09:05:01,SM,117,25,2,0,0,0,0,45,0
SC1,EM03,SC1_20231118091001.JPG,2023-11-18T09:10:01,SM,119,25,0,0,0,0,0,25,0
SC1,EM03,SC1_20231118091501.JPG,2023-11-18T09:15:01,SM,119,25,0,0,0,0,0,25,0
SC1,EM03,SC1_20231118092001.JPG,2023-11-18T09:20:01,SM,116,28,0,0,0,0,0,28,0
SC1,EM03,SC1_20231118092501.JPG,2023-11-18T09:25:01,SM,112,31,1,0,0,0,0,41,0
SC1,EM03,SC1_20231118093001.JPG,2023-11-18T09:30:01,SM,114,28,2,0,0,0,0,48,0
SC1,EM03,SC1_20231118093501.JPG,2023-11-18T09:35:01,SM,120,21,3,0,0,0,0,51,0
SC1,EM03,SC1_20231118094001.JPG,2023-11-18T09:40:01,SM,115,29,0,0,0,0,0,29,0
SC1,EM03,SC1_20231118094501.JPG,2023-11-18T09:45:01,SM,111,32,1,0,0,0,0,42,0
SC1,EM03,SC1_20231118095001.JPG,2023-11-18T09:50:01,SM,115,27,2,0,0,0,0,47,0
SC1,EM03,SC1_20231118095501.JPG,2023-11-18T09:55:01,SM,122,20,2,0,0,0,0,40,0
SC1,EM03,SC1_20231118100001.JPG,2023-11-18T10:00:01,SM,116,26,2,0,0,0,0,46,0
SC1,EM03,SC1_20231118100501.JPG,2023-11-18T10:05:01,SM,116,26,2,0,0,0,0,46,0
SC1,EM03,SC1_20231118101001.JPG,2023-11-18T10:10:01,SM,113,30,1,0,0,0,0,40,0
SC1,EM03,SC1_20231118101501.JPG,2023-11-18T10:15:01,SM,120,23,1,0,0,0,0,33,0
SC1,EM03,SC1_20231118102001.JPG,2023-11-18T10:20:01,SM,117,24,3,0,0,0,0,54,0
SC1,EM03,SC1_20231118102501.JPG,2023-11-18T10:25:01,SM,112,30,2,0,0,0,0,50,0
SC1,EM03,SC1_20231118103001.JPG,2023-11-18T10:30:01,SM,116,26,2,0,0,0,0,46,0
SC1,EM03,SC1_20231118103501.JPG,2023-11-18T10:35:01,SM,113,28,3,0,0,0,0,58,0
SC1,EM03,SC1_20231118104001.JPG,2023-11-18T10:40:01,SM,115,27,2,0,0,0,0,47,0
SC1,EM03,SC1_20231118104501.JPG,2023-11-18T10:45:01,SM,116,25,3,0,0,0,0,55,0
SC1,EM03,SC1_20231118105001.JPG,2023-11-18T10:50:01,SM,118,24,2,0,1,0,0,44,1
SC1,EM03,SC1_20231118105501.JPG,2023-11-18T10:55:01,SM,118,24,2,0,0,0,0,44,0
SC1,EM03,SC1_20231118110001.JPG,2023-11-18T11:00:01,SM,115,26,3,0,0,0,0,56,0
SC1,EM03,SC1_20231118110501.JPG,2023-11-18T11:05:01,SM,118,25,1,0,0,0,0,35,0
SC1,EM03,SC1_20231118111001.JPG,2023-11-18T11:10:01,SM,113,29,2,0,0,0,0,49,0
SC1,EM03,SC1_20231118111501.JPG,2023-11-18T11:15:01,SM,118,24,2,0,0,0,0,44,0
SC1,EM03,SC1_20231118112001.JPG,2023-11-18T11:20:01,SM,119,24,1,0,0,0,0,34,0
SC1,EM03,SC1_20231118112501.JPG,2023-11-18T11:25:01,SM,118,24,2,0,0,0,0,44,0
SC1,EM03,SC1_20231118113001.JPG,2023-11-18T11:30:01,SM,122,20,2,0,0,0,0,40,0
SC1,EM03,SC1_20231118113501.JPG,2023-11-18T11:35:01,SM,118,24,2,0,0,0,0,44,0
SC1,EM03,SC1_20231118114001.JPG,2023-11-18T11:40:01,SM,119,25,0,0,0,0,0,25,0
SC1,EM03,SC1_20231118114501.JPG,2023-11-18T11:45:01,SM,119,23,2,0,0,0,0,43,0
SC1,EM03,SC1_20231118115001.JPG,2023-11-18T11:50:01,SM,117,26,1,0,0,0,0,36,0
SC1,EM03,SC1_20231118115501.JPG,2023-11-18T11:55:01,SM,114,28,2,0,0,0,0,48,0
SC1,EM03,SC1_20231118120001.JPG,2023-11-18T12:00:01,SM,115,27,2,0,0,0,0,47,0
SC1,EM03,SC1_20231118120501.JPG,2023-11-18T12:05:01,SM,120,24,0,0,0,0,0,24,0
SC1,EM03,SC1_20231118121001.JPG,2023-11-18T12:10:01,SM,114,28,2,0,0,0,0,48,0
SC1,EM03,SC1_20231118121501.JPG,2023-11-18T12:15:01,SM,116,24,4,0,0,0,0,64,0
SC1,EM03,SC1_20231118122001.JPG,2023-11-18T12:20:01,SM,113,28,3,0,0,0,0,58,0
SC1,EM03,SC1_20231118122501.JPG,2023-11-18T12:25:01,SM,117,24,3,0,0,0,0,54,0
SC1,EM03,SC1_20231118123001.JPG,2023-11-18T12:30:01,SM,118,24,2,0,0,0,0,44,0
SC1,EM03,SC1_20231118123501.JPG,2023-11-18T12:35:01,SM,117,25,2,0,0,0,0,45,0
SC1,EM03,SC1_20231118124001.JPG,2023-11-18T12:40:01,SM,117,24,3,0,0,0,0,54,0
SC1,EM03,SC1_20231118124501.JPG,2023-11-18T12:45:01,SM,118,23,3,0,0,0,0,53,0
SC1,EM03,SC1_20231118125001.JPG,2023-11-18T12:50:01,SM,118,24,2,0,0,0,0,44,0
SC1,EM03,SC1_20231118125501.JPG,2023-11-18T12:55:01,SM,118,25,1,0,0,0,0,35,0
SC1,EM03,SC1_20231118130001.JPG,2023-11-18T13:00:01,SM,116,28,0,0,0,0,0,28,0
SC1,EM03,SC1_20231118130501.JPG,2023-11-18T13:05:01,SM,117,25,2,0,0,0,0,45,0
SC1,EM03,SC1_20231118131001.JPG,2023-11-18T13:10:01,SM,116,26,2,0,0,0,0,46,0
SC1,EM03,SC1_20231118131501.JPG,2023-11-18T13:15:01,SM,116,26,2,0,0,0,0,46,0
SC1,EM03,SC1_20231118132001.JPG,2023-11-18T13:20:01,SM,118,24,2,0,0,0,0,44,0
SC1,EM03,SC1_20231118132501.JPG,2023-11-18T13:25:01,SM,117,25,2,0,0,0,0,45,0
SC1,EM03,SC1_20231118133000.JPG,2023-11-18T13:30:00,SM,117,25,2,0,0,0,0,45,0
SC1,EM03,SC1_20231118133501.JPG,2023-11-18T13:35:01,SM,116,26,2,0,0,0,0,46,0
SC1,EM03,SC1_20231118134001.JPG,2023-11-18T13:40:01,SM,116,25,3,0,0,0,0,55,0
SC1,EM03,SC1_20231118134501.JPG,2023-11-18T13:45:01,SM,117,25,2,0,0,0,0,45,0
SC1,EM03,SC1_20231118135001.JPG,2023-11-18T13:50:01,SM,120,21,3,0,0,0,0,51,0
SC1,EM03,SC1_20231118135501.JPG,2023-11-18T13:55:01,SM,117,25,2,0,0,0,0,45,0
SC1,EM03,SC1_20231118140001.JPG,2023-11-18T14:00:01,SM,121,21,2,0,0,0,0,41,0
SC1,EM03,SC1_20231118140501.JPG,2023-11-18T14:05:01,SM,120,23,1,0,0,0,0,33,0
SC1,EM03,SC1_20231118141001.JPG,2023-11-18T14:10:01,SM,120,23,1,0,0,0,0,33,0
SC1,EM03,SC1_20231118141501.JPG,2023-11-18T14:15:01,SM,124,18,2,0,0,0,0,38,0
SC1,EM03,SC1_20231118142001.JPG,2023-11-18T14:20:01,SM,122,17,5,0,0,0,0,67,0
SC1,EM03,SC1_20231118142501.JPG,2023-11-18T14:25:01,SM,121,21,2,0,0,0,0,41,0
SC1,EM03,SC1_20231118143001.JPG,2023-11-18T14:30:01,SM,120,22,2,0,0,0,0,42,0
SC1,EM03,SC1_20231118143501.JPG,2023-11-18T14:35:01,SM,117,23,4,0,0,0,0,63,0
SC1,EM03,SC1_20231118144001.JPG,2023-11-18T14:40:01,SM,117,24,3,0,0,0,0,54,0
SC1,EM03,SC1_20231118144501.JPG,2023-11-18T14:45:01,SM,115,27,2,0,0,0,0,47,0
SC1,EM03,SC1_20231118145001.JPG,2023-11-18T14:50:01,SM,114,27,3,0,0,0,0,57,0
SC1,EM03,SC1_20231118145501.JPG,2023-11-18T14:55:01,SM,125,17,2,0,0,0,0,37,0
SC1,EM03,SC1_20231118150001.JPG,2023-11-18T15:00:01,SM,141,3,0,0,0,0,0,3,0
SC1,EM03,SC1_20231118150501.JPG,2023-11-18T15:05:01,SM,135,9,0,0,0,0,0,9,0
SC1,EM03,SC1_20231118151001.JPG,2023-11-18T15:10:01,SM,125,19,0,0,0,0,0,19,0
SC1,EM03,SC1_20231118151501.JPG,2023-11-18T15:15:01,SM,124,18,2,0,0,0,0,38,0
SC1,EM03,SC1_20231118152001.JPG,2023-11-18T15:20:01,SM,120,23,1,0,0,0,0,33,0
SC1,EM03,SC1_20231118152501.JPG,2023-11-18T15:25:01,SM,121,23,0,0,0,0,0,23,0
SC1,EM03,SC1_20231118153001.JPG,2023-11-18T15:30:01,SM,123,21,0,0,0,0,0,21,0
SC1,EM03,SC1_20231118153501.JPG,2023-11-18T15:35:01,SM,127,17,0,0,0,0,0,17,0
SC1,EM03,SC1_20231118154001.JPG,2023-11-18T15:40:01,SM,129,12,3,0,0,0,0,42,0
SC1,EM03,SC1_20231118154501.JPG,2023-11-18T15:45:01,SM,127,17,0,0,0,0,0,17,0
SC1,EM03,SC1_20231118155001.JPG,2023-11-18T15:50:01,SM,133,9,2,0,0,0,0,29,0
SC1,EM03,SC1_20231118155501.JPG,2023-11-18T15:55:01,SM,131,13,0,0,0,0,0,13,0
SC1,EM03,SC1_20231118160001.JPG,2023-11-18T16:00:01,SM,128,16,0,0,0,0,0,16,0
SC1,EM03,SC1_20231118160501.JPG,2023-11-18T16:05:01,SM,131,11,2,0,0,0,0,31,0
SC1,EM03,SC1_20231118161001.JPG,2023-11-18T16:10:01,SM,127,15,2,0,1,0,0,35,1
SC1,EM03,SC1_20231118161501.JPG,2023-11-18T16:15:01,SM,127,17,0,0,0,0,0,17,0
SC1,EM03,SC1_20231118162001.JPG,2023-11-18T16:20:01,SM,129,13,2,0,0,0,0,33,0
SC1,EM03,SC1_20231118162501.JPG,2023-11-18T16:25:01,SM,130,14,0,0,0,0,0,14,0
SC1,EM03,SC1_20231118163001.JPG,2023-11-18T16:30:01,SM,131,12,1,0,0,0,0,22,0
SC1,EM03,SC1_20231118163501.JPG,2023-11-18T16:35:01,SM,132,11,1,0,0,0,0,21,0
SC1,EM03,SC1_20231118164001.JPG,2023-11-18T16:40:01,SM,130,13,1,0,0,0,0,23,0
SC1,EM03,SC1_20231118164501.JPG,2023-11-18T16:45:01,SM,130,13,1,0,0,0,0,23,0
SC1,EM03,SC1_20231118165001.JPG,2023-11-18T16:50:01,SM,133,10,1,0,0,0,0,20,0
SC1,EM03,SC1_20231118165501.JPG,2023-11-18T16:55:01,SM,133,10,1,0,0,0,0,20,0
SC1,EM03,SC1_20231118170001.JPG,2023-11-18T17:00:01,SM,130,13,1,0,0,0,0,23,0
SC1,EM03,SC1_20231118170501.JPG,2023-11-18T17:05:01,SM,130,13,1,0,0,0,0,23,0
SC1,EM03,SC1_20231118171001.JPG,2023-11-18T17:10:01,SM,129,14,1,0,2,0,0,24,2
SC1,EM03,SC1_20231118171501.JPG,2023-11-18T17:15:01,SM,131,12,1,0,0,0,0,22,0
SC1,EM03,SC1_20231118172001.JPG,2023-11-18T17:20:01,SM,134,9,1,0,0,0,0,19,0
SC1,EM03,SC1_20231119062001.JPG,2023-11-19T06:20:01,SM,133,10,1,0,0,0,0,20,0
SC1,EM03,SC1_20231119062501.JPG,2023-11-19T06:25:01,SM,135,8,1,0,0,0,0,18,0
SC1,EM03,SC1_20231119063001.JPG,2023-11-19T06:30:01,SM,133,11,0,0,0,0,0,11,0
SC1,EM03,SC1_20231119063501.JPG,2023-11-19T06:35:01,SM,133,11,0,0,0,0,0,11,0
SC1,EM03,SC1_20231119064001.JPG,2023-11-19T06:40:01,SM,132,12,0,0,0,0,0,12,0
SC1,EM03,SC1_20231119064501.JPG,2023-11-19T06:45:01,SM,134,10,0,0,0,0,0,10,0
SC1,EM03,SC1_20231119065001.JPG,2023-11-19T06:50:01,SM,128,16,0,0,0,0,0,16,0
SC1,EM03,SC1_20231119065501.JPG,2023-11-19T06:55:01,SM,131,13,0,0,0,0,0,13,0
SC1,EM03,SC1_20231119070001.JPG,2023-11-19T07:00:01,SM,130,14,0,0,0,0,0,14,0
SC1,EM03,SC1_20231119070501.JPG,2023-11-19T07:05:01,SM,133,11,0,0,0,0,0,11,0
SC1,EM03,SC1_20231119071001.JPG,2023-11-19T07:10:01,SM,133,10,1,0,0,0,0,20,0
SC1,EM03,SC1_20231119071501.JPG,2023-11-19T07:15:01,SM,132,11,1,0,0,0,0,21,0
SC1,EM03,SC1_20231119072001.JPG,2023-11-19T07:20:01,SM,133,10,1,0,0,0,0,20,0
SC1,EM03,SC1_20231119072501.JPG,2023-11-19T07:25:01,SM,131,12,1,0,0,0,0,22,0
SC1,EM03,SC1_20231119073001.JPG,2023-11-19T07:30:01,SM,132,11,1,0,0,0,0,21,0
SC1,EM03,SC1_20231119073501.JPG,2023-11-19T07:35:01,SM,132,11,1,0,0,0,0,21,0
SC1,EM03,SC1_20231119074001.JPG,2023-11-19T07:40:01,SM,133,11,0,0,0,0,0,11,0
SC1,EM03,SC1_20231119074502.JPG,2023-11-19T07:45:02,SM,133,11,0,0,0,0,0,11,0
SC1,EM03,SC1_20231119075001.JPG,2023-11-19T07:50:01,SM,133,11,0,0,1,0,0,11,1
SC1,EM03,SC1_20231119075501.JPG,2023-11-19T07:55:01,SM,136,8,0,0,0,0,0,8,0
SC1,EM03,SC1_20231119080001.JPG,2023-11-19T08:00:01,SM,131,13,0,0,3,0,0,13,3
SC1,EM03,SC1_20231119080501.JPG,2023-11-19T08:05:01,SM,130,14,0,0,0,0,0,14,0
SC1,EM03,SC1_20231119081001.JPG,2023-11-19T08:10:01,SM,131,13,0,0,0,0,0,13,0
SC1,EM03,SC1_20231119081501.JPG,2023-11-19T08:15:01,SM,132,12,0,0,0,0,0,12,0
SC1,EM03,SC1_20231119082001.JPG,2023-11-19T08:20:01,SM,133,10,1,0,0,0,0,20,0
SC1,EM03,SC1_20231119082501.JPG,2023-11-19T08:25:01,SM,132,12,0,0,0,0,0,12,0
SC1,EM03,SC1_20231119083001.JPG,2023-11-19T08:30:01,SM,132,12,0,0,0,0,0,12,0
SC1,EM03,SC1_20231119083501.JPG,2023-11-19T08:35:01,SM,131,13,0,0,0,0,0,13,0
SC1,EM03,SC1_20231119084001.JPG,2023-11-19T08:40:01,SM,132,12,0,0,0,0,0,12,0
SC1,EM03,SC1_20231119084501.JPG,2023-11-19T08:45:01,SM,133,11,0,0,3,0,0,11,3
SC1,EM03,SC1_20231119085001.JPG,2023-11-19T08:50:01,SM,135,9,0,0,3,0,0,9,3
SC1,EM03,SC1_20231119085501.JPG,2023-11-19T08:55:01,SM,130,14,0,0,0,0,0,14,0
SC1,EM03,SC1_20231119090001.JPG,2023-11-19T09:00:01,SM,132,11,1,0,0,0,0,21,0
SC1,EM03,SC1_20231119090501.JPG,2023-11-19T09:05:01,SM,130,14,0,0,0,0,0,14,0
SC1,EM03,SC1_20231119091001.JPG,2023-11-19T09:10:01,SM,129,14,1,0,0,0,0,24,0
SC1,EM03,SC1_20231119091501.JPG,2023-11-19T09:15:01,SM,131,13,0,0,0,0,0,13,0
SC1,EM03,SC1_20231119092001.JPG,2023-11-19T09:20:01,SM,131,13,0,0,0,0,0,13,0
SC1,EM03,SC1_20231119092501.JPG,2023-11-19T09:25:01,SM,131,12,1,0,0,0,0,22,0
SC1,EM03,SC1_20231119093001.JPG,2023-11-19T09:30:01,SM,134,9,1,0,0,0,0,19,0
SC1,EM03,SC1_20231119093501.JPG,2023-11-19T09:35:01,SM,132,12,0,0,0,0,0,12,0
SC1,EM03,SC1_20231119094001.JPG,2023-11-19T09:40:01,SM,130,14,0,0,0,0,0,14,0
SC1,EM03,SC1_20231119094501.JPG,2023-11-19T09:45:01,SM,130,13,1,0,0,0,0,23,0
SC1,EM03,SC1_20231119095001.JPG,2023-11-19T09:50:01,SM,133,11,0,0,0,0,0,11,0
SC1,EM03,SC1_20231119095501.JPG,2023-11-19T09:55:01,SM,130,14,0,0,0,0,0,14,0
SC1,EM03,SC1_20231119100001.JPG,2023-11-19T10:00:01,SM,130,14,0,0,0,0,0,14,0
SC1,EM03,SC1_20231119100501.JPG,2023-11-19T10:05:01,SM,131,13,0,0,0,0,0,13,0
SC1,EM03,SC1_20231119101001.JPG,2023-11-19T10:10:01,SM,133,11,0,0,0,0,0,11,0
SC1,EM03,SC1_20231119101501.JPG,2023-11-19T10:15:01,SM,133,11,0,0,0,0,0,11,0
SC1,EM03,SC1_20231119102001.JPG,2023-11-19T10:20:01,SM,133,11,0,0,0,0,0,11,0
SC1,EM03,SC1_20231119102501.JPG,2023-11-19T10:25:01,SM,135,9,0,0,0,0,0,9,0
SC1,EM03,SC1_20231119103001.JPG,2023-11-19T10:30:01,SM,134,10,0,0,0,0,0,10,0
SC1,EM03,SC1_20231119103501.JPG,2023-11-19T10:35:01,SM,134,10,0,0,0,0,0,10,0
SC1,EM03,SC1_20231119104001.JPG,2023-11-19T10:40:01,SM,134,10,0,0,0,0,0,10,0
SC1,EM03,SC1_20231119104501.JPG,2023-11-19T10:45:01,SM,132,12,0,0,0,0,0,12,0
SC1,EM03,SC1_20231119105001.JPG,2023-11-19T10:50:01,SM,134,10,0,0,5,0,0,10,5
SC1,EM03,SC1_20231119105501.JPG,2023-11-19T10:55:01,SM,134,10,0,0,4,0,0,10,4
SC1,EM03,SC1_20231119110001.JPG,2023-11-19T11:00:01,SM,135,9,0,0,2,0,0,9,2
SC1,EM03,SC1_20231119110501.JPG,2023-11-19T11:05:01,SM,135,9,0,0,1,0,0,9,1
SC1,EM03,SC1_20231119111001.JPG,2023-11-19T11:10:01,SM,133,11,0,0,3,0,0,11,3
SC1,EM03,SC1_20231119111501.JPG,2023-11-19T11:15:01,SM,135,9,0,0,4,0,0,9,4
SC1,EM03,SC1_20231119112001.JPG,2023-11-19T11:20:01,SM,137,7,0,0,2,0,0,7,2
SC1,EM03,SC1_20231119112501.JPG,2023-11-19T11:25:01,SM,135,9,0,0,0,0,0,9,0
SC1,EM03,SC1_20231119113001.JPG,2023-11-19T11:30:01,SM,136,8,0,0,0,0,0,8,0
SC1,EM03,SC1_20231119113502.JPG,2023-11-19T11:35:02,SM,135,9,0,0,2,0,0,9,2
SC1,EM03,SC1_20231119114001.JPG,2023-11-19T11:40:01,SM,134,10,0,0,0,0,0,10,0
SC1,EM03,SC1_20231119114501.JPG,2023-11-19T11:45:01,SM,134,10,0,0,0,0,0,10,0
SC1,EM03,SC1_20231119115001.JPG,2023-11-19T11:50:01,SM,135,9,0,0,0,0,0,9,0
SC1,EM03,SC1_20231119115501.JPG,2023-11-19T11:55:01,SM,136,8,0,0,0,0,0,8,0
SC1,EM03,SC1_20231119120001.JPG,2023-11-19T12:00:01,SM,137,7,0,0,0,0,0,7,0
SC1,EM03,SC1_20231119120501.JPG,2023-11-19T12:05:01,SM,134,10,0,0,0,0,0,10,0
SC1,EM03,SC1_20231119121001.JPG,2023-11-19T12:10:01,SM,135,9,0,0,0,0,0,9,0
SC1,EM03,SC1_20231119121501.JPG,2023-11-19T12:15:01,SM,139,5,0,0,2,0,0,5,2
SC1,EM03,SC1_20231119122001.JPG,2023-11-19T12:20:01,SM,134,10,0,0,0,0,0,10,0
SC1,EM03,SC1_20231119122501.JPG,2023-11-19T12:25:01,SM,139,5,0,0,2,0,0,5,2
SC1,EM03,SC1_20231119123001.JPG,2023-11-19T12:30:01,SM,138,6,0,0,0,0,0,6,0
SC1,EM03,SC1_20231119123501.JPG,2023-11-19T12:35:01,SM,139,5,0,0,0,0,0,5,0
SC1,EM03,SC1_20231119124001.JPG,2023-11-19T12:40:01,SM,139,5,0,0,0,0,0,5,0
SC1,EM03,SC1_20231119124501.JPG,2023-11-19T12:45:01,SM,138,6,0,0,0,0,0,6,0
SC1,EM03,SC1_20231119125001.JPG,2023-11-19T12:50:01,SM,139,5,0,0,0,0,0,5,0
SC1,EM03,SC1_20231119125501.JPG,2023-11-19T12:55:01,SM,139,5,0,0,0,0,0,5,0
SC1,EM03,SC1_20231119130001.JPG,2023-11-19T13:00:01,SM,140,4,0,0,0,0,0,4,0
SC1,EM03,SC1_20231119130501.JPG,2023-11-19T13:05:01,SM,140,4,0,0,0,0,0,4,0
SC1,EM03,SC1_20231119131001.JPG,2023-11-19T13:10:01,SM,140,4,0,0,0,0,0,4,0
SC1,EM03,SC1_20231119131501.JPG,2023-11-19T13:15:01,SM,139,5,0,0,0,0,0,5,0
SC1,EM03,SC1_20231119132001.JPG,2023-11-19T13:20:01,SM,138,6,0,0,0,0,0,6,0
SC1,EM03,SC1_20231119132501.JPG,2023-11-19T13:25:01,SM,140,4,0,0,0,0,0,4,0
SC1,EM03,SC1_20231119133001.JPG,2023-11-19T13:30:01,SM,140,4,0,0,0,0,0,4,0
SC1,EM03,SC1_20231119133501.JPG,2023-11-19T13:35:01,SM,140,4,0,0,0,0,0,4,0
SC1,EM03,SC1_20231119134001.JPG,2023-11-19T13:40:01,SM,140,4,0,0,0,0,0,4,0
SC1,EM03,SC1_20231119134501.JPG,2023-11-19T13:45:01,SM,142,2,0,0,0,0,0,2,0
SC1,EM03,SC1_20231119135001.JPG,2023-11-19T13:50:01,SM,142,2,0,0,1,0,0,2,1
SC1,EM03,SC1_20231119135501.JPG,2023-11-19T13:55:01,SM,142,2,0,0,0,0,0,2,0
SC1,EM03,SC1_20231119140001.JPG,2023-11-19T14:00:01,SM,144,0,0,0,0,0,0,0,0
SC1,EM03,SC1_20231119140501.JPG,2023-11-19T14:05:01,SM,144,0,0,0,0,0,0,0,0
SC1,EM03,SC1_20231119141001.JPG,2023-11-19T14:10:01,SM,144,0,0,0,0,0,0,0,0
SC1,EM03,SC1_20231119141501.JPG,2023-11-19T14:15:01,SM,144,0,0,0,0,0,0,0,0
SC1,EM03,SC1_20231119142001.JPG,2023-11-19T14:20:01,SM,144,0,0,0,0,0,0,0,0
SC1,EM03,SC1_20231119142501.JPG,2023-11-19T14:25:01,SM,144,0,0,0,0,0,0,0,0
SC1,EM03,SC1_20231119143001.JPG,2023-11-19T14:30:01,SM,143,1,0,0,0,0,0,1,0
SC1,EM03,SC1_20231119143501.JPG,2023-11-19T14:35:01,SM,144,0,0,0,0,0,0,0,0
SC1,EM03,SC1_20231119144001.JPG,2023-11-19T14:40:01,SM,144,0,0,0,0,0,0,0,0
SC1,EM03,SC1_20231119144501.JPG,2023-11-19T14:45:01,SM,144,0,0,0,0,0,0,0,0
SC1,EM03,SC1_20231119145001.JPG,2023-11-19T14:50:01,SM,144,0,0,0,0,0,0,0,0
SC1,EM03,SC1_20231119145501.JPG,2023-11-19T14:55:01,SM,144,0,0,0,0,0,0,0,0
SC1,EM03,SC1_20231119150001.JPG,2023-11-19T15:00:01,SM,144,0,0,0,0,0,0,0,0
SC1,EM03,SC1_20231119150501.JPG,2023-11-19T15:05:01,SM,144,0,0,0,0,0,0,0,0
SC1,EM03,SC1_20231119151001.JPG,2023-11-19T15:10:01,SM,144,0,0,0,0,0,0,0,0
SC1,EM03,SC1_20231119151501.JPG,2023-11-19T15:15:01,SM,144,0,0,0,0,0,0,0,0
SC1,EM03,SC1_20231119152001.JPG,2023-11-19T15:20:01,SM,144,0,0,0,0,0,0,0,0
SC1,EM03,SC1_20231119152501.JPG,2023-11-19T15:25:01,SM,144,0,0,0,0,0,0,0,0
SC1,EM03,SC1_20231119153001.JPG,2023-11-19T15:30:01,SM,144,0,0,0,0,0,0,0,0
SC1,EM03,SC1_20231119153501.JPG,2023-11-19T15:35:01,SM,144,0,0,0,0,0,0,0,0
SC1,EM03,SC1_20231119154001.JPG,2023-11-19T15:40:01,SM,144,0,0,0,0,0,0,0,0
SC1,EM03,SC1_20231119160001.JPG,2023-11-19T16:00:01,SM,142,2,0,0,0,0,0,2,0
SC1,EM03,SC1_20231119161001.JPG,2023-11-19T16:10:01,SM,142,2,0,0,0,0,0,2,0
SC1,EM03,SC1_20231119162001.JPG,2023-11-19T16:20:01,SM,141,3,0,0,0,0,0,3,0
SC1,EM03,SC1_20231119163001.JPG,2023-11-19T16:30:01,SM,141,3,0,0,0,0,0,3,0
SC1,EM03,SC1_20231119164001.JPG,2023-11-19T16:40:01,SM,141,3,0,0,0,0,0,3,0
SC1,EM03,SC1_20231119165001.JPG,2023-11-19T16:50:01,SM,141,3,0,0,0,0,0,3,0
SC1,EM03,SC1_20231119170001.JPG,2023-11-19T17:00:01,SM,142,2,0,0,0,0,0,2,0
SC1,EM03,SC1_20231120063001.JPG,2023-11-20T06:30:01,SM,139,5,0,0,0,0,0,5,0
SC1,EM03,SC1_20231120064002.JPG,2023-11-20T06:40:02,SM,141,3,0,0,0,0,0,3,0
SC1,EM03,SC1_20231120065001.JPG,2023-11-20T06:50:01,SM,140,4,0,0,0,0,0,4,0
SC1,EM03,SC1_20231120070001.JPG,2023-11-20T07:00:01,SM,140,4,0,0,0,0,0,4,0
SC1,EM03,SC1_20231120071001.JPG,2023-11-20T07:10:01,SM,141,3,0,0,0,0,0,3,0
SC1,EM03,SC1_20231120072001.JPG,2023-11-20T07:20:01,SM,140,4,0,0,0,0,0,4,0
SC1,EM03,SC1_20231120073002.JPG,2023-11-20T07:30:02,SM,141,3,0,0,0,0,0,3,0
SC1,EM03,SC1_20231120074001.JPG,2023-11-20T07:40:01,SM,142,2,0,0,0,0,0,2,0
SC1,EM03,SC1_20231120075001.JPG,2023-11-20T07:50:01,SM,141,3,0,0,0,0,0,3,0
SC1,EM03,SC1_20231120080001.JPG,2023-11-20T08:00:01,SM,142,2,0,0,2,0,0,2,2
SC1,EM03,SC1_20231120081001.JPG,2023-11-20T08:10:01,SM,141,3,0,0,0,0,0,3,0
SC1,EM03,SC1_20231120082001.JPG,2023-11-20T08:20:01,SM,141,3,0,0,0,0,0,3,0
SC1,EM03,SC1_20231120083001.JPG,2023-11-20T08:30:01,SM,141,3,0,0,0,0,0,3,0
SC1,EM03,SC1_20231120084001.JPG,2023-11-20T08:40:01,SM,141,3,0,0,1,0,0,3,1
SC1,EM03,SC1_20231120085001.JPG,2023-11-20T08:50:01,SM,141,3,0,0,0,0,0,3,0
SC1,EM03,SC1_20231120090001.JPG,2023-11-20T09:00:01,SM,141,3,0,0,0,0,0,3,0
SC1,EM03,SC1_20231120091001.JPG,2023-11-20T09:10:01,SM,141,3,0,0,0,0,0,3,0
SC1,EM03,SC1_20231120092001.JPG,2023-11-20T09:20:01,SM,141,3,0,0,0,0,0,3,0
SC1,EM03,SC1_20231120093001.JPG,2023-11-20T09:30:01,SM,140,4,0,0,0,0,0,4,0
SC1,EM03,SC1_20231120094001.JPG,2023-11-20T09:40:01,SM,140,4,0,0,0,0,0,4,0
SC1,EM03,SC1_20231120095001.JPG,2023-11-20T09:50:01,SM,140,4,0,0,0,0,0,4,0
SC1,EM03,SC1_20231120100001.JPG,2023-11-20T10:00:01,SM,139,5,0,0,0,0,0,5,0
SC1,EM03,SC1_20231120101001.JPG,2023-11-20T10:10:01,SM,138,6,0,0,0,0,0,6,0
SC1,EM03,SC1_20231120102001.JPG,2023-11-20T10:20:01,SM,141,3,0,0,0,0,0,3,0
SC1,EM03,SC1_20231120103001.JPG,2023-11-20T10:30:01,SM,141,3,0,0,0,0,0,3,0
SC1,EM03,SC1_20231120104001.JPG,2023-11-20T10:40:01,SM,141,3,0,0,0,0,0,3,0
SC1,EM03,SC1_20231120105001.JPG,2023-11-20T10:50:01,SM,141,3,0,0,3,0,0,3,3
SC1,EM03,SC1_20231120110001.JPG,2023-11-20T11:00:01,SM,139,5,0,0,0,0,0,5,0
SC1,EM03,SC1_20231120111001.JPG,2023-11-20T11:10:01,SM,142,2,0,0,0,0,0,2,0
SC1,EM03,SC1_20231120112001.JPG,2023-11-20T11:20:01,SM,141,3,0,0,0,0,0,3,0
SC1,EM03,SC1_20231120113001.JPG,2023-11-20T11:30:01,SM,142,2,0,0,0,0,0,2,0
SC1,EM03,SC1_20231120114001.JPG,2023-11-20T11:40:01,SM,141,3,0,0,0,0,0,3,0
SC1,EM03,SC1_20231120115001.JPG,2023-11-20T11:50:01,SM,142,2,0,0,0,0,0,2,0
SC1,EM03,SC1_20231120120001.JPG,2023-11-20T12:00:01,SM,142,2,0,0,0,0,0,2,0
SC1,EM03,SC1_20231120121001.JPG,2023-11-20T12:10:01,SM,140,4,0,0,0,0,0,4,0
SC1,EM03,SC1_20231120122001.JPG,2023-11-20T12:20:01,SM,141,3,0,0,0,0,0,3,0
SC1,EM03,SC1_20231120123001.JPG,2023-11-20T12:30:01,SM,142,2,0,0,0,0,0,2,0
SC1,EM03,SC1_20231120124001.JPG,2023-11-20T12:40:01,SM,143,1,0,0,1,0,0,1,1
SC1,EM03,SC1_20231120125001.JPG,2023-11-20T12:50:01,SM,143,1,0,0,0,0,0,1,0
SC1,EM03,SC1_20231120130001.JPG,2023-11-20T13:00:01,SM,143,1,0,0,1,0,0,1,1
SC1,EM03,SC1_20231120133001.JPG,2023-11-20T13:30:01,SM,144,0,0,0,0,0,0,0,0
SC10,JINX,SC10_20240105160605.JPG,2024-01-05T16:06:05,ETD,448,0,0,0,0,0,0,0,0
SC10,JINX,SC10_20240105163603.JPG,2024-01-05T16:36:03,ETD,448,0,0,0,0,0,0,0,0
SC10,JINX,SC10_20240105170604.JPG,2024-01-05T17:06:04,ETD,448,0,0,0,0,0,0,0,0
SC10,JINX,SC10_20240105173604.JPG,2024-01-05T17:36:04,ETD,448,0,0,0,0,0,0,0,0
SC10,JINX,SC10_20240106070604.JPG,2024-01-06T07:06:04,ETD,448,0,0,0,0,0,0,0,0
SC10,JINX,SC10_20240106073604.JPG,2024-01-06T07:36:04,ETD,448,0,0,0,0,0,0,0,0
SC10,JINX,SC10_20240106080604.JPG,2024-01-06T08:06:04,ETD,448,0,0,0,0,0,0,0,0
SC10,JINX,SC10_20240106083604.JPG,2024-01-06T08:36:04,ETD,448,0,0,0,0,0,0,0,0
SC10,JINX,SC10_20240106090604.JPG,2024-01-06T09:06:04,ETD,448,0,0,0,0,0,0,0,0
SC10,JINX,SC10_20240106093604.JPG,2024-01-06T09:36:04,ETD,448,0,0,0,0,0,0,0,0
SC10,JINX,SC10_20240106100604.JPG,2024-01-06T10:06:04,ETD,448,0,0,0,0,0,0,0,0
SC10,JINX,SC10_20240106103604.JPG,2024-01-06T10:36:04,ETD,448,0,0,0,0,0,0,0,0
SC10,JINX,SC10_20240106110604.JPG,2024-01-06T11:06:04,ETD,448,0,0,0,0,0,0,0,0
SC10,JINX,SC10_20240106113604.JPG,2024-01-06T11:36:04,ETD,448,0,0,0,0,0,0,0,0
SC10,JINX,SC10_20240106120604.JPG,2024-01-06T12:06:04,ETD,0,1,0,0,1,0,0,1,1
SC10,JINX,SC10_20240106123604.JPG,2024-01-06T12:36:04,ETD,1,4,0,0,4,0,0,4,4
SC10,JINX,SC10_20240106130604.JPG,2024-01-06T13:06:04,ETD,0,3,0,0,3,0,0,3,3
SC10,JINX,SC10_20240106133604.JPG,2024-01-06T13:36:04,ETD,0,5,2,0,0,0,0,25,0
SC10,JINX,SC10_20240106140604.JPG,2024-01-06T14:06:04,ETD,0,9,1,0,0,0,0,19,0
SC10,JINX,SC10_20240106143604.JPG,2024-01-06T14:36:04,ETD,0,10,2,0,0,0,0,30,0
SC10,JINX,SC10_20240106150604.JPG,2024-01-06T15:06:04,ETD,0,10,1,0,0,0,0,20,0
SC10,JINX,SC10_20240106153604.JPG,2024-01-06T15:36:04,ETD,0,9,1,0,0,0,0,19,0
SC10,JINX,SC10_20240106160604.JPG,2024-01-06T16:06:04,ETD,0,9,3,0,0,0,0,39,0
SC10,JINX,SC10_20240106163604.JPG,2024-01-06T16:36:04,ETD,1,8,2,0,0,0,0,28,0
SC10,JINX,SC10_20240106170604.JPG,2024-01-06T17:06:04,ETD,0,5,1,0,0,0,0,15,0
SC10,JINX,SC10_20240106173605.JPG,2024-01-06T17:36:05,ETD,6,0,0,0,0,0,0,0,0
SC10,JINX,SC10_20240107070604.JPG,2024-01-07T07:06:04,ETD,0,10,0,0,0,0,0,10,0
SC10,JINX,SC10_20240107073604.JPG,2024-01-07T07:36:04,ETD,0,10,0,0,0,0,0,10,0
SC10,JINX,SC10_20240107080604.JPG,2024-01-07T08:06:04,ETD,0,9,0,0,0,0,0,9,0
SC10,JINX,SC10_20240107083604.JPG,2024-01-07T08:36:04,ETD,0,4,0,0,0,0,0,4,0
SC10,JINX,SC10_20240107090604.JPG,2024-01-07T09:06:04,ETD,0,4,0,0,2,0,0,4,2
SC10,JINX,SC10_20240107093604.JPG,2024-01-07T09:36:04,ETD,2,7,0,0,7,0,0,7,7
SC10,JINX,SC10_20240107100604.JPG,2024-01-07T10:06:04,ETD,1,3,0,0,3,0,0,3,3
SC10,JINX,SC10_20240107103604.JPG,2024-01-07T10:36:04,ETD,448,0,0,0,0,0,0,0,0
SC10,JINX,SC10_20240107110604.JPG,2024-01-07T11:06:04,ETD,448,0,0,0,0,0,0,0,0
SC10,JINX,SC10_20240107113604.JPG,2024-01-07T11:36:04,ETD,448,0,0,0,0,0,0,0,0
SC10,JINX,SC10_20240107120604.JPG,2024-01-07T12:06:04,ETD,0,5,0,0,5,0,0,5,5
SC10,JINX,SC10_20240107123604.JPG,2024-01-07T12:36:04,ETD,0,8,0,0,8,0,0,8,8
SC10,JINX,SC10_20240107130604.JPG,2024-01-07T13:06:04,ETD,1,4,3,0,4,3,0,34,34
SC10,JINX,SC10_20240107133604.JPG,2024-01-07T13:36:04,ETD,0,9,3,0,9,3,0,39,39
SC10,JINX,SC10_20240107140604.JPG,2024-01-07T14:06:04,ETD,0,7,7,0,4,0,0,77,4
SC10,JINX,SC10_20240107143604.JPG,2024-01-07T14:36:04,ETD,0,9,5,0,2,0,0,59,2
SC10,JINX,SC10_20240107150604.JPG,2024-01-07T15:06:04,ETD,0,8,6,0,0,0,0,68,0
SC10,JINX,SC10_20240107153604.JPG,2024-01-07T15:36:04,ETD,0,8,7,0,0,0,0,78,0
SC10,JINX,SC10_20240107160604.JPG,2024-01-07T16:06:04,ETD,0,8,6,0,0,0,0,68,0
SC10,JINX,SC10_20240107163604.JPG,2024-01-07T16:36:04,ETD,0,9,6,0,0,0,0,69,0
SC10,JINX,SC10_20240107170604.JPG,2024-01-07T17:06:04,ETD,0,8,5,0,0,0,0,58,0
SC10,JINX,SC10_20240108070604.JPG,2024-01-08T07:06:04,ETD,0,10,5,0,0,0,0,60,0
SC10,JINX,SC10_20240108073604.JPG,2024-01-08T07:36:04,ETD,0,9,6,0,0,0,0,69,0
SC10,JINX,SC10_20240108080604.JPG,2024-01-08T08:06:04,ETD,0,11,5,0,0,0,0,61,0
SC10,JINX,SC10_20240108083604.JPG,2024-01-08T08:36:04,ETD,0,8,6,0,0,0,0,68,0
SC10,JINX,SC10_20240108090604.JPG,2024-01-08T09:06:04,ETD,0,8,2,0,0,0,0,28,0
SC10,JINX,SC10_20240108093604.JPG,2024-01-08T09:36:04,ETD,1,9,4,0,7,0,0,49,7
SC10,JINX,SC10_20240108100604.JPG,2024-01-08T10:06:04,ETD,0,6,4,0,6,4,0,46,46
SC10,JINX,SC10_20240108103604.JPG,2024-01-08T10:36:04,ETD,0,6,4,0,6,4,0,46,46
SC10,JINX,SC10_20240108110604.JPG,2024-01-08T11:06:04,ETD,0,6,3,0,6,3,0,36,36
SC10,JINX,SC10_20240108113604.JPG,2024-01-08T11:36:04,ETD,0,10,1,0,10,1,0,20,20
SC10,JINX,SC10_20240108120604.JPG,2024-01-08T12:06:04,ETD,0,7,4,0,0,0,0,47,0
SC10,JINX,SC10_20240108123604.JPG,2024-01-08T12:36:04,ETD,2,9,0,0,9,0,0,9,9
SC10,JINX,SC10_20240108130604.JPG,2024-01-08T13:06:04,ETD,0,6,6,0,2,0,0,66,2
SC10,JINX,SC10_20240108133604.JPG,2024-01-08T13:36:04,ETD,0,6,6,0,4,0,0,66,4
SC10,JINX,SC10_20240108140604.JPG,2024-01-08T14:06:04,ETD,0,10,7,0,3,0,0,80,3
SC10,JINX,SC10_20240108143604.JPG,2024-01-08T14:36:04,ETD,0,8,10,0,3,0,0,108,3
SC10,JINX,SC10_20240108150604.JPG,2024-01-08T15:06:04,ETD,0,10,12,0,0,0,0,130,0
SC10,JINX,SC10_20240108153604.JPG,2024-01-08T15:36:04,ETD,2,11,8,0,0,0,0,91,0
SC10,JINX,SC10_20240108160604.JPG,2024-01-08T16:06:04,ETD,0,7,12,0,0,0,0,127,0
SC10,JINX,SC10_20240108163604.JPG,2024-01-08T16:36:04,ETD,0,7,12,0,0,0,0,127,0
SC10,JINX,SC10_20240108170604.JPG,2024-01-08T17:06:04,ETD,0,10,10,0,0,0,0,110,0
SC10,JINX,SC10_20240109070604.JPG,2024-01-09T07:06:04,ETD,0,9,10,0,0,0,0,109,0
SC10,JINX,SC10_20240109073604.JPG,2024-01-09T07:36:04,ETD,0,9,10,0,0,0,0,109,0
SC10,JINX,SC10_20240109080604.JPG,2024-01-09T08:06:04,ETD,1,9,10,0,0,0,0,109,0
SC10,JINX,SC10_20240109083604.JPG,2024-01-09T08:36:04,ETD,0,8,10,0,0,0,0,108,0
SC10,JINX,SC10_20240109090604.JPG,2024-01-09T09:06:04,ETD,0,5,6,0,1,0,0,65,1
SC10,JINX,SC10_20240109093604.JPG,2024-01-09T09:36:04,ETD,0,8,8,0,4,0,0,88,4
SC10,JINX,SC10_20240109100604.JPG,2024-01-09T10:06:04,ETD,0,4,6,0,4,6,0,64,64
SC10,JINX,SC10_20240109103604.JPG,2024-01-09T10:36:04,ETD,0,7,7,0,7,7,0,77,77
SC10,JINX,SC10_20240109110604.JPG,2024-01-09T11:06:04,ETD,1,6,5,0,6,5,0,56,56
SC10,JINX,SC10_20240109113604.JPG,2024-01-09T11:36:04,ETD,0,5,6,0,5,6,0,65,65
SC10,JINX,SC10_20240109120604.JPG,2024-01-09T12:06:04,ETD,0,5,5,0,5,5,0,55,55
SC10,JINX,SC10_20240109123604.JPG,2024-01-09T12:36:04,ETD,0,7,2,0,7,2,0,27,27
SC10,JINX,SC10_20240109130604.JPG,2024-01-09T13:06:04,ETD,0,11,1,0,7,1,0,21,17
SC10,JINX,SC10_20240109133604.JPG,2024-01-09T13:36:04,ETD,0,6,8,0,5,4,0,86,45
SC10,JINX,SC10_20240109140604.JPG,2024-01-09T14:06:04,ETD,0,10,10,0,0,0,0,110,0
SC10,JINX,SC10_20240109143604.JPG,2024-01-09T14:36:04,ETD,0,8,12,0,5,0,0,128,5
SC10,JINX,SC10_20240109150604.JPG,2024-01-09T15:06:04,ETD,0,5,14,0,0,0,0,145,0
SC10,JINX,SC10_20240109153604.JPG,2024-01-09T15:36:04,ETD,0,13,10,0,0,0,0,113,0
SC10,JINX,SC10_20240109160604.JPG,2024-01-09T16:06:04,ETD,0,11,13,0,0,0,0,141,0
SC10,JINX,SC10_20240109163604.JPG,2024-01-09T16:36:04,ETD,1,18,13,0,0,0,0,148,0
SC10,JINX,SC10_20240109170604.JPG,2024-01-09T17:06:04,ETD,1,12,12,0,0,0,0,132,0
SC10,JINX,SC10_20240110070604.JPG,2024-01-10T07:06:04,ETD,2,10,11,0,0,0,0,120,0
SC10,JINX,SC10_20240110073604.JPG,2024-01-10T07:36:04,ETD,0,8,12,0,0,0,0,128,0
SC10,JINX,SC10_20240110080604.JPG,2024-01-10T08:06:04,ETD,0,14,9,0,0,0,0,104,0
SC10,JINX,SC10_20240110083604.JPG,2024-01-10T08:36:04,ETD,0,12,7,2,1,1,0,282,11
SC10,JINX,SC10_20240110090604.JPG,2024-01-10T09:06:04,ETD,0,9,6,0,6,0,0,69,6
SC10,JINX,SC10_20240110093604.JPG,2024-01-10T09:36:04,ETD,0,10,7,1,10,3,0,180,40
SC10,JINX,SC10_20240110100604.JPG,2024-01-10T10:06:04,ETD,0,4,9,0,4,9,0,94,94
SC10,JINX,SC10_20240110103604.JPG,2024-01-10T10:36:04,ETD,0,5,7,0,5,7,0,75,75
SC10,JINX,SC10_20240110110604.JPG,2024-01-10T11:06:04,ETD,0,7,4,0,7,4,0,47,47
SC10,JINX,SC10_20240110113604.JPG,2024-01-10T11:36:04,ETD,0,4,4,0,4,4,0,44,44
SC10,JINX,SC10_20240110120604.JPG,2024-01-10T12:06:04,ETD,0,6,5,0,4,5,0,56,54
SC10,JINX,SC10_20240110123604.JPG,2024-01-10T12:36:04,ETD,1,8,4,0,4,0,0,48,4
SC10,JINX,SC10_20240110130604.JPG,2024-01-10T13:06:04,ETD,0,8,6,0,0,1,0,68,10
SC10,JINX,SC10_20240110133604.JPG,2024-01-10T13:36:04,ETD,0,8,8,0,0,0,0,88,0
SC10,JINX,SC10_20240110140604.JPG,2024-01-10T14:06:04,ETD,0,8,8,0,0,0,0,88,0
SC10,JINX,SC10_20240110143604.JPG,2024-01-10T14:36:04,ETD,0,9,9,0,0,0,0,99,0
SC10,JINX,SC10_20240110150604.JPG,2024-01-10T15:06:04,ETD,0,10,9,0,0,0,0,100,0
SC10,JINX,SC10_20240110153604.JPG,2024-01-10T15:36:04,ETD,0,13,8,0,0,0,0,93,0
SC10,JINX,SC10_20240110160604.JPG,2024-01-10T16:06:04,ETD,1,9,12,0,0,0,0,129,0
SC10,JINX,SC10_20240110163604.JPG,2024-01-10T16:36:04,ETD,0,7,11,0,0,0,0,117,0
SC10,JINX,SC10_20240110170604.JPG,2024-01-10T17:06:04,ETD,0,9,8,0,0,0,0,89,0
SC10,JINX,SC10_20240111070604.JPG,2024-01-11T07:06:04,ETD,1,9,10,0,0,0,0,109,0
SC10,JINX,SC10_20240111073604.JPG,2024-01-11T07:36:04,ETD,0,11,9,0,0,0,0,101,0
SC10,JINX,SC10_20240111080604.JPG,2024-01-11T08:06:04,ETD,0,16,7,0,0,0,0,86,0
SC10,JINX,SC10_20240111083604.JPG,2024-01-11T08:36:04,ETD,0,9,8,1,0,0,0,189,0
SC10,JINX,SC10_20240111090604.JPG,2024-01-11T09:06:04,ETD,0,7,6,0,5,1,0,67,15
SC10,JINX,SC10_20240111093604.JPG,2024-01-11T09:36:04,ETD,0,9,5,0,8,0,0,59,8
SC10,JINX,SC10_20240111100604.JPG,2024-01-11T10:06:04,ETD,0,4,9,0,4,9,0,94,94
SC10,JINX,SC10_20240111103604.JPG,2024-01-11T10:36:04,ETD,1,3,9,0,3,8,0,93,83
SC10,JINX,SC10_20240111110604.JPG,2024-01-11T11:06:04,ETD,0,4,10,0,3,9,0,104,93
SC10,JINX,SC10_20240111113604.JPG,2024-01-11T11:36:04,ETD,0,8,6,0,6,4,0,68,46
SC10,JINX,SC10_20240111120604.JPG,2024-01-11T12:06:04,ETD,0,11,5,0,9,0,0,61,9
SC10,JINX,SC10_20240111123604.JPG,2024-01-11T12:36:04,ETD,0,11,5,0,8,2,0,61,28
SC10,JINX,SC10_20240111130604.JPG,2024-01-11T13:06:04,ETD,0,5,8,0,5,2,0,85,25
SC10,JINX,SC10_20240111133604.JPG,2024-01-11T13:36:04,ETD,0,8,8,0,5,5,0,88,55
SC10,JINX,SC10_20240111140604.JPG,2024-01-11T14:06:04,ETD,0,9,10,0,0,0,0,109,0
SC10,JINX,SC10_20240111143604.JPG,2024-01-11T14:36:04,ETD,0,6,10,2,0,0,0,306,0
SC10,JINX,SC10_20240111150604.JPG,2024-01-11T15:06:04,ETD,0,10,11,1,0,0,0,220,0
SC10,JINX,SC10_20240111153604.JPG,2024-01-11T15:36:04,ETD,0,12,9,1,0,0,0,202,0
SC10,JINX,SC10_20240111160604.JPG,2024-01-11T16:06:04,ETD,0,11,10,1,0,0,0,211,0
SC10,JINX,SC10_20240111163604.JPG,2024-01-11T16:36:04,ETD,0,5,13,0,0,0,0,135,0
SC10,JINX,SC10_20240111170604.JPG,2024-01-11T17:06:04,ETD,0,7,13,0,0,0,0,137,0
SC10,JINX,SC10_20240112070604.JPG,2024-01-12T07:06:04,ETD,0,10,11,0,0,0,0,120,0
SC10,JINX,SC10_20240112073604.JPG,2024-01-12T07:36:04,ETD,0,6,11,1,0,0,0,216,0
SC10,JINX,SC10_20240112080604.JPG,2024-01-12T08:06:04,ETD,0,7,11,2,0,0,0,317,0
SC10,JINX,SC10_20240112083604.JPG,2024-01-12T08:36:04,ETD,0,11,11,0,0,0,0,121,0
SC10,JINX,SC10_20240112090604.JPG,2024-01-12T09:06:04,ETD,0,11,4,1,3,1,0,151,13
SC10,JINX,SC10_20240112093604.JPG,2024-01-12T09:36:04,ETD,431,11,5,1,6,1,0,161,16
SC10,JINX,SC10_20240112100604.JPG,2024-01-12T10:06:04,ETD,0,6,9,0,6,3,0,96,36
SC10,JINX,SC10_20240112103604.JPG,2024-01-12T10:36:04,ETD,0,9,5,0,7,5,0,59,57
SC10,JINX,SC10_20240112110604.JPG,2024-01-12T11:06:04,ETD,1,6,5,0,6,5,0,56,56
SC10,JINX,SC10_20240112113604.JPG,2024-01-12T11:36:04,ETD,4,7,4,0,7,4,0,47,47
SC10,JINX,SC10_20240112120604.JPG,2024-01-12T12:06:04,ETD,0,8,6,0,7,6,0,68,67
SC10,JINX,SC10_20240112123604.JPG,2024-01-12T12:36:04,ETD,0,8,4,0,7,3,0,48,37
SC10,JINX,SC10_20240112130604.JPG,2024-01-12T13:06:04,ETD,0,6,5,0,1,3,0,56,31
SC10,JINX,SC10_20240112133604.JPG,2024-01-12T13:36:04,ETD,3,9,4,0,6,1,0,49,16
SC10,JINX,SC10_20240112140604.JPG,2024-01-12T14:06:04,ETD,0,13,8,2,0,0,0,293,0
SC10,JINX,SC10_20240112143604.JPG,2024-01-12T14:36:04,ETD,2,9,8,2,1,1,0,289,11
SC10,JINX,SC10_20240112150604.JPG,2024-01-12T15:06:04,ETD,0,13,8,3,0,0,0,393,0
SC10,JINX,SC10_20240112153604.JPG,2024-01-12T15:36:04,ETD,0,11,7,4,0,0,0,481,0
SC10,JINX,SC10_20240112160604.JPG,2024-01-12T16:06:04,ETD,0,0,17,6,0,0,0,770,0
SC10,JINX,SC10_20240112163604.JPG,2024-01-12T16:36:04,ETD,1,9,9,2,0,0,0,299,0
SC10,JINX,SC10_20240112170604.JPG,2024-01-12T17:06:04,ETD,0,9,10,2,0,0,0,309,0
SC10,JINX,SC10_20240112173604.JPG,2024-01-12T17:36:04,ETD,2,5,11,0,0,0,0,115,0
SC10,JINX,SC10_20240113070604.JPG,2024-01-13T07:06:04,ETD,4,9,10,0,0,0,0,109,0
SC10,JINX,SC10_20240113073604.JPG,2024-01-13T07:36:04,ETD,0,9,10,1,0,0,0,209,0
SC10,JINX,SC10_20240113080604.JPG,2024-01-13T08:06:04,ETD,0,12,9,2,0,0,0,302,0
SC10,JINX,SC10_20240113083604.JPG,2024-01-13T08:36:04,ETD,0,19,9,1,0,0,0,209,0
SC10,JINX,SC10_20240113090604.JPG,2024-01-13T09:06:04,ETD,1,16,7,0,3,3,0,86,33
SC10,JINX,SC10_20240113093604.JPG,2024-01-13T09:36:04,ETD,0,10,8,1,8,1,0,190,18
SC10,JINX,SC10_20240113100604.JPG,2024-01-13T10:06:04,ETD,2,7,8,0,7,8,0,87,87
SC10,JINX,SC10_20240113103604.JPG,2024-01-13T10:36:04,ETD,0,5,9,2,5,9,2,295,295
SC10,JINX,SC10_20240113110604.JPG,2024-01-13T11:06:04,ETD,0,6,9,1,6,9,1,196,196
SC10,JINX,SC10_20240113113604.JPG,2024-01-13T11:36:04,ETD,0,8,5,1,8,5,1,158,158
SC10,JINX,SC10_20240113120605.JPG,2024-01-13T12:06:05,ETD,2,6,9,0,6,9,0,96,96
SC10,JINX,SC10_20240113123604.JPG,2024-01-13T12:36:04,ETD,0,9,7,0,7,6,0,79,67
SC10,JINX,SC10_20240113130604.JPG,2024-01-13T13:06:04,ETD,0,5,10,0,5,2,0,105,25
SC10,JINX,SC10_20240113133604.JPG,2024-01-13T13:36:04,ETD,0,5,12,0,5,10,0,125,105
SC10,JINX,SC10_20240113140604.JPG,2024-01-13T14:06:04,ETD,0,13,11,1,0,0,0,223,0
SC10,JINX,SC10_20240113143604.JPG,2024-01-13T14:36:04,ETD,0,7,9,4,2,4,0,497,42
SC10,JINX,SC10_20240113150604.JPG,2024-01-13T15:06:04,ETD,0,6,11,2,0,0,0,316,0
SC10,JINX,SC10_20240113153604.JPG,2024-01-13T15:36:04,ETD,0,9,10,3,0,0,0,409,0
SC10,JINX,SC10_20240113160604.JPG,2024-01-13T16:06:04,ETD,0,7,12,2,0,0,0,327,0
SC10,JINX,SC10_20240113163604.JPG,2024-01-13T16:36:04,ETD,1,11,11,3,0,0,0,421,0
SC10,JINX,SC10_20240113170604.JPG,2024-01-13T17:06:04,ETD,0,12,10,3,0,0,0,412,0
SC10,JINX,SC10_20240113173604.JPG,2024-01-13T17:36:04,ETD,0,12,11,2,0,0,0,322,0
SC10,JINX,SC10_20240114070604.JPG,2024-01-14T07:06:04,ETD,1,9,9,4,0,0,0,499,0
SC10,JINX,SC10_20240114073604.JPG,2024-01-14T07:36:04,ETD,2,8,9,4,0,0,0,498,0
SC10,JINX,SC10_20240114080604.JPG,2024-01-14T08:06:04,ETD,0,10,9,4,0,0,0,500,0
SC10,JINX,SC10_20240114083604.JPG,2024-01-14T08:36:04,ETD,1,10,10,3,0,0,0,410,0
SC10,JINX,SC10_20240114090604.JPG,2024-01-14T09:06:04,ETD,0,11,8,3,0,0,0,391,0
SC10,JINX,SC10_20240114093604.JPG,2024-01-14T09:36:04,ETD,0,8,9,2,0,0,0,298,0
SC10,JINX,SC10_20240114100604.JPG,2024-01-14T10:06:04,ETD,0,12,10,3,0,0,0,412,0
SC10,JINX,SC10_20240114103604.JPG,2024-01-14T10:36:04,ETD,0,10,9,2,0,0,0,300,0
SC10,JINX,SC10_20240114110604.JPG,2024-01-14T11:06:04,ETD,0,12,7,3,0,0,0,382,0
SC10,JINX,SC10_20240114113604.JPG,2024-01-14T11:36:04,ETD,0,9,10,2,0,0,0,309,0
SC10,JINX,SC10_20240114120604.JPG,2024-01-14T12:06:04,ETD,1,10,10,1,0,0,0,210,0
SC10,JINX,SC10_20240114123604.JPG,2024-01-14T12:36:04,ETD,0,6,11,3,0,0,0,416,0
SC10,JINX,SC10_20240114130604.JPG,2024-01-14T13:06:04,ETD,0,12,11,0,0,0,0,122,0
SC10,JINX,SC10_20240114133604.JPG,2024-01-14T13:36:04,ETD,0,11,11,1,0,0,0,221,0
SC10,JINX,SC10_20240114140604.JPG,2024-01-14T14:06:04,ETD,0,10,10,2,0,0,0,310,0
SC10,JINX,SC10_20240114143604.JPG,2024-01-14T14:36:04,ETD,0,8,9,3,0,0,0,398,0
SC10,JINX,SC10_20240114150604.JPG,2024-01-14T15:06:04,ETD,0,10,9,2,0,0,0,300,0
SC10,JINX,SC10_20240114153604.JPG,2024-01-14T15:36:04,ETD,0,9,12,1,0,0,0,229,0
SC10,JINX,SC10_20240114160604.JPG,2024-01-14T16:06:04,ETD,1,7,13,2,0,0,0,337,0
SC10,JINX,SC10_20240114163604.JPG,2024-01-14T16:36:04,ETD,3,7,12,2,0,0,0,327,0
SC10,JINX,SC10_20240114170604.JPG,2024-01-14T17:06:04,ETD,0,6,13,3,0,0,0,436,0
SC10,JINX,SC10_20240115065604.JPG,2024-01-15T06:56:04,ETD,0,5,13,0,0,0,0,135,0
SC10,JINX,SC10_20240115072604.JPG,2024-01-15T07:26:04,ETD,0,7,13,0,0,0,0,137,0
SC10,JINX,SC10_20240115075604.JPG,2024-01-15T07:56:04,ETD,0,3,14,0,0,0,0,143,0
SC10,JINX,SC10_20240115082604.JPG,2024-01-15T08:26:04,ETD,1,7,9,3,0,0,0,397,0
SC10,JINX,SC10_20240115085604.JPG,2024-01-15T08:56:04,ETD,0,8,8,2,0,0,0,288,0
SC10,JINX,SC10_20240115092604.JPG,2024-01-15T09:26:04,ETD,0,7,9,1,2,1,0,197,12
SC10,JINX,SC10_20240115095604.JPG,2024-01-15T09:56:04,ETD,0,4,11,0,3,11,0,114,113
SC10,JINX,SC10_20240115102604.JPG,2024-01-15T10:26:04,ETD,0,6,10,0,6,10,0,106,106
SC10,JINX,SC10_20240115105604.JPG,2024-01-15T10:56:04,ETD,435,10,3,0,10,3,0,40,40
SC10,JINX,SC10_20240115112604.JPG,2024-01-15T11:26:04,ETD,0,6,2,0,6,2,0,26,26
SC10,JINX,SC10_20240115115604.JPG,2024-01-15T11:56:04,ETD,0,6,2,0,6,2,0,26,26
SC10,JINX,SC10_20240115122604.JPG,2024-01-15T12:26:04,ETD,0,7,0,0,7,0,0,7,7
SC10,JINX,SC10_20240115125604.JPG,2024-01-15T12:56:04,ETD,0,8,1,0,8,1,0,18,18
SC10,JINX,SC10_20240115132604.JPG,2024-01-15T13:26:04,ETD,0,10,1,0,10,1,0,20,20
SC10,JINX,SC10_20240115135604.JPG,2024-01-15T13:56:04,ETD,0,5,1,0,2,0,0,15,2
SC10,JINX,SC10_20240115142604.JPG,2024-01-15T14:26:04,ETD,0,6,2,0,3,0,0,26,3
SC10,JINX,SC10_20240115145604.JPG,2024-01-15T14:56:04,ETD,0,10,5,0,0,0,0,60,0
SC10,JINX,SC10_20240115152604.JPG,2024-01-15T15:26:04,ETD,0,11,4,0,0,0,0,51,0
SC10,JINX,SC10_20240115155604.JPG,2024-01-15T15:56:04,ETD,2,7,6,0,0,0,0,67,0
SC10,JINX,SC10_20240115162604.JPG,2024-01-15T16:26:04,ETD,0,13,4,0,0,0,0,53,0
SC10,JINX,SC10_20240115165604.JPG,2024-01-15T16:56:04,ETD,0,9,6,0,0,0,0,69,0
SC10,JINX,SC10_20240115172604.JPG,2024-01-15T17:26:04,ETD,0,12,4,0,0,0,0,52,0
SC10,JINX,SC10_20240116065604.JPG,2024-01-16T06:56:04,ETD,0,9,6,0,0,0,0,69,0
SC10,JINX,SC10_20240116072604.JPG,2024-01-16T07:26:04,ETD,0,9,7,0,0,0,0,79,0
SC10,JINX,SC10_20240116075604.JPG,2024-01-16T07:56:04,ETD,0,7,6,0,0,0,0,67,0
SC10,JINX,SC10_20240116082604.JPG,2024-01-16T08:26:04,ETD,0,7,6,0,0,0,0,67,0
SC10,JINX,SC10_20240116085604.JPG,2024-01-16T08:56:04,ETD,0,7,4,0,0,0,0,47,0
SC10,JINX,SC10_20240116092604.JPG,2024-01-16T09:26:04,ETD,0,5,4,0,5,4,0,45,45
SC10,JINX,SC10_20240116095604.JPG,2024-01-16T09:56:04,ETD,0,4,3,0,4,3,0,34,34
SC10,JINX,SC10_20240116102604.JPG,2024-01-16T10:26:04,ETD,1,1,3,0,1,3,0,31,31
SC10,JINX,SC10_20240116105604.JPG,2024-01-16T10:56:04,ETD,0,2,1,0,0,0,0,12,0
SC10,JINX,SC10_20240116112604.JPG,2024-01-16T11:26:04,ETD,0,3,1,0,0,0,0,13,0
SC10,JINX,SC10_20240116115604.JPG,2024-01-16T11:56:04,ETD,0,4,0,0,4,0,0,4,4
SC10,JINX,SC10_20240116122604.JPG,2024-01-16T12:26:04,ETD,0,4,0,0,4,0,0,4,4
SC10,JINX,SC10_20240116125604.JPG,2024-01-16T12:56:04,ETD,1,4,0,0,4,0,0,4,4
SC10,JINX,SC10_20240116132604.JPG,2024-01-16T13:26:04,ETD,0,12,1,0,12,1,0,22,22
SC10,JINX,SC10_20240116135604.JPG,2024-01-16T13:56:04,ETD,0,10,0,0,0,0,0,10,0
SC10,JINX,SC10_20240116142604.JPG,2024-01-16T14:26:04,ETD,0,5,0,0,0,0,0,5,0
SC10,JINX,SC10_20240116145604.JPG,2024-01-16T14:56:04,ETD,0,3,0,0,1,0,0,3,1
SC10,JINX,SC10_20240116152604.JPG,2024-01-16T15:26:04,ETD,0,4,0,0,0,0,0,4,0
SC10,JINX,SC10_20240116155604.JPG,2024-01-16T15:56:04,ETD,0,7,0,0,0,0,0,7,0
SC10,JINX,SC10_20240116162604.JPG,2024-01-16T16:26:04,ETD,2,4,0,0,0,0,0,4,0
SC10,JINX,SC10_20240116165604.JPG,2024-01-16T16:56:04,ETD,0,4,1,0,0,0,0,14,0
SC10,JINX,SC10_20240116172604.JPG,2024-01-16T17:26:04,ETD,0,4,1,0,0,0,0,14,0
SC10,JINX,SC10_20240117065604.JPG,2024-01-17T06:56:04,ETD,445,3,0,0,0,0,0,3,0
SC10,JINX,SC10_20240117072604.JPG,2024-01-17T07:26:04,ETD,444,4,0,0,0,0,0,4,0
SC10,JINX,SC10_20240117075604.JPG,2024-01-17T07:56:04,ETD,0,3,0,0,0,0,0,3,0
SC10,JINX,SC10_20240117082604.JPG,2024-01-17T08:26:04,ETD,0,4,0,0,0,0,0,4,0
SC10,JINX,SC10_20240117085604.JPG,2024-01-17T08:56:04,ETD,0,2,0,0,0,0,0,2,0
SC10,JINX,SC10_20240117092604.JPG,2024-01-17T09:26:04,ETD,0,3,0,0,0,0,0,3,0
SC10,JINX,SC10_20240117095604.JPG,2024-01-17T09:56:04,ETD,0,1,0,0,0,0,0,1,0
SC10,JINX,SC10_20240117102604.JPG,2024-01-17T10:26:04,ETD,0,2,0,0,2,0,0,2,2
SC10,JINX,SC10_20240117105604.JPG,2024-01-17T10:56:04,ETD,448,0,0,0,0,0,0,0,0
SC10,JINX,SC10_20240117112604.JPG,2024-01-17T11:26:04,ETD,448,0,0,0,0,0,0,0,0
SC10,JINX,SC10_20240117115604.JPG,2024-01-17T11:56:04,ETD,448,0,0,0,0,0,0,0,0
SC10,JINX,SC10_20240117122604.JPG,2024-01-17T12:26:04,ETD,448,0,0,0,0,0,0,0,0
SC10,JINX,SC10_20240117125604.JPG,2024-01-17T12:56:04,ETD,448,0,0,0,0,0,0,0,0
SC10,JINX,SC10_20240117132604.JPG,2024-01-17T13:26:04,ETD,448,0,0,0,0,0,0,0,0
SC10,JINX,SC10_20240117135604.JPG,2024-01-17T13:56:04,ETD,448,0,0,0,0,0,0,0,0
SC10,JINX,SC10_20240117142604.JPG,2024-01-17T14:26:04,ETD,448,0,0,0,0,0,0,0,0
SC10,JINX,SC10_20240117145604.JPG,2024-01-17T14:56:04,ETD,448,0,0,0,0,0,0,0,0
SC10,JINX,SC10_20240117152604.JPG,2024-01-17T15:26:04,ETD,0,3,0,0,0,0,0,3,0
SC10,JINX,SC10_20240117155604.JPG,2024-01-17T15:56:04,ETD,0,4,0,0,0,0,0,4,0
SC10,JINX,SC10_20240117162604.JPG,2024-01-17T16:26:04,ETD,0,5,0,0,0,0,0,5,0
SC10,JINX,SC10_20240117165604.JPG,2024-01-17T16:56:04,ETD,0,2,0,0,0,0,0,2,0
SC10,JINX,SC10_20240117172604.JPG,2024-01-17T17:26:04,ETD,0,2,0,0,0,0,0,2,0
SC10,JINX,SC10_20240118065604.JPG,2024-01-18T06:56:04,ETD,0,4,0,0,0,0,0,4,0
SC10,JINX,SC10_20240118072604.JPG,2024-01-18T07:26:04,ETD,0,4,0,0,0,0,0,4,0
SC10,JINX,SC10_20240118075604.JPG,2024-01-18T07:56:04,ETD,448,0,0,0,0,0,0,0,0
SC10,JINX,SC10_20240118082604.JPG,2024-01-18T08:26:04,ETD,443,5,0,0,0,0,0,5,0
SC10,JINX,SC10_20240118085604.JPG,2024-01-18T08:56:04,ETD,0,4,0,0,0,0,0,4,0
SC10,JINX,SC10_20240118092604.JPG,2024-01-18T09:26:04,ETD,2,4,0,0,4,0,0,4,4
SC10,JINX,SC10_20240118095604.JPG,2024-01-18T09:56:04,ETD,6,0,0,0,0,0,0,0,0
SC10,JINX,SC10_20240118102604.JPG,2024-01-18T10:26:04,ETD,445,3,0,0,3,0,0,3,3
SC10,JINX,SC10_20240118105604.JPG,2024-01-18T10:56:04,ETD,1,2,0,0,2,0,0,2,2
SC10,JINX,SC10_20240118112604.JPG,2024-01-18T11:26:04,ETD,446,2,0,0,2,0,0,2,2
SC10,JINX,SC10_20240118115604.JPG,2024-01-18T11:56:04,ETD,0,1,0,0,1,0,0,1,1
SC10,JINX,SC10_20240118122604.JPG,2024-01-18T12:26:04,ETD,448,0,0,0,0,0,0,0,0
SC10,JINX,SC10_20240118125604.JPG,2024-01-18T12:56:04,ETD,0,1,0,0,1,0,0,1,1
SC10,JINX,SC10_20240118132604.JPG,2024-01-18T13:26:04,ETD,0,1,0,0,1,0,0,1,1
SC10,JINX,SC10_20240118135604.JPG,2024-01-18T13:56:04,ETD,448,0,0,0,0,0,0,0,0
SC10,JINX,SC10_20240118142604.JPG,2024-01-18T14:26:04,ETD,448,0,0,0,0,0,0,0,0
SC10,JINX,SC10_20240118145604.JPG,2024-01-18T14:56:04,ETD,448,0,0,0,0,0,0,0,0
SC10,JINX,SC10_20240118152604.JPG,2024-01-18T15:26:04,ETD,448,0,0,0,0,0,0,0,0
SC10,JINX,SC10_20240118155604.JPG,2024-01-18T15:56:04,ETD,448,0,0,0,0,0,0,0,0
SC10,JINX,SC10_20240118162604.JPG,2024-01-18T16:26:04,ETD,0,1,0,0,0,0,0,1,0
SC10,JINX,SC10_20240118165604.JPG,2024-01-18T16:56:04,ETD,0,1,0,0,0,0,0,1,0
SC10,JINX,SC10_20240118172604.JPG,2024-01-18T17:26:04,ETD,0,1,0,0,0,0,0,1,0
SC10,JINX,SC10_20240119065604.JPG,2024-01-19T06:56:04,ETD,448,0,0,0,0,0,0,0,0
SC10,JINX,SC10_20240119072604.JPG,2024-01-19T07:26:04,ETD,448,0,0,0,0,0,0,0,0
SC10,JINX,SC10_20240119075604.JPG,2024-01-19T07:56:04,ETD,448,0,0,0,0,0,0,0,0
SC10,JINX,SC10_20240119082604.JPG,2024-01-19T08:26:04,ETD,448,0,0,0,0,0,0,0,0
SC10,JINX,SC10_20240119085604.JPG,2024-01-19T08:56:04,ETD,448,0,0,0,0,0,0,0,0
SC10,JINX,SC10_20240119092604.JPG,2024-01-19T09:26:04,ETD,448,0,0,0,0,0,0,0,0
SC10,JINX,SC10_20240119095604.JPG,2024-01-19T09:56:04,ETD,448,0,0,0,0,0,0,0,0
SC10,JINX,SC10_20240119102604.JPG,2024-01-19T10:26:04,ETD,448,0,0,0,0,0,0,0,0
SC10,JINX,SC10_20240119105604.JPG,2024-01-19T10:56:04,ETD,448,0,0,0,0,0,0,0,0
SC10,JINX,SC10_20240119112604.JPG,2024-01-19T11:26:04,ETD,448,0,0,0,0,0,0,0,0
SC10,JINX,SC10_20240119115604.JPG,2024-01-19T11:56:04,ETD,448,0,0,0,0,0,0,0,0
SC10,JINX,SC10_20240119122604.JPG,2024-01-19T12:26:04,ETD,448,0,0,0,0,0,0,0,0
SC10,JINX,SC10_20240119125604.JPG,2024-01-19T12:56:04,ETD,448,0,0,0,0,0,0,0,0
SC10,JINX,SC10_20240119132604.JPG,2024-01-19T13:26:04,ETD,448,0,0,0,0,0,0,0,0
SC10,JINX,SC10_20240119135604.JPG,2024-01-19T13:56:04,ETD,448,0,0,0,0,0,0,0,0
SC10,JINX,SC10_20240119142604.JPG,2024-01-19T14:26:04,ETD,448,0,0,0,0,0,0,0,0
SC10,JINX,SC10_20240119145604.JPG,2024-01-19T14:56:04,ETD,448,0,0,0,0,0,0,0,0
SC10,JINX,SC10_20240119152604.JPG,2024-01-19T15:26:04,ETD,448,0,0,0,0,0,0,0,0
SC10,JINX,SC10_20240119155604.JPG,2024-01-19T15:56:04,ETD,448,0,0,0,0,0,0,0,0
SC10,JINX,SC10_20240119162604.JPG,2024-01-19T16:26:04,ETD,448,0,0,0,0,0,0,0,0
SC10,JINX,SC10_20240119165604.JPG,2024-01-19T16:56:04,ETD,448,0,0,0,0,0,0,0,0
SC10,JINX,SC10_20240119172604.JPG,2024-01-19T17:26:04,ETD,448,0,0,0,0,0,0,0,0
SC10,JINX,SC10_20240120065604.JPG,2024-01-20T06:56:04,ETD,448,0,0,0,0,0,0,0,0
SC10,JINX,SC10_20240120072604.JPG,2024-01-20T07:26:04,ETD,448,0,0,0,0,0,0,0,0
SC10,JINX,SC10_20240120075604.JPG,2024-01-20T07:56:04,ETD,448,0,0,0,0,0,0,0,0
SC10,JINX,SC10_20240120082604.JPG,2024-01-20T08:26:04,ETD,448,0,0,0,0,0,0,0,0
SC10,JINX,SC10_20240120085604.JPG,2024-01-20T08:56:04,ETD,448,0,0,0,0,0,0,0,0
SC10,JINX,SC10_20240120092604.JPG,2024-01-20T09:26:04,ETD,448,0,0,0,0,0,0,0,0
SC10,JINX,SC10_20240120095604.JPG,2024-01-20T09:56:04,ETD,448,0,0,0,0,0,0,0,0
SC10,JINX,SC10_20240120102604.JPG,2024-01-20T10:26:04,ETD,448,0,0,0,0,0,0,0,0
SC10,JINX,SC10_20240120105604.JPG,2024-01-20T10:56:04,ETD,448,0,0,0,0,0,0,0,0
SC10,JINX,SC10_20240120112604.JPG,2024-01-20T11:26:04,ETD,448,0,0,0,0,0,0,0,0
SC10,JINX,SC10_20240120115604.JPG,2024-01-20T11:56:04,ETD,448,0,0,0,0,0,0,0,0
SC10,JINX,SC10_20240120122604.JPG,2024-01-20T12:26:04,ETD,448,0,0,0,0,0,0,0,0
SC10,JINX,SC10_20240120125604.JPG,2024-01-20T12:56:04,ETD,448,0,0,0,0,0,0,0,0
SC10,JINX,SC10_20240120132604.JPG,2024-01-20T13:26:04,ETD,448,0,0,0,0,0,0,0,0
SC10,JINX,SC10_20240120135604.JPG,2024-01-20T13:56:04,ETD,448,0,0,0,0,0,0,0,0
SC10,JINX,SC10_20240120142604.JPG,2024-01-20T14:26:04,ETD,448,0,0,0,0,0,0,0,0
SC10,JINX,SC10_20240120145604.JPG,2024-01-20T14:56:04,ETD,448,0,0,0,0,0,0,0,0
SC10,JINX,SC10_20240120152604.JPG,2024-01-20T15:26:04,ETD,448,0,0,0,0,0,0,0,0
SC10,JINX,SC10_20240120155604.JPG,2024-01-20T15:56:04,ETD,448,0,0,0,0,0,0,0,0
SC10,JINX,SC10_20240120162604.JPG,2024-01-20T16:26:04,ETD,448,0,0,0,0,0,0,0,0
SC10,JINX,SC10_20240120165604.JPG,2024-01-20T16:56:04,ETD,448,0,0,0,0,0,0,0,0
SC10,JINX,SC10_20240120172604.JPG,2024-01-20T17:26:04,ETD,448,0,0,0,0,0,0,0,0
SC10,JINX,SC10_20240121065604.JPG,2024-01-21T06:56:04,ETD,448,0,0,0,0,0,0,0,0
SC10,JINX,SC10_20240121072604.JPG,2024-01-21T07:26:04,ETD,448,0,0,0,0,0,0,0,0
SC10,JINX,SC10_20240121075604.JPG,2024-01-21T07:56:04,ETD,448,0,0,0,0,0,0,0,0
SC10,JINX,SC10_20240121082604.JPG,2024-01-21T08:26:04,ETD,448,0,0,0,0,0,0,0,0
SC10,JINX,SC10_20240121085604.JPG,2024-01-21T08:56:04,ETD,448,0,0,0,0,0,0,0,0
SC10,JINX,SC10_20240121092604.JPG,2024-01-21T09:26:04,ETD,448,0,0,0,0,0,0,0,0
SC10,JINX,SC10_20240121095604.JPG,2024-01-21T09:56:04,ETD,448,0,0,0,0,0,0,0,0
SC10,JINX,SC10_20240121102604.JPG,2024-01-21T10:26:04,ETD,448,0,0,0,0,0,0,0,0
SC10,JINX,SC10_20240121105604.JPG,2024-01-21T10:56:04,ETD,448,0,0,0,0,0,0,0,0
SC10,JINX,SC10_20240121112604.JPG,2024-01-21T11:26:04,ETD,448,0,0,0,0,0,0,0,0
SC10,JINX,SC10_20240121115604.JPG,2024-01-21T11:56:04,ETD,448,0,0,0,0,0,0,0,0
SC10,JINX,SC10_20240121122604.JPG,2024-01-21T12:26:04,ETD,448,0,0,0,0,0,0,0,0
SC10,JINX,SC10_20240121125604.JPG,2024-01-21T12:56:04,ETD,448,0,0,0,0,0,0,0,0
SC10,JINX,SC10_20240121132604.JPG,2024-01-21T13:26:04,ETD,448,0,0,0,0,0,0,0,0
SC10,JINX,SC10_20240121135604.JPG,2024-01-21T13:56:04,ETD,448,0,0,0,0,0,0,0,0
SC10,JINX,SC10_20240121142604.JPG,2024-01-21T14:26:04,ETD,448,0,0,0,0,0,0,0,0
SC10,JINX,SC10_20240121145604.JPG,2024-01-21T14:56:04,ETD,448,0,0,0,0,0,0,0,0
SC10,JINX,SC10_20240121152604.JPG,2024-01-21T15:26:04,ETD,448,0,0,0,0,0,0,0,0
SC10,JINX,SC10_20240121155604.JPG,2024-01-21T15:56:04,ETD,448,0,0,0,0,0,0,0,0
SC10,JINX,SC10_20240121162604.JPG,2024-01-21T16:26:04,ETD,448,0,0,0,0,0,0,0,0
SC10,JINX,SC10_20240121165604.JPG,2024-01-21T16:56:04,ETD,448,0,0,0,0,0,0,0,0
SC10,JINX,SC10_20240121172604.JPG,2024-01-21T17:26:04,ETD,448,0,0,0,0,0,0,0,0
SC10,JINX,SC10_20240122065604.JPG,2024-01-22T06:56:04,ETD,448,0,0,0,0,0,0,0,0
SC10,JINX,SC10_20240122072604.JPG,2024-01-22T07:26:04,ETD,448,0,0,0,0,0,0,0,0
SC10,JINX,SC10_20240122075604.JPG,2024-01-22T07:56:04,ETD,448,0,0,0,0,0,0,0,0
SC10,JINX,SC10_20240122082604.JPG,2024-01-22T08:26:04,ETD,448,0,0,0,0,0,0,0,0
SC10,JINX,SC10_20240122085604.JPG,2024-01-22T08:56:04,ETD,448,0,0,0,0,0,0,0,0
SC10,JINX,SC10_20240122092604.JPG,2024-01-22T09:26:04,ETD,448,0,0,0,0,0,0,0,0
SC10,JINX,SC10_20240122095604.JPG,2024-01-22T09:56:04,ETD,448,0,0,0,0,0,0,0,0
SC10,JINX,SC10_20240122102604.JPG,2024-01-22T10:26:04,ETD,448,0,0,0,0,0,0,0,0
SC10,JINX,SC10_20240122105604.JPG,2024-01-22T10:56:04,ETD,448,0,0,0,0,0,0,0,0
SC10,JINX,SC10_20240122112604.JPG,2024-01-22T11:26:04,ETD,448,0,0,0,0,0,0,0,0
SC10,JINX,SC10_20240122115604.JPG,2024-01-22T11:56:04,ETD,448,0,0,0,0,0,0,0,0
SC10,JINX,SC10_20240122122604.JPG,2024-01-22T12:26:04,ETD,445,3,0,0,0,0,0,3,0
SC10,JINX,SC10_20240122125604.JPG,2024-01-22T12:56:04,ETD,0,4,0,0,0,0,0,4,0
SC10,JINX,SC10_20240122132604.JPG,2024-01-22T13:26:04,ETD,0,3,0,0,0,0,0,3,0
SC10,JINX,SC10_20240122135604.JPG,2024-01-22T13:56:04,ETD,0,3,0,0,0,0,0,3,0
SC10,JINX,SC10_20240122142604.JPG,2024-01-22T14:26:04,ETD,0,3,0,0,0,0,0,3,0
SC10,JINX,SC10_20240122145604.JPG,2024-01-22T14:56:04,ETD,0,3,0,0,0,0,0,3,0
SC10,JINX,SC10_20240122152604.JPG,2024-01-22T15:26:04,ETD,0,2,0,0,0,0,0,2,0
SC10,JINX,SC10_20240122155604.JPG,2024-01-22T15:56:04,ETD,0,3,0,0,0,0,0,3,0
SC10,JINX,SC10_20240122162604.JPG,2024-01-22T16:26:04,ETD,0,3,0,0,0,0,0,3,0
SC10,JINX,SC10_20240122165604.JPG,2024-01-22T16:56:04,ETD,0,3,0,0,0,0,0,3,0
SC10,JINX,SC10_20240122172604.JPG,2024-01-22T17:26:04,ETD,0,3,0,0,0,0,0,3,0
SC10,JINX,SC10_20240123065604.JPG,2024-01-23T06:56:04,ETD,448,0,0,0,0,0,0,0,0
SC10,JINX,SC10_20240123072604.JPG,2024-01-23T07:26:04,ETD,0,4,0,0,0,0,0,4,0
SC10,JINX,SC10_20240123075604.JPG,2024-01-23T07:56:04,ETD,445,3,0,0,0,0,0,3,0
SC10,JINX,SC10_20240123082604.JPG,2024-01-23T08:26:04,ETD,0,4,0,0,0,0,0,4,0
SC10,JINX,SC10_20240123085604.JPG,2024-01-23T08:56:04,ETD,0,3,0,0,0,0,0,3,0
SC10,JINX,SC10_20240123092604.JPG,2024-01-23T09:26:04,ETD,0,3,0,0,0,0,0,3,0
SC10,JINX,SC10_20240123095604.JPG,2024-01-23T09:56:04,ETD,0,4,0,0,4,0,0,4,4
SC10,JINX,SC10_20240123102604.JPG,2024-01-23T10:26:04,ETD,0,6,0,0,6,0,0,6,6
SC10,JINX,SC10_20240123105604.JPG,2024-01-23T10:56:04,ETD,0,9,0,0,9,0,0,9,9
SC10,JINX,SC10_20240123112604.JPG,2024-01-23T11:26:04,ETD,0,11,0,0,11,0,0,11,11
SC10,JINX,SC10_20240123115604.JPG,2024-01-23T11:56:04,ETD,0,8,0,0,8,0,0,8,8
SC10,JINX,SC10_20240123122604.JPG,2024-01-23T12:26:04,ETD,0,17,0,0,17,0,0,17,17
SC10,JINX,SC10_20240123125604.JPG,2024-01-23T12:56:04,ETD,0,16,0,0,16,0,0,16,16
SC10,JINX,SC10_20240123132604.JPG,2024-01-23T13:26:04,ETD,0,21,0,0,21,0,0,21,21
SC10,JINX,SC10_20240123135604.JPG,2024-01-23T13:56:04,ETD,0,23,20,0,16,8,0,223,96
SC10,JINX,SC10_20240123142604.JPG,2024-01-23T14:26:04,ETD,0,17,18,0,8,3,0,197,38
SC10,JINX,SC10_20240123145604.JPG,2024-01-23T14:56:04,ETD,1,23,15,0,9,1,0,173,19
SC10,JINX,SC10_20240123152604.JPG,2024-01-23T15:26:04,ETD,0,25,22,0,3,0,0,245,3
SC10,JINX,SC10_20240123155604.JPG,2024-01-23T15:56:04,ETD,0,26,22,0,5,0,0,246,5
SC10,JINX,SC10_20240123162604.JPG,2024-01-23T16:26:04,ETD,0,27,23,1,2,1,0,357,12
SC10,JINX,SC10_20240123165604.JPG,2024-01-23T16:56:04,ETD,0,21,20,0,0,0,0,221,0
SC10,JINX,SC10_20240123172604.JPG,2024-01-23T17:26:04,ETD,0,14,20,0,0,0,0,214,0
SC10,JINX,SC10_20240124065604.JPG,2024-01-24T06:56:04,ETD,0,20,24,0,0,0,0,260,0
SC10,JINX,SC10_20240124072604.JPG,2024-01-24T07:26:04,ETD,1,22,23,0,0,0,0,252,0
SC10,JINX,SC10_20240124075604.JPG,2024-01-24T07:56:04,ETD,1,28,24,0,0,0,0,268,0
SC10,JINX,SC10_20240124082604.JPG,2024-01-24T08:26:04,ETD,2,25,24,0,0,0,0,265,0
SC10,JINX,SC10_20240124085604.JPG,2024-01-24T08:56:04,ETD,3,18,26,0,0,0,0,278,0
SC10,JINX,SC10_20240124092604.JPG,2024-01-24T09:26:04,ETD,2,23,24,0,0,0,0,263,0
SC10,JINX,SC10_20240124095604.JPG,2024-01-24T09:56:04,ETD,0,23,25,0,0,0,0,273,0
SC10,JINX,SC10_20240124102604.JPG,2024-01-24T10:26:04,ETD,5,21,26,0,0,0,0,281,0
SC10,JINX,SC10_20240124105604.JPG,2024-01-24T10:56:04,ETD,0,15,26,0,0,0,0,275,0
SC10,JINX,SC10_20240124112604.JPG,2024-01-24T11:26:04,ETD,0,22,22,0,0,0,0,242,0
SC10,JINX,SC10_20240124115604.JPG,2024-01-24T11:56:04,ETD,0,22,25,0,0,0,0,272,0
SC10,JINX,SC10_20240124122604.JPG,2024-01-24T12:26:04,ETD,0,29,25,0,0,0,0,279,0
SC10,JINX,SC10_20240124125604.JPG,2024-01-24T12:56:04,ETD,0,23,27,0,0,0,0,293,0
SC10,JINX,SC10_20240124132604.JPG,2024-01-24T13:26:04,ETD,1,18,26,0,0,0,0,278,0
SC10,JINX,SC10_20240124135604.JPG,2024-01-24T13:56:04,ETD,0,18,27,0,0,0,0,288,0
SC10,JINX,SC10_20240124142604.JPG,2024-01-24T14:26:04,ETD,2,18,28,0,0,0,0,298,0
SC10,JINX,SC10_20240124145604.JPG,2024-01-24T14:56:04,ETD,0,20,28,0,0,0,0,300,0
SC10,JINX,SC10_20240124152604.JPG,2024-01-24T15:26:04,ETD,0,23,26,0,0,0,0,283,0
SC10,JINX,SC10_20240124155604.JPG,2024-01-24T15:56:04,ETD,0,22,27,0,0,0,0,292,0
SC10,JINX,SC10_20240124162604.JPG,2024-01-24T16:26:04,ETD,0,19,29,0,0,0,0,309,0
SC10,JINX,SC10_20240124165604.JPG,2024-01-24T16:56:04,ETD,2,19,26,0,0,0,0,279,0
SC10,JINX,SC10_20240124172604.JPG,2024-01-24T17:26:04,ETD,0,23,25,0,0,0,0,273,0
SC10,JINX,SC10_20240125065604.JPG,2024-01-25T06:56:04,ETD,423,7,18,0,0,0,0,187,0
SC10,JINX,SC10_20240125072604.JPG,2024-01-25T07:26:04,ETD,1,18,17,0,0,0,0,188,0
SC10,JINX,SC10_20240125075604.JPG,2024-01-25T07:56:04,ETD,0,20,21,0,0,0,0,230,0
SC10,JINX,SC10_20240125082604.JPG,2024-01-25T08:26:04,ETD,0,21,22,0,0,0,0,241,0
SC10,JINX,SC10_20240125085604.JPG,2024-01-25T08:56:04,ETD,0,12,19,0,2,1,0,202,12
SC10,JINX,SC10_20240125092604.JPG,2024-01-25T09:26:04,ETD,0,18,25,0,0,0,0,268,0
SC10,JINX,SC10_20240125095604.JPG,2024-01-25T09:56:04,ETD,1,20,25,0,6,0,0,270,6
SC10,JINX,SC10_20240125102604.JPG,2024-01-25T10:26:04,ETD,6,22,22,0,11,6,0,242,71
SC10,JINX,SC10_20240125105604.JPG,2024-01-25T10:56:04,ETD,7,24,19,0,23,18,0,214,203
SC10,JINX,SC10_20240125112604.JPG,2024-01-25T11:26:04,ETD,409,39,0,0,33,0,0,39,33
SC10,JINX,SC10_20240125115604.JPG,2024-01-25T11:56:04,ETD,0,16,0,0,15,0,0,16,15
SC10,JINX,SC10_20240125122604.JPG,2024-01-25T12:26:04,ETD,0,23,0,0,20,0,0,23,20
SC10,JINX,SC10_20240125125604.JPG,2024-01-25T12:56:04,ETD,0,16,0,0,16,0,0,16,16
SC10,JINX,SC10_20240125132604.JPG,2024-01-25T13:26:04,ETD,0,10,0,0,10,0,0,10,10
SC10,JINX,SC10_20240125135604.JPG,2024-01-25T13:56:04,ETD,0,16,0,0,11,0,0,16,11
SC10,JINX,SC10_20240125142604.JPG,2024-01-25T14:26:04,ETD,0,13,0,0,9,0,0,13,9
SC10,JINX,SC10_20240125145604.JPG,2024-01-25T14:56:04,ETD,0,17,0,0,0,0,0,17,0
SC10,JINX,SC10_20240125152604.JPG,2024-01-25T15:26:04,ETD,0,13,4,0,0,0,0,53,0
SC10,JINX,SC10_20240125155604.JPG,2024-01-25T15:56:04,ETD,1,12,10,0,0,0,0,112,0
SC10,JINX,SC10_20240125162604.JPG,2024-01-25T16:26:04,ETD,0,13,12,0,0,0,0,133,0
SC10,JINX,SC10_20240125165604.JPG,2024-01-25T16:56:04,ETD,0,14,9,0,0,0,0,104,0
SC10,JINX,SC10_20240125172604.JPG,2024-01-25T17:26:04,ETD,0,11,12,0,0,0,0,131,0
SC10,JINX,SC10_20240126065604.JPG,2024-01-26T06:56:04,ETD,1,17,8,0,0,0,0,97,0
SC10,JINX,SC10_20240126072604.JPG,2024-01-26T07:26:04,ETD,0,15,8,0,0,0,0,95,0
SC10,JINX,SC10_20240126075604.JPG,2024-01-26T07:56:04,ETD,0,19,7,0,2,2,0,89,22
SC10,JINX,SC10_20240126082604.JPG,2024-01-26T08:26:04,ETD,0,18,6,0,4,1,0,78,14
SC10,JINX,SC10_20240126085604.JPG,2024-01-26T08:56:04,ETD,0,28,4,0,0,0,0,68,0
SC10,JINX,SC10_20240126092604.JPG,2024-01-26T09:26:04,ETD,1,27,11,0,14,0,0,137,14
SC10,JINX,SC10_20240126095603.JPG,2024-01-26T09:56:03,ETD,0,12,0,0,7,0,0,12,7
SC10,JINX,SC10_20240126102604.JPG,2024-01-26T10:26:04,ETD,0,5,0,0,5,0,0,5,5
SC10,JINX,SC10_20240126105604.JPG,2024-01-26T10:56:04,ETD,0,2,0,0,2,0,0,2,2
SC10,JINX,SC10_20240126112604.JPG,2024-01-26T11:26:04,ETD,448,0,0,0,0,0,0,0,0
SC10,JINX,SC10_20240126115604.JPG,2024-01-26T11:56:04,ETD,439,9,0,0,9,0,0,9,9
SC10,JINX,SC10_20240126122604.JPG,2024-01-26T12:26:04,ETD,0,20,0,0,19,0,0,20,19
SC10,JINX,SC10_20240126125604.JPG,2024-01-26T12:56:04,ETD,3,36,0,0,34,0,0,36,34
SC10,JINX,SC10_20240126132604.JPG,2024-01-26T13:26:04,ETD,1,18,0,0,17,0,0,18,17
SC10,JINX,SC10_20240126135604.JPG,2024-01-26T13:56:04,ETD,0,16,4,0,8,2,0,56,28
SC10,JINX,SC10_20240126142604.JPG,2024-01-26T14:26:04,ETD,0,19,0,0,7,0,0,19,7
SC10,JINX,SC10_20240126145604.JPG,2024-01-26T14:56:04,ETD,0,12,0,0,0,0,0,12,0
SC10,JINX,SC10_20240126152604.JPG,2024-01-26T15:26:04,ETD,1,7,0,0,0,0,0,7,0
SC10,JINX,SC10_20240126155604.JPG,2024-01-26T15:56:04,ETD,0,8,7,0,0,0,0,78,0
SC10,JINX,SC10_20240126162604.JPG,2024-01-26T16:26:04,ETD,0,14,4,0,0,0,0,54,0
SC10,JINX,SC10_20240126165604.JPG,2024-01-26T16:56:04,ETD,0,14,0,0,0,0,0,14,0
SC10,JINX,SC10_20240126172604.JPG,2024-01-26T17:26:04,ETD,1,7,0,0,0,0,0,7,0
SC10,JINX,SC10_20240127065604.JPG,2024-01-27T06:56:04,ETD,448,0,0,0,0,0,0,0,0
SC10,JINX,SC10_20240127072604.JPG,2024-01-27T07:26:04,ETD,448,0,0,0,0,0,0,0,0
SC10,JINX,SC10_20240127075604.JPG,2024-01-27T07:56:04,ETD,448,0,0,0,0,0,0,0,0
SC10,JINX,SC10_20240127082604.JPG,2024-01-27T08:26:04,ETD,448,0,0,0,0,0,0,0,0
SC10,JINX,SC10_20240127085603.JPG,2024-01-27T08:56:03,ETD,448,0,0,0,0,0,0,0,0
SC10,JINX,SC10_20240127092604.JPG,2024-01-27T09:26:04,ETD,448,0,0,0,0,0,0,0,0
SC10,JINX,SC10_20240127095604.JPG,2024-01-27T09:56:04,ETD,448,0,0,0,0,0,0,0,0
SC10,JINX,SC10_20240127102604.JPG,2024-01-27T10:26:04,ETD,448,0,0,0,0,0,0,0,0
SC10,JINX,SC10_20240127105604.JPG,2024-01-27T10:56:04,ETD,448,0,0,0,0,0,0,0,0
SC10,JINX,SC10_20240127112604.JPG,2024-01-27T11:26:04,ETD,448,0,0,0,0,0,0,0,0
SC10,JINX,SC10_20240127115604.JPG,2024-01-27T11:56:04,ETD,448,0,0,0,0,0,0,0,0
SC10,JINX,SC10_20240127122604.JPG,2024-01-27T12:26:04,ETD,448,0,0,0,0,0,0,0,0
SC10,JINX,SC10_20240127125604.JPG,2024-01-27T12:56:04,ETD,448,0,0,0,0,0,0,0,0
SC10,JINX,SC10_20240127135001.JPG,2024-01-27T13:50:01,ETD,448,0,0,0,0,0,0,0,0
SC10,JINX,SC10_20240127142001.JPG,2024-01-27T14:20:01,ETD,448,0,0,0,0,0,0,0,0
SC10,JINX,SC10_20240127145001.JPG,2024-01-27T14:50:01,ETD,448,0,0,0,0,0,0,0,0
SC10,JINX,SC10_20240127152001.JPG,2024-01-27T15:20:01,ETD,448,0,0,0,0,0,0,0,0
SC10,JINX,SC10_20240127155001.JPG,2024-01-27T15:50:01,ETD,448,0,0,0,0,0,0,0,0
SC10,JINX,SC10_20240127162001.JPG,2024-01-27T16:20:01,ETD,448,0,0,0,0,0,0,0,0
SC10,JINX,SC10_20240127165001.JPG,2024-01-27T16:50:01,ETD,448,0,0,0,0,0,0,0,0
SC10,JINX,SC10_20240127172001.JPG,2024-01-27T17:20:01,ETD,448,0,0,0,0,0,0,0,0
SC10,JINX,SC10_20240128065001.JPG,2024-01-28T06:50:01,ETD,448,0,0,0,0,0,0,0,0
SC10,JINX,SC10_20240128072001.JPG,2024-01-28T07:20:01,ETD,448,0,0,0,0,0,0,0,0
SC10,JINX,SC10_20240128075001.JPG,2024-01-28T07:50:01,ETD,448,0,0,0,0,0,0,0,0
SC10,JINX,SC10_20240128082001.JPG,2024-01-28T08:20:01,ETD,448,0,0,0,0,0,0,0,0
SC10,JINX,SC10_20240128085001.JPG,2024-01-28T08:50:01,ETD,448,0,0,0,0,0,0,0,0
SC10,JINX,SC10_20240128092001.JPG,2024-01-28T09:20:01,ETD,448,0,0,0,0,0,0,0,0
SC10,JINX,SC10_20240128095001.JPG,2024-01-28T09:50:01,ETD,448,0,0,0,0,0,0,0,0
SC10,JINX,SC10_20240128102001.JPG,2024-01-28T10:20:01,ETD,448,0,0,0,0,0,0,0,0
SC10,JINX,SC10_20240128105001.JPG,2024-01-28T10:50:01,ETD,448,0,0,0,0,0,0,0,0
SC10,JINX,SC10_20240128112001.JPG,2024-01-28T11:20:01,ETD,448,0,0,0,0,0,0,0,0
SC10,JINX,SC10_20240128115001.JPG,2024-01-28T11:50:01,ETD,448,0,0,0,0,0,0,0,0
SC10,JINX,SC10_20240128122001.JPG,2024-01-28T12:20:01,ETD,448,0,0,0,0,0,0,0,0
SC10,JINX,SC10_20240128125001.JPG,2024-01-28T12:50:01,ETD,448,0,0,0,0,0,0,0,0
SC10,JINX,SC10_20240128132001.JPG,2024-01-28T13:20:01,ETD,448,0,0,0,0,0,0,0,0
SC10,JINX,SC10_20240128135001.JPG,2024-01-28T13:50:01,ETD,448,0,0,0,0,0,0,0,0
SC10,JINX,SC10_20240128142001.JPG,2024-01-28T14:20:01,ETD,448,0,0,0,0,0,0,0,0
SC10,JINX,SC10_20240128145001.JPG,2024-01-28T14:50:01,ETD,448,0,0,0,0,0,0,0,0
SC10,JINX,SC10_20240128152001.JPG,2024-01-28T15:20:01,ETD,448,0,0,0,0,0,0,0,0
SC10,JINX,SC10_20240128155001.JPG,2024-01-28T15:50:01,ETD,448,0,0,0,0,0,0,0,0
SC10,JINX,SC10_20240128162001.JPG,2024-01-28T16:20:01,ETD,448,0,0,0,0,0,0,0,0
SC10,JINX,SC10_20240128165001.JPG,2024-01-28T16:50:01,ETD,0,4,0,0,0,0,0,4,0
SC10,JINX,SC10_20240128172001.JPG,2024-01-28T17:20:01,ETD,0,7,0,0,0,0,0,7,0
SC10,JINX,SC10_20240128175001.JPG,2024-01-28T17:50:01,ETD,0,8,0,0,0,0,0,8,0
SC10,JINX,SC10_20240129065001.JPG,2024-01-29T06:50:01,ETD,0,7,0,0,0,0,0,7,0
SC10,JINX,SC10_20240129072001.JPG,2024-01-29T07:20:01,ETD,0,7,0,0,0,0,0,7,0
SC10,JINX,SC10_20240129075001.JPG,2024-01-29T07:50:01,ETD,0,8,0,0,3,0,0,8,3
SC10,JINX,SC10_20240129082001.JPG,2024-01-29T08:20:01,ETD,0,7,0,0,0,0,0,7,0
SC10,JINX,SC10_20240129085001.JPG,2024-01-29T08:50:01,ETD,0,8,0,0,0,0,0,8,0
SC10,JINX,SC10_20240129092001.JPG,2024-01-29T09:20:01,ETD,446,2,0,0,0,0,0,2,0
SC10,JINX,SC10_20240129095001.JPG,2024-01-29T09:50:01,ETD,448,0,0,0,0,0,0,0,0
SC10,JINX,SC10_20240129102001.JPG,2024-01-29T10:20:01,ETD,448,0,0,0,0,0,0,0,0
SC10,JINX,SC10_20240129105001.JPG,2024-01-29T10:50:01,ETD,448,0,0,0,0,0,0,0,0
SC10,JINX,SC10_20240129112001.JPG,2024-01-29T11:20:01,ETD,448,0,0,0,0,0,0,0,0
SC10,JINX,SC10_20240129115001.JPG,2024-01-29T11:50:01,ETD,448,0,0,0,0,0,0,0,0
SC10,JINX,SC10_20240129122001.JPG,2024-01-29T12:20:01,ETD,448,0,0,0,0,0,0,0,0
SC10,JINX,SC10_20240129125001.JPG,2024-01-29T12:50:01,ETD,448,0,0,0,0,0,0,0,0
SC10,JINX,SC10_20240129132001.JPG,2024-01-29T13:20:01,ETD,0,3,0,0,1,0,0,3,1
SC10,JINX,SC10_20240129135001.JPG,2024-01-29T13:50:01,ETD,0,9,0,0,7,0,0,9,7
SC10,JINX,SC10_20240129142001.JPG,2024-01-29T14:20:01,ETD,0,15,0,0,4,0,0,15,4
SC10,JINX,SC10_20240129145001.JPG,2024-01-29T14:50:01,ETD,0,23,0,0,0,0,0,23,0
SC10,JINX,SC10_20240129152001.JPG,2024-01-29T15:20:01,ETD,2,3,0,0,0,0,0,3,0
SC10,JINX,SC10_20240129155001.JPG,2024-01-29T15:50:01,ETD,0,1,0,0,0,0,0,1,0
SC10,JINX,SC10_20240129162001.JPG,2024-01-29T16:20:01,ETD,0,1,0,0,0,0,0,1,0
SC10,JINX,SC10_20240129165001.JPG,2024-01-29T16:50:01,ETD,0,4,0,0,0,0,0,4,0
SC10,JINX,SC10_20240129172001.JPG,2024-01-29T17:20:01,ETD,0,3,0,0,0,0,0,3,0
SC10,JINX,SC10_20240130065001.JPG,2024-01-30T06:50:01,ETD,0,2,0,0,0,0,0,2,0
SC10,JINX,SC10_20240130072001.JPG,2024-01-30T07:20:01,ETD,0,2,0,0,0,0,0,2,0
SC10,JINX,SC10_20240130075001.JPG,2024-01-30T07:50:01,ETD,0,3,0,0,0,0,0,3,0
SC10,JINX,SC10_20240130082001.JPG,2024-01-30T08:20:01,ETD,0,1,0,0,1,0,0,1,1
SC10,JINX,SC10_20240130085001.JPG,2024-01-30T08:50:01,ETD,0,2,0,0,0,0,0,2,0
SC10,JINX,SC10_20240130092001.JPG,2024-01-30T09:20:01,ETD,0,3,0,0,0,0,0,3,0
SC10,JINX,SC10_20240130095001.JPG,2024-01-30T09:50:01,ETD,448,0,0,0,0,0,0,0,0
SC10,JINX,SC10_20240130102001.JPG,2024-01-30T10:20:01,ETD,448,0,0,0,0,0,0,0,0
SC10,JINX,SC10_20240130105001.JPG,2024-01-30T10:50:01,ETD,448,0,0,0,0,0,0,0,0
SC10,JINX,SC10_20240130112001.JPG,2024-01-30T11:20:01,ETD,448,0,0,0,0,0,0,0,0
SC10,JINX,SC10_20240130115001.JPG,2024-01-30T11:50:01,ETD,448,0,0,0,0,0,0,0,0
SC10,JINX,SC10_20240130122001.JPG,2024-01-30T12:20:01,ETD,0,3,0,0,3,0,0,3,3
SC10,JINX,SC10_20240130125001.JPG,2024-01-30T12:50:01,ETD,0,3,0,0,3,0,0,3,3
SC10,JINX,SC10_20240130132001.JPG,2024-01-30T13:20:01,ETD,0,2,0,0,2,0,0,2,2
SC10,JINX,SC10_20240130135001.JPG,2024-01-30T13:50:01,ETD,0,7,0,0,7,0,0,7,7
SC10,JINX,SC10_20240130142001.JPG,2024-01-30T14:20:01,ETD,0,7,0,0,7,0,0,7,7
SC10,JINX,SC10_20240130145001.JPG,2024-01-30T14:50:01,ETD,0,8,0,0,0,0,0,8,0
SC10,JINX,SC10_20240130152001.JPG,2024-01-30T15:20:01,ETD,0,5,0,0,0,0,0,5,0
SC10,JINX,SC10_20240130155001.JPG,2024-01-30T15:50:01,ETD,0,8,0,0,0,0,0,8,0
SC10,JINX,SC10_20240130162001.JPG,2024-01-30T16:20:01,ETD,0,10,0,0,0,0,0,10,0
SC10,JINX,SC10_20240130165001.JPG,2024-01-30T16:50:01,ETD,0,9,0,0,0,0,0,9,0
SC10,JINX,SC10_20240130172001.JPG,2024-01-30T17:20:01,ETD,0,9,0,0,0,0,0,9,0
SC10,JINX,SC10_20240131065001.JPG,2024-01-31T06:50:01,ETD,0,5,0,0,0,0,0,5,0
SC10,JINX,SC10_20240131072001.JPG,2024-01-31T07:20:01,ETD,1,7,0,0,0,0,0,7,0
SC10,JINX,SC10_20240131075001.JPG,2024-01-31T07:50:01,ETD,1,7,0,0,0,0,0,7,0
SC10,JINX,SC10_20240131082001.JPG,2024-01-31T08:20:01,ETD,0,7,0,0,0,0,0,7,0
SC10,JINX,SC10_20240131085001.JPG,2024-01-31T08:50:01,ETD,1,8,0,0,0,0,0,8,0
SC10,JINX,SC10_20240131092001.JPG,2024-01-31T09:20:01,ETD,0,5,0,0,0,0,0,5,0
SC10,JINX,SC10_20240131095001.JPG,2024-01-31T09:50:01,ETD,1,9,0,0,0,0,0,9,0
SC10,JINX,SC10_20240131102001.JPG,2024-01-31T10:20:01,ETD,0,3,0,0,0,0,0,3,0
SC10,JINX,SC10_20240131105001.JPG,2024-01-31T10:50:01,ETD,0,1,0,0,0,0,0,1,0
SC10,JINX,SC10_20240131112001.JPG,2024-01-31T11:20:01,ETD,448,0,0,0,0,0,0,0,0
SC10,JINX,SC10_20240131115001.JPG,2024-01-31T11:50:01,ETD,448,0,0,0,0,0,0,0,0
SC10,JINX,SC10_20240131122001.JPG,2024-01-31T12:20:01,ETD,448,0,0,0,0,0,0,0,0
SC10,JINX,SC10_20240131125001.JPG,2024-01-31T12:50:01,ETD,448,0,0,0,0,0,0,0,0
SC10,JINX,SC10_20240131132001.JPG,2024-01-31T13:20:01,ETD,448,0,0,0,0,0,0,0,0
SC10,JINX,SC10_20240131135001.JPG,2024-01-31T13:50:01,ETD,448,0,0,0,0,0,0,0,0
SC10,JINX,SC10_20240131142001.JPG,2024-01-31T14:20:01,ETD,448,0,0,0,0,0,0,0,0
SC10,JINX,SC10_20240131145001.JPG,2024-01-31T14:50:01,ETD,448,0,0,0,0,0,0,0,0
SC10,JINX,SC10_20240131152001.JPG,2024-01-31T15:20:01,ETD,448,0,0,0,0,0,0,0,0
SC10,JINX,SC10_20240131155001.JPG,2024-01-31T15:50:01,ETD,448,0,0,0,0,0,0,0,0
SC10,JINX,SC10_20240131162001.JPG,2024-01-31T16:20:01,ETD,448,0,0,0,0,0,0,0,0
SC10,JINX,SC10_20240131165001.JPG,2024-01-31T16:50:01,ETD,448,0,0,0,0,0,0,0,0
SC10,JINX,SC10_20240131172001.JPG,2024-01-31T17:20:01,ETD,448,0,0,0,0,0,0,0,0
SC12,NOVA,SC12_20240127130001.JPG,2024-01-27T13:00:01,VVR,0,3,1,0,0,0,0,13,0
SC12,NOVA,SC12_20240127131001.JPG,2024-01-27T13:10:01,VVR,0,4,1,0,0,0,0,14,0
SC12,NOVA,SC12_20240127132001.JPG,2024-01-27T13:20:01,VVR,0,4,1,0,0,0,0,14,0
SC12,NOVA,SC12_20240127133002.JPG,2024-01-27T13:30:02,VVR,0,4,1,0,0,0,0,14,0
SC12,NOVA,SC12_20240127134001.JPG,2024-01-27T13:40:01,VVR,0,4,1,0,0,0,0,14,0
SC12,NOVA,SC12_20240127135001.JPG,2024-01-27T13:50:01,VVR,0,4,1,0,0,0,0,14,0
SC12,NOVA,SC12_20240127140001.JPG,2024-01-27T14:00:01,VVR,1,4,1,0,0,0,0,14,0
SC12,NOVA,SC12_20240127141001.JPG,2024-01-27T14:10:01,VVR,0,5,0,0,0,0,0,5,0
SC12,NOVA,SC12_20240127142001.JPG,2024-01-27T14:20:01,VVR,0,4,0,0,0,0,0,4,0
SC12,NOVA,SC12_20240127143001.JPG,2024-01-27T14:30:01,VVR,0,5,0,0,0,0,0,5,0
SC12,NOVA,SC12_20240127144001.JPG,2024-01-27T14:40:01,VVR,0,5,0,0,0,0,0,5,0
SC12,NOVA,SC12_20240127145001.JPG,2024-01-27T14:50:01,VVR,0,5,0,0,0,0,0,5,0
SC12,NOVA,SC12_20240127150001.JPG,2024-01-27T15:00:01,VVR,0,5,0,0,0,0,0,5,0
SC12,NOVA,SC12_20240127151001.JPG,2024-01-27T15:10:01,VVR,0,5,1,0,0,0,0,15,0
SC12,NOVA,SC12_20240127152001.JPG,2024-01-27T15:20:01,VVR,0,5,1,0,0,0,0,15,0
SC12,NOVA,SC12_20240127153000.JPG,2024-01-27T15:30:00,VVR,0,3,2,0,0,0,0,23,0
SC12,NOVA,SC12_20240127154001.JPG,2024-01-27T15:40:01,VVR,0,3,2,0,0,0,0,23,0
SC12,NOVA,SC12_20240127155001.JPG,2024-01-27T15:50:01,VVR,0,6,2,0,0,0,0,26,0
SC12,NOVA,SC12_20240127160001.JPG,2024-01-27T16:00:01,VVR,2,6,2,0,0,0,0,26,0
SC12,NOVA,SC12_20240127161001.JPG,2024-01-27T16:10:01,VVR,1,7,4,0,1,0,0,47,1
SC12,NOVA,SC12_20240127162001.JPG,2024-01-27T16:20:01,VVR,1,6,5,0,0,0,0,56,0
SC12,NOVA,SC12_20240127163001.JPG,2024-01-27T16:30:01,VVR,1,8,4,0,0,0,0,48,0
SC12,NOVA,SC12_20240127164001.JPG,2024-01-27T16:40:01,VVR,1,12,2,0,0,0,0,32,0
SC12,NOVA,SC12_20240127165001.JPG,2024-01-27T16:50:01,VVR,1,10,4,0,0,0,0,50,0
SC12,NOVA,SC12_20240127170001.JPG,2024-01-27T17:00:01,VVR,1,9,4,0,0,0,0,49,0
SC12,NOVA,SC12_20240127171001.JPG,2024-01-27T17:10:01,VVR,1,8,5,0,0,0,0,58,0
SC12,NOVA,SC12_20240127172001.JPG,2024-01-27T17:20:01,VVR,0,9,3,0,0,0,0,39,0
SC12,NOVA,SC12_20240127173001.JPG,2024-01-27T17:30:01,VVR,0,9,3,0,0,0,0,39,0
SC12,NOVA,SC12_20240127174001.JPG,2024-01-27T17:40:01,VVR,2,10,3,0,0,0,0,40,0
SC12,NOVA,SC12_20240128065001.JPG,2024-01-28T06:50:01,VVR,5,8,2,0,0,0,0,28,0
SC12,NOVA,SC12_20240128070001.JPG,2024-01-28T07:00:01,VVR,5,8,2,0,0,0,0,28,0
SC12,NOVA,SC12_20240128071001.JPG,2024-01-28T07:10:01,VVR,5,8,2,0,0,0,0,28,0
SC12,NOVA,SC12_20240128072001.JPG,2024-01-28T07:20:01,VVR,5,7,3,0,0,0,0,37,0
SC12,NOVA,SC12_20240128073000.JPG,2024-01-28T07:30:00,VVR,5,7,3,0,0,0,0,37,0
SC12,NOVA,SC12_20240128074001.JPG,2024-01-28T07:40:01,VVR,5,7,3,0,0,0,0,37,0
SC12,NOVA,SC12_20240128075001.JPG,2024-01-28T07:50:01,VVR,5,7,3,0,2,0,0,37,2
SC12,NOVA,SC12_20240128080001.JPG,2024-01-28T08:00:01,VVR,5,9,1,0,5,0,0,19,5
SC12,NOVA,SC12_20240128081001.JPG,2024-01-28T08:10:01,VVR,8,7,1,0,6,1,0,17,16
SC12,NOVA,SC12_20240128082001.JPG,2024-01-28T08:20:01,VVR,8,8,0,0,6,0,0,8,6
SC12,NOVA,SC12_20240128083001.JPG,2024-01-28T08:30:01,VVR,10,6,0,0,6,0,0,6,6
SC12,NOVA,SC12_20240128084001.JPG,2024-01-28T08:40:01,VVR,10,6,0,0,6,0,0,6,6
SC12,NOVA,SC12_20240128085001.JPG,2024-01-28T08:50:01,VVR,10,6,0,0,6,0,0,6,6
SC12,NOVA,SC12_20240128090001.JPG,2024-01-28T09:00:01,VVR,10,6,0,0,6,0,0,6,6
SC12,NOVA,SC12_20240128091001.JPG,2024-01-28T09:10:01,VVR,10,6,0,0,6,0,0,6,6
SC12,NOVA,SC12_20240128092001.JPG,2024-01-28T09:20:01,VVR,10,6,0,0,6,0,0,6,6
SC12,NOVA,SC12_20240128093001.JPG,2024-01-28T09:30:01,VVR,10,6,0,0,6,0,0,6,6
SC12,NOVA,SC12_20240128094001.JPG,2024-01-28T09:40:01,VVR,10,6,0,0,6,0,0,6,6
SC12,NOVA,SC12_20240128095001.JPG,2024-01-28T09:50:01,VVR,10,6,0,0,6,0,0,6,6
SC12,NOVA,SC12_20240128100001.JPG,2024-01-28T10:00:01,VVR,10,5,1,0,5,1,0,15,15
SC12,NOVA,SC12_20240128101001.JPG,2024-01-28T10:10:01,VVR,10,5,1,0,4,1,0,15,14
SC12,NOVA,SC12_20240128102001.JPG,2024-01-28T10:20:01,VVR,11,4,1,0,4,1,0,14,14
SC12,NOVA,SC12_20240128103001.JPG,2024-01-28T10:30:01,VVR,13,5,0,0,5,0,0,5,5
SC12,NOVA,SC12_20240128104001.JPG,2024-01-28T10:40:01,VVR,15,3,0,0,3,0,0,3,3
SC12,NOVA,SC12_20240128105001.JPG,2024-01-28T10:50:01,VVR,14,4,0,0,4,0,0,4,4
SC12,NOVA,SC12_20240128110001.JPG,2024-01-28T11:00:01,VVR,2,3,0,0,3,0,0,3,3
SC12,NOVA,SC12_20240128111001.JPG,2024-01-28T11:10:01,VVR,1,3,0,0,3,0,0,3,3
SC12,NOVA,SC12_20240128112001.JPG,2024-01-28T11:20:01,VVR,1,4,0,0,4,0,0,4,4
SC12,NOVA,SC12_20240128113001.JPG,2024-01-28T11:30:01,VVR,720,0,0,0,0,0,0,0,0
SC12,NOVA,SC12_20240128114001.JPG,2024-01-28T11:40:01,VVR,720,0,0,0,0,0,0,0,0
SC12,NOVA,SC12_20240128115002.JPG,2024-01-28T11:50:02,VVR,720,0,0,0,0,0,0,0,0
SC12,NOVA,SC12_20240128120001.JPG,2024-01-28T12:00:01,VVR,720,0,0,0,0,0,0,0,0
SC12,NOVA,SC12_20240128121001.JPG,2024-01-28T12:10:01,VVR,720,0,0,0,0,0,0,0,0
SC12,NOVA,SC12_20240128122001.JPG,2024-01-28T12:20:01,VVR,0,1,0,0,1,0,0,1,1
SC12,NOVA,SC12_20240128123001.JPG,2024-01-28T12:30:01,VVR,720,0,0,0,0,0,0,0,0
SC12,NOVA,SC12_20240128124001.JPG,2024-01-28T12:40:01,VVR,720,0,0,0,0,0,0,0,0
SC12,NOVA,SC12_20240128125001.JPG,2024-01-28T12:50:01,VVR,720,0,0,0,0,0,0,0,0
SC12,NOVA,SC12_20240128130001.JPG,2024-01-28T13:00:01,VVR,720,0,0,0,0,0,0,0,0
SC12,NOVA,SC12_20240128131001.JPG,2024-01-28T13:10:01,VVR,720,0,0,0,0,0,0,0,0
SC12,NOVA,SC12_20240128132001.JPG,2024-01-28T13:20:01,VVR,720,0,0,0,0,0,0,0,0
SC12,NOVA,SC12_20240128133001.JPG,2024-01-28T13:30:01,VVR,720,0,0,0,0,0,0,0,0
SC12,NOVA,SC12_20240128134001.JPG,2024-01-28T13:40:01,VVR,720,0,0,0,0,0,0,0,0
SC12,NOVA,SC12_20240128135001.JPG,2024-01-28T13:50:01,VVR,720,0,0,0,0,0,0,0,0
SC12,NOVA,SC12_20240128140001.JPG,2024-01-28T14:00:01,VVR,720,0,0,0,0,0,0,0,0
SC12,NOVA,SC12_20240128141001.JPG,2024-01-28T14:10:01,VVR,720,0,0,0,0,0,0,0,0
SC12,NOVA,SC12_20240128142001.JPG,2024-01-28T14:20:01,VVR,720,0,0,0,0,0,0,0,0
SC12,NOVA,SC12_20240128143001.JPG,2024-01-28T14:30:01,VVR,0,1,0,0,1,0,0,1,1
SC12,NOVA,SC12_20240128144001.JPG,2024-01-28T14:40:01,VVR,720,0,0,0,0,0,0,0,0
SC12,NOVA,SC12_20240128145001.JPG,2024-01-28T14:50:01,VVR,720,0,0,0,0,0,0,0,0
SC12,NOVA,SC12_20240128150001.JPG,2024-01-28T15:00:01,VVR,720,0,0,0,0,0,0,0,0
SC12,NOVA,SC12_20240128151001.JPG,2024-01-28T15:10:01,VVR,720,0,0,0,0,0,0,0,0
SC12,NOVA,SC12_20240128152001.JPG,2024-01-28T15:20:01,VVR,720,0,0,0,0,0,0,0,0
SC12,NOVA,SC12_20240128153001.JPG,2024-01-28T15:30:01,VVR,720,0,0,0,0,0,0,0,0
SC12,NOVA,SC12_20240128154001.JPG,2024-01-28T15:40:01,VVR,720,0,0,0,0,0,0,0,0
SC12,NOVA,SC12_20240128155001.JPG,2024-01-28T15:50:01,VVR,720,0,0,0,0,0,0,0,0
SC12,NOVA,SC12_20240128160001.JPG,2024-01-28T16:00:01,VVR,720,0,0,0,0,0,0,0,0
SC12,NOVA,SC12_20240128161001.JPG,2024-01-28T16:10:01,VVR,720,0,0,0,0,0,0,0,0
SC12,NOVA,SC12_20240128162001.JPG,2024-01-28T16:20:01,VVR,720,0,0,0,0,0,0,0,0
SC12,NOVA,SC12_20240128163001.JPG,2024-01-28T16:30:01,VVR,0,4,0,0,0,0,0,4,0
SC12,NOVA,SC12_20240128164001.JPG,2024-01-28T16:40:01,VVR,0,3,1,0,1,0,0,13,1
SC12,NOVA,SC12_20240128165001.JPG,2024-01-28T16:50:01,VVR,1,5,1,0,0,0,0,15,0
SC12,NOVA,SC12_20240128170001.JPG,2024-01-28T17:00:01,VVR,0,6,0,0,2,0,0,6,2
SC12,NOVA,SC12_20240128171001.JPG,2024-01-28T17:10:01,VVR,0,6,0,0,3,0,0,6,3
SC12,NOVA,SC12_20240128172001.JPG,2024-01-28T17:20:01,VVR,0,5,1,0,0,0,0,15,0
SC12,NOVA,SC12_20240128173001.JPG,2024-01-28T17:30:01,VVR,0,3,2,0,0,0,0,23,0
SC12,NOVA,SC12_20240128174001.JPG,2024-01-28T17:40:01,VVR,0,3,2,0,0,0,0,23,0
SC12,NOVA,SC12_20240128175001.JPG,2024-01-28T17:50:01,VVR,0,4,1,0,0,0,0,14,0
SC12,NOVA,SC12_20240129065001.JPG,2024-01-29T06:50:01,VVR,1,5,1,0,0,0,0,15,0
SC12,NOVA,SC12_20240129070001.JPG,2024-01-29T07:00:01,VVR,0,5,1,0,0,0,0,15,0
SC12,NOVA,SC12_20240129071001.JPG,2024-01-29T07:10:01,VVR,0,5,1,0,0,0,0,15,0
SC12,NOVA,SC12_20240129072001.JPG,2024-01-29T07:20:01,VVR,0,5,1,0,0,0,0,15,0
SC12,NOVA,SC12_20240129073001.JPG,2024-01-29T07:30:01,VVR,0,5,1,0,0,0,0,15,0
SC12,NOVA,SC12_20240129074001.JPG,2024-01-29T07:40:01,VVR,18,5,1,0,0,0,0,15,0
SC12,NOVA,SC12_20240129075001.JPG,2024-01-29T07:50:01,VVR,18,5,1,0,0,0,0,15,0
SC12,NOVA,SC12_20240129080001.JPG,2024-01-29T08:00:01,VVR,18,5,1,0,3,1,0,15,13
SC12,NOVA,SC12_20240129081001.JPG,2024-01-29T08:10:01,VVR,18,5,1,0,5,1,0,15,15
SC12,NOVA,SC12_20240129082001.JPG,2024-01-29T08:20:01,VVR,18,6,0,0,5,0,0,6,5
SC12,NOVA,SC12_20240129083001.JPG,2024-01-29T08:30:01,VVR,0,3,1,0,0,1,0,13,10
SC12,NOVA,SC12_20240129084001.JPG,2024-01-29T08:40:01,VVR,0,5,1,0,5,1,0,15,15
SC12,NOVA,SC12_20240129085001.JPG,2024-01-29T08:50:01,VVR,0,4,1,0,4,1,0,14,14
SC12,NOVA,SC12_20240129090001.JPG,2024-01-29T09:00:01,VVR,0,4,1,0,4,1,0,14,14
SC12,NOVA,SC12_20240129091001.JPG,2024-01-29T09:10:01,VVR,0,4,1,0,1,1,0,14,11
SC12,NOVA,SC12_20240129092001.JPG,2024-01-29T09:20:01,VVR,0,4,1,0,3,1,0,14,13
SC12,NOVA,SC12_20240129093001.JPG,2024-01-29T09:30:01,VVR,0,3,1,0,3,1,0,13,13
SC12,NOVA,SC12_20240129094001.JPG,2024-01-29T09:40:01,VVR,0,3,1,0,3,1,0,13,13
SC12,NOVA,SC12_20240129095001.JPG,2024-01-29T09:50:01,VVR,0,2,1,0,2,1,0,12,12
SC12,NOVA,SC12_20240129100001.JPG,2024-01-29T10:00:01,VVR,0,4,0,0,4,0,0,4,4
SC12,NOVA,SC12_20240129101001.JPG,2024-01-29T10:10:01,VVR,0,3,1,0,3,1,0,13,13
SC12,NOVA,SC12_20240129102001.JPG,2024-01-29T10:20:01,VVR,0,3,1,0,3,1,0,13,13
SC12,NOVA,SC12_20240129103001.JPG,2024-01-29T10:30:01,VVR,0,3,1,0,3,1,0,13,13
SC12,NOVA,SC12_20240129104001.JPG,2024-01-29T10:40:01,VVR,1,2,1,0,2,1,0,12,12
SC12,NOVA,SC12_20240129105001.JPG,2024-01-29T10:50:01,VVR,1,3,0,0,3,0,0,3,3
SC12,NOVA,SC12_20240129110001.JPG,2024-01-29T11:00:01,VVR,1,3,0,0,3,0,0,3,3
SC12,NOVA,SC12_20240129111001.JPG,2024-01-29T11:10:01,VVR,0,3,1,0,3,1,0,13,13
SC12,NOVA,SC12_20240129112001.JPG,2024-01-29T11:20:01,VVR,0,3,1,0,3,1,0,13,13
SC12,NOVA,SC12_20240129113001.JPG,2024-01-29T11:30:01,VVR,0,4,0,0,4,0,0,4,4
SC12,NOVA,SC12_20240129114001.JPG,2024-01-29T11:40:01,VVR,0,4,0,0,4,0,0,4,4
SC12,NOVA,SC12_20240129115001.JPG,2024-01-29T11:50:01,VVR,0,4,0,0,4,0,0,4,4
SC12,NOVA,SC12_20240129120001.JPG,2024-01-29T12:00:01,VVR,0,3,1,0,3,1,0,13,13
SC12,NOVA,SC12_20240129121001.JPG,2024-01-29T12:10:01,VVR,0,4,0,0,1,0,0,4,1
SC12,NOVA,SC12_20240129122001.JPG,2024-01-29T12:20:01,VVR,0,4,0,0,4,0,0,4,4
SC12,NOVA,SC12_20240129123001.JPG,2024-01-29T12:30:01,VVR,0,3,0,0,3,0,0,3,3
SC12,NOVA,SC12_20240129124001.JPG,2024-01-29T12:40:01,VVR,717,2,1,0,1,0,0,12,1
SC12,NOVA,SC12_20240129125001.JPG,2024-01-29T12:50:01,VVR,0,2,0,0,2,0,0,2,2
SC12,NOVA,SC12_20240129130001.JPG,2024-01-29T13:00:01,VVR,0,2,0,0,1,0,0,2,1
SC12,NOVA,SC12_20240129131001.JPG,2024-01-29T13:10:01,VVR,0,3,0,0,1,0,0,3,1
SC12,NOVA,SC12_20240129132001.JPG,2024-01-29T13:20:01,VVR,1,3,0,0,1,0,0,3,1
SC12,NOVA,SC12_20240129133001.JPG,2024-01-29T13:30:01,VVR,720,0,0,0,0,0,0,0,0
SC12,NOVA,SC12_20240129134001.JPG,2024-01-29T13:40:01,VVR,0,2,0,0,1,0,0,2,1
SC12,NOVA,SC12_20240129135001.JPG,2024-01-29T13:50:01,VVR,0,2,0,0,1,0,0,2,1
SC12,NOVA,SC12_20240129140001.JPG,2024-01-29T14:00:01,VVR,0,4,0,0,2,0,0,4,2
SC12,NOVA,SC12_20240129141001.JPG,2024-01-29T14:10:01,VVR,0,2,0,0,0,0,0,2,0
SC12,NOVA,SC12_20240129142001.JPG,2024-01-29T14:20:01,VVR,0,4,0,0,1,0,0,4,1
SC12,NOVA,SC12_20240129143001.JPG,2024-01-29T14:30:01,VVR,0,5,0,0,4,0,0,5,4
SC12,NOVA,SC12_20240129144001.JPG,2024-01-29T14:40:01,VVR,0,5,0,0,1,0,0,5,1
SC12,NOVA,SC12_20240129145001.JPG,2024-01-29T14:50:01,VVR,0,5,0,0,1,0,0,5,1
SC12,NOVA,SC12_20240129150001.JPG,2024-01-29T15:00:01,VVR,0,4,0,0,4,0,0,4,4
SC12,NOVA,SC12_20240129151001.JPG,2024-01-29T15:10:01,VVR,0,3,1,0,1,0,0,13,1
SC12,NOVA,SC12_20240129152001.JPG,2024-01-29T15:20:01,VVR,1,3,2,0,0,2,0,23,20
SC12,NOVA,SC12_20240129153001.JPG,2024-01-29T15:30:01,VVR,0,5,1,0,0,0,0,15,0
SC12,NOVA,SC12_20240129154001.JPG,2024-01-29T15:40:01,VVR,0,3,2,0,0,1,0,23,10
SC12,NOVA,SC12_20240129155001.JPG,2024-01-29T15:50:01,VVR,0,3,2,0,1,1,0,23,11
SC12,NOVA,SC12_20240129160001.JPG,2024-01-29T16:00:01,VVR,0,3,3,0,0,1,0,33,10
SC12,NOVA,SC12_20240129161001.JPG,2024-01-29T16:10:01,VVR,1,3,3,0,0,1,0,33,10
SC12,NOVA,SC12_20240129162001.JPG,2024-01-29T16:20:01,VVR,1,4,3,0,0,0,0,34,0
SC12,NOVA,SC12_20240129163001.JPG,2024-01-29T16:30:01,VVR,1,6,1,0,2,0,0,16,2
SC12,NOVA,SC12_20240129164001.JPG,2024-01-29T16:40:01,VVR,0,6,3,0,3,0,0,36,3
SC12,NOVA,SC12_20240129165001.JPG,2024-01-29T16:50:01,VVR,0,8,4,1,3,1,0,148,13
SC12,NOVA,SC12_20240129170001.JPG,2024-01-29T17:00:01,VVR,1,9,5,1,4,2,0,159,24
SC12,NOVA,SC12_20240129171001.JPG,2024-01-29T17:10:01,VVR,1,13,6,0,3,0,0,73,3
SC12,NOVA,SC12_20240129172001.JPG,2024-01-29T17:20:01,VVR,3,13,6,0,2,0,0,73,2
SC12,NOVA,SC12_20240129173001.JPG,2024-01-29T17:30:01,VVR,4,12,6,0,3,0,0,72,3
SC12,NOVA,SC12_20240129174001.JPG,2024-01-29T17:40:01,VVR,4,12,5,1,3,1,0,162,13
SC12,NOVA,SC12_20240129175001.JPG,2024-01-29T17:50:01,VVR,4,12,6,0,3,1,0,72,13
SC12,NOVA,SC12_20240130065001.JPG,2024-01-30T06:50:01,VVR,7,11,7,0,0,0,0,81,0
SC12,NOVA,SC12_20240130070001.JPG,2024-01-30T07:00:01,VVR,8,11,6,0,0,0,0,71,0
SC12,NOVA,SC12_20240130071001.JPG,2024-01-30T07:10:01,VVR,8,10,7,0,0,0,0,80,0
SC12,NOVA,SC12_20240130072001.JPG,2024-01-30T07:20:01,VVR,11,9,7,0,0,0,0,79,0
SC12,NOVA,SC12_20240130073001.JPG,2024-01-30T07:30:01,VVR,10,9,7,0,1,1,0,79,11
SC12,NOVA,SC12_20240130074001.JPG,2024-01-30T07:40:01,VVR,12,7,7,0,2,2,0,77,22
SC12,NOVA,SC12_20240130075001.JPG,2024-01-30T07:50:01,VVR,13,6,7,0,2,4,0,76,42
SC12,NOVA,SC12_20240130080001.JPG,2024-01-30T08:00:01,VVR,13,6,7,0,3,2,0,76,23
SC12,NOVA,SC12_20240130081001.JPG,2024-01-30T08:10:01,VVR,13,7,6,0,3,3,0,67,33
SC12,NOVA,SC12_20240130082001.JPG,2024-01-30T08:20:01,VVR,13,7,6,0,7,5,0,67,57
SC12,NOVA,SC12_20240130083002.JPG,2024-01-30T08:30:02,VVR,13,9,3,1,8,3,1,139,138
SC12,NOVA,SC12_20240130084001.JPG,2024-01-30T08:40:01,VVR,13,10,4,0,9,4,0,50,49
SC12,NOVA,SC12_20240130085001.JPG,2024-01-30T08:50:01,VVR,12,11,4,0,9,4,0,51,49
SC12,NOVA,SC12_20240130090001.JPG,2024-01-30T09:00:01,VVR,12,11,4,0,9,4,0,51,49
SC12,NOVA,SC12_20240130091001.JPG,2024-01-30T09:10:01,VVR,13,10,4,0,8,4,0,50,48
SC12,NOVA,SC12_20240130092001.JPG,2024-01-30T09:20:01,VVR,13,11,3,0,9,3,0,41,39
SC12,NOVA,SC12_20240130093001.JPG,2024-01-30T09:30:01,VVR,12,13,2,1,8,2,1,133,128
SC12,NOVA,SC12_20240130094001.JPG,2024-01-30T09:40:01,VVR,12,13,1,1,9,1,1,123,119
SC12,NOVA,SC12_20240130095001.JPG,2024-01-30T09:50:01,VVR,12,13,3,0,8,3,0,43,38
SC12,NOVA,SC12_20240130100001.JPG,2024-01-30T10:00:01,VVR,12,12,4,0,6,4,0,52,46
SC12,NOVA,SC12_20240130101001.JPG,2024-01-30T10:10:01,VVR,13,12,4,0,0,0,0,52,0
SC12,NOVA,SC12_20240130102001.JPG,2024-01-30T10:20:01,VVR,13,13,4,0,0,0,0,53,0
SC12,NOVA,SC12_20240130103001.JPG,2024-01-30T10:30:01,VVR,14,13,3,1,0,0,1,143,100
SC12,NOVA,SC12_20240130104001.JPG,2024-01-30T10:40:01,VVR,15,12,4,0,6,4,0,52,46
SC12,NOVA,SC12_20240130105001.JPG,2024-01-30T10:50:01,VVR,15,12,4,0,6,4,0,52,46
SC12,NOVA,SC12_20240130110001.JPG,2024-01-30T11:00:01,VVR,15,12,4,0,7,4,0,52,47
SC12,NOVA,SC12_20240130111001.JPG,2024-01-30T11:10:01,VVR,16,11,4,0,6,1,0,51,16
SC12,NOVA,SC12_20240130112001.JPG,2024-01-30T11:20:01,VVR,16,11,4,0,8,3,0,51,38
SC12,NOVA,SC12_20240130113001.JPG,2024-01-30T11:30:01,VVR,16,11,4,0,8,1,0,51,18
SC12,NOVA,SC12_20240130114001.JPG,2024-01-30T11:40:01,VVR,16,11,4,0,0,0,0,51,0
SC12,NOVA,SC12_20240130115001.JPG,2024-01-30T11:50:01,VVR,14,14,3,0,6,2,0,44,26
SC12,NOVA,SC12_20240130120001.JPG,2024-01-30T12:00:01,VVR,16,12,3,0,0,0,0,42,0
SC12,NOVA,SC12_20240130121001.JPG,2024-01-30T12:10:01,VVR,14,14,3,0,2,1,0,44,12
SC12,NOVA,SC12_20240130122001.JPG,2024-01-30T12:20:01,VVR,14,14,3,0,0,1,0,44,10
SC12,NOVA,SC12_20240130123001.JPG,2024-01-30T12:30:01,VVR,20,8,3,0,0,0,0,38,0
SC12,NOVA,SC12_20240130124001.JPG,2024-01-30T12:40:01,VVR,19,11,2,0,3,1,0,31,13
SC12,NOVA,SC12_20240130125001.JPG,2024-01-30T12:50:01,VVR,16,16,1,0,2,0,0,26,2
SC12,NOVA,SC12_20240130130001.JPG,2024-01-30T13:00:01,VVR,17,15,1,0,0,0,0,25,0
SC12,NOVA,SC12_20240130131001.JPG,2024-01-30T13:10:01,VVR,21,10,2,0,0,0,0,30,0
SC12,NOVA,SC12_20240130132001.JPG,2024-01-30T13:20:01,VVR,19,12,2,0,0,0,0,32,0
SC12,NOVA,SC12_20240130133001.JPG,2024-01-30T13:30:01,VVR,17,16,0,0,0,0,0,16,0
SC12,NOVA,SC12_20240130134001.JPG,2024-01-30T13:40:01,VVR,17,15,1,0,0,0,0,25,0
SC12,NOVA,SC12_20240130135001.JPG,2024-01-30T13:50:01,VVR,22,9,2,0,3,0,0,29,3
SC12,NOVA,SC12_20240130140001.JPG,2024-01-30T14:00:01,VVR,26,9,1,0,3,0,0,19,3
SC12,NOVA,SC12_20240130141000.JPG,2024-01-30T14:10:00,VVR,26,9,2,0,3,0,0,29,3
SC12,NOVA,SC12_20240130142001.JPG,2024-01-30T14:20:01,VVR,21,15,2,0,0,0,0,35,0
SC12,NOVA,SC12_20240130143001.JPG,2024-01-30T14:30:01,VVR,2,19,4,0,1,0,0,59,1
SC12,NOVA,SC12_20240130144001.JPG,2024-01-30T14:40:01,VVR,7,13,4,0,1,1,0,53,11
SC12,NOVA,SC12_20240130145001.JPG,2024-01-30T14:50:01,VVR,6,17,4,0,1,0,0,57,1
SC12,NOVA,SC12_20240130150001.JPG,2024-01-30T15:00:01,VVR,3,19,4,0,1,0,0,59,1
SC12,NOVA,SC12_20240130151001.JPG,2024-01-30T15:10:01,VVR,3,21,3,0,1,0,0,51,1
SC12,NOVA,SC12_20240130152001.JPG,2024-01-30T15:20:01,VVR,2,22,3,0,1,0,0,52,1
SC12,NOVA,SC12_20240130153001.JPG,2024-01-30T15:30:01,VVR,3,21,3,0,1,0,0,51,1
SC12,NOVA,SC12_20240130154001.JPG,2024-01-30T15:40:01,VVR,3,21,3,0,1,0,0,51,1
SC12,NOVA,SC12_20240130155001.JPG,2024-01-30T15:50:01,VVR,5,19,3,0,1,0,0,49,1
SC12,NOVA,SC12_20240130160001.JPG,2024-01-30T16:00:01,VVR,6,18,3,0,1,0,0,48,1
SC12,NOVA,SC12_20240130161001.JPG,2024-01-30T16:10:01,VVR,8,16,3,0,1,0,0,46,1
SC12,NOVA,SC12_20240130162001.JPG,2024-01-30T16:20:01,VVR,3,21,3,0,1,0,0,51,1
SC12,NOVA,SC12_20240130163001.JPG,2024-01-30T16:30:01,VVR,5,19,3,0,2,0,0,49,2
SC12,NOVA,SC12_20240130164001.JPG,2024-01-30T16:40:01,VVR,3,21,3,0,5,0,0,51,5
SC12,NOVA,SC12_20240130165001.JPG,2024-01-30T16:50:01,VVR,3,21,3,0,3,0,0,51,3
SC12,NOVA,SC12_20240130170001.JPG,2024-01-30T17:00:01,VVR,4,21,3,0,3,0,0,51,3
SC12,NOVA,SC12_20240130171001.JPG,2024-01-30T17:10:01,VVR,3,22,3,0,1,1,0,52,11
SC12,NOVA,SC12_20240130172001.JPG,2024-01-30T17:20:01,VVR,4,22,3,0,2,1,0,52,12
SC12,NOVA,SC12_20240130173001.JPG,2024-01-30T17:30:01,VVR,4,22,3,0,2,1,0,52,12
SC12,NOVA,SC12_20240130174001.JPG,2024-01-30T17:40:01,VVR,4,22,3,0,2,1,0,52,12
SC12,NOVA,SC12_20240130175001.JPG,2024-01-30T17:50:01,VVR,4,22,3,0,1,0,0,52,1
SC12,NOVA,SC12_20240131065002.JPG,2024-01-31T06:50:02,VVR,10,19,3,0,0,0,0,49,0
SC12,NOVA,SC12_20240131070001.JPG,2024-01-31T07:00:01,VVR,12,17,3,0,0,0,0,47,0
SC12,NOVA,SC12_20240131071001.JPG,2024-01-31T07:10:01,VVR,12,16,4,0,1,0,0,56,1
SC12,NOVA,SC12_20240131072001.JPG,2024-01-31T07:20:01,VVR,11,18,3,0,1,0,0,48,1
SC12,NOVA,SC12_20240131073001.JPG,2024-01-31T07:30:01,VVR,14,17,3,0,1,0,0,47,1
SC12,NOVA,SC12_20240131074001.JPG,2024-01-31T07:40:01,VVR,14,17,3,0,5,1,0,47,15
SC12,NOVA,SC12_20240131075001.JPG,2024-01-31T07:50:01,VVR,15,16,3,0,4,1,0,46,14
SC12,NOVA,SC12_20240131080001.JPG,2024-01-31T08:00:01,VVR,18,13,2,1,0,0,0,133,0
SC12,NOVA,SC12_20240131081001.JPG,2024-01-31T08:10:01,VVR,12,19,3,0,0,0,0,49,0
SC12,NOVA,SC12_20240131082001.JPG,2024-01-31T08:20:01,VVR,14,16,4,0,0,0,0,56,0
SC12,NOVA,SC12_20240131083001.JPG,2024-01-31T08:30:01,VVR,15,15,4,0,2,0,0,55,2
SC12,NOVA,SC12_20240131084001.JPG,2024-01-31T08:40:01,VVR,21,9,4,0,0,0,0,49,0
SC12,NOVA,SC12_20240131085001.JPG,2024-01-31T08:50:01,VVR,18,12,4,0,0,0,0,52,0
SC12,NOVA,SC12_20240131090001.JPG,2024-01-31T09:00:01,VVR,20,11,4,0,0,0,0,51,0
SC12,NOVA,SC12_20240131091001.JPG,2024-01-31T09:10:01,VVR,19,12,4,0,0,0,0,52,0
SC12,NOVA,SC12_20240131092001.JPG,2024-01-31T09:20:01,VVR,22,9,4,0,2,1,0,49,12
SC12,NOVA,SC12_20240131093001.JPG,2024-01-31T09:30:01,VVR,21,9,4,1,0,1,0,149,10
SC12,NOVA,SC12_20240131094001.JPG,2024-01-31T09:40:01,VVR,21,10,3,1,2,1,0,140,12
SC12,NOVA,SC12_20240131095001.JPG,2024-01-31T09:50:01,VVR,19,14,1,1,4,0,0,124,4
SC12,NOVA,SC12_20240131100001.JPG,2024-01-31T10:00:01,VVR,18,16,2,0,4,0,0,36,4
SC12,NOVA,SC12_20240131101001.JPG,2024-01-31T10:10:01,VVR,21,14,1,1,1,0,0,124,1
SC12,NOVA,SC12_20240131102001.JPG,2024-01-31T10:20:01,VVR,18,16,2,0,1,0,0,36,1
SC12,NOVA,SC12_20240131103001.JPG,2024-01-31T10:30:01,VVR,23,12,2,0,0,0,0,32,0
SC12,NOVA,SC12_20240131104001.JPG,2024-01-31T10:40:01,VVR,20,15,2,0,3,0,0,35,3
SC12,NOVA,SC12_20240131105001.JPG,2024-01-31T10:50:01,VVR,23,12,2,0,0,0,0,32,0
SC12,NOVA,SC12_20240131110001.JPG,2024-01-31T11:00:01,VVR,29,10,1,0,0,0,0,20,0
SC12,NOVA,SC12_20240131111001.JPG,2024-01-31T11:10:01,VVR,31,7,2,0,3,2,0,27,23
SC12,NOVA,SC12_20240131112001.JPG,2024-01-31T11:20:01,VVR,32,5,3,0,0,0,0,35,0
SC12,NOVA,SC12_20240131113001.JPG,2024-01-31T11:30:01,VVR,33,5,2,0,0,0,0,25,0
SC12,NOVA,SC12_20240131114001.JPG,2024-01-31T11:40:01,VVR,31,9,1,0,0,0,0,19,0
SC12,NOVA,SC12_20240131115001.JPG,2024-01-31T11:50:01,VVR,31,9,1,0,0,0,0,19,0
SC12,NOVA,SC12_20240131120001.JPG,2024-01-31T12:00:01,VVR,31,8,2,0,0,0,0,28,0
SC12,NOVA,SC12_20240131121001.JPG,2024-01-31T12:10:01,VVR,31,9,2,0,0,0,0,29,0
SC12,NOVA,SC12_20240131122001.JPG,2024-01-31T12:20:01,VVR,33,7,2,0,0,0,0,27,0
SC12,NOVA,SC12_20240131123001.JPG,2024-01-31T12:30:01,VVR,33,7,2,0,0,0,0,27,0
SC12,NOVA,SC12_20240131124001.JPG,2024-01-31T12:40:01,VVR,33,10,0,0,1,0,0,10,1
SC12,NOVA,SC12_20240131125001.JPG,2024-01-31T12:50:01,VVR,5,6,2,0,0,0,0,26,0
SC12,NOVA,SC12_20240131130001.JPG,2024-01-31T13:00:01,VVR,7,5,3,0,1,0,0,35,1
SC12,NOVA,SC12_20240131131001.JPG,2024-01-31T13:10:01,VVR,7,6,3,0,0,0,0,36,0
SC12,NOVA,SC12_20240131132001.JPG,2024-01-31T13:20:01,VVR,9,3,3,0,1,0,0,33,1
SC12,NOVA,SC12_20240131133001.JPG,2024-01-31T13:30:01,VVR,10,5,1,0,0,0,0,15,0
SC12,NOVA,SC12_20240131134001.JPG,2024-01-31T13:40:01,VVR,11,4,2,0,0,0,0,24,0
SC12,NOVA,SC12_20240131135001.JPG,2024-01-31T13:50:01,VVR,10,4,2,0,0,0,0,24,0
SC12,NOVA,SC12_20240131140001.JPG,2024-01-31T14:00:01,VVR,7,7,2,0,0,0,0,27,0
SC12,NOVA,SC12_20240131141001.JPG,2024-01-31T14:10:01,VVR,9,5,2,0,0,0,0,25,0
SC12,NOVA,SC12_20240131142001.JPG,2024-01-31T14:20:01,VVR,12,3,2,0,0,0,0,23,0
SC12,NOVA,SC12_20240131143001.JPG,2024-01-31T14:30:01,VVR,13,5,1,0,0,0,0,15,0
SC12,NOVA,SC12_20240131144001.JPG,2024-01-31T14:40:01,VVR,12,4,2,0,0,0,0,24,0
SC12,NOVA,SC12_20240131145001.JPG,2024-01-31T14:50:01,VVR,13,3,2,0,0,0,0,23,0
SC12,NOVA,SC12_20240131150001.JPG,2024-01-31T15:00:01,VVR,12,4,2,0,0,0,0,24,0
SC12,NOVA,SC12_20240131151001.JPG,2024-01-31T15:10:01,VVR,12,4,2,0,0,0,0,24,0
SC12,NOVA,SC12_20240131152001.JPG,2024-01-31T15:20:01,VVR,11,5,2,0,0,0,0,25,0
SC12,NOVA,SC12_20240131153001.JPG,2024-01-31T15:30:01,VVR,9,7,2,0,0,0,0,27,0
SC12,NOVA,SC12_20240131154001.JPG,2024-01-31T15:40:01,VVR,8,8,2,0,0,0,0,28,0
SC12,NOVA,SC12_20240131155001.JPG,2024-01-31T15:50:01,VVR,12,4,2,0,0,0,0,24,0
SC12,NOVA,SC12_20240131160001.JPG,2024-01-31T16:00:01,VVR,12,4,2,0,0,0,0,24,0
SC12,NOVA,SC12_20240131161001.JPG,2024-01-31T16:10:01,VVR,12,4,2,0,0,0,0,24,0
SC12,NOVA,SC12_20240131162001.JPG,2024-01-31T16:20:01,VVR,12,4,2,0,0,0,0,24,0
SC12,NOVA,SC12_20240131163000.JPG,2024-01-31T16:30:00,VVR,12,5,1,0,0,0,0,15,0
SC12,NOVA,SC12_20240131164001.JPG,2024-01-31T16:40:01,VVR,10,6,2,0,0,0,0,26,0
SC12,NOVA,SC12_20240131165001.JPG,2024-01-31T16:50:01,VVR,11,6,1,0,0,0,0,16,0
SC12,NOVA,SC12_20240131170001.JPG,2024-01-31T17:00:01,VVR,12,5,1,0,0,0,0,15,0
SC12,NOVA,SC12_20240131171001.JPG,2024-01-31T17:10:01,VVR,15,5,1,0,0,0,0,15,0
SC12,NOVA,SC12_20240131172001.JPG,2024-01-31T17:20:01,VVR,16,4,1,0,0,0,0,14,0
SC12,NOVA,SC12_20240131173001.JPG,2024-01-31T17:30:01,VVR,16,3,2,0,0,0,0,23,0
SC12,NOVA,SC12_20240131174001.JPG,2024-01-31T17:40:01,VVR,15,4,2,0,0,0,0,24,0
SC12,NOVA,SC12_20240201065001.JPG,2024-02-01T06:50:01,VVR,22,7,0,0,0,0,0,7,0
SC12,NOVA,SC12_20240201070001.JPG,2024-02-01T07:00:01,VVR,22,8,0,0,0,0,0,8,0
SC12,NOVA,SC12_20240201071001.JPG,2024-02-01T07:10:01,VVR,22,8,0,0,0,0,0,8,0
SC12,NOVA,SC12_20240201072001.JPG,2024-02-01T07:20:01,VVR,22,9,0,0,0,0,0,9,0
SC12,NOVA,SC12_20240201073001.JPG,2024-02-01T07:30:01,VVR,23,8,0,0,0,0,0,8,0
SC12,NOVA,SC12_20240201074001.JPG,2024-02-01T07:40:01,VVR,24,8,0,0,2,0,0,8,2
SC12,NOVA,SC12_20240201075001.JPG,2024-02-01T07:50:01,VVR,0,8,0,0,0,0,0,8,0
SC12,NOVA,SC12_20240201080001.JPG,2024-02-01T08:00:01,VVR,0,8,0,0,0,0,0,8,0
SC12,NOVA,SC12_20240201081001.JPG,2024-02-01T08:10:01,VVR,1,8,0,0,0,0,0,8,0
SC12,NOVA,SC12_20240201082001.JPG,2024-02-01T08:20:01,VVR,0,9,0,0,1,0,0,9,1
SC12,NOVA,SC12_20240201083001.JPG,2024-02-01T08:30:01,VVR,0,9,0,0,0,0,0,9,0
SC12,NOVA,SC12_20240201084001.JPG,2024-02-01T08:40:01,VVR,2,9,0,0,0,0,0,9,0
SC12,NOVA,SC12_20240201085001.JPG,2024-02-01T08:50:01,VVR,0,9,0,0,4,0,0,9,4
SC12,NOVA,SC12_20240201090001.JPG,2024-02-01T09:00:01,VVR,0,9,0,0,4,0,0,9,4
SC12,NOVA,SC12_20240201091001.JPG,2024-02-01T09:10:01,VVR,0,9,0,0,3,0,0,9,3
SC12,NOVA,SC12_20240201092001.JPG,2024-02-01T09:20:01,VVR,0,9,0,0,0,0,0,9,0
SC12,NOVA,SC12_20240201093000.JPG,2024-02-01T09:30:00,VVR,0,9,0,0,0,0,0,9,0
SC12,NOVA,SC12_20240201094001.JPG,2024-02-01T09:40:01,VVR,0,9,0,0,0,0,0,9,0
SC12,NOVA,SC12_20240201095001.JPG,2024-02-01T09:50:01,VVR,1,10,0,0,0,0,0,10,0
SC12,NOVA,SC12_20240201100001.JPG,2024-02-01T10:00:01,VVR,0,10,0,0,0,0,0,10,0
SC12,NOVA,SC12_20240201101001.JPG,2024-02-01T10:10:01,VVR,0,11,0,0,0,0,0,11,0
SC12,NOVA,SC12_20240201102001.JPG,2024-02-01T10:20:01,VVR,1,11,0,0,6,0,0,11,6
SC12,NOVA,SC12_20240201103001.JPG,2024-02-01T10:30:01,VVR,0,10,0,0,0,0,0,10,0
SC12,NOVA,SC12_20240201104001.JPG,2024-02-01T10:40:01,VVR,0,8,0,0,6,0,0,8,6
SC12,NOVA,SC12_20240201105001.JPG,2024-02-01T10:50:01,VVR,0,8,0,0,6,0,0,8,6
SC12,NOVA,SC12_20240201110001.JPG,2024-02-01T11:00:01,VVR,1,7,0,0,6,0,0,7,6
SC12,NOVA,SC12_20240201111001.JPG,2024-02-01T11:10:01,VVR,2,10,0,0,0,0,0,10,0
SC12,NOVA,SC12_20240201112001.JPG,2024-02-01T11:20:01,VVR,1,5,0,0,5,0,0,5,5
SC12,NOVA,SC12_20240201113001.JPG,2024-02-01T11:30:01,VVR,1,6,0,0,6,0,0,6,6
SC12,NOVA,SC12_20240201114001.JPG,2024-02-01T11:40:01,VVR,0,7,0,0,7,0,0,7,7
SC12,NOVA,SC12_20240201115001.JPG,2024-02-01T11:50:01,VVR,1,6,0,0,0,0,0,6,0
SC12,NOVA,SC12_20240201120001.JPG,2024-02-01T12:00:01,VVR,0,9,0,0,4,0,0,9,4
SC12,NOVA,SC12_20240201121001.JPG,2024-02-01T12:10:01,VVR,1,6,0,0,4,0,0,6,4
SC12,NOVA,SC12_20240201122001.JPG,2024-02-01T12:20:01,VVR,0,6,0,0,4,0,0,6,4
SC12,NOVA,SC12_20240201123001.JPG,2024-02-01T12:30:01,VVR,0,7,0,0,6,0,0,7,6
SC12,NOVA,SC12_20240201124001.JPG,2024-02-01T12:40:01,VVR,0,6,0,0,2,0,0,6,2
SC12,NOVA,SC12_20240201125001.JPG,2024-02-01T12:50:01,VVR,0,6,0,0,1,0,0,6,1
SC12,NOVA,SC12_20240201130001.JPG,2024-02-01T13:00:01,VVR,0,6,0,0,2,0,0,6,2
SC12,NOVA,SC12_20240201131001.JPG,2024-02-01T13:10:01,VVR,1,6,0,0,3,0,0,6,3
SC12,NOVA,SC12_20240201132001.JPG,2024-02-01T13:20:01,VVR,0,6,0,0,4,0,0,6,4
SC12,NOVA,SC12_20240201133001.JPG,2024-02-01T13:30:01,VVR,0,4,0,0,2,0,0,4,2
SC12,NOVA,SC12_20240201134001.JPG,2024-02-01T13:40:01,VVR,0,2,0,0,0,0,0,2,0
SC12,NOVA,SC12_20240201135001.JPG,2024-02-01T13:50:01,VVR,0,4,0,0,2,0,0,4,2
SC12,NOVA,SC12_20240201140001.JPG,2024-02-01T14:00:01,VVR,0,5,0,0,2,0,0,5,2
SC12,NOVA,SC12_20240201141001.JPG,2024-02-01T14:10:01,VVR,0,1,0,0,1,0,0,1,1
SC12,NOVA,SC12_20240201142001.JPG,2024-02-01T14:20:01,VVR,1,2,1,0,2,1,0,12,12
SC12,NOVA,SC12_20240201143001.JPG,2024-02-01T14:30:01,VVR,0,2,1,0,0,1,0,12,10
SC12,NOVA,SC12_20240201144001.JPG,2024-02-01T14:40:01,VVR,0,3,1,0,2,0,0,13,2
SC12,NOVA,SC12_20240201145001.JPG,2024-02-01T14:50:01,VVR,0,3,1,0,0,0,0,13,0
SC12,NOVA,SC12_20240201150001.JPG,2024-02-01T15:00:01,VVR,0,1,2,0,0,2,0,21,20
SC12,NOVA,SC12_20240201151001.JPG,2024-02-01T15:10:01,VVR,0,2,2,0,0,0,0,22,0
SC12,NOVA,SC12_20240201152001.JPG,2024-02-01T15:20:01,VVR,0,8,2,0,3,0,0,28,3
SC12,NOVA,SC12_20240201153001.JPG,2024-02-01T15:30:01,VVR,0,9,2,0,1,0,0,29,1
SC12,NOVA,SC12_20240201154001.JPG,2024-02-01T15:40:01,VVR,0,8,2,0,1,0,0,28,1
SC12,NOVA,SC12_20240201155001.JPG,2024-02-01T15:50:01,VVR,0,6,2,0,1,0,0,26,1
SC12,NOVA,SC12_20240201160001.JPG,2024-02-01T16:00:01,VVR,1,6,2,0,2,0,0,26,2
SC12,NOVA,SC12_20240201161001.JPG,2024-02-01T16:10:01,VVR,0,6,2,0,1,0,0,26,1
SC12,NOVA,SC12_20240201162001.JPG,2024-02-01T16:20:01,VVR,0,6,2,0,1,0,0,26,1
SC12,NOVA,SC12_20240201163001.JPG,2024-02-01T16:30:01,VVR,0,6,2,0,3,0,0,26,3
SC12,NOVA,SC12_20240201164001.JPG,2024-02-01T16:40:01,VVR,0,7,2,0,1,0,0,27,1
SC12,NOVA,SC12_20240201165001.JPG,2024-02-01T16:50:01,VVR,1,6,2,0,0,0,0,26,0
SC12,NOVA,SC12_20240201170001.JPG,2024-02-01T17:00:01,VVR,0,6,2,0,0,0,0,26,0
SC12,NOVA,SC12_20240201171001.JPG,2024-02-01T17:10:01,VVR,0,6,2,0,0,0,0,26,0
SC12,NOVA,SC12_20240201172001.JPG,2024-02-01T17:20:01,VVR,0,7,2,0,1,0,0,27,1
SC12,NOVA,SC12_20240201173001.JPG,2024-02-01T17:30:01,VVR,0,5,2,0,0,0,0,25,0
SC12,NOVA,SC12_20240201174001.JPG,2024-02-01T17:40:01,VVR,0,5,2,0,2,0,0,25,2
SC12,NOVA,SC12_20240201175001.JPG,2024-02-01T17:50:01,VVR,0,4,3,0,2,0,0,34,2
SC12,NOVA,SC12_20240202065001.JPG,2024-02-02T06:50:01,VVR,1,6,2,0,0,0,0,26,0
SC12,NOVA,SC12_20240202070001.JPG,2024-02-02T07:00:01,VVR,2,6,2,0,0,0,0,26,0
SC12,NOVA,SC12_20240202071001.JPG,2024-02-02T07:10:01,VVR,0,6,2,0,0,0,0,26,0
SC12,NOVA,SC12_20240202072001.JPG,2024-02-02T07:20:01,VVR,0,6,2,0,0,0,0,26,0
SC12,NOVA,SC12_20240202073001.JPG,2024-02-02T07:30:01,VVR,0,6,2,0,0,0,0,26,0
SC12,NOVA,SC12_20240202074001.JPG,2024-02-02T07:40:01,VVR,0,6,2,0,0,0,0,26,0
SC12,NOVA,SC12_20240202075001.JPG,2024-02-02T07:50:01,VVR,0,5,3,0,0,1,0,35,10
SC12,NOVA,SC12_20240202080001.JPG,2024-02-02T08:00:01,VVR,0,5,3,0,0,0,0,35,0
SC12,NOVA,SC12_20240202081001.JPG,2024-02-02T08:10:01,VVR,0,5,3,0,0,1,0,35,10
SC12,NOVA,SC12_20240202082001.JPG,2024-02-02T08:20:01,VVR,2,3,3,0,3,3,0,33,33
SC12,NOVA,SC12_20240202083001.JPG,2024-02-02T08:30:01,VVR,2,3,3,0,3,3,0,33,33
SC12,NOVA,SC12_20240202084001.JPG,2024-02-02T08:40:01,VVR,0,3,3,0,3,3,0,33,33
SC12,NOVA,SC12_20240202085001.JPG,2024-02-02T08:50:01,VVR,0,3,3,0,3,2,0,33,23
SC12,NOVA,SC12_20240202090001.JPG,2024-02-02T09:00:01,VVR,0,6,1,0,6,1,0,16,16
SC12,NOVA,SC12_20240202091001.JPG,2024-02-02T09:10:01,VVR,0,5,2,0,5,2,0,25,25
SC12,NOVA,SC12_20240202092001.JPG,2024-02-02T09:20:01,VVR,0,5,1,0,5,1,0,15,15
SC12,NOVA,SC12_20240202093001.JPG,2024-02-02T09:30:01,VVR,0,5,1,0,4,1,0,15,14
SC12,NOVA,SC12_20240202094001.JPG,2024-02-02T09:40:01,VVR,0,6,1,0,4,1,0,16,14
SC12,NOVA,SC12_20240202095001.JPG,2024-02-02T09:50:01,VVR,0,7,1,0,6,1,0,17,16
SC12,NOVA,SC12_20240202100001.JPG,2024-02-02T10:00:01,VVR,0,6,1,0,4,1,0,16,14
SC12,NOVA,SC12_20240202101001.JPG,2024-02-02T10:10:01,VVR,0,4,3,0,2,3,0,34,32
SC12,NOVA,SC12_20240202102001.JPG,2024-02-02T10:20:01,VVR,0,6,1,0,4,1,0,16,14
SC12,NOVA,SC12_20240202103001.JPG,2024-02-02T10:30:01,VVR,1,6,1,0,4,1,0,16,14
SC12,NOVA,SC12_20240202104001.JPG,2024-02-02T10:40:01,VVR,6,6,1,0,4,1,0,16,14
SC12,NOVA,SC12_20240202105001.JPG,2024-02-02T10:50:01,VVR,6,6,1,0,5,1,0,16,15
SC12,NOVA,SC12_20240202110001.JPG,2024-02-02T11:00:01,VVR,0,6,2,0,5,2,0,26,25
SC12,NOVA,SC12_20240202111001.JPG,2024-02-02T11:10:01,VVR,0,6,2,0,5,2,0,26,25
SC12,NOVA,SC12_20240202112001.JPG,2024-02-02T11:20:01,VVR,0,5,2,0,3,2,0,25,23
SC12,NOVA,SC12_20240202113001.JPG,2024-02-02T11:30:01,VVR,0,7,1,0,5,1,0,17,15
SC12,NOVA,SC12_20240202114001.JPG,2024-02-02T11:40:01,VVR,0,7,1,0,6,1,0,17,16
SC12,NOVA,SC12_20240202115001.JPG,2024-02-02T11:50:01,VVR,1,4,2,0,4,2,0,24,24
SC12,NOVA,SC12_20240202120001.JPG,2024-02-02T12:00:01,VVR,0,6,1,0,5,1,0,16,15
SC12,NOVA,SC12_20240202121001.JPG,2024-02-02T12:10:01,VVR,0,5,2,0,3,2,0,25,23
SC12,NOVA,SC12_20240202122001.JPG,2024-02-02T12:20:01,VVR,0,7,1,0,4,1,0,17,14
SC12,NOVA,SC12_20240202123001.JPG,2024-02-02T12:30:01,VVR,2,4,2,0,2,1,0,24,12
SC12,NOVA,SC12_20240202124001.JPG,2024-02-02T12:40:01,VVR,0,6,1,0,2,0,0,16,2
SC12,NOVA,SC12_20240202125001.JPG,2024-02-02T12:50:01,VVR,0,5,2,0,3,1,0,25,13
SC12,NOVA,SC12_20240202130001.JPG,2024-02-02T13:00:01,VVR,0,6,2,0,2,0,0,26,2
SC12,NOVA,SC12_20240202131001.JPG,2024-02-02T13:10:01,VVR,0,4,2,0,4,2,0,24,24
SC12,NOVA,SC12_20240202132001.JPG,2024-02-02T13:20:01,VVR,0,4,2,0,3,0,0,24,3
SC12,NOVA,SC12_20240202133001.JPG,2024-02-02T13:30:01,VVR,0,5,1,0,5,1,0,15,15
SC12,NOVA,SC12_20240202134001.JPG,2024-02-02T13:40:01,VVR,0,6,1,0,5,1,0,16,15
SC12,NOVA,SC12_20240202135001.JPG,2024-02-02T13:50:01,VVR,714,5,1,0,1,1,0,15,11
SC12,NOVA,SC12_20240202140001.JPG,2024-02-02T14:00:01,VVR,0,8,0,0,2,0,0,8,2
SC12,NOVA,SC12_20240202141001.JPG,2024-02-02T14:10:01,VVR,0,6,1,0,1,0,0,16,1
SC12,NOVA,SC12_20240202142001.JPG,2024-02-02T14:20:01,VVR,0,6,1,0,2,0,0,16,2
SC12,NOVA,SC12_20240202143001.JPG,2024-02-02T14:30:01,VVR,0,5,1,0,2,1,0,15,12
SC12,NOVA,SC12_20240202144001.JPG,2024-02-02T14:40:01,VVR,0,5,1,0,1,0,0,15,1
SC12,NOVA,SC12_20240202145001.JPG,2024-02-02T14:50:01,VVR,0,5,1,0,3,1,0,15,13
SC12,NOVA,SC12_20240202150001.JPG,2024-02-02T15:00:01,VVR,0,6,1,0,3,0,0,16,3
SC12,NOVA,SC12_20240202151001.JPG,2024-02-02T15:10:01,VVR,0,4,2,0,2,1,0,24,12
SC12,NOVA,SC12_20240202152001.JPG,2024-02-02T15:20:01,VVR,0,5,1,0,3,1,0,15,13
SC12,NOVA,SC12_20240202153001.JPG,2024-02-02T15:30:01,VVR,0,5,1,0,2,0,0,15,2
SC12,NOVA,SC12_20240202154001.JPG,2024-02-02T15:40:01,VVR,0,5,1,0,2,0,0,15,2
SC12,NOVA,SC12_20240202155001.JPG,2024-02-02T15:50:01,VVR,0,6,1,0,2,0,0,16,2
SC12,NOVA,SC12_20240202160001.JPG,2024-02-02T16:00:01,VVR,0,6,1,0,2,0,0,16,2
SC12,NOVA,SC12_20240202161001.JPG,2024-02-02T16:10:01,VVR,0,6,1,0,2,0,0,16,2
SC12,NOVA,SC12_20240202162001.JPG,2024-02-02T16:20:01,VVR,0,7,1,0,2,0,0,17,2
SC12,NOVA,SC12_20240202163001.JPG,2024-02-02T16:30:01,VVR,0,5,1,0,2,0,0,15,2
SC12,NOVA,SC12_20240202164001.JPG,2024-02-02T16:40:01,VVR,0,6,1,0,2,0,0,16,2
SC12,NOVA,SC12_20240202165001.JPG,2024-02-02T16:50:01,VVR,0,5,1,0,2,0,0,15,2
SC12,NOVA,SC12_20240202170001.JPG,2024-02-02T17:00:01,VVR,0,8,0,0,2,0,0,8,2
SC12,NOVA,SC12_20240202171001.JPG,2024-02-02T17:10:01,VVR,0,5,1,0,2,0,0,15,2
SC12,NOVA,SC12_20240202172001.JPG,2024-02-02T17:20:01,VVR,0,5,1,0,2,0,0,15,2
SC12,NOVA,SC12_20240202173001.JPG,2024-02-02T17:30:01,VVR,0,5,1,0,2,0,0,15,2
SC12,NOVA,SC12_20240202174001.JPG,2024-02-02T17:40:01,VVR,0,5,1,0,2,0,0,15,2
SC12,NOVA,SC12_20240202175001.JPG,2024-02-02T17:50:01,VVR,0,5,1,0,2,0,0,15,2
SC12,NOVA,SC12_20240203065001.JPG,2024-02-03T06:50:01,VVR,2,6,1,0,0,0,0,16,0
SC12,NOVA,SC12_20240203070001.JPG,2024-02-03T07:00:01,VVR,1,7,1,0,1,0,0,17,1
SC12,NOVA,SC12_20240203071001.JPG,2024-02-03T07:10:01,VVR,1,6,1,0,1,0,0,16,1
SC12,NOVA,SC12_20240203072001.JPG,2024-02-03T07:20:01,VVR,2,6,1,0,0,0,0,16,0
SC12,NOVA,SC12_20240203073001.JPG,2024-02-03T07:30:01,VVR,1,7,1,0,1,0,0,17,1
SC12,NOVA,SC12_20240203074001.JPG,2024-02-03T07:40:01,VVR,2,6,1,0,0,0,0,16,0
SC12,NOVA,SC12_20240203075001.JPG,2024-02-03T07:50:01,VVR,1,6,1,0,1,0,0,16,1
SC12,NOVA,SC12_20240203080001.JPG,2024-02-03T08:00:01,VVR,1,6,1,0,1,0,0,16,1
SC12,NOVA,SC12_20240203081001.JPG,2024-02-03T08:10:01,VVR,1,6,1,0,5,0,0,16,5
SC12,NOVA,SC12_20240203082001.JPG,2024-02-03T08:20:01,VVR,0,5,1,0,0,0,0,15,0
SC12,NOVA,SC12_20240203083001.JPG,2024-02-03T08:30:01,VVR,1,6,1,0,5,1,0,16,15
SC12,NOVA,SC12_20240203084001.JPG,2024-02-03T08:40:01,VVR,0,6,1,0,1,0,0,16,1
SC12,NOVA,SC12_20240203085001.JPG,2024-02-03T08:50:01,VVR,0,6,1,0,2,0,0,16,2
SC12,NOVA,SC12_20240203090001.JPG,2024-02-03T09:00:01,VVR,0,7,1,0,2,0,0,17,2
SC12,NOVA,SC12_20240203091001.JPG,2024-02-03T09:10:01,VVR,0,7,1,0,2,1,0,17,12
SC12,NOVA,SC12_20240203092001.JPG,2024-02-03T09:20:01,VVR,0,7,1,0,4,0,0,17,4
SC12,NOVA,SC12_20240203093001.JPG,2024-02-03T09:30:01,VVR,0,7,1,0,1,0,0,17,1
SC12,NOVA,SC12_20240203094001.JPG,2024-02-03T09:40:01,VVR,1,7,1,0,1,0,0,17,1
SC12,NOVA,SC12_20240203095001.JPG,2024-02-03T09:50:01,VVR,0,5,2,0,0,0,0,25,0
SC12,NOVA,SC12_20240203100001.JPG,2024-02-03T10:00:01,VVR,0,7,1,0,0,0,0,17,0
SC12,NOVA,SC12_20240203101001.JPG,2024-02-03T10:10:01,VVR,0,7,1,0,0,0,0,17,0
SC12,NOVA,SC12_20240203102001.JPG,2024-02-03T10:20:01,VVR,1,6,1,0,0,0,0,16,0
SC12,NOVA,SC12_20240203103001.JPG,2024-02-03T10:30:01,VVR,0,7,1,0,0,0,0,17,0
SC12,NOVA,SC12_20240203104000.JPG,2024-02-03T10:40:00,VVR,0,7,1,0,0,0,0,17,0
SC12,NOVA,SC12_20240203105001.JPG,2024-02-03T10:50:01,VVR,0,6,1,0,0,0,0,16,0
SC12,NOVA,SC12_20240203110001.JPG,2024-02-03T11:00:01,VVR,0,7,1,0,0,0,0,17,0
SC12,NOVA,SC12_20240203111001.JPG,2024-02-03T11:10:01,VVR,0,6,1,0,0,0,0,16,0
SC12,NOVA,SC12_20240203112001.JPG,2024-02-03T11:20:01,VVR,0,6,2,0,0,0,0,26,0
SC12,NOVA,SC12_20240203113001.JPG,2024-02-03T11:30:01,VVR,0,6,2,0,0,0,0,26,0
SC12,NOVA,SC12_20240203114001.JPG,2024-02-03T11:40:01,VVR,712,6,2,0,0,0,0,26,0
SC12,NOVA,SC12_20240203115001.JPG,2024-02-03T11:50:01,VVR,0,6,1,0,0,0,0,16,0
SC12,NOVA,SC12_20240203120001.JPG,2024-02-03T12:00:01,VVR,0,6,2,0,0,0,0,26,0
SC12,NOVA,SC12_20240203121001.JPG,2024-02-03T12:10:01,VVR,0,7,1,0,0,0,0,17,0
SC12,NOVA,SC12_20240203122001.JPG,2024-02-03T12:20:01,VVR,0,8,1,0,0,0,0,18,0
SC12,NOVA,SC12_20240203123001.JPG,2024-02-03T12:30:01,VVR,0,8,1,0,0,0,0,18,0
SC12,NOVA,SC12_20240203124001.JPG,2024-02-03T12:40:01,VVR,1,8,1,0,0,0,0,18,0
SC12,NOVA,SC12_20240203125001.JPG,2024-02-03T12:50:01,VVR,0,7,1,0,0,0,0,17,0
SC12,NOVA,SC12_20240203130001.JPG,2024-02-03T13:00:01,VVR,0,8,1,0,0,0,0,18,0
SC12,NOVA,SC12_20240203131001.JPG,2024-02-03T13:10:01,VVR,0,8,1,0,0,0,0,18,0
SC12,NOVA,SC12_20240203132001.JPG,2024-02-03T13:20:01,VVR,0,8,1,0,0,0,0,18,0
SC12,NOVA,SC12_20240203133001.JPG,2024-02-03T13:30:01,VVR,0,8,1,0,0,0,0,18,0
SC12,NOVA,SC12_20240203134001.JPG,2024-02-03T13:40:01,VVR,0,8,1,0,0,0,0,18,0
SC12,NOVA,SC12_20240203135001.JPG,2024-02-03T13:50:01,VVR,1,7,1,0,0,0,0,17,0
SC12,NOVA,SC12_20240203140001.JPG,2024-02-03T14:00:01,VVR,1,8,0,0,0,0,0,8,0
SC12,NOVA,SC12_20240203141001.JPG,2024-02-03T14:10:01,VVR,0,8,1,0,0,0,0,18,0
SC12,NOVA,SC12_20240203142001.JPG,2024-02-03T14:20:01,VVR,0,8,1,0,0,0,0,18,0
SC12,NOVA,SC12_20240203143001.JPG,2024-02-03T14:30:01,VVR,0,8,1,0,0,0,0,18,0
SC12,NOVA,SC12_20240203144001.JPG,2024-02-03T14:40:01,VVR,0,8,1,0,0,0,0,18,0
SC12,NOVA,SC12_20240203145001.JPG,2024-02-03T14:50:01,VVR,0,8,1,0,0,0,0,18,0
SC12,NOVA,SC12_20240203150001.JPG,2024-02-03T15:00:01,VVR,0,8,1,0,0,0,0,18,0
SC12,NOVA,SC12_20240203151001.JPG,2024-02-03T15:10:01,VVR,0,8,1,0,0,0,0,18,0
SC12,NOVA,SC12_20240203152001.JPG,2024-02-03T15:20:01,VVR,0,8,1,0,0,0,0,18,0
SC12,NOVA,SC12_20240203153001.JPG,2024-02-03T15:30:01,VVR,0,8,1,0,1,0,0,18,1
SC12,NOVA,SC12_20240203154001.JPG,2024-02-03T15:40:01,VVR,0,6,1,0,0,0,0,16,0
SC12,NOVA,SC12_20240203155001.JPG,2024-02-03T15:50:01,VVR,0,7,1,0,0,0,0,17,0
SC12,NOVA,SC12_20240203160001.JPG,2024-02-03T16:00:01,VVR,0,8,1,0,0,0,0,18,0
SC12,NOVA,SC12_20240203161001.JPG,2024-02-03T16:10:01,VVR,1,7,1,0,0,0,0,17,0
SC12,NOVA,SC12_20240203162001.JPG,2024-02-03T16:20:01,VVR,2,6,1,0,0,0,0,16,0
SC12,NOVA,SC12_20240203163001.JPG,2024-02-03T16:30:01,VVR,2,6,1,0,0,0,0,16,0
SC12,NOVA,SC12_20240203164001.JPG,2024-02-03T16:40:01,VVR,2,6,1,0,0,0,0,16,0
SC12,NOVA,SC12_20240203165001.JPG,2024-02-03T16:50:01,VVR,2,6,1,0,0,0,0,16,0
SC12,NOVA,SC12_20240203170001.JPG,2024-02-03T17:00:01,VVR,3,5,1,0,0,0,0,15,0
SC12,NOVA,SC12_20240203171001.JPG,2024-02-03T17:10:01,VVR,3,5,1,0,0,0,0,15,0
SC12,NOVA,SC12_20240203172001.JPG,2024-02-03T17:20:01,VVR,3,5,1,0,0,0,0,15,0
SC12,NOVA,SC12_20240203173001.JPG,2024-02-03T17:30:01,VVR,3,5,1,0,0,0,0,15,0
SC12,NOVA,SC12_20240203174001.JPG,2024-02-03T17:40:01,VVR,2,6,1,0,0,0,0,16,0
SC12,NOVA,SC12_20240204065001.JPG,2024-02-04T06:50:01,VVR,0,8,0,0,0,0,0,8,0
SC12,NOVA,SC12_20240204070001.JPG,2024-02-04T07:00:01,VVR,0,8,0,0,0,0,0,8,0
SC12,NOVA,SC12_20240204071001.JPG,2024-02-04T07:10:01,VVR,0,7,0,0,0,0,0,7,0
SC12,NOVA,SC12_20240204072001.JPG,2024-02-04T07:20:01,VVR,0,5,0,0,0,0,0,5,0
SC12,NOVA,SC12_20240204073001.JPG,2024-02-04T07:30:01,VVR,0,5,0,0,0,0,0,5,0
SC12,NOVA,SC12_20240204074001.JPG,2024-02-04T07:40:01,VVR,0,6,1,0,0,0,0,16,0
SC12,NOVA,SC12_20240204075001.JPG,2024-02-04T07:50:01,VVR,0,7,0,0,0,0,0,7,0
SC12,NOVA,SC12_20240204080001.JPG,2024-02-04T08:00:01,VVR,0,8,0,0,0,0,0,8,0
SC12,NOVA,SC12_20240204081001.JPG,2024-02-04T08:10:01,VVR,0,8,0,0,0,0,0,8,0
SC12,NOVA,SC12_20240204082001.JPG,2024-02-04T08:20:01,VVR,0,8,0,0,0,0,0,8,0
SC12,NOVA,SC12_20240204083001.JPG,2024-02-04T08:30:01,VVR,0,5,0,0,0,0,0,5,0
SC12,NOVA,SC12_20240204084001.JPG,2024-02-04T08:40:01,VVR,0,6,0,0,1,0,0,6,1
SC12,NOVA,SC12_20240204085001.JPG,2024-02-04T08:50:01,VVR,0,6,0,0,0,0,0,6,0
SC12,NOVA,SC12_20240204090001.JPG,2024-02-04T09:00:01,VVR,0,7,1,0,0,0,0,17,0
SC12,NOVA,SC12_20240204091001.JPG,2024-02-04T09:10:01,VVR,0,6,1,0,0,0,0,16,0
SC12,NOVA,SC12_20240204092001.JPG,2024-02-04T09:20:01,VVR,0,6,0,0,0,0,0,6,0
SC12,NOVA,SC12_20240204093001.JPG,2024-02-04T09:30:01,VVR,0,5,1,0,0,0,0,15,0
SC12,NOVA,SC12_20240204094001.JPG,2024-02-04T09:40:01,VVR,0,5,0,0,1,0,0,5,1
SC12,NOVA,SC12_20240204095001.JPG,2024-02-04T09:50:01,VVR,0,8,0,0,0,0,0,8,0
SC12,NOVA,SC12_20240204100001.JPG,2024-02-04T10:00:01,VVR,0,5,0,0,0,0,0,5,0
SC12,NOVA,SC12_20240204101001.JPG,2024-02-04T10:10:01,VVR,720,0,0,0,0,0,0,0,0
SC12,NOVA,SC12_20240204102001.JPG,2024-02-04T10:20:01,VVR,720,0,0,0,0,0,0,0,0
SC12,NOVA,SC12_20240204103001.JPG,2024-02-04T10:30:01,VVR,720,0,0,0,0,0,0,0,0
SC12,NOVA,SC12_20240204104001.JPG,2024-02-04T10:40:01,VVR,720,0,0,0,0,0,0,0,0
SC12,NOVA,SC12_20240204105001.JPG,2024-02-04T10:50:01,VVR,720,0,0,0,0,0,0,0,0
SC2,LYNX,SC2_20231117140001.JPG,2023-11-17T14:00:01,VVR,121,12,11,0,0,0,0,122,0
SC2,LYNX,SC2_20231117141001.JPG,2023-11-17T14:10:01,VVR,124,11,9,0,0,0,0,101,0
SC2,LYNX,SC2_20231117141501.JPG,2023-11-17T14:15:01,VVR,125,8,11,0,0,0,0,118,0
SC2,LYNX,SC2_20231117142501.JPG,2023-11-17T14:25:01,VVR,123,11,10,0,0,0,0,111,0
SC2,LYNX,SC2_20231117143001.JPG,2023-11-17T14:30:01,VVR,126,10,8,0,0,0,0,90,0
SC2,LYNX,SC2_20231117143501.JPG,2023-11-17T14:35:01,VVR,128,5,11,0,0,0,0,115,0
SC2,LYNX,SC2_20231117144001.JPG,2023-11-17T14:40:01,VVR,123,13,8,0,0,0,0,93,0
SC2,LYNX,SC2_20231117144501.JPG,2023-11-17T14:45:01,VVR,128,8,8,0,0,0,0,88,0
SC2,LYNX,SC2_20231117145001.JPG,2023-11-17T14:50:01,VVR,126,8,10,0,0,0,0,108,0
SC2,LYNX,SC2_20231117145501.JPG,2023-11-17T14:55:01,VVR,124,10,10,0,0,0,0,110,0
SC2,LYNX,SC2_20231117150001.JPG,2023-11-17T15:00:01,VVR,123,11,10,0,0,0,0,111,0
SC2,LYNX,SC2_20231117150501.JPG,2023-11-17T15:05:01,VVR,121,11,12,0,0,0,0,131,0
SC2,LYNX,SC2_20231117151001.JPG,2023-11-17T15:10:01,VVR,121,11,12,0,0,0,0,131,0
SC2,LYNX,SC2_20231117151501.JPG,2023-11-17T15:15:01,VVR,125,10,9,0,0,0,0,100,0
SC2,LYNX,SC2_20231117152001.JPG,2023-11-17T15:20:01,VVR,123,12,9,0,0,0,0,102,0
SC2,LYNX,SC2_20231117152501.JPG,2023-11-17T15:25:01,VVR,121,13,10,0,0,0,0,113,0
SC2,LYNX,SC2_20231117153001.JPG,2023-11-17T15:30:01,VVR,125,10,9,0,0,0,0,100,0
SC2,LYNX,SC2_20231117153501.JPG,2023-11-17T15:35:01,VVR,128,9,7,0,0,0,0,79,0
SC2,LYNX,SC2_20231117154001.JPG,2023-11-17T15:40:01,VVR,126,10,8,0,0,0,0,90,0
SC2,LYNX,SC2_20231117154501.JPG,2023-11-17T15:45:01,VVR,126,10,8,0,0,0,0,90,0
SC2,LYNX,SC2_20231117155001.JPG,2023-11-17T15:50:01,VVR,125,9,10,0,0,0,0,109,0
SC2,LYNX,SC2_20231117155501.JPG,2023-11-17T15:55:01,VVR,125,12,7,0,0,0,0,82,0
SC2,LYNX,SC2_20231117160001.JPG,2023-11-17T16:00:01,VVR,126,10,8,0,0,0,0,90,0
SC2,LYNX,SC2_20231117160501.JPG,2023-11-17T16:05:01,VVR,122,14,8,0,0,0,0,94,0
SC2,LYNX,SC2_20231117161001.JPG,2023-11-17T16:10:01,VVR,127,9,8,0,0,0,0,89,0
SC2,LYNX,SC2_20231117161501.JPG,2023-11-17T16:15:01,VVR,124,13,7,0,0,0,0,83,0
SC2,LYNX,SC2_20231117162001.JPG,2023-11-17T16:20:01,VVR,126,9,9,0,0,0,0,99,0
SC2,LYNX,SC2_20231117162501.JPG,2023-11-17T16:25:01,VVR,128,8,8,0,0,0,0,88,0
SC2,LYNX,SC2_20231117163001.JPG,2023-11-17T16:30:01,VVR,126,10,8,0,0,0,0,90,0
SC2,LYNX,SC2_20231117163501.JPG,2023-11-17T16:35:01,VVR,127,9,8,0,0,0,0,89,0
SC2,LYNX,SC2_20231117164001.JPG,2023-11-17T16:40:01,VVR,125,10,9,0,0,0,0,100,0
SC2,LYNX,SC2_20231117164501.JPG,2023-11-17T16:45:01,VVR,126,10,8,0,0,0,0,90,0
SC2,LYNX,SC2_20231117165001.JPG,2023-11-17T16:50:01,VVR,123,12,9,0,0,0,0,102,0
SC2,LYNX,SC2_20231117165501.JPG,2023-11-17T16:55:01,VVR,124,10,10,0,0,0,0,110,0
SC2,LYNX,SC2_20231117170001.JPG,2023-11-17T17:00:01,VVR,124,10,10,0,0,0,0,110,0
SC2,LYNX,SC2_20231117170501.JPG,2023-11-17T17:05:01,VVR,125,11,8,0,0,0,0,91,0
SC2,LYNX,SC2_20231117171001.JPG,2023-11-17T17:10:01,VVR,123,13,8,0,0,0,0,93,0
SC2,LYNX,SC2_20231117171501.JPG,2023-11-17T17:15:01,VVR,121,15,8,0,0,0,0,95,0
SC2,LYNX,SC2_20231117172001.JPG,2023-11-17T17:20:01,VVR,126,10,8,0,0,0,0,90,0
SC2,LYNX,SC2_20231118062501.JPG,2023-11-18T06:25:01,VVR,122,11,11,0,0,0,0,121,0
SC2,LYNX,SC2_20231118063001.JPG,2023-11-18T06:30:01,VVR,123,10,11,0,0,0,0,120,0
SC2,LYNX,SC2_20231118063501.JPG,2023-11-18T06:35:01,VVR,122,13,9,0,0,0,0,103,0
SC2,LYNX,SC2_20231118064001.JPG,2023-11-18T06:40:01,VVR,121,13,10,0,0,0,0,113,0
SC2,LYNX,SC2_20231118064501.JPG,2023-11-18T06:45:01,VVR,122,13,9,0,0,0,0,103,0
SC2,LYNX,SC2_20231118065001.JPG,2023-11-18T06:50:01,VVR,121,13,10,0,0,0,0,113,0
SC2,LYNX,SC2_20231118065501.JPG,2023-11-18T06:55:01,VVR,121,13,10,0,0,0,0,113,0
SC2,LYNX,SC2_20231118070001.JPG,2023-11-18T07:00:01,VVR,117,18,9,0,0,0,0,108,0
SC2,LYNX,SC2_20231118070501.JPG,2023-11-18T07:05:01,VVR,121,14,9,0,0,0,0,104,0
SC2,LYNX,SC2_20231118071001.JPG,2023-11-18T07:10:01,VVR,124,12,8,0,0,0,0,92,0
SC2,LYNX,SC2_20231118071501.JPG,2023-11-18T07:15:01,VVR,123,12,9,0,0,0,0,102,0
SC2,LYNX,SC2_20231118072001.JPG,2023-11-18T07:20:01,VVR,119,15,10,0,0,0,0,115,0
SC2,LYNX,SC2_20231118072501.JPG,2023-11-18T07:25:01,VVR,118,16,10,0,0,0,0,116,0
SC2,LYNX,SC2_20231118073001.JPG,2023-11-18T07:30:01,VVR,118,18,8,0,0,0,0,98,0
SC2,LYNX,SC2_20231118073501.JPG,2023-11-18T07:35:01,VVR,124,12,8,0,0,0,0,92,0
SC2,LYNX,SC2_20231118074001.JPG,2023-11-18T07:40:01,VVR,121,16,7,0,0,0,0,86,0
SC2,LYNX,SC2_20231118074501.JPG,2023-11-18T07:45:01,VVR,122,12,10,0,0,0,0,112,0
SC2,LYNX,SC2_20231118075001.JPG,2023-11-18T07:50:01,VVR,120,15,9,0,0,0,0,105,0
SC2,LYNX,SC2_20231118075501.JPG,2023-11-18T07:55:01,VVR,124,11,9,0,0,0,0,101,0
SC2,LYNX,SC2_20231118080001.JPG,2023-11-18T08:00:01,VVR,124,10,10,0,0,0,0,110,0
SC2,LYNX,SC2_20231118080501.JPG,2023-11-18T08:05:01,VVR,122,13,9,0,0,0,0,103,0
SC2,LYNX,SC2_20231118081001.JPG,2023-11-18T08:10:01,VVR,121,14,9,0,0,0,0,104,0
SC2,LYNX,SC2_20231118081501.JPG,2023-11-18T08:15:01,VVR,123,13,8,0,0,0,0,93,0
SC2,LYNX,SC2_20231118082001.JPG,2023-11-18T08:20:01,VVR,118,13,13,0,0,0,0,143,0
SC2,LYNX,SC2_20231118082501.JPG,2023-11-18T08:25:01,VVR,120,14,10,0,0,0,0,114,0
SC2,LYNX,SC2_20231118083001.JPG,2023-11-18T08:30:01,VVR,119,16,9,0,0,0,0,106,0
SC2,LYNX,SC2_20231118083501.JPG,2023-11-18T08:35:01,VVR,124,12,8,0,0,0,0,92,0
SC2,LYNX,SC2_20231118084001.JPG,2023-11-18T08:40:01,VVR,122,14,8,0,0,0,0,94,0
SC2,LYNX,SC2_20231118084501.JPG,2023-11-18T08:45:01,VVR,120,15,9,0,0,0,0,105,0
SC2,LYNX,SC2_20231118085001.JPG,2023-11-18T08:50:01,VVR,123,13,8,0,0,0,0,93,0
SC2,LYNX,SC2_20231118085501.JPG,2023-11-18T08:55:01,VVR,122,13,9,0,0,0,0,103,0
SC2,LYNX,SC2_20231118090001.JPG,2023-11-18T09:00:01,VVR,123,11,10,0,0,0,0,111,0
SC2,LYNX,SC2_20231118090501.JPG,2023-11-18T09:05:01,VVR,123,14,7,0,0,0,0,84,0
SC2,LYNX,SC2_20231118091001.JPG,2023-11-18T09:10:01,VVR,123,16,5,0,0,0,0,66,0
SC2,LYNX,SC2_20231118091501.JPG,2023-11-18T09:15:01,VVR,120,18,6,0,0,0,0,78,0
SC2,LYNX,SC2_20231118092001.JPG,2023-11-18T09:20:01,VVR,124,12,8,0,0,0,0,92,0
SC2,LYNX,SC2_20231118092501.JPG,2023-11-18T09:25:01,VVR,122,13,9,0,0,0,0,103,0
SC2,LYNX,SC2_20231118093001.JPG,2023-11-18T09:30:01,VVR,121,16,7,0,0,0,0,86,0
SC2,LYNX,SC2_20231118093501.JPG,2023-11-18T09:35:01,VVR,124,14,6,0,0,0,0,74,0
SC2,LYNX,SC2_20231118094001.JPG,2023-11-18T09:40:01,VVR,125,12,7,0,0,0,0,82,0
SC2,LYNX,SC2_20231118094501.JPG,2023-11-18T09:45:01,VVR,125,13,6,0,0,0,0,73,0
SC2,LYNX,SC2_20231118095001.JPG,2023-11-18T09:50:01,VVR,129,8,7,0,0,0,0,78,0
SC2,LYNX,SC2_20231118095501.JPG,2023-11-18T09:55:01,VVR,126,13,5,0,0,0,0,63,0
SC2,LYNX,SC2_20231118100001.JPG,2023-11-18T10:00:01,VVR,125,11,8,0,0,0,0,91,0
SC2,LYNX,SC2_20231118100501.JPG,2023-11-18T10:05:01,VVR,126,13,5,0,0,0,0,63,0
SC2,LYNX,SC2_20231118101001.JPG,2023-11-18T10:10:01,VVR,119,19,6,0,0,0,0,79,0
SC2,LYNX,SC2_20231118101501.JPG,2023-11-18T10:15:01,VVR,120,18,6,0,0,0,0,78,0
SC2,LYNX,SC2_20231118102001.JPG,2023-11-18T10:20:01,VVR,121,15,8,0,0,0,0,95,0
SC2,LYNX,SC2_20231118102501.JPG,2023-11-18T10:25:01,VVR,122,14,8,0,0,0,0,94,0
SC2,LYNX,SC2_20231118103001.JPG,2023-11-18T10:30:01,VVR,121,15,8,0,0,0,0,95,0
SC2,LYNX,SC2_20231118103501.JPG,2023-11-18T10:35:01,VVR,124,13,7,0,0,0,0,83,0
SC2,LYNX,SC2_20231118104001.JPG,2023-11-18T10:40:01,VVR,123,15,6,0,6,0,0,75,6
SC2,LYNX,SC2_20231118104501.JPG,2023-11-18T10:45:01,VVR,120,17,7,0,7,2,0,87,27
SC2,LYNX,SC2_20231118105001.JPG,2023-11-18T10:50:01,VVR,123,15,6,0,5,1,0,75,15
SC2,LYNX,SC2_20231118105501.JPG,2023-11-18T10:55:01,VVR,125,11,8,0,4,3,0,91,34
SC2,LYNX,SC2_20231118110001.JPG,2023-11-18T11:00:01,VVR,124,12,8,0,4,3,0,92,34
SC2,LYNX,SC2_20231118110501.JPG,2023-11-18T11:05:01,VVR,122,13,9,0,1,0,0,103,1
SC2,LYNX,SC2_20231118111001.JPG,2023-11-18T11:10:01,VVR,122,15,7,0,0,0,0,85,0
SC2,LYNX,SC2_20231118111501.JPG,2023-11-18T11:15:01,VVR,120,15,9,0,0,0,0,105,0
SC2,LYNX,SC2_20231118112001.JPG,2023-11-18T11:20:01,VVR,124,12,8,0,0,0,0,92,0
SC2,LYNX,SC2_20231118112501.JPG,2023-11-18T11:25:01,VVR,125,13,6,0,0,0,0,73,0
SC2,LYNX,SC2_20231118113001.JPG,2023-11-18T11:30:01,VVR,124,15,5,0,0,0,0,65,0
SC2,LYNX,SC2_20231118113501.JPG,2023-11-18T11:35:01,VVR,122,16,6,0,0,0,0,76,0
SC2,LYNX,SC2_20231118114001.JPG,2023-11-18T11:40:01,VVR,121,17,6,0,0,0,0,77,0
SC2,LYNX,SC2_20231118114501.JPG,2023-11-18T11:45:01,VVR,122,17,5,0,0,0,0,67,0
SC2,LYNX,SC2_20231118115001.JPG,2023-11-18T11:50:01,VVR,120,17,7,0,0,0,0,87,0
SC2,LYNX,SC2_20231118115501.JPG,2023-11-18T11:55:01,VVR,117,18,9,0,0,0,0,108,0
SC2,LYNX,SC2_20231118120001.JPG,2023-11-18T12:00:01,VVR,119,18,7,0,0,0,0,88,0
SC2,LYNX,SC2_20231118120501.JPG,2023-11-18T12:05:01,VVR,120,17,7,0,0,0,0,87,0
SC2,LYNX,SC2_20231118121001.JPG,2023-11-18T12:10:01,VVR,123,11,10,0,0,0,0,111,0
SC2,LYNX,SC2_20231118121501.JPG,2023-11-18T12:15:01,VVR,120,15,9,0,0,0,0,105,0
SC2,LYNX,SC2_20231118122001.JPG,2023-11-18T12:20:01,VVR,123,12,9,0,0,0,0,102,0
SC2,LYNX,SC2_20231118122501.JPG,2023-11-18T12:25:01,VVR,124,14,6,0,0,0,0,74,0
SC2,LYNX,SC2_20231118123001.JPG,2023-11-18T12:30:01,VVR,122,13,9,0,0,0,0,103,0
SC2,LYNX,SC2_20231118123501.JPG,2023-11-18T12:35:01,VVR,119,16,9,0,0,0,0,106,0
SC2,LYNX,SC2_20231118124001.JPG,2023-11-18T12:40:01,VVR,122,13,9,0,0,0,0,103,0
SC2,LYNX,SC2_20231118124501.JPG,2023-11-18T12:45:01,VVR,123,15,6,0,0,0,0,75,0
SC2,LYNX,SC2_20231118125001.JPG,2023-11-18T12:50:01,VVR,126,12,6,0,0,0,0,72,0
SC2,LYNX,SC2_20231118125501.JPG,2023-11-18T12:55:01,VVR,126,11,7,0,0,0,0,81,0
SC2,LYNX,SC2_20231118130001.JPG,2023-11-18T13:00:01,VVR,122,14,8,0,0,0,0,94,0
SC2,LYNX,SC2_20231118130501.JPG,2023-11-18T13:05:01,VVR,121,14,9,0,0,0,0,104,0
SC2,LYNX,SC2_20231118131001.JPG,2023-11-18T13:10:01,VVR,124,13,7,0,0,0,0,83,0
SC2,LYNX,SC2_20231118131501.JPG,2023-11-18T13:15:01,VVR,122,14,8,0,0,0,0,94,0
SC2,LYNX,SC2_20231118132001.JPG,2023-11-18T13:20:01,VVR,124,15,5,0,0,0,0,65,0
SC2,LYNX,SC2_20231118132501.JPG,2023-11-18T13:25:01,VVR,123,13,8,0,0,0,0,93,0
SC2,LYNX,SC2_20231118133001.JPG,2023-11-18T13:30:01,VVR,121,16,7,0,0,0,0,86,0
SC2,LYNX,SC2_20231118133501.JPG,2023-11-18T13:35:01,VVR,122,14,8,0,0,0,0,94,0
SC2,LYNX,SC2_20231118134001.JPG,2023-11-18T13:40:01,VVR,122,14,8,0,0,0,0,94,0
SC2,LYNX,SC2_20231118134501.JPG,2023-11-18T13:45:01,VVR,121,15,8,0,0,0,0,95,0
SC2,LYNX,SC2_20231118135001.JPG,2023-11-18T13:50:01,VVR,122,15,7,0,0,0,0,85,0
SC2,LYNX,SC2_20231118135501.JPG,2023-11-18T13:55:01,VVR,123,16,5,0,0,0,0,66,0
SC2,LYNX,SC2_20231118140001.JPG,2023-11-18T14:00:01,VVR,126,11,7,0,0,0,0,81,0
SC2,LYNX,SC2_20231118140501.JPG,2023-11-18T14:05:01,VVR,119,17,8,0,0,0,0,97,0
SC2,LYNX,SC2_20231118141001.JPG,2023-11-18T14:10:01,VVR,120,15,9,0,0,0,0,105,0
SC2,LYNX,SC2_20231118141501.JPG,2023-11-18T14:15:01,VVR,119,16,9,0,0,0,0,106,0
SC2,LYNX,SC2_20231118142000.JPG,2023-11-18T14:20:00,VVR,123,14,7,0,0,0,0,84,0
SC2,LYNX,SC2_20231118142501.JPG,2023-11-18T14:25:01,VVR,123,14,7,0,0,0,0,84,0
SC2,LYNX,SC2_20231118143001.JPG,2023-11-18T14:30:01,VVR,122,16,6,0,0,0,0,76,0
SC2,LYNX,SC2_20231118143501.JPG,2023-11-18T14:35:01,VVR,120,17,7,0,0,0,0,87,0
SC2,LYNX,SC2_20231118144001.JPG,2023-11-18T14:40:01,VVR,119,17,8,0,0,0,0,97,0
SC2,LYNX,SC2_20231118144501.JPG,2023-11-18T14:45:01,VVR,121,15,8,0,0,0,0,95,0
SC2,LYNX,SC2_20231118145001.JPG,2023-11-18T14:50:01,VVR,121,16,7,0,0,0,0,86,0
SC2,LYNX,SC2_20231118145501.JPG,2023-11-18T14:55:01,VVR,122,14,8,0,0,0,0,94,0
SC2,LYNX,SC2_20231118150001.JPG,2023-11-18T15:00:01,VVR,121,18,5,0,0,0,0,68,0
SC2,LYNX,SC2_20231118150501.JPG,2023-11-18T15:05:01,VVR,125,14,5,0,0,0,0,64,0
SC2,LYNX,SC2_20231118151001.JPG,2023-11-18T15:10:01,VVR,123,14,7,0,0,0,0,84,0
SC2,LYNX,SC2_20231118151501.JPG,2023-11-18T15:15:01,VVR,122,17,5,0,0,0,0,67,0
SC2,LYNX,SC2_20231118152001.JPG,2023-11-18T15:20:01,VVR,124,16,4,0,0,0,0,56,0
SC2,LYNX,SC2_20231118152501.JPG,2023-11-18T15:25:01,VVR,122,17,5,0,0,0,0,67,0
SC2,LYNX,SC2_20231118153001.JPG,2023-11-18T15:30:01,VVR,121,18,5,0,0,0,0,68,0
SC2,LYNX,SC2_20231118153501.JPG,2023-11-18T15:35:01,VVR,122,16,6,0,0,0,0,76,0
SC2,LYNX,SC2_20231118154001.JPG,2023-11-18T15:40:01,VVR,120,15,9,0,0,0,0,105,0
SC2,LYNX,SC2_20231118154501.JPG,2023-11-18T15:45:01,VVR,123,13,8,0,0,0,0,93,0
SC2,LYNX,SC2_20231118155001.JPG,2023-11-18T15:50:01,VVR,119,18,7,0,0,0,0,88,0
SC2,LYNX,SC2_20231118155501.JPG,2023-11-18T15:55:01,VVR,123,15,6,0,0,0,0,75,0
SC2,LYNX,SC2_20231118160001.JPG,2023-11-18T16:00:01,VVR,122,16,6,0,0,0,0,76,0
SC2,LYNX,SC2_20231118160501.JPG,2023-11-18T16:05:01,VVR,121,15,8,0,0,0,0,95,0
SC2,LYNX,SC2_20231118161001.JPG,2023-11-18T16:10:01,VVR,119,19,6,0,0,0,0,79,0
SC2,LYNX,SC2_20231118161501.JPG,2023-11-18T16:15:01,VVR,123,14,7,0,0,0,0,84,0
SC2,LYNX,SC2_20231118162001.JPG,2023-11-18T16:20:01,VVR,122,15,7,0,0,0,0,85,0
SC2,LYNX,SC2_20231118162501.JPG,2023-11-18T16:25:01,VVR,120,16,8,0,0,0,0,96,0
SC2,LYNX,SC2_20231118163001.JPG,2023-11-18T16:30:01,VVR,120,17,7,0,0,0,0,87,0
SC2,LYNX,SC2_20231118163501.JPG,2023-11-18T16:35:01,VVR,122,15,7,0,0,0,0,85,0
SC2,LYNX,SC2_20231118164001.JPG,2023-11-18T16:40:01,VVR,123,16,5,0,0,0,0,66,0
SC2,LYNX,SC2_20231118164501.JPG,2023-11-18T16:45:01,VVR,122,17,5,0,0,0,0,67,0
SC2,LYNX,SC2_20231118165001.JPG,2023-11-18T16:50:01,VVR,122,17,5,0,0,0,0,67,0
SC2,LYNX,SC2_20231118165501.JPG,2023-11-18T16:55:01,VVR,122,16,6,0,0,0,0,76,0
SC2,LYNX,SC2_20231118170001.JPG,2023-11-18T17:00:01,VVR,123,15,6,0,0,0,0,75,0
SC2,LYNX,SC2_20231118170501.JPG,2023-11-18T17:05:01,VVR,123,15,6,0,0,0,0,75,0
SC2,LYNX,SC2_20231118171001.JPG,2023-11-18T17:10:01,VVR,122,17,5,0,0,0,0,67,0
SC2,LYNX,SC2_20231119062002.JPG,2023-11-19T06:20:02,VVR,132,9,3,0,0,0,0,39,0
SC2,LYNX,SC2_20231119062501.JPG,2023-11-19T06:25:01,VVR,130,10,4,0,0,0,0,50,0
SC2,LYNX,SC2_20231119063001.JPG,2023-11-19T06:30:01,VVR,129,11,4,0,0,0,0,51,0
SC2,LYNX,SC2_20231119063501.JPG,2023-11-19T06:35:01,VVR,130,10,4,0,0,0,0,50,0
SC2,LYNX,SC2_20231119064001.JPG,2023-11-19T06:40:01,VVR,130,10,4,0,0,0,0,50,0
SC2,LYNX,SC2_20231119064501.JPG,2023-11-19T06:45:01,VVR,129,12,3,0,0,0,0,42,0
SC2,LYNX,SC2_20231119065001.JPG,2023-11-19T06:50:01,VVR,128,13,3,0,0,0,0,43,0
SC2,LYNX,SC2_20231119065501.JPG,2023-11-19T06:55:01,VVR,130,11,3,0,0,0,0,41,0
SC2,LYNX,SC2_20231119070001.JPG,2023-11-19T07:00:01,VVR,130,11,3,0,0,0,0,41,0
SC2,LYNX,SC2_20231119070501.JPG,2023-11-19T07:05:01,VVR,130,11,3,0,0,0,0,41,0
SC2,LYNX,SC2_20231119071001.JPG,2023-11-19T07:10:01,VVR,130,11,3,0,0,0,0,41,0
SC2,LYNX,SC2_20231119071501.JPG,2023-11-19T07:15:01,VVR,129,12,3,0,0,0,0,42,0
SC2,LYNX,SC2_20231119072501.JPG,2023-11-19T07:25:01,VVR,129,14,1,0,0,0,0,24,0
SC2,LYNX,SC2_20231119073001.JPG,2023-11-19T07:30:01,VVR,128,15,1,0,0,0,0,25,0
SC2,LYNX,SC2_20231119073501.JPG,2023-11-19T07:35:01,VVR,130,12,2,0,0,0,0,32,0
SC2,LYNX,SC2_20231119074001.JPG,2023-11-19T07:40:01,VVR,131,11,2,0,0,0,0,31,0
SC2,LYNX,SC2_20231119074501.JPG,2023-11-19T07:45:01,VVR,132,9,3,0,0,0,0,39,0
SC2,LYNX,SC2_20231119075001.JPG,2023-11-19T07:50:01,VVR,128,13,3,0,0,0,0,43,0
SC2,LYNX,SC2_20231119075501.JPG,2023-11-19T07:55:01,VVR,126,16,2,0,0,0,0,36,0
SC2,LYNX,SC2_20231119080001.JPG,2023-11-19T08:00:01,VVR,128,14,2,0,0,0,0,34,0
SC2,LYNX,SC2_20231119080501.JPG,2023-11-19T08:05:01,VVR,131,11,2,0,0,0,0,31,0
SC2,LYNX,SC2_20231119081001.JPG,2023-11-19T08:10:01,VVR,131,10,3,0,0,0,0,40,0
SC2,LYNX,SC2_20231119081501.JPG,2023-11-19T08:15:01,VVR,128,13,3,0,0,0,0,43,0
SC2,LYNX,SC2_20231119082001.JPG,2023-11-19T08:20:01,VVR,131,12,1,0,0,0,0,22,0
SC2,LYNX,SC2_20231119082501.JPG,2023-11-19T08:25:01,VVR,132,10,2,0,0,0,0,30,0
SC2,LYNX,SC2_20231119083001.JPG,2023-11-19T08:30:01,VVR,129,12,3,0,0,0,0,42,0
SC2,LYNX,SC2_20231119083501.JPG,2023-11-19T08:35:01,VVR,132,9,3,0,0,0,0,39,0
SC2,LYNX,SC2_20231119084001.JPG,2023-11-19T08:40:01,VVR,129,12,3,0,0,0,0,42,0
SC2,LYNX,SC2_20231119084501.JPG,2023-11-19T08:45:01,VVR,128,13,3,0,0,0,0,43,0
SC2,LYNX,SC2_20231119085001.JPG,2023-11-19T08:50:01,VVR,131,10,3,0,0,0,0,40,0
SC2,LYNX,SC2_20231119085501.JPG,2023-11-19T08:55:01,VVR,128,13,3,0,0,0,0,43,0
SC2,LYNX,SC2_20231119090001.JPG,2023-11-19T09:00:01,VVR,127,13,4,0,0,0,0,53,0
SC2,LYNX,SC2_20231119090501.JPG,2023-11-19T09:05:01,VVR,124,15,5,0,0,0,0,65,0
SC2,LYNX,SC2_20231119091001.JPG,2023-11-19T09:10:01,VVR,130,12,2,0,0,0,0,32,0
SC2,LYNX,SC2_20231119091501.JPG,2023-11-19T09:15:01,VVR,128,14,2,0,0,0,0,34,0
SC2,LYNX,SC2_20231119092001.JPG,2023-11-19T09:20:01,VVR,126,14,4,0,0,0,0,54,0
SC2,LYNX,SC2_20231119092501.JPG,2023-11-19T09:25:01,VVR,127,13,4,0,0,0,0,53,0
SC2,LYNX,SC2_20231119093001.JPG,2023-11-19T09:30:01,VVR,126,14,4,0,0,0,0,54,0
SC2,LYNX,SC2_20231119093501.JPG,2023-11-19T09:35:01,VVR,129,11,4,0,0,0,0,51,0
SC2,LYNX,SC2_20231119094001.JPG,2023-11-19T09:40:01,VVR,127,13,4,0,0,0,0,53,0
SC2,LYNX,SC2_20231119094501.JPG,2023-11-19T09:45:01,VVR,129,11,4,0,0,0,0,51,0
SC2,LYNX,SC2_20231119095001.JPG,2023-11-19T09:50:01,VVR,130,9,5,0,0,0,0,59,0
SC2,LYNX,SC2_20231119095501.JPG,2023-11-19T09:55:01,VVR,127,14,3,0,0,0,0,44,0
SC2,LYNX,SC2_20231119100001.JPG,2023-11-19T10:00:01,VVR,126,15,3,0,0,0,0,45,0
SC2,LYNX,SC2_20231119100501.JPG,2023-11-19T10:05:01,VVR,132,10,2,0,0,0,0,30,0
SC2,LYNX,SC2_20231119101001.JPG,2023-11-19T10:10:01,VVR,132,10,2,0,0,0,0,30,0
SC2,LYNX,SC2_20231119101501.JPG,2023-11-19T10:15:01,VVR,132,10,2,0,0,0,0,30,0
SC2,LYNX,SC2_20231119102001.JPG,2023-11-19T10:20:01,VVR,135,8,1,0,0,0,0,18,0
SC2,LYNX,SC2_20231119102501.JPG,2023-11-19T10:25:01,VVR,135,9,0,0,0,0,0,9,0
SC2,LYNX,SC2_20231119103001.JPG,2023-11-19T10:30:01,VVR,136,8,0,0,0,0,0,8,0
SC2,LYNX,SC2_20231119103501.JPG,2023-11-19T10:35:01,VVR,139,5,0,0,1,0,0,5,1
SC2,LYNX,SC2_20231119104001.JPG,2023-11-19T10:40:01,VVR,141,3,0,0,0,0,0,3,0
SC2,LYNX,SC2_20231119104501.JPG,2023-11-19T10:45:01,VVR,143,1,0,0,0,0,0,1,0
SC2,LYNX,SC2_20231119105001.JPG,2023-11-19T10:50:01,VVR,143,1,0,0,0,0,0,1,0
SC2,LYNX,SC2_20231119105501.JPG,2023-11-19T10:55:01,VVR,144,0,0,0,0,0,0,0,0
SC2,LYNX,SC2_20231119110001.JPG,2023-11-19T11:00:01,VVR,144,0,0,0,0,0,0,0,0
SC2,LYNX,SC2_20231119110501.JPG,2023-11-19T11:05:01,VVR,144,0,0,0,0,0,0,0,0
SC2,LYNX,SC2_20231119111001.JPG,2023-11-19T11:10:01,VVR,144,0,0,0,0,0,0,0,0
SC2,LYNX,SC2_20231119111501.JPG,2023-11-19T11:15:01,VVR,144,0,0,0,0,0,0,0,0
SC2,LYNX,SC2_20231119112001.JPG,2023-11-19T11:20:01,VVR,144,0,0,0,0,0,0,0,0
SC2,LYNX,SC2_20231119112501.JPG,2023-11-19T11:25:01,VVR,144,0,0,0,0,0,0,0,0
SC2,LYNX,SC2_20231119113001.JPG,2023-11-19T11:30:01,VVR,144,0,0,0,0,0,0,0,0
SC2,LYNX,SC2_20231119114002.JPG,2023-11-19T11:40:02,VVR,144,0,0,0,0,0,0,0,0
SC2,LYNX,SC2_20231119114501.JPG,2023-11-19T11:45:01,VVR,144,0,0,0,0,0,0,0,0
SC2,LYNX,SC2_20231119115001.JPG,2023-11-19T11:50:01,VVR,144,0,0,0,0,0,0,0,0
SC2,LYNX,SC2_20231119115501.JPG,2023-11-19T11:55:01,VVR,144,0,0,0,0,0,0,0,0
SC2,LYNX,SC2_20231119120001.JPG,2023-11-19T12:00:01,VVR,144,0,0,0,0,0,0,0,0
SC2,LYNX,SC2_20231119120501.JPG,2023-11-19T12:05:01,VVR,144,0,0,0,0,0,0,0,0
SC2,LYNX,SC2_20231119121001.JPG,2023-11-19T12:10:01,VVR,144,0,0,0,0,0,0,0,0
SC2,LYNX,SC2_20231119121501.JPG,2023-11-19T12:15:01,VVR,144,0,0,0,0,0,0,0,0
SC2,LYNX,SC2_20231119122001.JPG,2023-11-19T12:20:01,VVR,144,0,0,0,0,0,0,0,0
SC2,LYNX,SC2_20231119122501.JPG,2023-11-19T12:25:01,VVR,144,0,0,0,0,0,0,0,0
SC2,LYNX,SC2_20231119123001.JPG,2023-11-19T12:30:01,VVR,144,0,0,0,0,0,0,0,0
SC2,LYNX,SC2_20231119123501.JPG,2023-11-19T12:35:01,VVR,144,0,0,0,0,0,0,0,0
SC2,LYNX,SC2_20231119124001.JPG,2023-11-19T12:40:01,VVR,144,0,0,0,0,0,0,0,0
SC2,LYNX,SC2_20231119124501.JPG,2023-11-19T12:45:01,VVR,144,0,0,0,0,0,0,0,0
SC2,LYNX,SC2_20231119125001.JPG,2023-11-19T12:50:01,VVR,144,0,0,0,0,0,0,0,0
SC2,LYNX,SC2_20231119125501.JPG,2023-11-19T12:55:01,VVR,144,0,0,0,0,0,0,0,0
SC2,LYNX,SC2_20231119130001.JPG,2023-11-19T13:00:01,VVR,144,0,0,0,0,0,0,0,0
SC2,LYNX,SC2_20231119130501.JPG,2023-11-19T13:05:01,VVR,144,0,0,0,0,0,0,0,0
SC2,LYNX,SC2_20231119131001.JPG,2023-11-19T13:10:01,VVR,144,0,0,0,0,0,0,0,0
SC4,ZEST,SC4_20231203143001.JPG,2023-12-03T14:30:01,KU,1,26,11,3,0,0,0,436,0
SC4,ZEST,SC4_20231203150000.JPG,2023-12-03T15:00:00,KU,0,32,13,3,0,0,0,462,0
SC4,ZEST,SC4_20231203153001.JPG,2023-12-03T15:30:01,KU,0,24,13,4,0,0,0,554,0
SC4,ZEST,SC4_20231203160001.JPG,2023-12-03T16:00:01,KU,0,31,12,4,0,0,0,551,0
SC4,ZEST,SC4_20231203163001.JPG,2023-12-03T16:30:01,KU,0,32,14,2,0,0,0,372,0
SC4,ZEST,SC4_20231203170001.JPG,2023-12-03T17:00:01,KU,0,32,12,2,0,0,0,352,0
SC4,ZEST,SC4_20231204070001.JPG,2023-12-04T07:00:01,KU,2,18,10,2,0,0,0,318,0
SC4,ZEST,SC4_20231204073001.JPG,2023-12-04T07:30:01,KU,1,19,11,2,0,0,0,329,0
SC4,ZEST,SC4_20231204080001.JPG,2023-12-04T08:00:01,KU,1,27,7,4,5,0,0,497,5
SC4,ZEST,SC4_20231204083001.JPG,2023-12-04T08:30:01,KU,2,25,9,2,0,0,0,315,0
SC4,ZEST,SC4_20231204090001.JPG,2023-12-04T09:00:01,KU,6,10,9,1,7,6,0,200,67
SC4,ZEST,SC4_20231204093001.JPG,2023-12-04T09:30:01,KU,4,9,6,5,7,2,0,569,27
SC4,ZEST,SC4_20231204100001.JPG,2023-12-04T10:00:01,KU,341,0,7,2,0,5,1,270,150
SC4,ZEST,SC4_20231204103001.JPG,2023-12-04T10:30:01,KU,343,5,2,0,5,2,0,25,25
SC4,ZEST,SC4_20231204110001.JPG,2023-12-04T11:00:01,KU,345,5,0,0,5,0,0,5,5
SC4,ZEST,SC4_20231204113001.JPG,2023-12-04T11:30:01,KU,0,5,3,0,5,3,0,35,35
SC4,ZEST,SC4_20231204120001.JPG,2023-12-04T12:00:01,KU,0,7,6,0,7,0,0,67,7
SC4,ZEST,SC4_20231204123001.JPG,2023-12-04T12:30:01,KU,2,7,5,1,3,2,0,157,23
SC4,ZEST,SC4_20231204130001.JPG,2023-12-04T13:00:01,KU,0,4,6,1,3,3,0,164,33
SC4,ZEST,SC4_20231204133001.JPG,2023-12-04T13:30:01,KU,1,13,8,1,0,0,0,193,0
SC4,ZEST,SC4_20231204140001.JPG,2023-12-04T14:00:01,KU,3,16,7,2,0,0,0,286,0
SC4,ZEST,SC4_20231204143001.JPG,2023-12-04T14:30:01,KU,3,15,10,1,0,0,0,215,0
SC4,ZEST,SC4_20231204150001.JPG,2023-12-04T15:00:01,KU,6,17,10,1,0,0,0,217,0
SC4,ZEST,SC4_20231204153001.JPG,2023-12-04T15:30:01,KU,1,25,8,1,0,0,0,205,0
SC4,ZEST,SC4_20231204160001.JPG,2023-12-04T16:00:01,KU,0,19,11,1,0,0,0,229,0
SC4,ZEST,SC4_20231204163001.JPG,2023-12-04T16:30:01,KU,0,20,9,1,0,0,0,210,0
SC4,ZEST,SC4_20231204170001.JPG,2023-12-04T17:00:01,KU,1,17,8,1,0,0,0,197,0
SC4,ZEST,SC4_20231205070001.JPG,2023-12-05T07:00:01,KU,7,13,8,1,0,0,0,193,0
SC4,ZEST,SC4_20231205073001.JPG,2023-12-05T07:30:01,KU,7,15,7,1,0,0,0,185,0
SC4,ZEST,SC4_20231205080001.JPG,2023-12-05T08:00:01,KU,0,14,6,1,6,1,0,174,16
SC4,ZEST,SC4_20231205083001.JPG,2023-12-05T08:30:01,KU,1,17,7,1,4,1,0,187,14
SC4,ZEST,SC4_20231205090001.JPG,2023-12-05T09:00:01,KU,336,9,4,1,7,1,0,149,17
SC4,ZEST,SC4_20231205093001.JPG,2023-12-05T09:30:01,KU,2,5,5,0,5,2,0,55,25
SC4,ZEST,SC4_20231205100001.JPG,2023-12-05T10:00:01,KU,2,6,2,0,6,1,0,26,16
SC4,ZEST,SC4_20231205103001.JPG,2023-12-05T10:30:01,KU,7,3,1,0,3,0,0,13,3
SC4,ZEST,SC4_20231205110001.JPG,2023-12-05T11:00:01,KU,8,3,0,0,3,0,0,3,3
SC4,ZEST,SC4_20231205113001.JPG,2023-12-05T11:30:01,KU,11,5,0,0,4,0,0,5,4
SC4,ZEST,SC4_20231205120001.JPG,2023-12-05T12:00:01,KU,14,4,0,0,3,0,0,4,3
SC4,ZEST,SC4_20231205123001.JPG,2023-12-05T12:30:01,KU,15,3,0,0,2,0,0,3,2
SC4,ZEST,SC4_20231205130001.JPG,2023-12-05T13:00:01,KU,18,3,0,0,1,0,0,3,1
SC4,ZEST,SC4_20231205133001.JPG,2023-12-05T13:30:01,KU,21,0,0,0,0,0,0,0,0
SC4,ZEST,SC4_20231205140001.JPG,2023-12-05T14:00:01,KU,350,0,0,0,0,0,0,0,0
SC4,ZEST,SC4_20231205143001.JPG,2023-12-05T14:30:01,KU,350,0,0,0,0,0,0,0,0
SC4,ZEST,SC4_20231205150001.JPG,2023-12-05T15:00:01,KU,1,1,0,0,0,0,0,1,0
SC4,ZEST,SC4_20231205153001.JPG,2023-12-05T15:30:01,KU,1,1,0,0,0,0,0,1,0
SC4,ZEST,SC4_20231205160001.JPG,2023-12-05T16:00:01,KU,2,0,0,0,0,0,0,0,0
SC4,ZEST,SC4_20231205163001.JPG,2023-12-05T16:30:01,KU,350,0,0,0,0,0,0,0,0
SC4,ZEST,SC4_20231205170001.JPG,2023-12-05T17:00:01,KU,350,0,0,0,0,0,0,0,0
SC4,ZEST,SC4_20231206063001.JPG,2023-12-06T06:30:01,KU,350,0,0,0,0,0,0,0,0
SC4,ZEST,SC4_20231206070001.JPG,2023-12-06T07:00:01,KU,350,0,0,0,0,0,0,0,0
SC4,ZEST,SC4_20231206073001.JPG,2023-12-06T07:30:01,KU,350,0,0,0,0,0,0,0,0
SC4,ZEST,SC4_20231206080001.JPG,2023-12-06T08:00:01,KU,350,0,0,0,0,0,0,0,0
SC4,ZEST,SC4_20231206083001.JPG,2023-12-06T08:30:01,KU,350,0,0,0,0,0,0,0,0
SC4,ZEST,SC4_20231206090001.JPG,2023-12-06T09:00:01,KU,350,0,0,0,0,0,0,0,0
SC4,ZEST,SC4_20231206093001.JPG,2023-12-06T09:30:01,KU,350,0,0,0,0,0,0,0,0
SC4,ZEST,SC4_20231206100001.JPG,2023-12-06T10:00:01,KU,350,0,0,0,0,0,0,0,0
SC4,ZEST,SC4_20231206103001.JPG,2023-12-06T10:30:01,KU,350,0,0,0,0,0,0,0,0
SC4,ZEST,SC4_20231206110001.JPG,2023-12-06T11:00:01,KU,350,0,0,0,0,0,0,0,0
SC4,ZEST,SC4_20231206113001.JPG,2023-12-06T11:30:01,KU,350,0,0,0,0,0,0,0,0
SC4,ZEST,SC4_20231206120001.JPG,2023-12-06T12:00:01,KU,350,0,0,0,0,0,0,0,0
SC4,ZEST,SC4_20231206123001.JPG,2023-12-06T12:30:01,KU,350,0,0,0,0,0,0,0,0
SC4,ZEST,SC4_20231206130001.JPG,2023-12-06T13:00:01,KU,350,0,0,0,0,0,0,0,0
SC4,ZEST,SC4_20231206133001.JPG,2023-12-06T13:30:01,KU,0,1,0,0,0,0,0,1,0
SC4,ZEST,SC4_20231206140001.JPG,2023-12-06T14:00:01,KU,0,1,0,0,0,0,0,1,0
SC4,ZEST,SC4_20231206143001.JPG,2023-12-06T14:30:01,KU,1,1,0,0,0,0,0,1,0
SC4,ZEST,SC4_20231206150001.JPG,2023-12-06T15:00:01,KU,0,1,0,0,0,0,0,1,0
SC4,ZEST,SC4_20231206153001.JPG,2023-12-06T15:30:01,KU,0,6,0,0,0,0,0,6,0
SC4,ZEST,SC4_20231206160001.JPG,2023-12-06T16:00:01,KU,1,5,0,0,0,0,0,5,0
SC4,ZEST,SC4_20231206163001.JPG,2023-12-06T16:30:01,KU,5,2,0,0,0,0,0,2,0
SC4,ZEST,SC4_20231206170001.JPG,2023-12-06T17:00:01,KU,5,2,0,0,0,0,0,2,0
SC4,ZEST,SC4_20231207063001.JPG,2023-12-07T06:30:01,KU,7,0,0,0,0,0,0,0,0
SC4,ZEST,SC4_20231207070001.JPG,2023-12-07T07:00:01,KU,350,0,0,0,0,0,0,0,0
SC4,ZEST,SC4_20231207073001.JPG,2023-12-07T07:30:01,KU,350,0,0,0,0,0,0,0,0
SC4,ZEST,SC4_20231207080001.JPG,2023-12-07T08:00:01,KU,0,1,0,0,0,0,0,1,0
SC4,ZEST,SC4_20231207083001.JPG,2023-12-07T08:30:01,KU,1,0,0,0,0,0,0,0,0
SC4,ZEST,SC4_20231207090001.JPG,2023-12-07T09:00:01,KRN,4,0,0,0,0,0,0,0,0
SC4,ZEST,SC4_20231207093001.JPG,2023-12-07T09:30:01,KRN,2,0,0,0,0,0,0,0,0
SC4,ZEST,SC4_20231207100001.JPG,2023-12-07T10:00:01,KRN,23,0,0,0,0,0,0,0,0
SC4,ZEST,SC4_20231207103001.JPG,2023-12-07T10:30:01,KRN,78,0,0,0,0,0,0,0,0
SC4,ZEST,SC4_20231207110001.JPG,2023-12-07T11:00:01,KRN,85,6,0,0,6,0,0,6,6
SC4,ZEST,SC4_20231207113001.JPG,2023-12-07T11:30:01,KRN,97,7,0,0,7,0,0,7,7
SC4,ZEST,SC4_20231207120001.JPG,2023-12-07T12:00:01,KRN,106,7,0,0,7,0,0,7,7
SC4,ZEST,SC4_20231207123001.JPG,2023-12-07T12:30:01,KRN,110,9,0,0,9,0,0,9,9
SC4,ZEST,SC4_20231207130001.JPG,2023-12-07T13:00:01,KRN,113,10,0,0,7,0,0,10,7
SC4,ZEST,SC4_20231207133001.JPG,2023-12-07T13:30:01,KRN,117,12,3,0,7,3,0,42,37
SC4,ZEST,SC4_20231207140001.JPG,2023-12-07T14:00:01,KRN,121,15,3,0,7,0,0,45,7
SC4,ZEST,SC4_20231207143001.JPG,2023-12-07T14:30:01,KU,124,8,7,0,0,0,0,78,0
SC4,ZEST,SC4_20231207150001.JPG,2023-12-07T15:00:01,KU,122,11,12,0,0,0,0,131,0
SC4,ZEST,SC4_20231207153001.JPG,2023-12-07T15:30:01,KU,127,13,12,0,0,0,0,133,0
SC4,ZEST,SC4_20231207160001.JPG,2023-12-07T16:00:01,KU,127,14,17,0,0,0,0,184,0
SC4,ZEST,SC4_20231207163001.JPG,2023-12-07T16:30:01,KU,133,10,16,0,0,0,0,170,0
SC4,ZEST,SC4_20231207170001.JPG,2023-12-07T17:00:01,KU,135,8,16,0,0,0,0,168,0
SC4,ZEST,SC4_20231208070001.JPG,2023-12-08T07:00:01,KU,1,13,14,0,0,0,0,153,0
SC4,ZEST,SC4_20231208073001.JPG,2023-12-08T07:30:01,KU,1,13,14,0,0,0,0,153,0
SC4,ZEST,SC4_20231208080001.JPG,2023-12-08T08:00:01,KRN,7,16,13,0,1,0,0,146,1
SC4,ZEST,SC4_20231208083001.JPG,2023-12-08T08:30:01,KRN,20,6,14,0,0,0,0,146,0
SC4,ZEST,SC4_20231208090001.JPG,2023-12-08T09:00:01,KRN,27,11,10,0,8,7,0,111,78
SC4,ZEST,SC4_20231208093001.JPG,2023-12-08T09:30:01,KU,31,19,5,0,17,5,0,69,67
SC4,ZEST,SC4_20231208100001.JPG,2023-12-08T10:00:01,KU,34,17,4,0,16,4,0,57,56
SC4,ZEST,SC4_20231208103001.JPG,2023-12-08T10:30:01,KRN,76,17,1,0,17,1,0,27,27
SC4,ZEST,SC4_20231208110001.JPG,2023-12-08T11:00:01,KU,68,26,3,0,25,1,0,56,35
SC4,ZEST,SC4_20231208113001.JPG,2023-12-08T11:30:01,KU,68,27,1,0,26,1,0,37,36
SC4,ZEST,SC4_20231208120001.JPG,2023-12-08T12:00:01,KU,64,36,5,0,35,2,0,86,55
SC4,ZEST,SC4_20231208123001.JPG,2023-12-08T12:30:01,KRN,66,34,6,0,32,5,0,94,82
SC4,ZEST,SC4_20231208130001.JPG,2023-12-08T13:00:01,KRN,88,20,4,1,19,0,0,160,19
SC4,ZEST,SC4_20231208133001.JPG,2023-12-08T13:30:01,KRN,97,22,9,1,12,3,0,212,42
SC4,ZEST,SC4_20231208140001.JPG,2023-12-08T14:00:01,KRN,95,24,8,1,19,2,0,204,39
SC4,ZEST,SC4_20231208143001.JPG,2023-12-08T14:30:01,KRN,103,17,8,1,8,0,0,197,8
SC4,ZEST,SC4_20231208150001.JPG,2023-12-08T15:00:01,KRN,104,17,12,2,1,0,0,337,1
SC4,ZEST,SC4_20231208153001.JPG,2023-12-08T15:30:01,KRN,104,21,11,0,1,0,0,131,1
SC4,ZEST,SC4_20231208160001.JPG,2023-12-08T16:00:01,KRN,103,18,15,1,0,0,0,268,0
SC4,ZEST,SC4_20231208163001.JPG,2023-12-08T16:30:01,KU,107,16,15,1,0,0,0,266,0
SC4,ZEST,SC4_20231208170001.JPG,2023-12-08T17:00:01,KU,111,16,12,1,0,0,0,236,0
SC4,ZEST,SC4_20231209070001.JPG,2023-12-09T07:00:01,KU,109,19,11,1,0,0,0,229,0
SC4,ZEST,SC4_20231209073001.JPG,2023-12-09T07:30:01,KU,108,17,14,1,0,0,0,257,0
SC4,ZEST,SC4_20231209080001.JPG,2023-12-09T08:00:01,KU,109,18,13,1,0,0,0,248,0
SC4,ZEST,SC4_20231209083001.JPG,2023-12-09T08:30:01,KU,120,12,9,1,0,0,0,202,0
SC4,ZEST,SC4_20231209090001.JPG,2023-12-09T09:00:01,KU,123,11,8,0,8,4,0,91,48
SC4,ZEST,SC4_20231209093001.JPG,2023-12-09T09:30:01,KU,126,11,5,0,10,3,0,61,40
SC4,ZEST,SC4_20231209100000.JPG,2023-12-09T10:00:00,KU,135,7,0,0,7,0,0,7,7
SC4,ZEST,SC4_20231209103001.JPG,2023-12-09T10:30:01,KU,134,8,0,0,8,0,0,8,8
SC4,ZEST,SC4_20231209110001.JPG,2023-12-09T11:00:01,KU,132,10,0,0,10,0,0,10,10
SC4,ZEST,SC4_20231209113001.JPG,2023-12-09T11:30:01,KRN,138,6,0,0,6,0,0,6,6
SC4,ZEST,SC4_20231209120001.JPG,2023-12-09T12:00:01,KRN,139,4,2,0,4,2,0,24,24
SC4,ZEST,SC4_20231209123001.JPG,2023-12-09T12:30:01,KRN,142,4,2,0,4,2,0,24,24
SC4,ZEST,SC4_20231209130001.JPG,2023-12-09T13:00:01,KRN,145,2,1,0,2,1,0,12,12
SC4,ZEST,SC4_20231209133001.JPG,2023-12-09T13:30:01,KRN,143,5,0,0,5,0,0,5,5
SC4,ZEST,SC4_20231209140001.JPG,2023-12-09T14:00:01,KU,142,6,1,0,3,0,0,16,3
SC4,ZEST,SC4_20231209143001.JPG,2023-12-09T14:30:01,KU,143,4,1,0,2,1,0,14,12
SC4,ZEST,SC4_20231209150001.JPG,2023-12-09T15:00:01,KU,145,3,1,0,0,0,0,13,0
SC4,ZEST,SC4_20231209153001.JPG,2023-12-09T15:30:01,KRN,146,1,2,0,0,0,0,21,0
SC4,ZEST,SC4_20231209160001.JPG,2023-12-09T16:00:01,KU,146,1,2,0,0,0,0,21,0
SC4,ZEST,SC4_20231209163001.JPG,2023-12-09T16:30:01,KU,146,1,2,0,0,0,0,21,0
SC4,ZEST,SC4_20231209170001.JPG,2023-12-09T17:00:01,KU,141,6,2,0,0,0,0,26,0
SC4,ZEST,SC4_20231210070001.JPG,2023-12-10T07:00:01,KU,140,8,1,0,0,0,0,18,0
SC4,ZEST,SC4_20231210073001.JPG,2023-12-10T07:30:01,KU,139,9,1,0,0,0,0,19,0
SC4,ZEST,SC4_20231210080001.JPG,2023-12-10T08:00:01,KU,140,8,1,0,0,0,0,18,0
SC4,ZEST,SC4_20231210083001.JPG,2023-12-10T08:30:01,KU,140,8,1,0,0,0,0,18,0
SC4,ZEST,SC4_20231210090001.JPG,2023-12-10T09:00:01,KU,142,6,1,0,3,0,0,16,3
SC4,ZEST,SC4_20231210093001.JPG,2023-12-10T09:30:01,KU,143,6,0,0,6,0,0,6,6
SC4,ZEST,SC4_20231210100001.JPG,2023-12-10T10:00:01,KU,350,0,0,0,0,0,0,0,0
SC4,ZEST,SC4_20231210103001.JPG,2023-12-10T10:30:01,KU,350,0,0,0,0,0,0,0,0
SC4,ZEST,SC4_20231210110001.JPG,2023-12-10T11:00:01,KU,350,0,0,0,0,0,0,0,0
SC4,ZEST,SC4_20231210113001.JPG,2023-12-10T11:30:01,KU,350,0,0,0,0,0,0,0,0
SC4,ZEST,SC4_20231210120001.JPG,2023-12-10T12:00:01,KU,350,0,0,0,0,0,0,0,0
SC4,ZEST,SC4_20231210123001.JPG,2023-12-10T12:30:01,KU,350,0,0,0,0,0,0,0,0
SC4,ZEST,SC4_20231210130001.JPG,2023-12-10T13:00:01,KU,0,1,0,0,1,0,0,1,1
SC4,ZEST,SC4_20231210133001.JPG,2023-12-10T13:30:01,KU,0,3,0,0,3,0,0,3,3
SC4,ZEST,SC4_20231210140001.JPG,2023-12-10T14:00:01,KU,0,10,0,0,1,0,0,10,1
SC4,ZEST,SC4_20231210143001.JPG,2023-12-10T14:30:01,KU,0,10,0,0,5,0,0,10,5
SC4,ZEST,SC4_20231210150001.JPG,2023-12-10T15:00:01,KU,3,8,2,0,0,0,0,28,0
SC4,ZEST,SC4_20231210153001.JPG,2023-12-10T15:30:01,KU,6,6,1,0,0,0,0,16,0
SC4,ZEST,SC4_20231210160001.JPG,2023-12-10T16:00:01,KU,7,6,1,0,0,0,0,16,0
SC4,ZEST,SC4_20231210163001.JPG,2023-12-10T16:30:01,KU,9,5,1,0,0,0,0,15,0
SC4,ZEST,SC4_20231210170001.JPG,2023-12-10T17:00:01,KU,9,5,1,0,0,0,0,15,0
SC4,ZEST,SC4_20231211070001.JPG,2023-12-11T07:00:01,KU,9,5,1,0,0,0,0,15,0
SC4,ZEST,SC4_20231211073001.JPG,2023-12-11T07:30:01,KU,10,4,1,0,0,0,0,14,0
SC4,ZEST,SC4_20231211080001.JPG,2023-12-11T08:00:01,KU,10,4,1,0,0,0,0,14,0
SC4,ZEST,SC4_20231211083001.JPG,2023-12-11T08:30:01,KU,11,5,1,0,0,0,0,15,0
SC4,ZEST,SC4_20231211090001.JPG,2023-12-11T09:00:01,KU,14,3,1,0,0,0,0,13,0
SC4,ZEST,SC4_20231211093001.JPG,2023-12-11T09:30:01,KU,350,0,0,0,0,0,0,0,0
SC4,ZEST,SC4_20231211100001.JPG,2023-12-11T10:00:01,KU,350,0,0,0,0,0,0,0,0
SC4,ZEST,SC4_20231211103001.JPG,2023-12-11T10:30:01,KU,350,0,0,0,0,0,0,0,0
SC4,ZEST,SC4_20231211110001.JPG,2023-12-11T11:00:01,KU,350,0,0,0,0,0,0,0,0
SC4,ZEST,SC4_20231211113001.JPG,2023-12-11T11:30:01,KU,348,2,0,0,2,0,0,2,2
SC4,ZEST,SC4_20231211120001.JPG,2023-12-11T12:00:01,KU,349,1,0,0,1,0,0,1,1
SC4,ZEST,SC4_20231211123000.JPG,2023-12-11T12:30:00,KU,349,1,0,0,1,0,0,1,1
SC4,ZEST,SC4_20231211130001.JPG,2023-12-11T13:00:01,KU,347,3,0,0,3,0,0,3,3
SC4,ZEST,SC4_20231211133001.JPG,2023-12-11T13:30:01,KU,0,5,0,0,5,0,0,5,5
SC4,ZEST,SC4_20231211140001.JPG,2023-12-11T14:00:01,KU,0,5,0,0,0,0,0,5,0
SC4,ZEST,SC4_20231211143001.JPG,2023-12-11T14:30:01,KU,0,6,0,0,4,0,0,6,4
SC4,ZEST,SC4_20231211150001.JPG,2023-12-11T15:00:01,KU,0,5,0,0,0,0,0,5,0
SC4,ZEST,SC4_20231211153001.JPG,2023-12-11T15:30:01,KU,0,7,0,0,0,0,0,7,0
SC4,ZEST,SC4_20231211160001.JPG,2023-12-11T16:00:01,KU,0,8,0,0,0,0,0,8,0
SC4,ZEST,SC4_20231211163001.JPG,2023-12-11T16:30:01,KU,0,7,2,0,0,0,0,27,0
SC4,ZEST,SC4_20231211170001.JPG,2023-12-11T17:00:01,KU,2,7,3,0,0,0,0,37,0
SC4,ZEST,SC4_20231212070001.JPG,2023-12-12T07:00:01,KU,0,5,4,0,0,0,0,45,0
SC4,ZEST,SC4_20231212073001.JPG,2023-12-12T07:30:01,KU,0,5,4,0,0,0,0,45,0
SC4,ZEST,SC4_20231212080001.JPG,2023-12-12T08:00:01,KU,0,5,4,0,0,0,0,45,0
SC4,ZEST,SC4_20231212083001.JPG,2023-12-12T08:30:01,KU,0,4,5,0,0,2,0,54,20
SC4,ZEST,SC4_20231212090001.JPG,2023-12-12T09:00:01,KU,1,4,4,0,4,4,0,44,44
SC4,ZEST,SC4_20231212093001.JPG,2023-12-12T09:30:01,KU,2,5,2,0,5,1,0,25,15
SC4,ZEST,SC4_20231212100001.JPG,2023-12-12T10:00:01,KU,9,0,0,0,0,0,0,0,0
SC4,ZEST,SC4_20231212103001.JPG,2023-12-12T10:30:01,KU,350,0,0,0,0,0,0,0,0
SC4,ZEST,SC4_20231212110001.JPG,2023-12-12T11:00:01,KU,350,0,0,0,0,0,0,0,0
SC4,ZEST,SC4_20231212113001.JPG,2023-12-12T11:30:01,KU,350,0,0,0,0,0,0,0,0
SC4,ZEST,SC4_20231212120001.JPG,2023-12-12T12:00:01,KU,350,0,0,0,0,0,0,0,0
SC4,ZEST,SC4_20231212123001.JPG,2023-12-12T12:30:01,KU,350,0,0,0,0,0,0,0,0
SC4,ZEST,SC4_20231212130001.JPG,2023-12-12T13:00:01,KU,350,0,0,0,0,0,0,0,0
SC4,ZEST,SC4_20231212133000.JPG,2023-12-12T13:30:00,KU,348,2,0,0,2,0,0,2,2
SC4,ZEST,SC4_20231212140001.JPG,2023-12-12T14:00:01,KU,0,2,0,0,0,0,0,2,0
SC4,ZEST,SC4_20231212143001.JPG,2023-12-12T14:30:01,KU,1,1,0,0,1,0,0,1,1
SC4,ZEST,SC4_20231212150001.JPG,2023-12-12T15:00:01,KU,1,2,0,0,0,0,0,2,0
SC4,ZEST,SC4_20231212153001.JPG,2023-12-12T15:30:01,KU,3,0,0,0,0,0,0,0,0
SC4,ZEST,SC4_20231212160001.JPG,2023-12-12T16:00:01,KU,1,1,0,0,0,0,0,1,0
SC4,ZEST,SC4_20231212163001.JPG,2023-12-12T16:30:01,KU,0,3,0,0,0,0,0,3,0
SC4,ZEST,SC4_20231212170001.JPG,2023-12-12T17:00:01,KU,0,3,0,0,0,0,0,3,0
SC4,ZEST,SC4_20231213070001.JPG,2023-12-13T07:00:01,KU,0,6,0,0,0,0,0,6,0
SC4,ZEST,SC4_20231213073001.JPG,2023-12-13T07:30:01,KU,1,6,0,0,0,0,0,6,0
SC4,ZEST,SC4_20231213080001.JPG,2023-12-13T08:00:01,KU,2,5,0,0,0,0,0,5,0
SC4,ZEST,SC4_20231213083001.JPG,2023-12-13T08:30:01,KU,4,4,0,0,2,0,0,4,2
SC4,ZEST,SC4_20231213090001.JPG,2023-12-13T09:00:01,KU,0,2,0,0,2,0,0,2,2
SC4,ZEST,SC4_20231213093001.JPG,2023-12-13T09:30:01,KU,2,0,0,0,0,0,0,0,0
SC4,ZEST,SC4_20231213100001.JPG,2023-12-13T10:00:01,KU,350,0,0,0,0,0,0,0,0
SC4,ZEST,SC4_20231213103001.JPG,2023-12-13T10:30:01,KU,350,0,0,0,0,0,0,0,0
SC4,ZEST,SC4_20231213110001.JPG,2023-12-13T11:00:01,KU,350,0,0,0,0,0,0,0,0
SC4,ZEST,SC4_20231213113001.JPG,2023-12-13T11:30:01,KU,350,0,0,0,0,0,0,0,0
SC4,ZEST,SC4_20231213120001.JPG,2023-12-13T12:00:01,KU,350,0,0,0,0,0,0,0,0
SC4,ZEST,SC4_20231213123001.JPG,2023-12-13T12:30:01,KU,350,0,0,0,0,0,0,0,0
SC4,ZEST,SC4_20231213130001.JPG,2023-12-13T13:00:01,KU,0,1,0,0,1,0,0,1,1
SC4,ZEST,SC4_20231213133001.JPG,2023-12-13T13:30:01,KU,1,4,0,0,4,0,0,4,4
SC4,ZEST,SC4_20231213140001.JPG,2023-12-13T14:00:01,KU,0,6,0,0,0,0,0,6,0
SC4,ZEST,SC4_20231213143001.JPG,2023-12-13T14:30:01,KU,2,8,0,0,0,0,0,8,0
SC4,ZEST,SC4_20231213150001.JPG,2023-12-13T15:00:01,KU,3,8,1,0,0,0,0,18,0
SC4,ZEST,SC4_20231213153001.JPG,2023-12-13T15:30:01,KU,6,6,1,0,0,0,0,16,0
SC4,ZEST,SC4_20231213160001.JPG,2023-12-13T16:00:01,KU,6,6,1,0,0,0,0,16,0
SC4,ZEST,SC4_20231213163001.JPG,2023-12-13T16:30:01,KU,8,6,0,0,0,0,0,6,0
SC4,ZEST,SC4_20231213170001.JPG,2023-12-13T17:00:01,KU,8,6,0,0,0,0,0,6,0
SC4,ZEST,SC4_20231214070001.JPG,2023-12-14T07:00:01,KU,9,5,0,0,0,0,0,5,0
SC4,ZEST,SC4_20231214073001.JPG,2023-12-14T07:30:01,KU,9,5,0,0,0,0,0,5,0
SC4,ZEST,SC4_20231214080001.JPG,2023-12-14T08:00:01,KU,11,3,0,0,0,0,0,3,0
SC4,ZEST,SC4_20231214083001.JPG,2023-12-14T08:30:01,KU,11,3,0,0,0,0,0,3,0
SC4,ZEST,SC4_20231214090001.JPG,2023-12-14T09:00:01,KU,11,3,0,0,1,0,0,3,1
SC4,ZEST,SC4_20231214093001.JPG,2023-12-14T09:30:01,KU,14,1,0,0,1,0,0,1,1
SC4,ZEST,SC4_20231214100001.JPG,2023-12-14T10:00:01,KU,15,0,0,0,0,0,0,0,0
SC4,ZEST,SC4_20231214103001.JPG,2023-12-14T10:30:01,KU,350,0,0,0,0,0,0,0,0
SC4,ZEST,SC4_20231214110001.JPG,2023-12-14T11:00:01,KU,350,0,0,0,0,0,0,0,0
SC4,ZEST,SC4_20231214113001.JPG,2023-12-14T11:30:01,KU,350,0,0,0,0,0,0,0,0
SC4,ZEST,SC4_20231214120001.JPG,2023-12-14T12:00:01,KU,350,0,0,0,0,0,0,0,0
SC4,ZEST,SC4_20231214123001.JPG,2023-12-14T12:30:01,KU,350,0,0,0,0,0,0,0,0
SC4,ZEST,SC4_20231214130001.JPG,2023-12-14T13:00:01,KU,350,0,0,0,0,0,0,0,0
SC4,ZEST,SC4_20231214133001.JPG,2023-12-14T13:30:01,KU,350,0,0,0,0,0,0,0,0
SC4,ZEST,SC4_20231214140001.JPG,2023-12-14T14:00:01,KU,350,0,0,0,0,0,0,0,0
SC4,ZEST,SC4_20231214143001.JPG,2023-12-14T14:30:01,KU,350,0,0,0,0,0,0,0,0
SC4,ZEST,SC4_20231214150001.JPG,2023-12-14T15:00:01,KU,0,1,0,0,0,0,0,1,0
SC4,ZEST,SC4_20231214153001.JPG,2023-12-14T15:30:01,KU,350,0,0,0,0,0,0,0,0
SC4,ZEST,SC4_20231214160001.JPG,2023-12-14T16:00:01,KU,350,0,0,0,0,0,0,0,0
SC4,ZEST,SC4_20231214163001.JPG,2023-12-14T16:30:01,KU,350,0,0,0,0,0,0,0,0
SC4,ZEST,SC4_20231214170001.JPG,2023-12-14T17:00:01,KU,350,0,0,0,0,0,0,0,0
SC4,ZEST,SC4_20231215070001.JPG,2023-12-15T07:00:01,KU,350,0,0,0,0,0,0,0,0
SC4,ZEST,SC4_20231215073001.JPG,2023-12-15T07:30:01,KU,350,0,0,0,0,0,0,0,0
SC4,ZEST,SC4_20231215080001.JPG,2023-12-15T08:00:01,KU,350,0,0,0,0,0,0,0,0
SC4,ZEST,SC4_20231215083001.JPG,2023-12-15T08:30:01,KU,350,0,0,0,0,0,0,0,0
SC4,ZEST,SC4_20231215090001.JPG,2023-12-15T09:00:01,KU,350,0,0,0,0,0,0,0,0
SC4,ZEST,SC4_20231215093001.JPG,2023-12-15T09:30:01,KU,350,0,0,0,0,0,0,0,0
SC4,ZEST,SC4_20231215100001.JPG,2023-12-15T10:00:01,KU,350,0,0,0,0,0,0,0,0
SC4,ZEST,SC4_20231215103001.JPG,2023-12-15T10:30:01,KU,350,0,0,0,0,0,0,0,0
SC4,ZEST,SC4_20231215110001.JPG,2023-12-15T11:00:01,KU,350,0,0,0,0,0,0,0,0
SC4,ZEST,SC4_20231215113001.JPG,2023-12-15T11:30:01,KU,350,0,0,0,0,0,0,0,0
SC4,ZEST,SC4_20231215120001.JPG,2023-12-15T12:00:01,KU,350,0,0,0,0,0,0,0,0
SC4,ZEST,SC4_20231215124001.JPG,2023-12-15T12:40:01,KU,350,0,0,0,0,0,0,0,0
SC4,ZEST,SC4_20231215131001.JPG,2023-12-15T13:10:01,KU,350,0,0,0,0,0,0,0,0
SC4,ZEST,SC4_20231215134001.JPG,2023-12-15T13:40:01,KU,350,0,0,0,0,0,0,0,0
SC4,ZEST,SC4_20231215141001.JPG,2023-12-15T14:10:01,KU,350,0,0,0,0,0,0,0,0
SC4,ZEST,SC4_20231215144001.JPG,2023-12-15T14:40:01,KU,350,0,0,0,0,0,0,0,0
SC4,ZEST,SC4_20231215152001.JPG,2023-12-15T15:20:01,KU,350,0,0,0,0,0,0,0,0
SC4,ZEST,SC4_20231215155001.JPG,2023-12-15T15:50:01,KU,350,0,0,0,0,0,0,0,0
SC4,ZEST,SC4_20231215162001.JPG,2023-12-15T16:20:01,KU,350,0,0,0,0,0,0,0,0
SC4,ZEST,SC4_20231215165001.JPG,2023-12-15T16:50:01,KU,350,0,0,0,0,0,0,0,0
SC4,ZEST,SC4_20231216065001.JPG,2023-12-16T06:50:01,KU,350,0,0,0,0,0,0,0,0
SC4,ZEST,SC4_20231216072001.JPG,2023-12-16T07:20:01,KU,350,0,0,0,0,0,0,0,0
SC4,ZEST,SC4_20231216075001.JPG,2023-12-16T07:50:01,KU,350,0,0,0,0,0,0,0,0
SC4,ZEST,SC4_20231216082001.JPG,2023-12-16T08:20:01,KU,350,0,0,0,0,0,0,0,0
SC4,ZEST,SC4_20231216085001.JPG,2023-12-16T08:50:01,KU,350,0,0,0,0,0,0,0,0
SC4,ZEST,SC4_20231216092001.JPG,2023-12-16T09:20:01,KU,350,0,0,0,0,0,0,0,0
SC4,ZEST,SC4_20231216095001.JPG,2023-12-16T09:50:01,KU,350,0,0,0,0,0,0,0,0
SC4,ZEST,SC4_20231216102001.JPG,2023-12-16T10:20:01,KU,350,0,0,0,0,0,0,0,0
SC4,ZEST,SC4_20231216105001.JPG,2023-12-16T10:50:01,KU,350,0,0,0,0,0,0,0,0
SC4,ZEST,SC4_20231216112001.JPG,2023-12-16T11:20:01,KU,350,0,0,0,0,0,0,0,0
SC4,ZEST,SC4_20231216115001.JPG,2023-12-16T11:50:01,KU,350,0,0,0,0,0,0,0,0
SC4,ZEST,SC4_20231216122001.JPG,2023-12-16T12:20:01,KU,350,0,0,0,0,0,0,0,0
SC4,ZEST,SC4_20231216125001.JPG,2023-12-16T12:50:01,KU,350,0,0,0,0,0,0,0,0
SC4,ZEST,SC4_20231216132001.JPG,2023-12-16T13:20:01,KU,350,0,0,0,0,0,0,0,0
SC4,ZEST,SC4_20231216135001.JPG,2023-12-16T13:50:01,KU,347,3,0,0,2,0,0,3,2
SC4,ZEST,SC4_20231216142001.JPG,2023-12-16T14:20:01,KU,0,12,1,0,0,0,0,22,0
SC4,ZEST,SC4_20231216145001.JPG,2023-12-16T14:50:01,KU,1,19,1,0,0,0,0,29,0
SC4,ZEST,SC4_20231216152001.JPG,2023-12-16T15:20:01,KU,5,20,8,0,0,0,0,100,0
SC4,ZEST,SC4_20231216155001.JPG,2023-12-16T15:50:01,KU,5,24,8,0,0,0,0,104,0
SC4,ZEST,SC4_20231216162001.JPG,2023-12-16T16:20:01,KU,11,20,13,0,0,0,0,150,0
SC4,ZEST,SC4_20231216165001.JPG,2023-12-16T16:50:01,KU,15,19,11,0,0,0,0,129,0
SC4,ZEST,SC4_20231217065001.JPG,2023-12-17T06:50:01,KU,18,16,11,0,0,0,0,126,0
SC4,ZEST,SC4_20231217072001.JPG,2023-12-17T07:20:01,KU,19,15,11,0,0,0,0,125,0
SC4,ZEST,SC4_20231217075001.JPG,2023-12-17T07:50:01,KU,18,15,12,0,0,0,0,135,0
SC4,ZEST,SC4_20231217082001.JPG,2023-12-17T08:20:01,KU,18,15,12,0,0,0,0,135,0
SC4,ZEST,SC4_20231217085001.JPG,2023-12-17T08:50:01,KU,18,16,11,0,0,0,0,126,0
SC4,ZEST,SC4_20231217092001.JPG,2023-12-17T09:20:01,KU,25,13,7,0,4,0,0,83,4
SC4,ZEST,SC4_20231217095001.JPG,2023-12-17T09:50:01,KU,40,5,0,0,4,0,0,5,4
SC4,ZEST,SC4_20231217102001.JPG,2023-12-17T10:20:01,KU,32,13,0,0,1,0,0,13,1
SC4,ZEST,SC4_20231217105001.JPG,2023-12-17T10:50:01,KU,29,15,1,0,1,0,0,25,1
SC4,ZEST,SC4_20231217112001.JPG,2023-12-17T11:20:01,KU,25,20,1,0,1,0,0,30,1
SC4,ZEST,SC4_20231217115001.JPG,2023-12-17T11:50:01,KU,21,23,5,0,0,0,0,73,0
SC4,ZEST,SC4_20231217122001.JPG,2023-12-17T12:20:01,KU,32,18,0,0,15,0,0,18,15
SC4,ZEST,SC4_20231217125001.JPG,2023-12-17T12:50:01,KU,25,26,4,0,0,0,0,66,0
SC4,ZEST,SC4_20231217132001.JPG,2023-12-17T13:20:01,KU,32,22,2,0,5,0,0,42,5
SC4,ZEST,SC4_20231217135001.JPG,2023-12-17T13:50:01,KU,28,27,2,0,5,0,0,47,5
SC4,ZEST,SC4_20231217142001.JPG,2023-12-17T14:20:01,KU,28,27,2,0,5,0,0,47,5
SC4,ZEST,SC4_20231217145001.JPG,2023-12-17T14:50:01,KU,42,17,1,0,4,0,0,27,4
SC4,ZEST,SC4_20231217152001.JPG,2023-12-17T15:20:01,KU,43,17,0,0,3,0,0,17,3
SC4,ZEST,SC4_20231217155001.JPG,2023-12-17T15:50:01,KU,53,7,0,0,0,0,0,7,0
SC4,ZEST,SC4_20231217162001.JPG,2023-12-17T16:20:01,KU,56,4,0,0,0,0,0,4,0
SC4,ZEST,SC4_20231217165001.JPG,2023-12-17T16:50:01,KU,57,3,0,0,0,0,0,3,0
SC4,ZEST,SC4_20231218072001.JPG,2023-12-18T07:20:01,KU,54,7,0,0,0,0,0,7,0
SC4,ZEST,SC4_20231218075001.JPG,2023-12-18T07:50:01,KU,53,8,0,0,0,0,0,8,0
SC4,ZEST,SC4_20231218082001.JPG,2023-12-18T08:20:01,KU,54,7,0,0,0,0,0,7,0
SC4,ZEST,SC4_20231218085001.JPG,2023-12-18T08:50:01,KU,56,6,0,0,0,0,0,6,0
SC4,ZEST,SC4_20231218092001.JPG,2023-12-18T09:20:01,KU,60,2,0,0,0,0,0,2,0
SC4,ZEST,SC4_20231218095001.JPG,2023-12-18T09:50:01,KU,0,1,0,0,0,0,0,1,0
SC4,ZEST,SC4_20231218102001.JPG,2023-12-18T10:20:01,KU,0,1,0,0,0,0,0,1,0
SC4,ZEST,SC4_20231218105000.JPG,2023-12-18T10:50:00,KU,350,0,0,0,0,0,0,0,0
SC4,ZEST,SC4_20231218112001.JPG,2023-12-18T11:20:01,KU,350,0,0,0,0,0,0,0,0
SC4,ZEST,SC4_20231218115001.JPG,2023-12-18T11:50:01,KU,350,0,0,0,0,0,0,0,0
SC4,ZEST,SC4_20231218122001.JPG,2023-12-18T12:20:01,KU,350,0,0,0,0,0,0,0,0
SC4,ZEST,SC4_20231218125001.JPG,2023-12-18T12:50:01,KU,350,0,0,0,0,0,0,0,0
SC4,ZEST,SC4_20231218132001.JPG,2023-12-18T13:20:01,KU,350,0,0,0,0,0,0,0,0
SC4,ZEST,SC4_20231218135001.JPG,2023-12-18T13:50:01,KU,350,0,0,0,0,0,0,0,0
SC4,ZEST,SC4_20231218142001.JPG,2023-12-18T14:20:01,KU,350,0,0,0,0,0,0,0,0
SC4,ZEST,SC4_20231218145001.JPG,2023-12-18T14:50:01,KU,350,0,0,0,0,0,0,0,0
SC4,ZEST,SC4_20231218152001.JPG,2023-12-18T15:20:01,KU,350,0,0,0,0,0,0,0,0
SC4,ZEST,SC4_20231218155002.JPG,2023-12-18T15:50:02,KU,350,0,0,0,0,0,0,0,0
SC4,ZEST,SC4_20231218162001.JPG,2023-12-18T16:20:01,KU,350,0,0,0,0,0,0,0,0
SC4,ZEST,SC4_20231218165001.JPG,2023-12-18T16:50:01,KU,350,0,0,0,0,0,0,0,0
SC4,ZEST,SC4_20231219065001.JPG,2023-12-19T06:50:01,KU,350,0,0,0,0,0,0,0,0
SC4,ZEST,SC4_20231219072001.JPG,2023-12-19T07:20:01,KU,350,0,0,0,0,0,0,0,0
SC4,ZEST,SC4_20231219075001.JPG,2023-12-19T07:50:01,KU,350,0,0,0,0,0,0,0,0
SC4,ZEST,SC4_20231219082001.JPG,2023-12-19T08:20:01,KU,350,0,0,0,0,0,0,0,0
SC4,ZEST,SC4_20231219085001.JPG,2023-12-19T08:50:01,KU,350,0,0,0,0,0,0,0,0
SC4,ZEST,SC4_20231219092001.JPG,2023-12-19T09:20:01,KU,350,0,0,0,0,0,0,0,0
SC4,ZEST,SC4_20231219095001.JPG,2023-12-19T09:50:01,KU,350,0,0,0,0,0,0,0,0
SC4,ZEST,SC4_20231219102001.JPG,2023-12-19T10:20:01,KU,350,0,0,0,0,0,0,0,0
SC4,ZEST,SC4_20231219105001.JPG,2023-12-19T10:50:01,KU,350,0,0,0,0,0,0,0,0
SC4,ZEST,SC4_20231219112001.JPG,2023-12-19T11:20:01,KU,350,0,0,0,0,0,0,0,0
SC4,ZEST,SC4_20231219115001.JPG,2023-12-19T11:50:01,KU,350,0,0,0,0,0,0,0,0
SC4,ZEST,SC4_20231219122001.JPG,2023-12-19T12:20:01,KU,350,0,0,0,0,0,0,0,0
SC4,ZEST,SC4_20231219125001.JPG,2023-12-19T12:50:01,KU,350,0,0,0,0,0,0,0,0
SC4,ZEST,SC4_20231219132001.JPG,2023-12-19T13:20:01,KU,350,0,0,0,0,0,0,0,0
SC4,ZEST,SC4_20231219135001.JPG,2023-12-19T13:50:01,KU,350,0,0,0,0,0,0,0,0
SC4,ZEST,SC4_20231219142001.JPG,2023-12-19T14:20:01,KU,350,0,0,0,0,0,0,0,0
SC4,ZEST,SC4_20231219145001.JPG,2023-12-19T14:50:01,KU,350,0,0,0,0,0,0,0,0
SC4,ZEST,SC4_20231219152001.JPG,2023-12-19T15:20:01,KU,350,0,0,0,0,0,0,0,0
SC4,ZEST,SC4_20231219155001.JPG,2023-12-19T15:50:01,KU,350,0,0,0,0,0,0,0,0
SC4,ZEST,SC4_20231219162001.JPG,2023-12-19T16:20:01,KU,350,0,0,0,0,0,0,0,0
SC4,ZEST,SC4_20231219165001.JPG,2023-12-19T16:50:01,KU,350,0,0,0,0,0,0,0,0
SC4,ZEST,SC4_20231219172001.JPG,2023-12-19T17:20:01,KU,350,0,0,0,0,0,0,0,0
SC4,ZEST,SC4_20231220072001.JPG,2023-12-20T07:20:01,KU,350,0,0,0,0,0,0,0,0
SC4,ZEST,SC4_20231220075001.JPG,2023-12-20T07:50:01,KU,350,0,0,0,0,0,0,0,0
SC4,ZEST,SC4_20231220082001.JPG,2023-12-20T08:20:01,KU,350,0,0,0,0,0,0,0,0
SC4,ZEST,SC4_20231220085001.JPG,2023-12-20T08:50:01,KU,350,0,0,0,0,0,0,0,0
SC4,ZEST,SC4_20231220092001.JPG,2023-12-20T09:20:01,KU,350,0,0,0,0,0,0,0,0
SC4,ZEST,SC4_20231220095001.JPG,2023-12-20T09:50:01,KU,350,0,0,0,0,0,0,0,0
SC4,ZEST,SC4_20231220102001.JPG,2023-12-20T10:20:01,KU,350,0,0,0,0,0,0,0,0
SC4,ZEST,SC4_20231220105001.JPG,2023-12-20T10:50:01,KU,350,0,0,0,0,0,0,0,0
SC4,ZEST,SC4_20231220112001.JPG,2023-12-20T11:20:01,KU,350,0,0,0,0,0,0,0,0
SC4,ZEST,SC4_20231220115001.JPG,2023-12-20T11:50:01,KU,350,0,0,0,0,0,0,0,0
SC4,ZEST,SC4_20231220122001.JPG,2023-12-20T12:20:01,KU,350,0,0,0,0,0,0,0,0
SC4,ZEST,SC4_20231220125001.JPG,2023-12-20T12:50:01,KU,350,0,0,0,0,0,0,0,0
SC4,ZEST,SC4_20231220132001.JPG,2023-12-20T13:20:01,KU,350,0,0,0,0,0,0,0,0
SC4,ZEST,SC4_20231220135001.JPG,2023-12-20T13:50:01,KU,350,0,0,0,0,0,0,0,0
SC4,ZEST,SC4_20231220142001.JPG,2023-12-20T14:20:01,KU,350,0,0,0,0,0,0,0,0
SC4,ZEST,SC4_20231220145001.JPG,2023-12-20T14:50:01,KU,350,0,0,0,0,0,0,0,0
SC4,ZEST,SC4_20231220152001.JPG,2023-12-20T15:20:01,KU,350,0,0,0,0,0,0,0,0
SC4,ZEST,SC4_20231220155001.JPG,2023-12-20T15:50:01,KU,350,0,0,0,0,0,0,0,0
SC4,ZEST,SC4_20231220162001.JPG,2023-12-20T16:20:01,KU,350,0,0,0,0,0,0,0,0
SC4,ZEST,SC4_20231220165001.JPG,2023-12-20T16:50:01,KU,350,0,0,0,0,0,0,0,0
SC4,ZEST,SC4_20231221072001.JPG,2023-12-21T07:20:01,KU,350,0,0,0,0,0,0,0,0
SC4,ZEST,SC4_20231221075001.JPG,2023-12-21T07:50:01,KU,350,0,0,0,0,0,0,0,0
SC4,ZEST,SC4_20231221082001.JPG,2023-12-21T08:20:01,KU,350,0,0,0,0,0,0,0,0
SC4,ZEST,SC4_20231221085001.JPG,2023-12-21T08:50:01,KU,350,0,0,0,0,0,0,0,0
SC4,ZEST,SC4_20231221092001.JPG,2023-12-21T09:20:01,KU,350,0,0,0,0,0,0,0,0
SC4,ZEST,SC4_20231221095001.JPG,2023-12-21T09:50:01,KU,350,0,0,0,0,0,0,0,0
SC4,ZEST,SC4_20231221102001.JPG,2023-12-21T10:20:01,KU,350,0,0,0,0,0,0,0,0
SC4,ZEST,SC4_20231221105001.JPG,2023-12-21T10:50:01,KU,349,1,0,0,0,0,0,1,0
SC4,ZEST,SC4_20231221112001.JPG,2023-12-21T11:20:01,KU,0,1,0,0,0,0,0,1,0
SC4,ZEST,SC4_20231221115001.JPG,2023-12-21T11:50:01,KU,0,1,0,0,0,0,0,1,0
SC4,ZEST,SC4_20231221122001.JPG,2023-12-21T12:20:01,KU,0,1,0,0,0,0,0,1,0
SC4,ZEST,SC4_20231221125001.JPG,2023-12-21T12:50:01,KU,0,2,0,0,0,0,0,2,0
SC4,ZEST,SC4_20231221132001.JPG,2023-12-21T13:20:01,KU,0,3,0,0,3,0,0,3,3
SC4,ZEST,SC4_20231221135001.JPG,2023-12-21T13:50:01,KU,0,4,0,0,0,0,0,4,0
SC4,ZEST,SC4_20231221142001.JPG,2023-12-21T14:20:01,KU,350,0,0,0,0,0,0,0,0
SC4,ZEST,SC4_20231221145001.JPG,2023-12-21T14:50:01,KU,350,0,0,0,0,0,0,0,0
SC4,ZEST,SC4_20231221152001.JPG,2023-12-21T15:20:01,KU,350,0,0,0,0,0,0,0,0
SC4,ZEST,SC4_20231221155001.JPG,2023-12-21T15:50:01,KU,350,0,0,0,0,0,0,0,0
SC4,ZEST,SC4_20231221162001.JPG,2023-12-21T16:20:01,KU,350,0,0,0,0,0,0,0,0
SC4,ZEST,SC4_20231221165001.JPG,2023-12-21T16:50:01,KU,350,0,0,0,0,0,0,0,0
SC4,ZEST,SC4_20231221172001.JPG,2023-12-21T17:20:01,KU,350,0,0,0,0,0,0,0,0
SC4,ZEST,SC4_20231222072001.JPG,2023-12-22T07:20:01,KU,350,0,0,0,0,0,0,0,0
SC4,ZEST,SC4_20231222075001.JPG,2023-12-22T07:50:01,KU,350,0,0,0,0,0,0,0,0
SC4,ZEST,SC4_20231222082001.JPG,2023-12-22T08:20:01,KU,350,0,0,0,0,0,0,0,0
SC4,ZEST,SC4_20231222085001.JPG,2023-12-22T08:50:01,KU,350,0,0,0,0,0,0,0,0
SC4,ZEST,SC4_20231222092001.JPG,2023-12-22T09:20:01,KU,350,0,0,0,0,0,0,0,0
SC4,ZEST,SC4_20231222095001.JPG,2023-12-22T09:50:01,KU,350,0,0,0,0,0,0,0,0
SC4,ZEST,SC4_20231222102001.JPG,2023-12-22T10:20:01,KU,350,0,0,0,0,0,0,0,0
SC4,ZEST,SC4_20231222105001.JPG,2023-12-22T10:50:01,KU,350,0,0,0,0,0,0,0,0
SC4,ZEST,SC4_20231222112001.JPG,2023-12-22T11:20:01,KU,350,0,0,0,0,0,0,0,0
SC4,ZEST,SC4_20231222115001.JPG,2023-12-22T11:50:01,KU,350,0,0,0,0,0,0,0,0
SC4,ZEST,SC4_20231222122001.JPG,2023-12-22T12:20:01,KU,1,8,0,0,8,0,0,8,8
SC4,ZEST,SC4_20231222125001.JPG,2023-12-22T12:50:01,KU,2,7,0,0,7,0,0,7,7
SC4,ZEST,SC4_20231222132001.JPG,2023-12-22T13:20:01,KU,2,6,0,0,1,0,0,6,1
SC4,ZEST,SC4_20231222135001.JPG,2023-12-22T13:50:01,KU,3,12,2,0,0,0,0,32,0
SC4,ZEST,SC4_20231222142001.JPG,2023-12-22T14:20:01,KU,5,11,7,0,3,4,0,81,43
SC4,ZEST,SC4_20231222145001.JPG,2023-12-22T14:50:01,KU,8,8,10,0,1,2,0,108,21
SC4,ZEST,SC4_20231222152001.JPG,2023-12-22T15:20:01,KU,7,9,11,0,0,0,0,119,0
SC4,ZEST,SC4_20231222155001.JPG,2023-12-22T15:50:01,KU,7,9,11,0,0,0,0,119,0
SC4,ZEST,SC4_20231222162001.JPG,2023-12-22T16:20:01,KU,8,11,12,0,0,0,0,131,0
SC4,ZEST,SC4_20231222165001.JPG,2023-12-22T16:50:01,KU,13,10,12,0,0,0,0,130,0
SC4,ZEST,SC4_20231222172001.JPG,2023-12-22T17:20:01,KU,27,5,3,0,0,0,0,35,0
SC4,ZEST,SC4_20231223072001.JPG,2023-12-23T07:20:01,KU,18,12,8,0,0,0,0,92,0
SC4,ZEST,SC4_20231223075001.JPG,2023-12-23T07:50:01,KU,19,11,9,0,0,0,0,101,0
SC4,ZEST,SC4_20231223082001.JPG,2023-12-23T08:20:01,KU,20,10,9,0,0,0,0,100,0
SC4,ZEST,SC4_20231223085001.JPG,2023-12-23T08:50:01,KU,21,9,9,0,0,0,0,99,0
SC4,ZEST,SC4_20231223092001.JPG,2023-12-23T09:20:01,KU,21,9,9,0,0,0,0,99,0
SC4,ZEST,SC4_20231223095001.JPG,2023-12-23T09:50:01,KU,24,6,9,0,0,0,0,96,0
SC4,ZEST,SC4_20231223102001.JPG,2023-12-23T10:20:01,KU,22,8,10,1,0,0,0,208,0
SC4,ZEST,SC4_20231223105001.JPG,2023-12-23T10:50:01,KU,20,13,8,0,0,0,0,93,0
SC4,ZEST,SC4_20231223112001.JPG,2023-12-23T11:20:01,KU,22,11,9,0,0,0,0,101,0
SC4,ZEST,SC4_20231223115001.JPG,2023-12-23T11:50:01,KU,22,12,9,0,0,0,0,102,0
SC4,ZEST,SC4_20231223122001.JPG,2023-12-23T12:20:01,KU,25,9,9,0,0,0,0,99,0
SC4,ZEST,SC4_20231223125001.JPG,2023-12-23T12:50:01,KU,21,17,5,0,0,0,0,67,0
SC4,ZEST,SC4_20231223132001.JPG,2023-12-23T13:20:01,KU,30,8,5,0,0,0,0,58,0
SC4,ZEST,SC4_20231223135001.JPG,2023-12-23T13:50:01,KU,28,9,6,0,0,0,0,69,0
SC4,ZEST,SC4_20231223142001.JPG,2023-12-23T14:20:01,KU,23,14,6,0,0,0,0,74,0
SC4,ZEST,SC4_20231223145001.JPG,2023-12-23T14:50:01,KU,24,13,6,0,0,0,0,73,0
SC4,ZEST,SC4_20231223152001.JPG,2023-12-23T15:20:01,KU,24,13,6,0,0,0,0,73,0
SC4,ZEST,SC4_20231223155001.JPG,2023-12-23T15:50:01,KU,22,15,6,0,0,0,0,75,0
SC4,ZEST,SC4_20231223162001.JPG,2023-12-23T16:20:01,KU,22,15,6,0,0,0,0,75,0
SC4,ZEST,SC4_20231223165001.JPG,2023-12-23T16:50:01,KU,22,15,6,0,0,0,0,75,0
SC4,ZEST,SC4_20231224065001.JPG,2023-12-24T06:50:01,KU,24,12,7,0,0,0,0,82,0
SC4,ZEST,SC4_20231224072001.JPG,2023-12-24T07:20:01,KU,24,12,7,0,0,0,0,82,0
SC4,ZEST,SC4_20231224075001.JPG,2023-12-24T07:50:01,KU,24,12,7,0,0,0,0,82,0
SC4,ZEST,SC4_20231224082001.JPG,2023-12-24T08:20:01,KU,24,12,7,0,3,0,0,82,3
SC4,ZEST,SC4_20231224085001.JPG,2023-12-24T08:50:01,KU,33,6,4,0,1,1,0,46,11
SC4,ZEST,SC4_20231224092001.JPG,2023-12-24T09:20:01,KU,26,15,4,0,10,0,0,55,10
SC4,ZEST,SC4_20231224095001.JPG,2023-12-24T09:50:01,KU,45,0,0,0,0,0,0,0,0
SC4,ZEST,SC4_20231224102001.JPG,2023-12-24T10:20:01,KU,350,0,0,0,0,0,0,0,0
SC4,ZEST,SC4_20231224105001.JPG,2023-12-24T10:50:01,KU,350,0,0,0,0,0,0,0,0
SC4,ZEST,SC4_20231224112001.JPG,2023-12-24T11:20:01,KU,350,0,0,0,0,0,0,0,0
SC4,ZEST,SC4_20231224115001.JPG,2023-12-24T11:50:01,KU,0,2,0,0,2,0,0,2,2
SC4,ZEST,SC4_20231224122001.JPG,2023-12-24T12:20:01,KU,1,4,0,0,4,0,0,4,4
SC4,ZEST,SC4_20231224125001.JPG,2023-12-24T12:50:01,KU,0,13,0,0,12,0,0,13,12
SC4,ZEST,SC4_20231224132001.JPG,2023-12-24T13:20:01,KU,5,11,2,0,2,0,0,31,2
SC4,ZEST,SC4_20231224135001.JPG,2023-12-24T13:50:01,KU,5,14,8,0,1,0,0,94,1
SC4,ZEST,SC4_20231224142001.JPG,2023-12-24T14:20:01,KU,11,9,11,0,1,0,0,119,1
SC4,ZEST,SC4_20231224145001.JPG,2023-12-24T14:50:01,KU,14,8,11,0,2,0,0,118,2
SC4,ZEST,SC4_20231224152001.JPG,2023-12-24T15:20:01,KU,9,13,14,0,0,0,0,153,0
SC4,ZEST,SC4_20231224155001.JPG,2023-12-24T15:50:01,KU,10,14,15,0,0,0,0,164,0
SC4,ZEST,SC4_20231224162001.JPG,2023-12-24T16:20:01,KU,18,12,11,2,0,0,0,322,0
SC4,ZEST,SC4_20231224165001.JPG,2023-12-24T16:50:01,KU,15,13,15,1,0,0,0,263,0
SC4,ZEST,SC4_20231225072001.JPG,2023-12-25T07:20:01,KU,19,14,12,1,0,0,0,234,0
SC4,ZEST,SC4_20231225075001.JPG,2023-12-25T07:50:01,KU,19,14,12,1,0,0,0,234,0
SC4,ZEST,SC4_20231225082001.JPG,2023-12-25T08:20:01,KU,19,14,12,1,0,0,0,234,0
SC4,ZEST,SC4_20231225085001.JPG,2023-12-25T08:50:01,KU,26,9,10,1,0,0,0,209,0
SC4,ZEST,SC4_20231225092001.JPG,2023-12-25T09:20:01,KU,25,10,10,1,2,0,0,210,2
SC4,ZEST,SC4_20231225095001.JPG,2023-12-25T09:50:01,KU,41,5,0,0,5,0,0,5,5
SC4,ZEST,SC4_20231225102001.JPG,2023-12-25T10:20:01,KU,43,3,0,0,3,0,0,3,3
SC4,ZEST,SC4_20231225105001.JPG,2023-12-25T10:50:01,KU,40,6,0,0,6,0,0,6,6
SC4,ZEST,SC4_20231225112001.JPG,2023-12-25T11:20:01,KU,39,7,0,0,7,0,0,7,7
SC4,ZEST,SC4_20231225115001.JPG,2023-12-25T11:50:01,KU,39,6,1,0,6,0,0,16,6
SC4,ZEST,SC4_20231225122001.JPG,2023-12-25T12:20:01,KU,40,5,1,0,5,0,0,15,5
SC4,ZEST,SC4_20231225125001.JPG,2023-12-25T12:50:01,KU,38,7,1,0,4,0,0,17,4
SC4,ZEST,SC4_20231225132001.JPG,2023-12-25T13:20:01,KU,34,10,2,0,2,0,0,30,2
SC4,ZEST,SC4_20231225135001.JPG,2023-12-25T13:50:01,KU,27,14,5,0,0,0,0,64,0
SC4,ZEST,SC4_20231225142001.JPG,2023-12-25T14:20:01,KU,29,9,8,0,0,0,0,89,0
SC4,ZEST,SC4_20231225145001.JPG,2023-12-25T14:50:01,KU,27,10,9,0,0,0,0,100,0
SC4,ZEST,SC4_20231225152001.JPG,2023-12-25T15:20:01,KU,22,11,13,0,0,0,0,141,0
SC4,ZEST,SC4_20231225155001.JPG,2023-12-25T15:50:01,KU,23,10,13,0,0,0,0,140,0
SC4,ZEST,SC4_20231225162001.JPG,2023-12-25T16:20:01,KU,23,11,12,0,0,0,0,131,0
SC4,ZEST,SC4_20231225165001.JPG,2023-12-25T16:50:01,KU,25,9,12,0,0,0,0,129,0
SC4,ZEST,SC4_20231226072001.JPG,2023-12-26T07:20:01,KU,25,6,16,0,0,0,0,166,0
SC4,ZEST,SC4_20231226075001.JPG,2023-12-26T07:50:01,KU,25,7,15,0,0,0,0,157,0
SC4,ZEST,SC4_20231226082001.JPG,2023-12-26T08:20:01,KU,27,9,12,0,0,0,0,129,0
SC4,ZEST,SC4_20231226085001.JPG,2023-12-26T08:50:01,KU,27,9,12,0,0,0,0,129,0
SC4,ZEST,SC4_20231226092001.JPG,2023-12-26T09:20:01,KU,27,9,12,0,0,0,0,129,0
SC4,ZEST,SC4_20231226095001.JPG,2023-12-26T09:50:01,KU,32,11,5,0,11,5,0,61,61
SC4,ZEST,SC4_20231226102001.JPG,2023-12-26T10:20:01,KU,25,14,9,0,0,0,0,104,0
SC4,ZEST,SC4_20231226105001.JPG,2023-12-26T10:50:01,KU,26,13,9,0,0,0,0,103,0
SC4,ZEST,SC4_20231226112001.JPG,2023-12-26T11:20:01,KU,26,13,9,0,0,0,0,103,0
SC4,ZEST,SC4_20231226115001.JPG,2023-12-26T11:50:01,KU,28,11,9,0,0,0,0,101,0
SC4,ZEST,SC4_20231226122001.JPG,2023-12-26T12:20:01,KU,32,6,10,0,0,0,0,106,0
SC4,ZEST,SC4_20231226125001.JPG,2023-12-26T12:50:01,KU,26,11,11,0,0,0,0,121,0
SC4,ZEST,SC4_20231226132001.JPG,2023-12-26T13:20:01,KU,29,9,10,0,0,0,0,109,0
SC4,ZEST,SC4_20231226135001.JPG,2023-12-26T13:50:01,KU,30,8,10,0,0,0,0,108,0
SC4,ZEST,SC4_20231226142001.JPG,2023-12-26T14:20:01,KU,30,8,10,0,0,0,0,108,0
SC4,ZEST,SC4_20231226145001.JPG,2023-12-26T14:50:01,KU,29,9,10,0,0,0,0,109,0
SC4,ZEST,SC4_20231226152001.JPG,2023-12-26T15:20:01,KU,30,9,9,0,0,0,0,99,0
SC4,ZEST,SC4_20231226155001.JPG,2023-12-26T15:50:01,KU,31,9,9,0,0,0,0,99,0
SC4,ZEST,SC4_20231226162001.JPG,2023-12-26T16:20:01,KU,31,10,8,0,0,0,0,90,0
SC4,ZEST,SC4_20231226165001.JPG,2023-12-26T16:50:01,KU,31,10,8,0,0,0,0,90,0
SC4,ZEST,SC4_20231227072000.JPG,2023-12-27T07:20:00,KU,30,8,11,0,0,0,0,118,0
SC4,ZEST,SC4_20231227075001.JPG,2023-12-27T07:50:01,KU,30,8,11,0,0,0,0,118,0
SC4,ZEST,SC4_20231227082001.JPG,2023-12-27T08:20:01,KU,30,8,11,0,0,0,0,118,0
SC4,ZEST,SC4_20231227085001.JPG,2023-12-27T08:50:01,KU,33,5,11,0,0,0,0,115,0
SC4,ZEST,SC4_20231227092001.JPG,2023-12-27T09:20:01,KU,37,8,4,0,0,0,0,48,0
SC4,ZEST,SC4_20231227095001.JPG,2023-12-27T09:50:01,KU,36,9,4,0,0,0,0,49,0
SC4,ZEST,SC4_20231227102001.JPG,2023-12-27T10:20:01,KU,36,6,7,0,2,2,0,76,22
SC4,ZEST,SC4_20231227105001.JPG,2023-12-27T10:50:01,KU,36,10,3,0,2,0,0,40,2
SC4,ZEST,SC4_20231227112001.JPG,2023-12-27T11:20:01,KU,36,11,2,0,9,0,0,31,9
SC4,ZEST,SC4_20231227115001.JPG,2023-12-27T11:50:01,KU,28,13,8,0,0,0,0,93,0
SC4,ZEST,SC4_20231227122001.JPG,2023-12-27T12:20:01,KU,47,2,0,0,0,0,0,2,0
SC4,ZEST,SC4_20231227125001.JPG,2023-12-27T12:50:01,KU,46,3,0,0,0,0,0,3,0
SC4,ZEST,SC4_20231227132001.JPG,2023-12-27T13:20:01,KU,0,5,0,0,5,0,0,5,5
SC4,ZEST,SC4_20231227135001.JPG,2023-12-27T13:50:01,KU,0,4,0,0,4,0,0,4,4
SC4,ZEST,SC4_20231227142001.JPG,2023-12-27T14:20:01,KU,2,3,0,0,0,0,0,3,0
SC4,ZEST,SC4_20231227145001.JPG,2023-12-27T14:50:01,KU,0,5,0,0,5,0,0,5,5
SC4,ZEST,SC4_20231227152001.JPG,2023-12-27T15:20:01,KU,350,0,0,0,0,0,0,0,0
SC4,ZEST,SC4_20231227155001.JPG,2023-12-27T15:50:01,KU,350,0,0,0,0,0,0,0,0
SC4,ZEST,SC4_20231227162001.JPG,2023-12-27T16:20:01,KU,350,0,0,0,0,0,0,0,0
SC4,ZEST,SC4_20231227165001.JPG,2023-12-27T16:50:01,KU,350,0,0,0,0,0,0,0,0
SC4,ZEST,SC4_20231227172001.JPG,2023-12-27T17:20:01,KU,350,0,0,0,0,0,0,0,0
SC4,ZEST,SC4_20231228072001.JPG,2023-12-28T07:20:01,KU,350,0,0,0,0,0,0,0,0
SC4,ZEST,SC4_20231228075001.JPG,2023-12-28T07:50:01,KU,350,0,0,0,0,0,0,0,0
SC4,ZEST,SC4_20231228082001.JPG,2023-12-28T08:20:01,KU,350,0,0,0,0,0,0,0,0
SC4,ZEST,SC4_20231228085001.JPG,2023-12-28T08:50:01,KU,350,0,0,0,0,0,0,0,0
SC4,ZEST,SC4_20231228092001.JPG,2023-12-28T09:20:01,KU,350,0,0,0,0,0,0,0,0
SC4,ZEST,SC4_20231228095001.JPG,2023-12-28T09:50:01,KU,350,0,0,0,0,0,0,0,0
SC4,ZEST,SC4_20231228102001.JPG,2023-12-28T10:20:01,KU,0,1,0,0,0,0,0,1,0
SC4,ZEST,SC4_20231228105001.JPG,2023-12-28T10:50:01,KU,0,2,0,0,0,0,0,2,0
SC4,ZEST,SC4_20231228112001.JPG,2023-12-28T11:20:01,KU,0,1,0,0,0,0,0,1,0
SC4,ZEST,SC4_20231228115001.JPG,2023-12-28T11:50:01,KU,1,0,0,0,0,0,0,0,0
SC4,ZEST,SC4_20231228122001.JPG,2023-12-28T12:20:01,KU,350,0,0,0,0,0,0,0,0
SC4,ZEST,SC4_20231228125001.JPG,2023-12-28T12:50:01,KU,0,3,0,0,2,0,0,3,2
SC4,ZEST,SC4_20231228132001.JPG,2023-12-28T13:20:01,KU,350,0,0,0,0,0,0,0,0
SC4,ZEST,SC4_20231228135001.JPG,2023-12-28T13:50:01,KU,0,6,0,0,1,0,0,6,1
SC4,ZEST,SC4_20231228142001.JPG,2023-12-28T14:20:01,KU,0,1,0,0,0,0,0,1,0
SC4,ZEST,SC4_20231228145001.JPG,2023-12-28T14:50:01,KU,350,0,0,0,0,0,0,0,0
SC4,ZEST,SC4_20231228152001.JPG,2023-12-28T15:20:01,KU,350,0,0,0,0,0,0,0,0
SC4,ZEST,SC4_20231228155001.JPG,2023-12-28T15:50:01,KU,349,1,0,0,0,0,0,1,0
SC4,ZEST,SC4_20231228162001.JPG,2023-12-28T16:20:01,KU,0,1,0,0,0,0,0,1,0
SC4,ZEST,SC4_20231228165001.JPG,2023-12-28T16:50:01,KU,0,1,0,0,0,0,0,1,0
SC4,ZEST,SC4_20231229072001.JPG,2023-12-29T07:20:01,KU,0,1,0,0,0,0,0,1,0
SC4,ZEST,SC4_20231229075001.JPG,2023-12-29T07:50:01,KU,1,1,0,0,0,0,0,1,0
SC4,ZEST,SC4_20231229082001.JPG,2023-12-29T08:20:01,KU,2,1,0,0,0,0,0,1,0
SC4,ZEST,SC4_20231229085001.JPG,2023-12-29T08:50:01,KU,349,1,0,0,0,0,0,1,0
SC4,ZEST,SC4_20231229092001.JPG,2023-12-29T09:20:01,KU,349,1,0,0,0,0,0,1,0
SC4,ZEST,SC4_20231229095001.JPG,2023-12-29T09:50:01,KU,0,1,0,0,0,0,0,1,0
SC4,ZEST,SC4_20231229102001.JPG,2023-12-29T10:20:01,KU,350,0,0,0,0,0,0,0,0
SC4,ZEST,SC4_20231229105001.JPG,2023-12-29T10:50:01,KU,350,0,0,0,0,0,0,0,0
SC4,ZEST,SC4_20231229112001.JPG,2023-12-29T11:20:01,KU,350,0,0,0,0,0,0,0,0
SC4,ZEST,SC4_20231229115001.JPG,2023-12-29T11:50:01,KU,350,0,0,0,0,0,0,0,0
SC4,ZEST,SC4_20231229122001.JPG,2023-12-29T12:20:01,KU,350,0,0,0,0,0,0,0,0
SC4,ZEST,SC4_20231229125001.JPG,2023-12-29T12:50:01,KU,350,0,0,0,0,0,0,0,0
SC4,ZEST,SC4_20231229132001.JPG,2023-12-29T13:20:01,KU,350,0,0,0,0,0,0,0,0
SC4,ZEST,SC4_20231229135001.JPG,2023-12-29T13:50:01,KU,350,0,0,0,0,0,0,0,0
SC4,ZEST,SC4_20231229142001.JPG,2023-12-29T14:20:01,KU,350,0,0,0,0,0,0,0,0
SC4,ZEST,SC4_20231229145001.JPG,2023-12-29T14:50:01,KU,350,0,0,0,0,0,0,0,0
SC4,ZEST,SC4_20231229152001.JPG,2023-12-29T15:20:01,KU,350,0,0,0,0,0,0,0,0
SC4,ZEST,SC4_20231229155001.JPG,2023-12-29T15:50:01,KU,350,0,0,0,0,0,0,0,0
SC4,ZEST,SC4_20231229162001.JPG,2023-12-29T16:20:01,KU,350,0,0,0,0,0,0,0,0
SC4,ZEST,SC4_20231229165001.JPG,2023-12-29T16:50:01,KU,350,0,0,0,0,0,0,0,0
SC4,ZEST,SC4_20231229172001.JPG,2023-12-29T17:20:01,KU,350,0,0,0,0,0,0,0,0
SC4,ZEST,SC4_20231230072001.JPG,2023-12-30T07:20:01,KU,350,0,0,0,0,0,0,0,0
SC4,ZEST,SC4_20231230075001.JPG,2023-12-30T07:50:01,KU,350,0,0,0,0,0,0,0,0
SC4,ZEST,SC4_20231230082001.JPG,2023-12-30T08:20:01,KU,350,0,0,0,0,0,0,0,0
SC4,ZEST,SC4_20231230085001.JPG,2023-12-30T08:50:01,KU,350,0,0,0,0,0,0,0,0
SC4,ZEST,SC4_20231230092001.JPG,2023-12-30T09:20:01,KU,350,0,0,0,0,0,0,0,0
SC4,ZEST,SC4_20231230095001.JPG,2023-12-30T09:50:01,KU,350,0,0,0,0,0,0,0,0
SC4,ZEST,SC4_20231230102001.JPG,2023-12-30T10:20:01,KU,350,0,0,0,0,0,0,0,0
SC4,ZEST,SC4_20231230105001.JPG,2023-12-30T10:50:01,KU,350,0,0,0,0,0,0,0,0
SC4,ZEST,SC4_20231230112001.JPG,2023-12-30T11:20:01,KU,336,14,0,0,0,0,0,14,0
SC4,ZEST,SC4_20231230115001.JPG,2023-12-30T11:50:01,KU,336,14,0,0,0,0,0,14,0
SC4,ZEST,SC4_20231230122001.JPG,2023-12-30T12:20:01,KU,1,6,0,0,5,0,0,6,5
SC4,ZEST,SC4_20231230125001.JPG,2023-12-30T12:50:01,KU,2,11,0,0,0,0,0,11,0
SC4,ZEST,SC4_20231230132001.JPG,2023-12-30T13:20:01,KU,5,10,1,0,6,0,0,20,6
SC4,ZEST,SC4_20231230135001.JPG,2023-12-30T13:50:01,KU,11,13,4,0,0,0,0,53,0
SC4,ZEST,SC4_20231230142001.JPG,2023-12-30T14:20:01,KU,11,15,3,0,0,0,0,45,0
SC4,ZEST,SC4_20231230145001.JPG,2023-12-30T14:50:01,KU,12,11,7,0,1,0,0,81,1
SC4,ZEST,SC4_20231230152001.JPG,2023-12-30T15:20:01,KU,12,13,6,0,0,0,0,73,0
SC4,ZEST,SC4_20231230155001.JPG,2023-12-30T15:50:01,KU,8,18,7,0,0,0,0,88,0
SC4,ZEST,SC4_20231230162001.JPG,2023-12-30T16:20:01,KU,12,16,5,0,0,0,0,66,0
SC4,ZEST,SC4_20231230165001.JPG,2023-12-30T16:50:01,KU,13,15,7,0,0,0,0,85,0
SC4,ZEST,SC4_20231231072001.JPG,2023-12-31T07:20:01,KU,13,16,8,0,0,0,0,96,0
SC4,ZEST,SC4_20231231075001.JPG,2023-12-31T07:50:01,KU,15,12,12,0,0,0,0,132,0
SC4,ZEST,SC4_20231231082001.JPG,2023-12-31T08:20:01,KU,17,11,12,0,0,0,0,131,0
SC4,ZEST,SC4_20231231085001.JPG,2023-12-31T08:50:01,KU,20,9,12,0,0,0,0,129,0
SC4,ZEST,SC4_20231231092001.JPG,2023-12-31T09:20:01,KU,19,10,12,0,0,0,0,130,0
SC4,ZEST,SC4_20231231095001.JPG,2023-12-31T09:50:01,KU,19,10,12,0,0,0,0,130,0
SC4,ZEST,SC4_20231231102001.JPG,2023-12-31T10:20:01,KU,19,10,12,0,0,0,0,130,0
SC4,ZEST,SC4_20231231105001.JPG,2023-12-31T10:50:01,KU,21,7,13,0,0,0,0,137,0
SC4,ZEST,SC4_20231231112001.JPG,2023-12-31T11:20:01,KU,19,9,13,0,0,0,0,139,0
SC4,ZEST,SC4_20231231115001.JPG,2023-12-31T11:50:01,KU,19,9,13,0,0,0,0,139,0
SC4,ZEST,SC4_20231231122001.JPG,2023-12-31T12:20:01,KU,17,11,13,0,0,0,0,141,0
SC4,ZEST,SC4_20231231125001.JPG,2023-12-31T12:50:01,KU,17,11,13,0,0,0,0,141,0
SC4,ZEST,SC4_20231231132001.JPG,2023-12-31T13:20:01,KU,21,10,11,0,0,0,0,120,0
SC4,ZEST,SC4_20231231135001.JPG,2023-12-31T13:50:01,KU,40,7,1,0,2,0,0,17,2
SC4,ZEST,SC4_20231231142001.JPG,2023-12-31T14:20:01,KU,0,2,0,0,0,0,0,2,0
SC4,ZEST,SC4_20231231145001.JPG,2023-12-31T14:50:01,KU,3,0,0,0,0,0,0,0,0
SC4,ZEST,SC4_20231231152001.JPG,2023-12-31T15:20:01,KU,350,0,0,0,0,0,0,0,0
SC4,ZEST,SC4_20231231155001.JPG,2023-12-31T15:50:01,KU,350,0,0,0,0,0,0,0,0
SC4,ZEST,SC4_20231231162001.JPG,2023-12-31T16:20:01,KU,350,0,0,0,0,0,0,0,0
SC4,ZEST,SC4_20231231165001.JPG,2023-12-31T16:50:01,KU,0,1,0,0,0,0,0,1,0
SC4,ZEST,SC4_20231231172001.JPG,2023-12-31T17:20:01,KU,0,1,0,0,0,0,0,1,0
SC4,ZEST,SC4_20240101072001.JPG,2024-01-01T07:20:01,KU,1,0,0,0,0,0,0,0,0
SC4,ZEST,SC4_20240101075001.JPG,2024-01-01T07:50:01,KU,350,0,0,0,0,0,0,0,0
SC4,ZEST,SC4_20240101082001.JPG,2024-01-01T08:20:01,KU,350,0,0,0,0,0,0,0,0
SC4,ZEST,SC4_20240101085001.JPG,2024-01-01T08:50:01,KU,350,0,0,0,0,0,0,0,0
SC4,ZEST,SC4_20240101092001.JPG,2024-01-01T09:20:01,KU,350,0,0,0,0,0,0,0,0
SC4,ZEST,SC4_20240101095001.JPG,2024-01-01T09:50:01,KU,350,0,0,0,0,0,0,0,0
SC4,ZEST,SC4_20240101102001.JPG,2024-01-01T10:20:01,KU,350,0,0,0,0,0,0,0,0
SC4,ZEST,SC4_20240101105001.JPG,2024-01-01T10:50:01,KU,350,0,0,0,0,0,0,0,0
SC4,ZEST,SC4_20240101112001.JPG,2024-01-01T11:20:01,KU,350,0,0,0,0,0,0,0,0
SC4,ZEST,SC4_20240101115000.JPG,2024-01-01T11:50:00,KU,350,0,0,0,0,0,0,0,0
SC4,ZEST,SC4_20240101122001.JPG,2024-01-01T12:20:01,KU,346,4,0,0,4,0,0,4,4
SC4,ZEST,SC4_20240101125001.JPG,2024-01-01T12:50:01,KU,340,10,0,0,10,0,0,10,10
SC4,ZEST,SC4_20240101132001.JPG,2024-01-01T13:20:01,KU,338,12,0,0,10,0,0,12,10
SC4,ZEST,SC4_20240101135001.JPG,2024-01-01T13:50:01,KU,338,12,0,0,0,0,0,12,0
SC4,ZEST,SC4_20240101142001.JPG,2024-01-01T14:20:01,KU,341,9,0,0,1,0,0,9,1
SC4,ZEST,SC4_20240101145001.JPG,2024-01-01T14:50:01,KU,347,3,0,0,1,0,0,3,1
SC4,ZEST,SC4_20240101152001.JPG,2024-01-01T15:20:01,KU,345,5,0,0,0,0,0,5,0
SC4,ZEST,SC4_20240101155001.JPG,2024-01-01T15:50:01,KU,0,3,0,0,0,0,0,3,0
SC4,ZEST,SC4_20240101162001.JPG,2024-01-01T16:20:01,KU,1,2,0,0,0,0,0,2,0
SC4,ZEST,SC4_20240101165001.JPG,2024-01-01T16:50:01,KU,0,6,0,0,0,0,0,6,0
SC4,ZEST,SC4_20240101172001.JPG,2024-01-01T17:20:01,KU,0,5,0,0,0,0,0,5,0
SC4,ZEST,SC4_20240102072001.JPG,2024-01-02T07:20:01,KU,0,6,0,0,0,0,0,6,0
SC4,ZEST,SC4_20240102075001.JPG,2024-01-02T07:50:01,KU,0,4,0,0,0,0,0,4,0
SC4,ZEST,SC4_20240102082001.JPG,2024-01-02T08:20:01,KU,0,5,0,0,0,0,0,5,0
SC4,ZEST,SC4_20240102085001.JPG,2024-01-02T08:50:01,KU,1,3,0,0,0,0,0,3,0
SC4,ZEST,SC4_20240102092001.JPG,2024-01-02T09:20:01,KU,4,4,0,0,4,0,0,4,4
SC4,ZEST,SC4_20240102095001.JPG,2024-01-02T09:50:01,KU,5,6,0,0,4,0,0,6,4
SC4,ZEST,SC4_20240102102001.JPG,2024-01-02T10:20:01,KU,8,3,0,0,3,0,0,3,3
SC4,ZEST,SC4_20240102105001.JPG,2024-01-02T10:50:01,KU,350,0,0,0,0,0,0,0,0
SC4,ZEST,SC4_20240102112001.JPG,2024-01-02T11:20:01,KU,0,1,0,0,1,0,0,1,1
SC4,ZEST,SC4_20240102115001.JPG,2024-01-02T11:50:01,KU,350,0,0,0,0,0,0,0,0
SC4,ZEST,SC4_20240102122001.JPG,2024-01-02T12:20:01,KU,0,4,0,0,4,0,0,4,4
SC4,ZEST,SC4_20240102125001.JPG,2024-01-02T12:50:01,KU,0,4,0,0,4,0,0,4,4
SC4,ZEST,SC4_20240102132001.JPG,2024-01-02T13:20:01,KU,2,2,0,0,2,0,0,2,2
SC4,ZEST,SC4_20240102135001.JPG,2024-01-02T13:50:01,KU,3,4,0,0,1,0,0,4,1
SC4,ZEST,SC4_20240102142001.JPG,2024-01-02T14:20:01,KU,0,2,0,0,2,0,0,2,2
SC4,ZEST,SC4_20240102145001.JPG,2024-01-02T14:50:01,KU,2,0,0,0,0,0,0,0,0
SC4,ZEST,SC4_20240102152001.JPG,2024-01-02T15:20:01,KU,350,0,0,0,0,0,0,0,0
SC4,ZEST,SC4_20240102155001.JPG,2024-01-02T15:50:01,KU,350,0,0,0,0,0,0,0,0
SC4,ZEST,SC4_20240102162001.JPG,2024-01-02T16:20:01,KU,350,0,0,0,0,0,0,0,0
SC4,ZEST,SC4_20240102165001.JPG,2024-01-02T16:50:01,KU,350,0,0,0,0,0,0,0,0
SC4,ZEST,SC4_20240102172001.JPG,2024-01-02T17:20:01,KU,350,0,0,0,0,0,0,0,0
SC4,ZEST,SC4_20240103072001.JPG,2024-01-03T07:20:01,KU,350,0,0,0,0,0,0,0,0
SC4,ZEST,SC4_20240103075001.JPG,2024-01-03T07:50:01,KU,350,0,0,0,0,0,0,0,0
SC4,ZEST,SC4_20240103082001.JPG,2024-01-03T08:20:01,KU,350,0,0,0,0,0,0,0,0
SC4,ZEST,SC4_20240103085001.JPG,2024-01-03T08:50:01,KU,350,0,0,0,0,0,0,0,0
SC4,ZEST,SC4_20240103092001.JPG,2024-01-03T09:20:01,KU,350,0,0,0,0,0,0,0,0
SC4,ZEST,SC4_20240103095001.JPG,2024-01-03T09:50:01,KU,350,0,0,0,0,0,0,0,0
SC4,ZEST,SC4_20240103102001.JPG,2024-01-03T10:20:01,KU,350,0,0,0,0,0,0,0,0
SC4,ZEST,SC4_20240103105001.JPG,2024-01-03T10:50:01,KU,0,1,0,0,1,0,0,1,1
SC4,ZEST,SC4_20240103112001.JPG,2024-01-03T11:20:01,KU,349,1,0,0,1,0,0,1,1
SC4,ZEST,SC4_20240103115001.JPG,2024-01-03T11:50:01,KU,0,3,0,0,3,0,0,3,3
SC4,ZEST,SC4_20240103122001.JPG,2024-01-03T12:20:01,KU,0,7,0,0,7,0,0,7,7
SC4,ZEST,SC4_20240103125001.JPG,2024-01-03T12:50:01,KU,3,7,0,0,7,0,0,7,7
SC4,ZEST,SC4_20240103132001.JPG,2024-01-03T13:20:01,KU,2,9,5,0,0,0,0,59,0
SC4,ZEST,SC4_20240103135001.JPG,2024-01-03T13:50:01,KU,11,4,4,0,0,2,0,44,20
SC4,ZEST,SC4_20240103142001.JPG,2024-01-03T14:20:01,KU,0,11,10,0,0,0,0,111,0
SC4,ZEST,SC4_20240103145001.JPG,2024-01-03T14:50:01,KU,4,8,9,0,0,0,0,98,0
SC4,ZEST,SC4_20240103152001.JPG,2024-01-03T15:20:01,KU,3,10,11,0,0,0,0,120,0
SC4,ZEST,SC4_20240103155001.JPG,2024-01-03T15:50:01,KU,9,8,9,0,0,0,0,98,0
SC4,ZEST,SC4_20240103162001.JPG,2024-01-03T16:20:01,KU,8,11,10,0,0,0,0,111,0
SC4,ZEST,SC4_20240103165001.JPG,2024-01-03T16:50:01,KU,15,5,10,0,0,0,0,105,0
SC4,ZEST,SC4_20240103172001.JPG,2024-01-03T17:20:01,KU,14,9,10,0,0,0,0,109,0
SC4,ZEST,SC4_20240104065001.JPG,2024-01-04T06:50:01,KU,18,5,13,0,0,0,0,135,0
SC4,ZEST,SC4_20240104072001.JPG,2024-01-04T07:20:01,KU,19,2,15,0,0,0,0,152,0
SC4,ZEST,SC4_20240104075001.JPG,2024-01-04T07:50:01,KU,19,2,15,0,0,0,0,152,0
SC4,ZEST,SC4_20240104082001.JPG,2024-01-04T08:20:01,KU,19,2,15,0,0,0,0,152,0
SC4,ZEST,SC4_20240104085001.JPG,2024-01-04T08:50:01,KU,19,2,15,0,1,0,0,152,1
SC4,ZEST,SC4_20240104092001.JPG,2024-01-04T09:20:01,KU,19,3,15,0,2,3,0,153,32
SC4,ZEST,SC4_20240104095001.JPG,2024-01-04T09:50:01,KU,24,13,0,0,13,0,0,13,13
SC4,ZEST,SC4_20240104102001.JPG,2024-01-04T10:20:01,KU,24,13,0,0,13,0,0,13,13
SC4,ZEST,SC4_20240104105001.JPG,2024-01-04T10:50:01,KU,33,4,0,0,4,0,0,4,4
SC4,ZEST,SC4_20240104112001.JPG,2024-01-04T11:20:01,KU,34,3,0,0,3,0,0,3,3
SC4,ZEST,SC4_20240104115001.JPG,2024-01-04T11:50:01,KU,0,5,1,0,5,0,0,15,5
SC4,ZEST,SC4_20240104122001.JPG,2024-01-04T12:20:01,KU,0,7,1,0,7,0,0,17,7
SC4,ZEST,SC4_20240104125001.JPG,2024-01-04T12:50:01,KU,3,6,4,0,5,2,0,46,25
SC4,ZEST,SC4_20240104132001.JPG,2024-01-04T13:20:01,KU,6,1,6,0,1,5,0,61,51
SC4,ZEST,SC4_20240104135001.JPG,2024-01-04T13:50:01,KU,0,4,6,0,0,0,0,64,0
SC4,ZEST,SC4_20240104142001.JPG,2024-01-04T14:20:01,KU,4,5,9,0,0,0,0,95,0
SC4,ZEST,SC4_20240104145001.JPG,2024-01-04T14:50:01,KU,4,6,9,0,0,0,0,96,0
SC4,ZEST,SC4_20240104152001.JPG,2024-01-04T15:20:01,KU,5,8,9,0,0,0,0,98,0
SC4,ZEST,SC4_20240104155001.JPG,2024-01-04T15:50:01,KU,5,9,11,0,0,0,0,119,0
SC4,ZEST,SC4_20240104162001.JPG,2024-01-04T16:20:01,KU,8,7,11,0,0,0,0,117,0
SC4,ZEST,SC4_20240104165001.JPG,2024-01-04T16:50:01,KU,9,11,8,0,0,0,0,91,0
SC4,ZEST,SC4_20240104172001.JPG,2024-01-04T17:20:01,KU,9,11,8,0,0,0,0,91,0
SC4,ZEST,SC4_20240105072001.JPG,2024-01-05T07:20:01,KU,9,7,12,0,0,0,0,127,0
SC4,ZEST,SC4_20240105075001.JPG,2024-01-05T07:50:01,KU,11,8,10,0,0,0,0,108,0
SC4,ZEST,SC4_20240105082001.JPG,2024-01-05T08:20:01,KU,13,6,10,0,0,0,0,106,0
SC4,ZEST,SC4_20240105085001.JPG,2024-01-05T08:50:01,KU,13,5,11,0,0,0,0,115,0
SC4,ZEST,SC4_20240105092001.JPG,2024-01-05T09:20:01,KU,18,4,7,0,3,2,0,74,23
SC4,ZEST,SC4_20240105095001.JPG,2024-01-05T09:50:01,KU,24,4,1,0,4,0,0,14,4
SC4,ZEST,SC4_20240105102001.JPG,2024-01-05T10:20:01,KU,23,5,1,0,5,0,0,15,5
SC4,ZEST,SC4_20240105105001.JPG,2024-01-05T10:50:01,KU,22,7,1,0,7,1,0,17,17
SC4,ZEST,SC4_20240105112001.JPG,2024-01-05T11:20:01,KU,0,12,0,0,12,0,0,12,12
SC4,ZEST,SC4_20240105115001.JPG,2024-01-05T11:50:01,KU,0,5,0,0,5,0,0,5,5
SC4,ZEST,SC4_20240105122001.JPG,2024-01-05T12:20:01,KU,0,10,0,0,10,0,0,10,10
SC4,ZEST,SC4_20240105125001.JPG,2024-01-05T12:50:01,KU,8,3,0,0,3,0,0,3,3
SC4,ZEST,SC4_20240105132001.JPG,2024-01-05T13:20:01,KU,10,2,0,0,2,0,0,2,2
SC4,ZEST,SC4_20240105135001.JPG,2024-01-05T13:50:01,KU,0,3,0,0,3,0,0,3,3
SC4,ZEST,SC4_20240105142001.JPG,2024-01-05T14:20:01,KU,0,3,0,0,3,0,0,3,3
SC6,EM03,SC6_20231215132001.JPG,2023-12-15T13:20:01,VVR,5,0,0,0,0,0,0,0,0
SC6,EM03,SC6_20231215135001.JPG,2023-12-15T13:50:01,VVR,4,1,0,0,1,0,0,1,1
SC6,EM03,SC6_20231215142001.JPG,2023-12-15T14:20:01,KRN,720,0,0,0,0,0,0,0,0
SC6,EM03,SC6_20231215145001.JPG,2023-12-15T14:50:01,VVR,720,0,0,0,0,0,0,0,0
SC6,EM03,SC6_20231215152001.JPG,2023-12-15T15:20:01,VVR,719,1,0,0,0,0,0,1,0
SC6,EM03,SC6_20231215155001.JPG,2023-12-15T15:50:01,VVR,718,2,0,0,0,0,0,2,0
SC6,EM03,SC6_20231215162002.JPG,2023-12-15T16:20:02,VVR,0,2,0,0,0,0,0,2,0
SC6,EM03,SC6_20231215165002.JPG,2023-12-15T16:50:02,VVR,719,1,0,0,0,0,0,1,0
SC6,EM03,SC6_20231216065001.JPG,2023-12-16T06:50:01,VVR,720,0,0,0,0,0,0,0,0
SC6,EM03,SC6_20231216072002.JPG,2023-12-16T07:20:02,VVR,720,0,0,0,0,0,0,0,0
SC6,EM03,SC6_20231216075001.JPG,2023-12-16T07:50:01,VVR,720,0,0,0,0,0,0,0,0
SC6,EM03,SC6_20231216082001.JPG,2023-12-16T08:20:01,VVR,720,0,0,0,0,0,0,0,0
SC6,EM03,SC6_20231216085001.JPG,2023-12-16T08:50:01,VVR,720,0,0,0,0,0,0,0,0
SC6,EM03,SC6_20231216092001.JPG,2023-12-16T09:20:01,VVR,720,0,0,0,0,0,0,0,0
SC6,EM03,SC6_20231216095001.JPG,2023-12-16T09:50:01,VVR,720,0,0,0,0,0,0,0,0
SC6,EM03,SC6_20231216102001.JPG,2023-12-16T10:20:01,VVR,720,0,0,0,0,0,0,0,0
SC6,EM03,SC6_20231216105001.JPG,2023-12-16T10:50:01,VVR,720,0,0,0,0,0,0,0,0
SC6,EM03,SC6_20231216112001.JPG,2023-12-16T11:20:01,VVR,720,0,0,0,0,0,0,0,0
SC6,EM03,SC6_20231216115001.JPG,2023-12-16T11:50:01,VVR,720,0,0,0,0,0,0,0,0
SC6,EM03,SC6_20231216122001.JPG,2023-12-16T12:20:01,VVR,719,1,0,0,0,0,0,1,0
SC6,EM03,SC6_20231216125001.JPG,2023-12-16T12:50:01,VVR,713,7,0,0,2,0,0,7,2
SC6,EM03,SC6_20231216132001.JPG,2023-12-16T13:20:01,KRN,2,12,0,0,3,0,0,12,3
SC6,EM03,SC6_20231216135001.JPG,2023-12-16T13:50:01,VVR,9,31,0,0,9,0,0,31,9
SC6,EM03,SC6_20231216142001.JPG,2023-12-16T14:20:01,VVR,17,48,8,0,0,0,0,128,0
SC6,EM03,SC6_20231216145002.JPG,2023-12-16T14:50:02,VVR,15,54,11,0,0,0,0,164,0
SC6,EM03,SC6_20231216152001.JPG,2023-12-16T15:20:01,VVR,21,44,14,1,0,0,0,284,0
SC6,EM03,SC6_20231216155001.JPG,2023-12-16T15:50:01,VVR,5,47,12,1,0,0,0,267,0
SC6,EM03,SC6_20231216162001.JPG,2023-12-16T16:20:01,VVR,5,33,6,1,0,0,0,193,0
SC6,EM03,SC6_20231216165001.JPG,2023-12-16T16:50:01,VVR,3,26,7,1,0,0,0,196,0
SC6,EM03,SC6_20231217065001.JPG,2023-12-17T06:50:01,VVR,12,36,7,0,0,0,0,106,0
SC6,EM03,SC6_20231217072001.JPG,2023-12-17T07:20:01,VVR,9,28,9,0,0,0,0,118,0
SC6,EM03,SC6_20231217075001.JPG,2023-12-17T07:50:01,VVR,5,30,9,0,0,0,0,120,0
SC6,EM03,SC6_20231217082001.JPG,2023-12-17T08:20:01,VVR,5,39,7,0,0,0,0,109,0
SC6,EM03,SC6_20231217085001.JPG,2023-12-17T08:50:01,VVR,6,31,7,0,0,0,0,101,0
SC6,EM03,SC6_20231217092001.JPG,2023-12-17T09:20:01,VVR,7,30,6,0,5,0,0,90,5
SC6,EM03,SC6_20231217095001.JPG,2023-12-17T09:50:01,VVR,7,29,7,0,11,2,0,99,31
SC6,EM03,SC6_20231217102001.JPG,2023-12-17T10:20:01,VVR,8,24,7,0,0,0,0,94,0
SC6,EM03,SC6_20231217105001.JPG,2023-12-17T10:50:01,VVR,6,24,6,0,0,0,0,84,0
SC6,EM03,SC6_20231217112001.JPG,2023-12-17T11:20:01,VVR,7,32,7,0,0,0,0,102,0
SC6,EM03,SC6_20231217115001.JPG,2023-12-17T11:50:01,VVR,8,25,8,0,0,0,0,105,0
SC6,EM03,SC6_20231217122001.JPG,2023-12-17T12:20:01,VVR,10,21,4,0,0,0,0,61,0
SC6,EM03,SC6_20231217125001.JPG,2023-12-17T12:50:01,VVR,10,17,8,0,0,0,0,97,0
SC6,EM03,SC6_20231217132001.JPG,2023-12-17T13:20:01,VVR,14,17,3,0,0,0,0,47,0
SC6,EM03,SC6_20231217135001.JPG,2023-12-17T13:50:01,VVR,13,27,3,0,0,0,0,57,0
SC6,EM03,SC6_20231217142001.JPG,2023-12-17T14:20:01,VVR,15,21,3,0,0,0,0,51,0
SC6,EM03,SC6_20231217145001.JPG,2023-12-17T14:50:01,VVR,19,19,2,0,0,0,0,39,0
SC6,EM03,SC6_20231217152001.JPG,2023-12-17T15:20:01,VVR,19,25,3,0,0,0,0,55,0
SC6,EM03,SC6_20231217155002.JPG,2023-12-17T15:50:02,VVR,16,19,4,0,0,0,0,59,0
SC6,EM03,SC6_20231217162001.JPG,2023-12-17T16:20:01,VVR,15,27,5,0,0,0,0,77,0
SC6,EM03,SC6_20231217165001.JPG,2023-12-17T16:50:01,VVR,15,25,4,0,0,0,0,65,0
SC6,EM03,SC6_20231218072002.JPG,2023-12-18T07:20:02,VVR,20,16,3,0,0,0,0,46,0
SC6,EM03,SC6_20231218075001.JPG,2023-12-18T07:50:01,VVR,16,27,5,0,0,0,0,77,0
SC6,EM03,SC6_20231218082001.JPG,2023-12-18T08:20:01,VVR,19,25,4,0,0,0,0,65,0
SC6,EM03,SC6_20231218085001.JPG,2023-12-18T08:50:01,VVR,21,19,2,0,0,0,0,39,0
SC6,EM03,SC6_20231218092001.JPG,2023-12-18T09:20:01,VVR,20,28,1,0,0,0,0,38,0
SC6,EM03,SC6_20231218095002.JPG,2023-12-18T09:50:02,VVR,24,22,1,0,0,0,0,32,0
SC6,EM03,SC6_20231218102001.JPG,2023-12-18T10:20:01,VVR,25,22,1,0,0,0,0,32,0
SC6,EM03,SC6_20231218105001.JPG,2023-12-18T10:50:01,VVR,25,23,1,0,0,0,0,33,0
SC6,EM03,SC6_20231218112002.JPG,2023-12-18T11:20:02,VVR,27,15,1,0,3,0,0,25,3
SC6,EM03,SC6_20231218115001.JPG,2023-12-18T11:50:01,VVR,24,21,1,0,0,0,0,31,0
SC6,EM03,SC6_20231218122001.JPG,2023-12-18T12:20:01,VVR,28,16,1,0,0,0,0,26,0
SC6,EM03,SC6_20231218125001.JPG,2023-12-18T12:50:01,VVR,28,12,1,0,0,0,0,22,0
SC6,EM03,SC6_20231218132001.JPG,2023-12-18T13:20:01,VVR,29,10,1,0,0,0,0,20,0
SC6,EM03,SC6_20231218135001.JPG,2023-12-18T13:50:01,VVR,32,7,1,0,0,0,0,17,0
SC6,EM03,SC6_20231218142001.JPG,2023-12-18T14:20:01,VVR,31,6,1,0,0,0,0,16,0
SC6,EM03,SC6_20231218145001.JPG,2023-12-18T14:50:01,VVR,30,9,0,0,0,0,0,9,0
SC6,EM03,SC6_20231218152001.JPG,2023-12-18T15:20:01,VVR,38,7,1,0,0,0,0,17,0
SC6,EM03,SC6_20231218155001.JPG,2023-12-18T15:50:01,VVR,35,9,1,0,0,0,0,19,0
SC6,EM03,SC6_20231218162001.JPG,2023-12-18T16:20:01,VVR,31,12,0,0,0,0,0,12,0
SC6,EM03,SC6_20231218165001.JPG,2023-12-18T16:50:01,VVR,34,9,1,0,0,0,0,19,0
SC6,EM03,SC6_20231219072001.JPG,2023-12-19T07:20:01,VVR,37,5,1,0,0,0,0,15,0
SC6,EM03,SC6_20231219075001.JPG,2023-12-19T07:50:01,VVR,42,7,0,0,0,0,0,7,0
SC6,EM03,SC6_20231219082001.JPG,2023-12-19T08:20:01,VVR,41,7,0,0,0,0,0,7,0
SC6,EM03,SC6_20231219085001.JPG,2023-12-19T08:50:01,VVR,45,5,1,0,2,1,0,15,12
SC6,EM03,SC6_20231219092001.JPG,2023-12-19T09:20:01,VVR,44,8,1,0,0,0,0,18,0
SC6,EM03,SC6_20231219095001.JPG,2023-12-19T09:50:01,VVR,41,8,1,0,0,0,0,18,0
SC6,EM03,SC6_20231219102001.JPG,2023-12-19T10:20:01,VVR,41,6,1,0,0,0,0,16,0
SC6,EM03,SC6_20231219105001.JPG,2023-12-19T10:50:01,VVR,46,4,1,0,0,0,0,14,0
SC6,EM03,SC6_20231219112001.JPG,2023-12-19T11:20:01,VVR,44,7,0,0,0,0,0,7,0
SC6,EM03,SC6_20231219115001.JPG,2023-12-19T11:50:01,VVR,43,6,1,0,0,0,0,16,0
SC6,EM03,SC6_20231219122001.JPG,2023-12-19T12:20:01,VVR,38,8,1,0,0,0,0,18,0
SC6,EM03,SC6_20231219125001.JPG,2023-12-19T12:50:01,VVR,41,6,0,0,0,0,0,6,0
SC6,EM03,SC6_20231219132002.JPG,2023-12-19T13:20:02,VVR,49,4,1,0,0,0,0,14,0
SC6,EM03,SC6_20231219135001.JPG,2023-12-19T13:50:01,VVR,43,7,0,0,0,0,0,7,0
SC6,EM03,SC6_20231219142001.JPG,2023-12-19T14:20:01,VVR,45,4,1,0,0,0,0,14,0
SC6,EM03,SC6_20231219145001.JPG,2023-12-19T14:50:01,VVR,39,5,1,0,0,0,0,15,0
SC6,EM03,SC6_20231219152001.JPG,2023-12-19T15:20:01,VVR,44,5,1,0,0,0,0,15,0
SC6,EM03,SC6_20231219155001.JPG,2023-12-19T15:50:01,VVR,41,4,1,0,0,0,0,14,0
SC6,EM03,SC6_20231219162001.JPG,2023-12-19T16:20:01,VVR,44,4,1,0,0,0,0,14,0
SC6,EM03,SC6_20231219165001.JPG,2023-12-19T16:50:01,VVR,45,4,1,0,0,0,0,14,0
SC6,EM03,SC6_20231220072001.JPG,2023-12-20T07:20:01,VVR,39,5,1,0,0,0,0,15,0
SC6,EM03,SC6_20231220075001.JPG,2023-12-20T07:50:01,VVR,37,7,1,0,0,0,0,17,0
SC6,EM03,SC6_20231220082001.JPG,2023-12-20T08:20:01,VVR,39,7,1,0,0,0,0,17,0
SC6,EM03,SC6_20231220085001.JPG,2023-12-20T08:50:01,VVR,39,7,1,0,0,0,0,17,0
SC6,EM03,SC6_20231220092001.JPG,2023-12-20T09:20:01,VVR,40,7,0,0,0,0,0,7,0
SC6,EM03,SC6_20231220095001.JPG,2023-12-20T09:50:01,VVR,41,6,0,0,0,0,0,6,0
SC6,EM03,SC6_20231220102001.JPG,2023-12-20T10:20:01,VVR,40,7,0,0,0,0,0,7,0
SC6,EM03,SC6_20231220105001.JPG,2023-12-20T10:50:01,VVR,42,5,0,0,0,0,0,5,0
SC6,EM03,SC6_20231220112001.JPG,2023-12-20T11:20:01,VVR,41,6,0,0,0,0,0,6,0
SC6,EM03,SC6_20231220115001.JPG,2023-12-20T11:50:01,VVR,41,6,0,0,0,0,0,6,0
SC6,EM03,SC6_20231220122001.JPG,2023-12-20T12:20:01,VVR,41,6,0,0,0,0,0,6,0
SC6,EM03,SC6_20231220125001.JPG,2023-12-20T12:50:01,VVR,716,4,0,0,0,0,0,4,0
SC6,EM03,SC6_20231220132001.JPG,2023-12-20T13:20:01,VVR,715,5,0,0,0,0,0,5,0
SC6,EM03,SC6_20231220135001.JPG,2023-12-20T13:50:01,VVR,714,6,0,0,0,0,0,6,0
SC6,EM03,SC6_20231220142001.JPG,2023-12-20T14:20:01,VVR,714,6,0,0,0,0,0,6,0
SC6,EM03,SC6_20231220145001.JPG,2023-12-20T14:50:01,VVR,0,2,0,0,0,0,0,2,0
SC6,EM03,SC6_20231220152001.JPG,2023-12-20T15:20:01,VVR,1,6,0,0,0,0,0,6,0
SC6,EM03,SC6_20231220155001.JPG,2023-12-20T15:50:01,VVR,4,4,0,0,0,0,0,4,0
SC6,EM03,SC6_20231220162001.JPG,2023-12-20T16:20:01,VVR,4,4,0,0,0,0,0,4,0
SC6,EM03,SC6_20231220165001.JPG,2023-12-20T16:50:01,VVR,0,5,0,0,0,0,0,5,0
SC6,EM03,SC6_20231221072001.JPG,2023-12-21T07:20:01,VVR,0,7,0,0,0,0,0,7,0
SC6,EM03,SC6_20231221075001.JPG,2023-12-21T07:50:01,VVR,2,12,0,0,0,0,0,12,0
SC6,EM03,SC6_20231221082001.JPG,2023-12-21T08:20:01,VVR,3,13,0,0,0,0,0,13,0
SC6,EM03,SC6_20231221085001.JPG,2023-12-21T08:50:01,VVR,3,15,0,0,0,0,0,15,0
SC6,EM03,SC6_20231221092001.JPG,2023-12-21T09:20:01,VVR,5,8,0,0,0,0,0,8,0
SC6,EM03,SC6_20231221095001.JPG,2023-12-21T09:50:01,VVR,7,7,0,0,0,0,0,7,0
SC6,EM03,SC6_20231221102001.JPG,2023-12-21T10:20:01,VVR,7,5,1,0,0,0,0,15,0
SC6,EM03,SC6_20231221105001.JPG,2023-12-21T10:50:01,VVR,9,6,0,0,0,0,0,6,0
SC6,EM03,SC6_20231221112001.JPG,2023-12-21T11:20:01,VVR,7,7,0,0,0,0,0,7,0
SC6,EM03,SC6_20231221115001.JPG,2023-12-21T11:50:01,VVR,7,6,0,0,0,0,0,6,0
SC6,EM03,SC6_20231221122001.JPG,2023-12-21T12:20:01,VVR,8,6,0,0,0,0,0,6,0
SC6,EM03,SC6_20231221125001.JPG,2023-12-21T12:50:01,VVR,4,5,0,0,0,0,0,5,0
SC6,EM03,SC6_20231221132001.JPG,2023-12-21T13:20:01,VVR,4,3,0,0,0,0,0,3,0
SC6,EM03,SC6_20231221135001.JPG,2023-12-21T13:50:01,VVR,5,4,1,0,0,0,0,14,0
SC6,EM03,SC6_20231221142001.JPG,2023-12-21T14:20:01,VVR,3,5,0,0,0,0,0,5,0
SC6,EM03,SC6_20231221145001.JPG,2023-12-21T14:50:01,VVR,5,3,0,0,0,0,0,3,0
SC6,EM03,SC6_20231221152001.JPG,2023-12-21T15:20:01,VVR,4,5,0,0,0,0,0,5,0
SC6,EM03,SC6_20231221155001.JPG,2023-12-21T15:50:01,VVR,5,4,0,0,0,0,0,4,0
SC6,EM03,SC6_20231221162001.JPG,2023-12-21T16:20:01,VVR,5,4,0,0,0,0,0,4,0
SC6,EM03,SC6_20231221165002.JPG,2023-12-21T16:50:02,VVR,4,5,0,0,0,0,0,5,0
SC6,EM03,SC6_20231222072001.JPG,2023-12-22T07:20:01,VVR,0,4,0,0,0,0,0,4,0
SC6,EM03,SC6_20231222075001.JPG,2023-12-22T07:50:01,VVR,1,5,0,0,0,0,0,5,0
SC6,EM03,SC6_20231222082001.JPG,2023-12-22T08:20:01,VVR,1,5,0,0,0,0,0,5,0
SC6,EM03,SC6_20231222085001.JPG,2023-12-22T08:50:01,VVR,1,7,0,0,0,0,0,7,0
SC6,EM03,SC6_20231222092001.JPG,2023-12-22T09:20:01,VVR,2,6,0,0,0,0,0,6,0
SC6,EM03,SC6_20231222095001.JPG,2023-12-22T09:50:01,VVR,1,8,0,0,6,0,0,8,6
SC6,EM03,SC6_20231222102001.JPG,2023-12-22T10:20:01,VVR,1,8,0,0,6,0,0,8,6
SC6,EM03,SC6_20231222105001.JPG,2023-12-22T10:50:01,VVR,3,6,0,0,4,0,0,6,4
SC6,EM03,SC6_20231222112001.JPG,2023-12-22T11:20:01,VVR,3,4,0,0,3,0,0,4,3
SC6,EM03,SC6_20231222115001.JPG,2023-12-22T11:50:01,VVR,0,3,0,0,1,0,0,3,1
SC6,EM03,SC6_20231222122001.JPG,2023-12-22T12:20:01,VVR,719,1,0,0,0,0,0,1,0
SC6,EM03,SC6_20231222125001.JPG,2023-12-22T12:50:01,VVR,718,2,0,0,0,0,0,2,0
SC6,EM03,SC6_20231222132001.JPG,2023-12-22T13:20:01,VVR,715,5,0,0,0,0,0,5,0
SC6,EM03,SC6_20231222135001.JPG,2023-12-22T13:50:01,VVR,710,10,0,0,0,0,0,10,0
SC6,EM03,SC6_20231222142001.JPG,2023-12-22T14:20:01,VVR,713,6,1,0,0,0,0,16,0
SC6,EM03,SC6_20231222145001.JPG,2023-12-22T14:50:01,VVR,0,11,2,0,0,0,0,31,0
SC6,EM03,SC6_20231222152001.JPG,2023-12-22T15:20:01,VVR,3,15,2,1,1,1,0,135,11
SC6,EM03,SC6_20231222155001.JPG,2023-12-22T15:50:01,VVR,6,12,4,0,0,1,0,52,10
SC6,EM03,SC6_20231222162001.JPG,2023-12-22T16:20:01,VVR,6,14,3,0,1,1,0,44,11
SC6,EM03,SC6_20231222165001.JPG,2023-12-22T16:50:01,VVR,6,12,5,0,0,0,0,62,0
SC6,EM03,SC6_20231223072001.JPG,2023-12-23T07:20:01,VVR,12,15,2,0,0,0,0,35,0
SC6,EM03,SC6_20231223075001.JPG,2023-12-23T07:50:01,VVR,11,18,3,0,0,0,0,48,0
SC6,EM03,SC6_20231223082001.JPG,2023-12-23T08:20:01,VVR,13,15,3,0,0,0,0,45,0
SC6,EM03,SC6_20231223085001.JPG,2023-12-23T08:50:01,VVR,13,14,3,0,0,0,0,44,0
SC6,EM03,SC6_20231223092001.JPG,2023-12-23T09:20:01,VVR,15,14,3,0,0,0,0,44,0
SC6,EM03,SC6_20231223095002.JPG,2023-12-23T09:50:02,VVR,14,15,3,0,0,0,0,45,0
SC6,EM03,SC6_20231223102001.JPG,2023-12-23T10:20:01,VVR,15,16,4,0,0,0,0,56,0
SC6,EM03,SC6_20231223105001.JPG,2023-12-23T10:50:01,VVR,14,16,2,0,0,0,0,36,0
SC6,EM03,SC6_20231223112001.JPG,2023-12-23T11:20:01,VVR,18,16,2,0,0,0,0,36,0
SC6,EM03,SC6_20231223115001.JPG,2023-12-23T11:50:01,VVR,21,18,3,0,0,0,0,48,0
SC6,EM03,SC6_20231223122001.JPG,2023-12-23T12:20:01,VVR,18,15,3,0,0,0,0,45,0
SC6,EM03,SC6_20231223125001.JPG,2023-12-23T12:50:01,VVR,21,14,2,0,0,0,0,34,0
SC6,EM03,SC6_20231223132001.JPG,2023-12-23T13:20:01,VVR,18,15,2,0,0,0,0,35,0
SC6,EM03,SC6_20231223135001.JPG,2023-12-23T13:50:01,VVR,20,15,2,0,0,0,0,35,0
SC6,EM03,SC6_20231223142001.JPG,2023-12-23T14:20:01,VVR,18,15,1,0,0,0,0,25,0
SC6,EM03,SC6_20231223145001.JPG,2023-12-23T14:50:01,VVR,17,15,1,0,0,0,0,25,0
SC6,EM03,SC6_20231223152001.JPG,2023-12-23T15:20:01,VVR,18,14,1,0,0,0,0,24,0
SC6,EM03,SC6_20231223155001.JPG,2023-12-23T15:50:01,VVR,17,16,1,0,0,0,0,26,0
SC6,EM03,SC6_20231223162001.JPG,2023-12-23T16:20:01,VVR,19,15,1,0,0,0,0,25,0
SC6,EM03,SC6_20231223165001.JPG,2023-12-23T16:50:01,VVR,20,14,1,0,0,0,0,24,0
SC6,EM03,SC6_20231224065002.JPG,2023-12-24T06:50:02,VVR,21,15,1,0,0,0,0,25,0
SC6,EM03,SC6_20231224072001.JPG,2023-12-24T07:20:01,VVR,5,20,1,0,0,0,0,30,0
SC6,EM03,SC6_20231224075001.JPG,2023-12-24T07:50:01,VVR,4,20,1,0,0,0,0,30,0
SC6,EM03,SC6_20231224082001.JPG,2023-12-24T08:20:01,VVR,3,20,1,0,1,0,0,30,1
SC6,EM03,SC6_20231224085001.JPG,2023-12-24T08:50:01,VVR,5,15,1,0,2,1,0,25,12
SC6,EM03,SC6_20231224092001.JPG,2023-12-24T09:20:01,VVR,7,14,1,0,3,1,0,24,13
SC6,EM03,SC6_20231224095001.JPG,2023-12-24T09:50:01,VVR,7,14,1,0,5,1,0,24,15
SC6,EM03,SC6_20231224102001.JPG,2023-12-24T10:20:01,VVR,8,15,2,0,5,2,0,35,25
SC6,EM03,SC6_20231224105001.JPG,2023-12-24T10:50:01,VVR,9,15,1,0,0,0,0,25,0
SC6,EM03,SC6_20231224112001.JPG,2023-12-24T11:20:01,VVR,9,15,2,0,0,0,0,35,0
SC6,EM03,SC6_20231224115001.JPG,2023-12-24T11:50:01,VVR,9,19,1,0,3,0,0,29,3
SC6,EM03,SC6_20231224122001.JPG,2023-12-24T12:20:01,VVR,11,16,1,0,3,0,0,26,3
SC6,EM03,SC6_20231224125001.JPG,2023-12-24T12:50:01,VVR,14,13,1,0,3,0,0,23,3
SC6,EM03,SC6_20231224132001.JPG,2023-12-24T13:20:01,VVR,17,12,1,0,3,1,0,22,13
SC6,EM03,SC6_20231224135001.JPG,2023-12-24T13:50:01,VVR,16,14,1,0,6,1,0,24,16
SC6,EM03,SC6_20231224142001.JPG,2023-12-24T14:20:01,VVR,14,22,1,0,0,0,0,32,0
SC6,EM03,SC6_20231224145001.JPG,2023-12-24T14:50:01,VVR,16,22,1,0,3,0,0,32,3
SC6,EM03,SC6_20231224152001.JPG,2023-12-24T15:20:01,VVR,14,23,5,0,2,0,0,73,2
SC6,EM03,SC6_20231224155001.JPG,2023-12-24T15:50:01,VVR,13,25,5,0,1,1,0,75,11
SC6,EM03,SC6_20231224162001.JPG,2023-12-24T16:20:01,VVR,18,20,5,0,0,0,0,70,0
SC6,EM03,SC6_20231224165001.JPG,2023-12-24T16:50:01,VVR,17,22,4,0,0,0,0,62,0
SC6,EM03,SC6_20231225065002.JPG,2023-12-25T06:50:02,VVR,21,21,2,0,0,0,0,41,0
SC6,EM03,SC6_20231225072001.JPG,2023-12-25T07:20:01,VVR,18,25,2,0,0,0,0,45,0
SC6,EM03,SC6_20231225075001.JPG,2023-12-25T07:50:01,VVR,18,24,3,0,0,0,0,54,0
SC6,EM03,SC6_20231225082001.JPG,2023-12-25T08:20:01,VVR,21,23,2,0,0,0,0,43,0
SC6,EM03,SC6_20231225085001.JPG,2023-12-25T08:50:01,VVR,20,23,2,0,3,0,0,43,3
SC6,EM03,SC6_20231225092001.JPG,2023-12-25T09:20:01,VVR,18,27,3,0,2,0,0,57,2
SC6,EM03,SC6_20231225095001.JPG,2023-12-25T09:50:01,VVR,24,22,2,0,7,1,0,42,17
SC6,EM03,SC6_20231225102001.JPG,2023-12-25T10:20:01,VVR,28,22,2,0,3,0,0,42,3
SC6,EM03,SC6_20231225105001.JPG,2023-12-25T10:50:01,VVR,29,24,1,0,6,0,0,34,6
SC6,EM03,SC6_20231225112001.JPG,2023-12-25T11:20:01,VVR,31,26,1,0,8,0,0,36,8
SC6,EM03,SC6_20231225115001.JPG,2023-12-25T11:50:01,VVR,35,22,1,0,9,0,0,32,9
SC6,EM03,SC6_20231225122001.JPG,2023-12-25T12:20:01,VVR,35,22,1,0,11,1,0,32,21
SC6,EM03,SC6_20231225125001.JPG,2023-12-25T12:50:01,VVR,34,24,1,0,12,1,0,34,22
SC6,EM03,SC6_20231225132001.JPG,2023-12-25T13:20:01,VVR,37,23,1,0,11,1,0,33,21
SC6,EM03,SC6_20231225135001.JPG,2023-12-25T13:50:01,VVR,46,20,1,0,0,1,0,30,10
SC6,EM03,SC6_20231225142001.JPG,2023-12-25T14:20:01,VVR,47,25,3,0,0,0,0,55,0
SC6,EM03,SC6_20231225145001.JPG,2023-12-25T14:50:01,VVR,49,26,3,0,0,0,0,56,0
SC6,EM03,SC6_20231225152001.JPG,2023-12-25T15:20:01,VVR,52,22,5,0,0,0,0,72,0
SC6,EM03,SC6_20231225155001.JPG,2023-12-25T15:50:01,VVR,48,27,5,0,0,0,0,77,0
SC6,EM03,SC6_20231225162001.JPG,2023-12-25T16:20:01,VVR,49,24,6,0,0,0,0,84,0
SC6,EM03,SC6_20231226072001.JPG,2023-12-26T07:20:01,VVR,52,23,4,0,0,0,0,63,0
SC6,EM03,SC6_20231226075001.JPG,2023-12-26T07:50:01,VVR,53,23,4,0,0,0,0,63,0
SC6,EM03,SC6_20231226082001.JPG,2023-12-26T08:20:01,VVR,55,25,3,0,0,0,0,55,0
SC6,EM03,SC6_20231226085001.JPG,2023-12-26T08:50:01,VVR,54,24,3,0,0,0,0,54,0
SC6,EM03,SC6_20231226092001.JPG,2023-12-26T09:20:01,VVR,55,22,4,0,0,0,0,62,0
SC6,EM03,SC6_20231226095001.JPG,2023-12-26T09:50:01,VVR,57,20,4,0,12,2,0,60,32
SC6,EM03,SC6_20231226102001.JPG,2023-12-26T10:20:01,VVR,56,19,6,0,0,0,0,79,0
SC6,EM03,SC6_20231226105001.JPG,2023-12-26T10:50:01,VVR,59,19,4,0,0,0,0,59,0
SC6,EM03,SC6_20231226112001.JPG,2023-12-26T11:20:01,VVR,59,19,3,0,0,0,0,49,0
SC6,EM03,SC6_20231226115001.JPG,2023-12-26T11:50:01,VVR,61,17,3,0,0,0,0,47,0
SC6,EM03,SC6_20231226122001.JPG,2023-12-26T12:20:01,VVR,59,19,3,0,0,0,0,49,0
SC6,EM03,SC6_20231226125001.JPG,2023-12-26T12:50:01,VVR,61,17,3,0,0,0,0,47,0
SC6,EM03,SC6_20231226132001.JPG,2023-12-26T13:20:01,VVR,59,20,2,0,0,0,0,40,0
SC6,EM03,SC6_20231226135001.JPG,2023-12-26T13:50:01,VVR,58,20,3,0,0,0,0,50,0
SC6,EM03,SC6_20231226142001.JPG,2023-12-26T14:20:01,VVR,58,20,3,0,0,0,0,50,0
SC6,EM03,SC6_20231226145001.JPG,2023-12-26T14:50:01,VVR,59,18,4,0,0,0,0,58,0
SC6,EM03,SC6_20231226152001.JPG,2023-12-26T15:20:01,VVR,57,21,4,0,0,0,0,61,0
SC6,EM03,SC6_20231226155001.JPG,2023-12-26T15:50:01,VVR,57,21,4,0,0,0,0,61,0
SC6,EM03,SC6_20231226162001.JPG,2023-12-26T16:20:01,VVR,56,22,4,0,0,0,0,62,0
SC6,EM03,SC6_20231226165001.JPG,2023-12-26T16:50:01,VVR,55,23,4,0,0,0,0,63,0
SC6,EM03,SC6_20231227072001.JPG,2023-12-27T07:20:01,VVR,65,15,4,0,0,0,0,55,0
SC6,EM03,SC6_20231227075001.JPG,2023-12-27T07:50:01,VVR,61,19,4,0,0,0,0,59,0
SC6,EM03,SC6_20231227082001.JPG,2023-12-27T08:20:01,VVR,63,17,4,0,0,0,0,57,0
SC6,EM03,SC6_20231227085001.JPG,2023-12-27T08:50:01,VVR,64,16,4,0,0,0,0,56,0
SC6,EM03,SC6_20231227092000.JPG,2023-12-27T09:20:00,VVR,63,19,3,0,0,0,0,49,0
SC6,EM03,SC6_20231227095001.JPG,2023-12-27T09:50:01,VVR,63,19,3,0,0,0,0,49,0
SC6,EM03,SC6_20231227102001.JPG,2023-12-27T10:20:01,VVR,63,18,3,0,7,0,0,48,7
SC6,EM03,SC6_20231227105001.JPG,2023-12-27T10:50:01,VVR,65,16,3,0,5,0,0,46,5
SC6,EM03,SC6_20231227112001.JPG,2023-12-27T11:20:01,VVR,69,12,4,0,5,2,0,52,25
SC6,EM03,SC6_20231227115001.JPG,2023-12-27T11:50:01,VVR,56,38,7,0,0,0,0,108,0
SC6,EM03,SC6_20231227122001.JPG,2023-12-27T12:20:01,VVR,72,26,1,0,0,0,0,36,0
SC6,EM03,SC6_20231227125001.JPG,2023-12-27T12:50:01,VVR,73,34,3,0,0,0,0,64,0
SC6,EM03,SC6_20231227132001.JPG,2023-12-27T13:20:01,VVR,79,10,4,0,6,3,0,50,36
SC6,EM03,SC6_20231227135001.JPG,2023-12-27T13:50:01,VVR,75,18,3,0,0,0,0,48,0
SC6,EM03,SC6_20231227142001.JPG,2023-12-27T14:20:01,VVR,74,20,2,0,0,0,0,40,0
SC6,EM03,SC6_20231227145001.JPG,2023-12-27T14:50:01,VVR,74,20,6,0,0,0,0,80,0
SC6,EM03,SC6_20231227152001.JPG,2023-12-27T15:20:01,VVR,71,19,5,0,0,0,0,69,0
SC6,EM03,SC6_20231227155002.JPG,2023-12-27T15:50:02,VVR,76,14,8,0,0,0,0,94,0
SC6,EM03,SC6_20231227162001.JPG,2023-12-27T16:20:01,VVR,78,18,6,0,0,0,0,78,0
SC6,EM03,SC6_20231227165001.JPG,2023-12-27T16:50:01,VVR,79,12,6,0,0,0,0,72,0
SC6,EM03,SC6_20231228072001.JPG,2023-12-28T07:20:01,VVR,78,21,4,0,0,0,0,61,0
SC6,EM03,SC6_20231228075001.JPG,2023-12-28T07:50:01,VVR,78,18,6,0,0,0,0,78,0
SC6,EM03,SC6_20231228082001.JPG,2023-12-28T08:20:01,VVR,82,16,6,0,1,3,0,76,31
SC6,EM03,SC6_20231228085001.JPG,2023-12-28T08:50:01,VVR,79,19,6,0,9,5,0,79,59
SC6,EM03,SC6_20231228092001.JPG,2023-12-28T09:20:01,VVR,79,18,5,0,2,3,0,68,32
SC6,EM03,SC6_20231228095002.JPG,2023-12-28T09:50:02,VVR,80,17,4,0,5,3,0,57,35
SC6,EM03,SC6_20231228102001.JPG,2023-12-28T10:20:01,VVR,85,13,4,0,0,0,0,53,0
SC6,EM03,SC6_20231228105001.JPG,2023-12-28T10:50:01,VVR,84,14,3,0,0,0,0,44,0
SC6,EM03,SC6_20231228112001.JPG,2023-12-28T11:20:01,VVR,86,14,3,0,0,0,0,44,0
SC6,EM03,SC6_20231228115001.JPG,2023-12-28T11:50:01,VVR,88,11,4,0,0,0,0,51,0
SC6,EM03,SC6_20231228122001.JPG,2023-12-28T12:20:01,VVR,88,12,4,0,0,0,0,52,0
SC6,EM03,SC6_20231228125001.JPG,2023-12-28T12:50:01,VVR,87,16,1,0,0,0,0,26,0
SC6,EM03,SC6_20231228132001.JPG,2023-12-28T13:20:01,VVR,89,11,3,0,2,2,0,41,22
SC6,EM03,SC6_20231228135001.JPG,2023-12-28T13:50:01,VVR,91,11,2,0,2,0,0,31,2
SC6,EM03,SC6_20231228142001.JPG,2023-12-28T14:20:01,VVR,87,13,5,0,0,0,0,63,0
SC6,EM03,SC6_20231228145001.JPG,2023-12-28T14:50:01,VVR,90,10,6,0,0,0,0,70,0
SC6,EM03,SC6_20231228152001.JPG,2023-12-28T15:20:01,VVR,85,13,7,0,0,0,0,83,0
SC6,EM03,SC6_20231228155001.JPG,2023-12-28T15:50:01,VVR,85,13,7,0,7,3,0,83,37
SC6,EM03,SC6_20231228162002.JPG,2023-12-28T16:20:02,VVR,86,16,5,0,5,1,0,66,15
SC6,EM03,SC6_20231228165001.JPG,2023-12-28T16:50:01,VVR,85,16,6,0,0,0,0,76,0
SC6,EM03,SC6_20231229072001.JPG,2023-12-29T07:20:01,VVR,84,22,2,0,0,0,0,42,0
SC6,EM03,SC6_20231229075001.JPG,2023-12-29T07:50:01,VVR,85,17,6,0,0,0,0,77,0
SC6,EM03,SC6_20231229082001.JPG,2023-12-29T08:20:01,VVR,85,19,4,0,0,0,0,59,0
SC6,EM03,SC6_20231229085001.JPG,2023-12-29T08:50:01,VVR,87,22,3,0,0,0,0,52,0
SC6,EM03,SC6_20231229092001.JPG,2023-12-29T09:20:01,VVR,87,21,4,0,0,0,0,61,0
SC6,EM03,SC6_20231229095001.JPG,2023-12-29T09:50:01,VVR,88,21,3,0,0,0,0,51,0
SC6,EM03,SC6_20231229102001.JPG,2023-12-29T10:20:01,VVR,91,19,2,0,0,0,0,39,0
SC6,EM03,SC6_20231229105001.JPG,2023-12-29T10:50:01,VVR,91,19,2,0,0,0,0,39,0
SC6,EM03,SC6_20231229112001.JPG,2023-12-29T11:20:01,VVR,91,19,2,0,0,0,0,39,0
SC6,EM03,SC6_20231229115001.JPG,2023-12-29T11:50:01,VVR,92,18,2,0,0,0,0,38,0
SC6,EM03,SC6_20231229122001.JPG,2023-12-29T12:20:01,VVR,94,16,2,0,0,0,0,36,0
SC6,EM03,SC6_20231229125001.JPG,2023-12-29T12:50:01,VVR,93,17,2,0,0,0,0,37,0
SC6,EM03,SC6_20231229132001.JPG,2023-12-29T13:20:01,VVR,99,10,4,0,0,0,0,50,0
SC6,EM03,SC6_20231229135001.JPG,2023-12-29T13:50:01,VVR,98,12,3,0,0,0,0,42,0
SC6,EM03,SC6_20231229142001.JPG,2023-12-29T14:20:01,VVR,98,14,2,0,0,0,0,34,0
SC6,EM03,SC6_20231229145001.JPG,2023-12-29T14:50:01,VVR,98,13,2,0,0,0,0,33,0
SC6,EM03,SC6_20231229152002.JPG,2023-12-29T15:20:02,VVR,97,13,3,0,0,0,0,43,0
SC6,EM03,SC6_20231229155001.JPG,2023-12-29T15:50:01,VVR,100,12,3,0,2,0,0,42,2
SC6,EM03,SC6_20231229162001.JPG,2023-12-29T16:20:01,VVR,98,13,2,0,0,0,0,33,0
SC6,EM03,SC6_20231229165001.JPG,2023-12-29T16:50:01,VVR,98,13,2,0,0,0,0,33,0
SC6,EM03,SC6_20231229172002.JPG,2023-12-29T17:20:02,VVR,101,10,2,0,0,0,0,30,0
SC6,EM03,SC6_20231230072002.JPG,2023-12-30T07:20:02,VVR,99,12,2,0,0,0,0,32,0
SC6,EM03,SC6_20231230075001.JPG,2023-12-30T07:50:01,VVR,99,12,2,0,0,0,0,32,0
SC6,EM03,SC6_20231230082001.JPG,2023-12-30T08:20:01,VVR,100,12,2,0,0,0,0,32,0
SC6,EM03,SC6_20231230085001.JPG,2023-12-30T08:50:01,VVR,106,6,2,0,3,2,0,26,23
SC6,EM03,SC6_20231230092001.JPG,2023-12-30T09:20:01,VVR,106,6,2,0,0,0,0,26,0
SC6,EM03,SC6_20231230095001.JPG,2023-12-30T09:50:01,VVR,104,8,2,0,0,0,0,28,0
SC6,EM03,SC6_20231230102001.JPG,2023-12-30T10:20:01,VVR,102,11,2,0,6,2,0,31,26
SC6,EM03,SC6_20231230105001.JPG,2023-12-30T10:50:01,VVR,100,12,2,0,0,0,0,32,0
SC6,EM03,SC6_20231230112001.JPG,2023-12-30T11:20:01,VVR,103,8,3,0,0,0,0,38,0
SC6,EM03,SC6_20231230115001.JPG,2023-12-30T11:50:01,VVR,101,10,3,0,0,0,0,40,0
SC6,EM03,SC6_20231230122001.JPG,2023-12-30T12:20:01,VVR,101,11,3,0,0,0,0,41,0
SC6,EM03,SC6_20231230125001.JPG,2023-12-30T12:50:01,VVR,103,10,1,0,0,0,0,20,0
SC6,EM03,SC6_20231230132001.JPG,2023-12-30T13:20:01,VVR,96,17,2,0,0,0,0,37,0
SC6,EM03,SC6_20231230135001.JPG,2023-12-30T13:50:01,VVR,94,17,5,0,0,0,0,67,0
SC6,EM03,SC6_20231230142001.JPG,2023-12-30T14:20:01,VVR,101,10,6,0,0,0,0,70,0
SC6,EM03,SC6_20231230145001.JPG,2023-12-30T14:50:01,VVR,98,19,5,0,0,0,0,69,0
SC6,EM03,SC6_20231230152002.JPG,2023-12-30T15:20:02,VVR,105,14,3,0,1,0,0,44,1
SC6,EM03,SC6_20231230155001.JPG,2023-12-30T15:50:01,VVR,105,13,4,0,1,0,0,53,1
SC6,EM03,SC6_20231230162002.JPG,2023-12-30T16:20:02,VVR,5,16,2,0,2,0,0,36,2
SC6,EM03,SC6_20231230165002.JPG,2023-12-30T16:50:02,VVR,9,14,2,0,0,0,0,34,0
SC6,EM03,SC6_20231231072001.JPG,2023-12-31T07:20:01,VVR,10,19,0,0,0,0,0,19,0
SC6,EM03,SC6_20231231075001.JPG,2023-12-31T07:50:01,VVR,12,15,0,0,0,0,0,15,0
SC6,EM03,SC6_20231231082001.JPG,2023-12-31T08:20:01,VVR,15,14,1,0,0,0,0,24,0
SC6,EM03,SC6_20231231085001.JPG,2023-12-31T08:50:01,VVR,14,16,0,0,0,0,0,16,0
SC6,EM03,SC6_20231231092001.JPG,2023-12-31T09:20:01,VVR,14,15,0,0,0,0,0,15,0
SC6,EM03,SC6_20231231095001.JPG,2023-12-31T09:50:01,VVR,14,15,0,0,0,0,0,15,0
SC6,EM03,SC6_20231231102001.JPG,2023-12-31T10:20:01,VVR,15,16,1,0,0,0,0,26,0
SC6,EM03,SC6_20231231105001.JPG,2023-12-31T10:50:01,VVR,18,13,1,0,0,0,0,23,0
SC6,EM03,SC6_20231231112001.JPG,2023-12-31T11:20:01,VVR,19,13,1,0,0,0,0,23,0
SC6,EM03,SC6_20231231115001.JPG,2023-12-31T11:50:01,VVR,21,14,1,0,0,0,0,24,0
SC6,EM03,SC6_20231231122001.JPG,2023-12-31T12:20:01,VVR,21,16,1,0,0,0,0,26,0
SC6,EM03,SC6_20231231125001.JPG,2023-12-31T12:50:01,VVR,21,16,1,0,0,0,0,26,0
SC6,EM03,SC6_20231231132001.JPG,2023-12-31T13:20:01,VVR,27,11,1,0,0,0,0,21,0
SC6,EM03,SC6_20231231135001.JPG,2023-12-31T13:50:01,VVR,33,6,1,0,0,0,0,16,0
SC6,EM03,SC6_20231231142001.JPG,2023-12-31T14:20:01,VVR,36,7,1,0,0,0,0,17,0
SC6,EM03,SC6_20231231145001.JPG,2023-12-31T14:50:01,VVR,34,8,1,0,0,0,0,18,0
SC6,EM03,SC6_20231231152001.JPG,2023-12-31T15:20:01,VVR,34,8,1,0,0,0,0,18,0
SC6,EM03,SC6_20231231155001.JPG,2023-12-31T15:50:01,VVR,34,8,1,0,0,0,0,18,0
SC6,EM03,SC6_20231231162002.JPG,2023-12-31T16:20:02,VVR,34,8,1,0,0,0,0,18,0
SC6,EM03,SC6_20231231165001.JPG,2023-12-31T16:50:01,VVR,33,10,1,0,0,0,0,20,0
SC6,EM03,SC6_20240101070001.JPG,2024-01-01T07:00:01,VVR,35,7,2,0,0,0,0,27,0
SC6,EM03,SC6_20240101073002.JPG,2024-01-01T07:30:02,VVR,35,7,2,0,0,0,0,27,0
SC6,EM03,SC6_20240101080001.JPG,2024-01-01T08:00:01,VVR,37,5,3,0,1,0,0,35,1
SC6,EM03,SC6_20240101083001.JPG,2024-01-01T08:30:01,VVR,35,6,3,0,0,0,0,36,0
SC6,EM03,SC6_20240101090001.JPG,2024-01-01T09:00:01,VVR,36,5,3,0,4,3,0,35,34
SC6,EM03,SC6_20240101093001.JPG,2024-01-01T09:30:01,VVR,37,4,3,0,4,3,0,34,34
SC6,EM03,SC6_20240101100001.JPG,2024-01-01T10:00:01,VVR,38,4,3,0,4,3,0,34,34
SC6,EM03,SC6_20240101103001.JPG,2024-01-01T10:30:01,VVR,41,6,1,0,5,1,0,16,15
SC6,EM03,SC6_20240101110001.JPG,2024-01-01T11:00:01,VVR,53,5,1,0,4,1,0,15,14
SC6,EM03,SC6_20240101113001.JPG,2024-01-01T11:30:01,VVR,49,5,1,0,3,1,0,15,13
SC6,EM03,SC6_20240101120001.JPG,2024-01-01T12:00:01,VVR,49,5,1,0,2,1,0,15,12
SC6,EM03,SC6_20240101123001.JPG,2024-01-01T12:30:01,VVR,52,2,1,0,0,1,0,12,10
SC6,EM03,SC6_20240101130001.JPG,2024-01-01T13:00:01,VVR,51,5,1,0,4,0,0,15,4
SC6,EM03,SC6_20240101133001.JPG,2024-01-01T13:30:01,VVR,53,4,0,0,0,0,0,4,0
SC6,EM03,SC6_20240101140001.JPG,2024-01-01T14:00:01,VVR,47,9,1,0,2,1,0,19,12
SC6,EM03,SC6_20240101143001.JPG,2024-01-01T14:30:01,VVR,48,8,1,0,0,0,0,18,0
SC6,EM03,SC6_20240101150001.JPG,2024-01-01T15:00:01,VVR,47,12,3,0,1,0,0,42,1
SC6,EM03,SC6_20240101153001.JPG,2024-01-01T15:30:01,VVR,49,17,2,0,5,0,0,37,5
SC6,EM03,SC6_20240101160001.JPG,2024-01-01T16:00:01,VVR,44,23,3,0,4,2,0,53,24
SC6,EM03,SC6_20240101163001.JPG,2024-01-01T16:30:01,VVR,54,14,5,1,3,1,0,164,13
SC6,EM03,SC6_20240101170001.JPG,2024-01-01T17:00:01,VVR,58,15,5,1,1,1,0,165,11
SC6,EM03,SC6_20240102072001.JPG,2024-01-02T07:20:01,VVR,56,14,3,1,0,0,0,144,0
SC6,EM03,SC6_20240102075001.JPG,2024-01-02T07:50:01,VVR,57,14,2,1,0,0,0,134,0
SC6,EM03,SC6_20240102082001.JPG,2024-01-02T08:20:01,VVR,61,10,2,1,2,1,0,130,12
SC6,EM03,SC6_20240102085001.JPG,2024-01-02T08:50:01,VVR,62,11,2,1,9,2,1,131,129
SC6,EM03,SC6_20240102092002.JPG,2024-01-02T09:20:02,VVR,56,17,2,1,13,2,0,137,33
SC6,EM03,SC6_20240102095001.JPG,2024-01-02T09:50:01,VVR,57,15,4,0,0,1,0,55,10
SC6,EM03,SC6_20240102102001.JPG,2024-01-02T10:20:01,VVR,60,11,3,0,9,2,0,41,29
SC6,EM03,SC6_20240102105001.JPG,2024-01-02T10:50:01,VVR,55,16,3,0,0,0,0,46,0
SC6,EM03,SC6_20240102112001.JPG,2024-01-02T11:20:01,VVR,56,16,5,0,0,0,0,66,0
SC6,EM03,SC6_20240102115001.JPG,2024-01-02T11:50:01,VVR,61,11,5,0,2,1,0,61,12
SC6,EM03,SC6_20240102122001.JPG,2024-01-02T12:20:01,VVR,62,11,4,0,0,0,0,51,0
SC6,EM03,SC6_20240102125001.JPG,2024-01-02T12:50:01,VVR,67,11,0,0,7,0,0,11,7
SC6,EM03,SC6_20240102132001.JPG,2024-01-02T13:20:01,VVR,68,9,1,0,2,1,0,19,12
SC6,EM03,SC6_20240102135001.JPG,2024-01-02T13:50:01,VVR,67,10,1,0,0,0,0,20,0
SC6,EM03,SC6_20240102142001.JPG,2024-01-02T14:20:01,VVR,66,10,4,0,0,1,0,50,10
SC6,EM03,SC6_20240102145001.JPG,2024-01-02T14:50:01,VVR,64,11,5,0,0,1,0,61,10
SC6,EM03,SC6_20240102152001.JPG,2024-01-02T15:20:01,VVR,59,15,6,0,0,1,0,75,10
SC6,EM03,SC6_20240102155001.JPG,2024-01-02T15:50:01,VVR,63,12,5,0,3,2,0,62,23
SC6,EM03,SC6_20240102162001.JPG,2024-01-02T16:20:01,VVR,62,13,5,0,3,2,0,63,23
SC6,EM03,SC6_20240102165001.JPG,2024-01-02T16:50:01,VVR,61,15,4,0,0,0,0,55,0
SC6,EM03,SC6_20240102172001.JPG,2024-01-02T17:20:01,VVR,61,15,4,0,2,1,0,55,12
SC6,EM03,SC6_20240103072001.JPG,2024-01-03T07:20:01,VVR,62,15,3,0,0,0,0,45,0
SC6,EM03,SC6_20240103075001.JPG,2024-01-03T07:50:01,VVR,61,18,5,0,0,0,0,68,0
SC6,EM03,SC6_20240103082001.JPG,2024-01-03T08:20:01,VVR,63,15,6,0,4,1,0,75,14
SC6,EM03,SC6_20240103085001.JPG,2024-01-03T08:50:01,VVR,63,15,6,0,6,4,0,75,46
SC6,EM03,SC6_20240103092001.JPG,2024-01-03T09:20:01,VVR,62,19,6,0,14,4,0,79,54
SC6,EM03,SC6_20240103095001.JPG,2024-01-03T09:50:01,VVR,67,15,6,0,3,5,0,75,53
SC6,EM03,SC6_20240103102001.JPG,2024-01-03T10:20:01,VVR,66,16,5,0,10,4,0,66,50
SC6,EM03,SC6_20240103105001.JPG,2024-01-03T10:50:01,VVR,62,19,6,0,0,5,0,79,50
SC6,EM03,SC6_20240103112001.JPG,2024-01-03T11:20:01,VVR,65,17,5,0,1,4,0,67,41
SC6,EM03,SC6_20240103115001.JPG,2024-01-03T11:50:01,VVR,65,16,5,0,6,4,0,66,46
SC6,EM03,SC6_20240103122001.JPG,2024-01-03T12:20:01,VVR,68,19,2,0,6,2,0,39,26
SC6,EM03,SC6_20240103125001.JPG,2024-01-03T12:50:01,VVR,73,15,0,0,4,0,0,15,4
SC6,EM03,SC6_20240103132001.JPG,2024-01-03T13:20:01,VVR,67,20,3,0,0,0,0,50,0
SC6,EM03,SC6_20240103135001.JPG,2024-01-03T13:50:01,VVR,71,19,0,0,5,0,0,19,5
SC6,EM03,SC6_20240103142001.JPG,2024-01-03T14:20:01,VVR,74,14,2,0,0,0,0,34,0
SC6,EM03,SC6_20240103145001.JPG,2024-01-03T14:50:01,VVR,83,8,2,0,1,0,0,28,1
SC6,EM03,SC6_20240103152001.JPG,2024-01-03T15:20:01,VVR,83,8,2,0,1,1,0,28,11
SC6,EM03,SC6_20240103155001.JPG,2024-01-03T15:50:01,VVR,83,9,1,0,4,0,0,19,4
SC6,EM03,SC6_20240103162001.JPG,2024-01-03T16:20:01,VVR,80,13,1,0,1,0,0,23,1
SC6,EM03,SC6_20240103165002.JPG,2024-01-03T16:50:02,VVR,84,9,1,0,1,0,0,19,1
SC6,EM03,SC6_20240103172001.JPG,2024-01-03T17:20:01,VVR,82,11,1,0,1,0,0,21,1
SC6,EM03,SC6_20240104070001.JPG,2024-01-04T07:00:01,VVR,81,13,1,0,0,0,0,23,0
SC6,EM03,SC6_20240104073001.JPG,2024-01-04T07:30:01,VVR,80,14,1,0,0,0,0,24,0
SC6,EM03,SC6_20240104080001.JPG,2024-01-04T08:00:01,VVR,82,13,1,0,3,0,0,23,3
SC6,EM03,SC6_20240104083001.JPG,2024-01-04T08:30:01,VVR,83,12,0,0,9,0,0,12,9
SC6,EM03,SC6_20240104090001.JPG,2024-01-04T09:00:01,VVR,80,14,1,0,9,1,0,24,19
SC6,EM03,SC6_20240104093001.JPG,2024-01-04T09:30:01,VVR,80,15,1,0,8,1,0,25,18
SC6,EM03,SC6_20240104100001.JPG,2024-01-04T10:00:01,VVR,82,13,2,0,10,2,0,33,30
SC6,EM03,SC6_20240104103001.JPG,2024-01-04T10:30:01,VVR,82,14,2,0,7,2,0,34,27
SC6,EM03,SC6_20240104110001.JPG,2024-01-04T11:00:01,VVR,83,13,1,0,8,1,0,23,18
SC6,EM03,SC6_20240104113001.JPG,2024-01-04T11:30:01,VVR,81,14,2,0,8,1,0,34,18
SC6,EM03,SC6_20240104120001.JPG,2024-01-04T12:00:01,VVR,84,13,1,0,11,1,0,23,21
SC6,EM03,SC6_20240104123001.JPG,2024-01-04T12:30:01,VVR,83,14,1,0,7,1,0,24,17
SC6,EM03,SC6_20240104130001.JPG,2024-01-04T13:00:01,VVR,85,13,0,0,8,0,0,13,8
SC6,EM03,SC6_20240104133001.JPG,2024-01-04T13:30:01,VVR,84,12,2,0,4,0,0,32,4
SC6,EM03,SC6_20240104140001.JPG,2024-01-04T14:00:01,VVR,85,11,2,0,4,1,0,31,14
SC6,EM03,SC6_20240104143001.JPG,2024-01-04T14:30:01,VVR,85,12,1,0,3,0,0,22,3
SC6,EM03,SC6_20240104150001.JPG,2024-01-04T15:00:01,VVR,87,11,1,0,3,0,0,21,3
SC6,EM03,SC6_20240104153001.JPG,2024-01-04T15:30:01,VVR,86,11,3,0,1,0,0,41,1
SC6,EM03,SC6_20240104160001.JPG,2024-01-04T16:00:01,VVR,88,11,2,0,5,0,0,31,5
SC6,EM03,SC6_20240104163001.JPG,2024-01-04T16:30:01,VVR,88,11,2,0,4,0,0,31,4
SC6,EM03,SC6_20240104170001.JPG,2024-01-04T17:00:01,VVR,88,12,2,0,2,0,0,32,2
SC6,EM03,SC6_20240105070001.JPG,2024-01-05T07:00:01,VVR,91,11,1,0,2,0,0,21,2
SC6,EM03,SC6_20240105073001.JPG,2024-01-05T07:30:01,VVR,89,12,1,0,3,0,0,22,3
SC6,EM03,SC6_20240105080001.JPG,2024-01-05T08:00:01,VVR,89,12,1,0,3,0,0,22,3
SC6,EM03,SC6_20240105083001.JPG,2024-01-05T08:30:01,VVR,90,12,0,0,5,0,0,12,5
SC6,EM03,SC6_20240105090001.JPG,2024-01-05T09:00:01,VVR,91,11,0,0,10,0,0,11,10
SC6,EM03,SC6_20240105093001.JPG,2024-01-05T09:30:01,VVR,91,11,0,0,7,0,0,11,7
SC6,EM03,SC6_20240105100001.JPG,2024-01-05T10:00:01,VVR,90,12,1,0,6,1,0,22,16
SC6,EM03,SC6_20240105103001.JPG,2024-01-05T10:30:01,VVR,89,11,2,0,8,1,0,31,18
SC6,EM03,SC6_20240105110001.JPG,2024-01-05T11:00:01,VVR,91,10,2,0,7,2,0,30,27
SC6,EM03,SC6_20240105113001.JPG,2024-01-05T11:30:01,VVR,89,11,2,0,9,2,0,31,29
SC6,EM03,SC6_20240105120001.JPG,2024-01-05T12:00:01,VVR,90,11,1,0,7,1,0,21,17
SC6,EM03,SC6_20240105123001.JPG,2024-01-05T12:30:01,VVR,91,11,0,0,6,0,0,11,6
SC6,EM03,SC6_20240105130001.JPG,2024-01-05T13:00:01,VVR,99,3,0,0,3,0,0,3,3
SC6,EM03,SC6_20240105133001.JPG,2024-01-05T13:30:01,VVR,97,5,0,0,3,0,0,5,3
SC6,EM03,SC6_20240105140001.JPG,2024-01-05T14:00:01,VVR,95,6,1,0,0,0,0,16,0
SC7,IRIS,SC7_20231215144501.JPG,2023-12-15T14:45:01,VVR,2,28,8,0,0,0,0,108,0
SC7,IRIS,SC7_20231215145501.JPG,2023-12-15T14:55:01,VVR,6,31,8,0,0,0,0,111,0
SC7,IRIS,SC7_20231215150501.JPG,2023-12-15T15:05:01,VVR,0,28,9,0,0,1,0,118,10
SC7,IRIS,SC7_20231215151501.JPG,2023-12-15T15:15:01,VVR,1,29,8,0,0,0,0,109,0
SC7,IRIS,SC7_20231215152501.JPG,2023-12-15T15:25:01,VVR,0,28,8,0,0,0,0,108,0
SC7,IRIS,SC7_20231215153501.JPG,2023-12-15T15:35:01,VVR,0,27,9,0,1,0,0,117,1
SC7,IRIS,SC7_20231215154501.JPG,2023-12-15T15:45:01,VVR,2,25,9,0,1,0,0,115,1
SC7,IRIS,SC7_20231215155501.JPG,2023-12-15T15:55:01,VVR,2,25,9,0,1,0,0,115,1
SC7,IRIS,SC7_20231215160501.JPG,2023-12-15T16:05:01,VVR,0,28,8,0,0,0,0,108,0
SC7,IRIS,SC7_20231215161501.JPG,2023-12-15T16:15:01,VVR,0,29,4,0,0,0,0,69,0
SC7,IRIS,SC7_20231215162501.JPG,2023-12-15T16:25:01,VVR,0,1,0,0,0,0,0,1,0
SC7,IRIS,SC7_20231215163501.JPG,2023-12-15T16:35:01,VVR,0,1,0,0,0,0,0,1,0
SC7,IRIS,SC7_20231215164501.JPG,2023-12-15T16:45:01,VVR,0,1,0,0,0,0,0,1,0
SC7,IRIS,SC7_20231215165501.JPG,2023-12-15T16:55:01,VVR,0,1,0,0,0,0,0,1,0
SC7,IRIS,SC7_20231215170501.JPG,2023-12-15T17:05:01,VVR,0,1,0,0,0,0,0,1,0
SC7,IRIS,SC7_20231216000501.JPG,2023-12-16T00:05:01,,0,1,0,0,0,0,0,1,0
SC8,EM03,SC8_20240105155002.JPG,2024-01-05T15:50:02,SM,671,38,10,1,0,0,0,238,0
SC8,EM03,SC8_20240105162001.JPG,2024-01-05T16:20:01,SM,672,35,12,1,0,0,0,255,0
SC8,EM03,SC8_20240105165001.JPG,2024-01-05T16:50:01,SM,674,33,12,1,0,0,0,253,0
SC8,EM03,SC8_20240105172001.JPG,2024-01-05T17:20:01,SM,673,34,12,1,0,0,0,254,0
SC8,EM03,SC8_20240106065001.JPG,2024-01-06T06:50:01,SM,663,44,12,1,0,0,0,264,0
SC8,EM03,SC8_20240106072001.JPG,2024-01-06T07:20:01,SM,666,42,11,1,0,0,0,252,0
SC8,EM03,SC8_20240106075001.JPG,2024-01-06T07:50:01,SM,668,40,11,1,0,0,0,250,0
SC8,EM03,SC8_20240106082001.JPG,2024-01-06T08:20:01,SM,667,41,11,1,0,0,0,251,0
SC8,EM03,SC8_20240106085001.JPG,2024-01-06T08:50:01,SM,666,42,11,1,0,0,0,252,0
SC8,EM03,SC8_20240106092001.JPG,2024-01-06T09:20:01,SM,666,42,11,1,0,0,0,252,0
SC8,EM03,SC8_20240106095001.JPG,2024-01-06T09:50:01,SM,665,43,11,1,0,0,0,253,0
SC8,EM03,SC8_20240106102001.JPG,2024-01-06T10:20:01,SM,669,39,11,1,1,0,0,249,1
SC8,EM03,SC8_20240106105001.JPG,2024-01-06T10:50:01,SM,668,40,11,1,0,0,0,250,0
SC8,EM03,SC8_20240106112001.JPG,2024-01-06T11:20:01,SM,668,40,11,1,0,0,0,250,0
SC8,EM03,SC8_20240106115001.JPG,2024-01-06T11:50:01,SM,668,40,11,1,0,0,0,250,0
SC8,EM03,SC8_20240106122001.JPG,2024-01-06T12:20:01,SM,671,37,11,1,0,0,0,247,0
SC8,EM03,SC8_20240106125001.JPG,2024-01-06T12:50:01,SM,673,35,11,1,0,0,0,245,0
SC8,EM03,SC8_20240106132001.JPG,2024-01-06T13:20:01,SM,671,37,11,1,0,0,0,247,0
SC8,EM03,SC8_20240106135001.JPG,2024-01-06T13:50:01,SM,674,34,11,1,0,0,0,244,0
SC8,EM03,SC8_20240106142001.JPG,2024-01-06T14:20:01,SM,676,32,11,1,0,0,0,242,0
SC8,EM03,SC8_20240106145001.JPG,2024-01-06T14:50:01,SM,676,32,11,1,0,0,0,242,0
SC8,EM03,SC8_20240106152001.JPG,2024-01-06T15:20:01,SM,676,32,11,1,0,0,0,242,0
SC8,EM03,SC8_20240106155001.JPG,2024-01-06T15:50:01,SM,676,32,11,1,0,0,0,242,0
SC8,EM03,SC8_20240106162001.JPG,2024-01-06T16:20:01,SM,676,32,11,1,0,0,0,242,0
SC8,EM03,SC8_20240106165001.JPG,2024-01-06T16:50:01,SM,676,32,11,1,0,0,0,242,0
SC8,EM03,SC8_20240106172001.JPG,2024-01-06T17:20:01,SM,675,33,11,1,0,0,0,243,0
SC8,EM03,SC8_20240107065001.JPG,2024-01-07T06:50:01,SM,675,33,11,1,0,0,0,243,0
SC8,EM03,SC8_20240107072002.JPG,2024-01-07T07:20:02,SM,677,32,10,1,0,0,0,232,0
SC8,EM03,SC8_20240107075001.JPG,2024-01-07T07:50:01,SM,676,33,10,1,0,0,0,233,0
SC8,EM03,SC8_20240107082001.JPG,2024-01-07T08:20:01,SM,676,33,10,1,0,0,0,233,0
SC8,EM03,SC8_20240107085001.JPG,2024-01-07T08:50:01,SM,673,36,10,1,0,0,0,236,0
SC8,EM03,SC8_20240107092001.JPG,2024-01-07T09:20:01,SM,672,37,10,1,0,0,0,237,0
SC8,EM03,SC8_20240107095001.JPG,2024-01-07T09:50:01,SM,672,37,10,1,0,0,0,237,0
SC8,EM03,SC8_20240107102001.JPG,2024-01-07T10:20:01,SM,675,34,10,1,0,0,0,234,0
SC8,EM03,SC8_20240107105001.JPG,2024-01-07T10:50:01,SM,675,34,10,1,0,0,0,234,0
SC8,EM03,SC8_20240107112001.JPG,2024-01-07T11:20:01,SM,675,34,10,1,0,0,0,234,0
SC8,EM03,SC8_20240107115001.JPG,2024-01-07T11:50:01,SM,677,32,10,1,3,0,0,232,3
SC8,EM03,SC8_20240107122001.JPG,2024-01-07T12:20:01,SM,681,28,10,1,3,0,0,228,3
SC8,EM03,SC8_20240107125001.JPG,2024-01-07T12:50:01,SM,679,30,10,1,2,0,0,230,2
SC8,EM03,SC8_20240107132001.JPG,2024-01-07T13:20:01,SM,683,26,10,1,1,0,0,226,1
SC8,EM03,SC8_20240107135001.JPG,2024-01-07T13:50:01,SM,686,23,10,1,0,0,0,223,0
SC8,EM03,SC8_20240107142001.JPG,2024-01-07T14:20:01,SM,685,23,11,1,0,0,0,233,0
SC8,EM03,SC8_20240107145001.JPG,2024-01-07T14:50:01,SM,684,24,11,1,0,0,0,234,0
SC8,EM03,SC8_20240107152001.JPG,2024-01-07T15:20:01,SM,684,24,11,1,0,0,0,234,0
SC8,EM03,SC8_20240107155001.JPG,2024-01-07T15:50:01,SM,684,24,11,1,0,0,0,234,0
SC8,EM03,SC8_20240107162001.JPG,2024-01-07T16:20:01,SM,684,24,11,1,0,0,0,234,0
SC8,EM03,SC8_20240107165001.JPG,2024-01-07T16:50:01,SM,684,24,11,1,0,0,0,234,0
SC8,EM03,SC8_20240107172001.JPG,2024-01-07T17:20:01,SM,684,25,10,1,0,0,0,225,0
SC8,EM03,SC8_20240108065001.JPG,2024-01-08T06:50:01,SM,680,28,11,1,0,0,0,238,0
SC8,EM03,SC8_20240108072001.JPG,2024-01-08T07:20:01,SM,682,26,11,1,0,0,0,236,0
SC8,EM03,SC8_20240108075001.JPG,2024-01-08T07:50:01,SM,682,26,11,1,0,0,0,236,0
SC8,EM03,SC8_20240108082001.JPG,2024-01-08T08:20:01,SM,681,27,11,1,0,0,0,237,0
SC8,EM03,SC8_20240108085001.JPG,2024-01-08T08:50:01,SM,680,28,11,1,0,0,0,238,0
SC8,EM03,SC8_20240108092001.JPG,2024-01-08T09:20:01,SM,681,27,11,1,0,0,0,237,0
SC8,EM03,SC8_20240108095001.JPG,2024-01-08T09:50:01,SM,680,31,8,1,0,0,0,211,0
SC8,EM03,SC8_20240108102001.JPG,2024-01-08T10:20:01,SM,682,29,8,1,0,0,0,209,0
SC8,EM03,SC8_20240108105001.JPG,2024-01-08T10:50:01,SM,681,30,8,1,0,0,0,210,0
SC8,EM03,SC8_20240108112001.JPG,2024-01-08T11:20:01,SM,680,29,10,1,1,0,0,229,1
SC8,EM03,SC8_20240108115001.JPG,2024-01-08T11:50:01,SM,678,31,10,1,2,0,0,231,2
SC8,EM03,SC8_20240108122001.JPG,2024-01-08T12:20:01,SM,678,31,10,1,3,1,0,231,13
SC8,EM03,SC8_20240108125001.JPG,2024-01-08T12:50:01,SM,681,28,10,1,3,1,0,228,13
SC8,EM03,SC8_20240108132001.JPG,2024-01-08T13:20:01,SM,680,29,10,1,3,0,0,229,3
SC8,EM03,SC8_20240108135001.JPG,2024-01-08T13:50:01,SM,676,33,10,1,0,0,0,233,0
SC8,EM03,SC8_20240108142001.JPG,2024-01-08T14:20:01,KRN,676,33,10,1,0,0,0,233,0
SC8,EM03,SC8_20240108145001.JPG,2024-01-08T14:50:01,SM,675,34,10,1,0,0,0,234,0
SC8,EM03,SC8_20240108152001.JPG,2024-01-08T15:20:01,KRN,677,32,10,1,0,0,0,232,0
SC8,EM03,SC8_20240108155000.JPG,2024-01-08T15:50:00,SM,677,32,10,1,0,0,0,232,0
SC8,EM03,SC8_20240108162001.JPG,2024-01-08T16:20:01,SM,676,32,11,1,0,0,0,242,0
SC8,EM03,SC8_20240108165001.JPG,2024-01-08T16:50:01,SM,676,32,11,1,0,0,0,242,0
SC8,EM03,SC8_20240108172001.JPG,2024-01-08T17:20:01,SM,676,32,11,1,0,0,0,242,0
SC8,EM03,SC8_20240109065001.JPG,2024-01-09T06:50:01,SM,675,33,11,1,0,0,0,243,0
SC8,EM03,SC8_20240109072001.JPG,2024-01-09T07:20:01,SM,675,33,11,1,0,0,0,243,0
SC8,EM03,SC8_20240109075001.JPG,2024-01-09T07:50:01,SM,675,33,11,1,0,0,0,243,0
SC8,EM03,SC8_20240109082001.JPG,2024-01-09T08:20:01,SM,673,34,12,1,0,0,0,254,0
SC8,EM03,SC8_20240109085001.JPG,2024-01-09T08:50:01,SM,672,35,12,1,0,0,0,255,0
SC8,EM03,SC8_20240109092001.JPG,2024-01-09T09:20:01,SM,673,34,12,1,0,0,0,254,0
SC8,EM03,SC8_20240109095001.JPG,2024-01-09T09:50:01,SM,672,35,12,1,1,0,0,255,1
SC8,EM03,SC8_20240109102001.JPG,2024-01-09T10:20:01,SM,673,34,12,1,1,0,0,254,1
SC8,EM03,SC8_20240109105001.JPG,2024-01-09T10:50:01,SM,674,33,12,1,1,0,0,253,1
SC8,EM03,SC8_20240109112001.JPG,2024-01-09T11:20:01,SM,678,29,12,1,1,0,0,249,1
SC8,EM03,SC8_20240109115001.JPG,2024-01-09T11:50:01,SM,678,29,12,1,1,0,0,249,1
SC8,EM03,SC8_20240109122001.JPG,2024-01-09T12:20:01,SM,678,29,12,1,5,0,0,249,5
SC8,EM03,SC8_20240109125001.JPG,2024-01-09T12:50:01,SM,680,27,12,1,4,0,0,247,4
SC8,EM03,SC8_20240109132001.JPG,2024-01-09T13:20:01,SM,683,24,12,1,2,1,0,244,12
SC8,EM03,SC8_20240109135001.JPG,2024-01-09T13:50:01,SM,682,24,13,1,0,0,0,254,0
SC8,EM03,SC8_20240109142002.JPG,2024-01-09T14:20:02,SM,683,23,13,1,0,0,0,253,0
SC8,EM03,SC8_20240109145001.JPG,2024-01-09T14:50:01,SM,682,24,13,1,0,0,0,254,0
SC8,EM03,SC8_20240109152001.JPG,2024-01-09T15:20:01,SM,682,24,13,1,0,0,0,254,0
SC8,EM03,SC8_20240109155001.JPG,2024-01-09T15:50:01,SM,682,24,13,1,0,0,0,254,0
SC8,EM03,SC8_20240109162001.JPG,2024-01-09T16:20:01,SM,684,22,13,1,0,0,0,252,0
SC8,EM03,SC8_20240109165001.JPG,2024-01-09T16:50:01,SM,684,22,13,1,0,0,0,252,0
SC8,EM03,SC8_20240109172001.JPG,2024-01-09T17:20:01,SM,683,23,13,1,0,0,0,253,0
SC8,EM03,SC8_20240110065001.JPG,2024-01-10T06:50:01,SM,684,22,13,1,0,0,0,252,0
SC8,EM03,SC8_20240110072002.JPG,2024-01-10T07:20:02,SM,684,22,13,1,0,0,0,252,0
SC8,EM03,SC8_20240110075001.JPG,2024-01-10T07:50:01,SM,684,22,13,1,0,0,0,252,0
SC8,EM03,SC8_20240110082001.JPG,2024-01-10T08:20:01,SM,683,23,13,1,0,0,0,253,0
SC8,EM03,SC8_20240110085001.JPG,2024-01-10T08:50:01,SM,684,23,12,1,0,0,0,243,0
SC8,EM03,SC8_20240110092001.JPG,2024-01-10T09:20:01,SM,685,23,11,1,0,0,0,233,0
SC8,EM03,SC8_20240110095001.JPG,2024-01-10T09:50:01,SM,685,23,11,1,0,0,0,233,0
SC8,EM03,SC8_20240110102001.JPG,2024-01-10T10:20:01,SM,686,22,11,1,0,0,0,232,0
SC8,EM03,SC8_20240110105001.JPG,2024-01-10T10:50:01,SM,685,23,11,1,3,0,0,233,3
SC8,EM03,SC8_20240110112001.JPG,2024-01-10T11:20:01,SM,685,23,11,1,1,0,0,233,1
SC8,EM03,SC8_20240110115001.JPG,2024-01-10T11:50:01,SM,685,23,11,1,1,0,0,233,1
SC8,EM03,SC8_20240110122001.JPG,2024-01-10T12:20:01,SM,686,22,11,1,4,0,0,232,4
SC8,EM03,SC8_20240110125001.JPG,2024-01-10T12:50:01,SM,684,26,9,1,0,0,0,216,0
SC8,EM03,SC8_20240110132001.JPG,2024-01-10T13:20:01,SM,684,25,10,1,0,0,0,225,0
SC8,EM03,SC8_20240110135001.JPG,2024-01-10T13:50:01,SM,684,25,10,1,0,0,0,225,0
SC8,EM03,SC8_20240110142001.JPG,2024-01-10T14:20:01,SM,686,23,10,1,0,0,0,223,0
SC8,EM03,SC8_20240110145002.JPG,2024-01-10T14:50:02,SM,685,23,11,1,0,0,0,233,0
SC8,EM03,SC8_20240110152001.JPG,2024-01-10T15:20:01,SM,682,26,11,1,0,0,0,236,0
SC8,EM03,SC8_20240110155001.JPG,2024-01-10T15:50:01,SM,682,26,11,1,0,0,0,236,0
SC8,EM03,SC8_20240110162001.JPG,2024-01-10T16:20:01,SM,682,26,11,1,0,0,0,236,0
SC8,EM03,SC8_20240110165002.JPG,2024-01-10T16:50:02,SM,682,26,11,1,0,0,0,236,0
SC8,EM03,SC8_20240110172001.JPG,2024-01-10T17:20:01,SM,682,26,11,1,0,0,0,236,0
SC8,EM03,SC8_20240111065001.JPG,2024-01-11T06:50:01,SM,682,25,12,1,0,0,0,245,0
SC8,EM03,SC8_20240111072002.JPG,2024-01-11T07:20:02,SM,682,25,12,1,0,0,0,245,0
SC8,EM03,SC8_20240111075001.JPG,2024-01-11T07:50:01,SM,682,25,12,1,0,0,0,245,0
SC8,EM03,SC8_20240111082001.JPG,2024-01-11T08:20:01,SM,682,25,12,1,0,0,0,245,0
SC8,EM03,SC8_20240111085001.JPG,2024-01-11T08:50:01,SM,682,25,12,1,0,0,0,245,0
SC8,EM03,SC8_20240111092001.JPG,2024-01-11T09:20:01,SM,683,27,9,1,0,0,0,217,0
SC8,EM03,SC8_20240111095001.JPG,2024-01-11T09:50:01,SM,684,26,9,1,0,0,0,216,0
SC8,EM03,SC8_20240111102001.JPG,2024-01-11T10:20:01,SM,689,22,8,1,0,0,0,202,0
SC8,EM03,SC8_20240111105001.JPG,2024-01-11T10:50:01,SM,689,22,8,1,0,0,0,202,0
SC8,EM03,SC8_20240111112001.JPG,2024-01-11T11:20:01,SM,688,23,8,1,0,0,0,203,0
SC8,EM03,SC8_20240111115001.JPG,2024-01-11T11:50:01,SM,688,23,8,1,0,0,0,203,0
SC8,EM03,SC8_20240111122001.JPG,2024-01-11T12:20:01,SM,687,24,8,1,3,0,0,204,3
SC8,EM03,SC8_20240111125001.JPG,2024-01-11T12:50:01,SM,689,22,8,1,1,0,0,202,1
SC8,EM03,SC8_20240111132001.JPG,2024-01-11T13:20:01,SM,689,22,8,1,0,0,0,202,0
SC8,EM03,SC8_20240111135001.JPG,2024-01-11T13:50:01,SM,689,22,8,1,0,0,0,202,0
SC8,EM03,SC8_20240111142001.JPG,2024-01-11T14:20:01,SM,689,22,8,1,0,0,0,202,0
SC8,EM03,SC8_20240111145001.JPG,2024-01-11T14:50:01,SM,689,21,9,1,0,0,0,211,0
SC8,EM03,SC8_20240111152001.JPG,2024-01-11T15:20:01,SM,689,21,9,1,0,0,0,211,0
SC8,EM03,SC8_20240111155001.JPG,2024-01-11T15:50:01,SM,689,21,9,1,0,0,0,211,0
SC8,EM03,SC8_20240111162001.JPG,2024-01-11T16:20:01,SM,690,20,9,1,0,0,0,210,0
SC8,EM03,SC8_20240111165001.JPG,2024-01-11T16:50:01,SM,690,20,9,1,0,0,0,210,0
SC8,EM03,SC8_20240111172000.JPG,2024-01-11T17:20:00,SM,690,20,9,1,0,0,0,210,0
SC8,EM03,SC8_20240112070001.JPG,2024-01-12T07:00:01,SM,686,25,8,1,0,0,0,205,0
SC8,EM03,SC8_20240112073001.JPG,2024-01-12T07:30:01,SM,685,26,8,1,0,0,0,206,0
SC8,EM03,SC8_20240112080001.JPG,2024-01-12T08:00:01,SM,684,27,8,1,0,0,0,207,0
SC8,EM03,SC8_20240112083001.JPG,2024-01-12T08:30:01,SM,683,28,8,1,0,0,0,208,0
SC8,EM03,SC8_20240112090001.JPG,2024-01-12T09:00:01,SM,685,26,8,1,0,0,0,206,0
SC8,EM03,SC8_20240112093001.JPG,2024-01-12T09:30:01,SM,681,30,8,1,0,0,0,210,0
SC8,EM03,SC8_20240112100001.JPG,2024-01-12T10:00:01,SM,685,26,8,1,0,0,0,206,0
SC8,EM03,SC8_20240112103001.JPG,2024-01-12T10:30:01,SM,686,25,8,1,0,0,0,205,0
SC8,EM03,SC8_20240112110001.JPG,2024-01-12T11:00:01,SM,689,22,8,1,0,0,0,202,0
SC8,EM03,SC8_20240112113001.JPG,2024-01-12T11:30:01,SM,689,22,8,1,0,0,0,202,0
SC8,EM03,SC8_20240112120001.JPG,2024-01-12T12:00:01,SM,690,21,8,1,3,0,0,201,3
SC8,EM03,SC8_20240112123001.JPG,2024-01-12T12:30:01,SM,690,21,8,1,3,0,0,201,3
SC8,EM03,SC8_20240112130001.JPG,2024-01-12T13:00:01,SM,692,19,8,1,1,0,0,199,1
SC8,EM03,SC8_20240112133001.JPG,2024-01-12T13:30:01,SM,692,19,8,1,1,0,0,199,1
SC8,EM03,SC8_20240112140001.JPG,2024-01-12T14:00:01,SM,691,19,9,1,0,0,0,209,0
SC8,EM03,SC8_20240112143001.JPG,2024-01-12T14:30:01,SM,690,20,9,1,1,0,0,210,1
SC8,EM03,SC8_20240112150001.JPG,2024-01-12T15:00:01,SM,690,20,9,1,1,0,0,210,1
SC8,EM03,SC8_20240112153001.JPG,2024-01-12T15:30:01,SM,688,22,9,1,0,0,0,212,0
SC8,EM03,SC8_20240112160001.JPG,2024-01-12T16:00:01,SM,688,22,9,1,0,0,0,212,0
SC8,EM03,SC8_20240112163001.JPG,2024-01-12T16:30:01,SM,688,22,9,1,0,0,0,212,0
SC8,EM03,SC8_20240112170001.JPG,2024-01-12T17:00:01,SM,688,22,9,1,0,0,0,212,0
SC8,EM03,SC8_20240112173001.JPG,2024-01-12T17:30:01,SM,688,22,9,1,0,0,0,212,0
SC8,EM03,SC8_20240113070001.JPG,2024-01-13T07:00:01,SM,683,26,10,1,0,0,0,226,0
SC8,EM03,SC8_20240113073001.JPG,2024-01-13T07:30:01,SM,682,27,10,1,0,0,0,227,0
SC8,EM03,SC8_20240113080002.JPG,2024-01-13T08:00:02,SM,682,27,10,1,0,0,0,227,0
SC8,EM03,SC8_20240113083001.JPG,2024-01-13T08:30:01,SM,683,27,9,1,0,0,0,217,0
SC8,EM03,SC8_20240113090001.JPG,2024-01-13T09:00:01,SM,682,28,9,1,0,0,0,218,0
SC8,EM03,SC8_20240113093001.JPG,2024-01-13T09:30:01,SM,682,29,8,1,0,0,0,209,0
SC8,EM03,SC8_20240113100001.JPG,2024-01-13T10:00:01,SM,686,26,7,1,0,0,0,196,0
SC8,EM03,SC8_20240113103001.JPG,2024-01-13T10:30:01,SM,684,28,7,1,0,0,0,198,0
SC8,EM03,SC8_20240113110001.JPG,2024-01-13T11:00:01,SM,684,28,7,1,0,0,0,198,0
SC8,EM03,SC8_20240113113001.JPG,2024-01-13T11:30:01,SM,686,26,7,1,0,0,0,196,0
SC8,EM03,SC8_20240113120001.JPG,2024-01-13T12:00:01,SM,685,27,7,1,0,0,0,197,0
SC8,EM03,SC8_20240113123001.JPG,2024-01-13T12:30:01,SM,686,26,7,1,0,0,0,196,0
SC8,EM03,SC8_20240113130001.JPG,2024-01-13T13:00:01,SM,691,21,7,1,1,0,0,191,1
SC8,EM03,SC8_20240113133001.JPG,2024-01-13T13:30:01,SM,690,22,7,1,1,0,0,192,1
SC8,EM03,SC8_20240113140001.JPG,2024-01-13T14:00:01,SM,690,22,7,1,0,0,0,192,0
SC8,EM03,SC8_20240113143001.JPG,2024-01-13T14:30:01,SM,688,23,8,1,0,0,0,203,0
SC8,EM03,SC8_20240113150001.JPG,2024-01-13T15:00:01,SM,688,23,8,1,0,0,0,203,0
SC8,EM03,SC8_20240113153001.JPG,2024-01-13T15:30:01,SM,686,25,8,1,0,0,0,205,0
SC8,EM03,SC8_20240113160001.JPG,2024-01-13T16:00:01,SM,688,23,8,1,0,0,0,203,0
SC8,EM03,SC8_20240113163001.JPG,2024-01-13T16:30:01,SM,689,22,8,1,0,0,0,202,0
SC8,EM03,SC8_20240113170001.JPG,2024-01-13T17:00:01,SM,687,24,8,1,0,0,0,204,0
SC8,EM03,SC8_20240113173002.JPG,2024-01-13T17:30:02,SM,687,24,8,1,0,0,0,204,0
SC8,EM03,SC8_20240114070001.JPG,2024-01-14T07:00:01,SM,687,23,9,1,0,0,0,213,0
SC8,EM03,SC8_20240114073001.JPG,2024-01-14T07:30:01,KRN,688,22,9,1,0,0,0,212,0
SC8,EM03,SC8_20240114080001.JPG,2024-01-14T08:00:01,SM,688,22,9,1,0,0,0,212,0
SC8,EM03,SC8_20240114083001.JPG,2024-01-14T08:30:01,KRN,688,22,9,1,0,0,0,212,0
SC8,EM03,SC8_20240114090001.JPG,2024-01-14T09:00:01,SM,689,21,9,1,0,0,0,211,0
SC8,EM03,SC8_20240114093001.JPG,2024-01-14T09:30:01,SM,688,22,9,1,0,0,0,212,0
SC8,EM03,SC8_20240114100001.JPG,2024-01-14T10:00:01,SM,687,23,9,1,0,0,0,213,0
SC8,EM03,SC8_20240114103001.JPG,2024-01-14T10:30:01,KRN,687,23,9,1,0,0,0,213,0
SC8,EM03,SC8_20240114110000.JPG,2024-01-14T11:00:00,KRN,688,22,9,1,0,0,0,212,0
SC8,EM03,SC8_20240114113001.JPG,2024-01-14T11:30:01,KRN,686,24,9,1,0,0,0,214,0
SC8,EM03,SC8_20240114120001.JPG,2024-01-14T12:00:01,KRN,687,23,9,1,0,0,0,213,0
SC8,EM03,SC8_20240114123001.JPG,2024-01-14T12:30:01,SM,686,24,9,1,0,0,0,214,0
SC8,EM03,SC8_20240114130001.JPG,2024-01-14T13:00:01,KRN,687,23,9,1,0,0,0,213,0
SC8,EM03,SC8_20240114133001.JPG,2024-01-14T13:30:01,SM,687,23,9,1,0,0,0,213,0
SC8,EM03,SC8_20240114140001.JPG,2024-01-14T14:00:01,SM,687,23,9,1,0,0,0,213,0
SC8,EM03,SC8_20240114143001.JPG,2024-01-14T14:30:01,SM,687,23,9,1,0,0,0,213,0
SC8,EM03,SC8_20240114150001.JPG,2024-01-14T15:00:01,SM,687,23,9,1,0,0,0,213,0
SC8,EM03,SC8_20240114153001.JPG,2024-01-14T15:30:01,KRN,687,23,9,1,0,0,0,213,0
SC8,EM03,SC8_20240114160001.JPG,2024-01-14T16:00:01,SM,687,23,9,1,0,0,0,213,0
SC8,EM03,SC8_20240114163001.JPG,2024-01-14T16:30:01,SM,687,23,9,1,0,0,0,213,0
SC8,EM03,SC8_20240114170001.JPG,2024-01-14T17:00:01,SM,689,21,9,1,0,0,0,211,0
SC8,EM03,SC8_20240114173001.JPG,2024-01-14T17:30:01,SM,689,21,9,1,0,0,0,211,0
SC8,EM03,SC8_20240115070001.JPG,2024-01-15T07:00:01,SM,687,21,11,1,0,0,0,231,0
SC8,EM03,SC8_20240115073002.JPG,2024-01-15T07:30:02,SM,687,22,10,1,0,0,0,222,0
SC8,EM03,SC8_20240115080001.JPG,2024-01-15T08:00:01,SM,686,23,10,1,0,0,0,223,0
SC8,EM03,SC8_20240115083001.JPG,2024-01-15T08:30:01,SM,687,22,10,1,0,0,0,222,0
SC8,EM03,SC8_20240115090001.JPG,2024-01-15T09:00:01,SM,687,22,10,1,0,0,0,222,0
SC8,EM03,SC8_20240115093001.JPG,2024-01-15T09:30:01,SM,686,23,10,1,0,0,0,223,0
SC8,EM03,SC8_20240115100001.JPG,2024-01-15T10:00:01,SM,686,23,10,1,0,0,0,223,0
SC8,EM03,SC8_20240115103001.JPG,2024-01-15T10:30:01,SM,688,22,9,1,0,0,0,212,0
SC8,EM03,SC8_20240115110001.JPG,2024-01-15T11:00:01,SM,688,22,9,1,0,0,0,212,0
SC8,EM03,SC8_20240115113001.JPG,2024-01-15T11:30:01,SM,688,23,8,1,0,0,0,203,0
SC8,EM03,SC8_20240115120001.JPG,2024-01-15T12:00:01,SM,688,23,8,1,0,0,0,203,0
SC8,EM03,SC8_20240115123001.JPG,2024-01-15T12:30:01,SM,688,23,8,1,1,0,0,203,1
SC8,EM03,SC8_20240115130001.JPG,2024-01-15T13:00:01,SM,688,23,8,1,1,0,0,203,1
SC8,EM03,SC8_20240115133001.JPG,2024-01-15T13:30:01,SM,685,26,8,1,0,0,0,206,0
SC8,EM03,SC8_20240115140001.JPG,2024-01-15T14:00:01,SM,687,23,9,1,0,0,0,213,0
SC8,EM03,SC8_20240115143001.JPG,2024-01-15T14:30:01,SM,687,23,9,1,0,0,0,213,0
SC8,EM03,SC8_20240115150001.JPG,2024-01-15T15:00:01,SM,686,23,10,1,0,0,0,223,0
SC8,EM03,SC8_20240115153002.JPG,2024-01-15T15:30:02,SM,683,23,13,1,0,0,0,253,0
SC8,EM03,SC8_20240115160001.JPG,2024-01-15T16:00:01,SM,683,21,15,1,0,0,0,271,0
SC8,EM03,SC8_20240115163001.JPG,2024-01-15T16:30:01,SM,683,22,14,1,0,0,0,262,0
SC8,EM03,SC8_20240115170001.JPG,2024-01-15T17:00:01,SM,683,21,15,1,0,0,0,271,0
SC8,EM03,SC8_20240115173001.JPG,2024-01-15T17:30:01,SM,683,21,15,1,0,0,0,271,0
SC8,EM03,SC8_20240116070001.JPG,2024-01-16T07:00:01,SM,678,26,15,1,0,0,0,276,0
SC8,EM03,SC8_20240116073001.JPG,2024-01-16T07:30:01,SM,678,26,15,1,0,0,0,276,0
SC8,EM03,SC8_20240116080001.JPG,2024-01-16T08:00:01,SM,678,26,15,1,0,0,0,276,0
SC8,EM03,SC8_20240116083001.JPG,2024-01-16T08:30:01,SM,679,27,13,1,0,0,0,257,0
SC8,EM03,SC8_20240116090001.JPG,2024-01-16T09:00:01,SM,675,30,14,1,1,0,0,270,1
SC8,EM03,SC8_20240116093001.JPG,2024-01-16T09:30:01,SM,676,29,14,1,0,0,0,269,0
SC8,EM03,SC8_20240116100001.JPG,2024-01-16T10:00:01,SM,673,32,14,1,2,0,0,272,2
SC8,EM03,SC8_20240116103001.JPG,2024-01-16T10:30:01,SM,672,34,13,1,3,0,0,264,3
SC8,EM03,SC8_20240116110001.JPG,2024-01-16T11:00:01,SM,680,26,13,1,0,0,0,256,0
SC8,EM03,SC8_20240116113001.JPG,2024-01-16T11:30:01,SM,680,26,13,1,0,0,0,256,0
SC8,EM03,SC8_20240116120001.JPG,2024-01-16T12:00:01,SM,685,21,13,1,3,0,0,251,3
SC8,EM03,SC8_20240116123001.JPG,2024-01-16T12:30:01,SM,688,18,13,1,3,0,0,248,3
SC8,EM03,SC8_20240116130001.JPG,2024-01-16T13:00:01,SM,693,15,11,1,0,0,0,225,0
SC8,EM03,SC8_20240116133001.JPG,2024-01-16T13:30:01,SM,692,16,11,1,0,0,0,226,0
SC8,EM03,SC8_20240116140001.JPG,2024-01-16T14:00:01,SM,693,16,10,1,0,0,0,216,0
SC8,EM03,SC8_20240116143001.JPG,2024-01-16T14:30:01,SM,694,15,10,1,0,0,0,215,0
SC8,EM03,SC8_20240116150001.JPG,2024-01-16T15:00:01,SM,694,15,10,1,0,0,0,215,0
SC8,EM03,SC8_20240116153001.JPG,2024-01-16T15:30:01,SM,689,14,16,1,0,0,0,274,0
SC8,EM03,SC8_20240116160001.JPG,2024-01-16T16:00:01,SM,691,13,15,1,0,0,0,263,0
SC8,EM03,SC8_20240116163001.JPG,2024-01-16T16:30:01,SM,688,14,17,1,0,0,0,284,0
SC8,EM03,SC8_20240116170001.JPG,2024-01-16T17:00:01,SM,688,14,17,1,0,0,0,284,0
SC8,EM03,SC8_20240116173001.JPG,2024-01-16T17:30:01,SM,688,14,17,1,0,0,0,284,0
SC8,EM03,SC8_20240117070001.JPG,2024-01-17T07:00:01,SM,679,23,17,1,0,0,0,293,0
SC8,EM03,SC8_20240117073001.JPG,2024-01-17T07:30:01,SM,675,28,16,1,0,0,0,288,0
SC8,EM03,SC8_20240117080001.JPG,2024-01-17T08:00:01,SM,675,28,16,1,0,0,0,288,0
SC8,EM03,SC8_20240117083001.JPG,2024-01-17T08:30:01,SM,677,26,16,1,0,0,0,286,0
SC8,EM03,SC8_20240117090001.JPG,2024-01-17T09:00:01,SM,679,24,16,1,0,0,0,284,0
SC8,EM03,SC8_20240117093001.JPG,2024-01-17T09:30:01,SM,678,25,16,1,0,0,0,285,0
SC8,EM03,SC8_20240117100001.JPG,2024-01-17T10:00:01,SM,675,28,16,1,0,0,0,288,0
SC8,EM03,SC8_20240117103001.JPG,2024-01-17T10:30:01,SM,0,26,2,0,2,0,0,46,2
SC8,EM03,SC8_20240117110001.JPG,2024-01-17T11:00:01,SM,0,26,2,0,2,0,0,46,2
SC8,EM03,SC8_20240117113001.JPG,2024-01-17T11:30:01,SM,0,24,2,0,0,0,0,44,0
SC8,EM03,SC8_20240117120001.JPG,2024-01-17T12:00:01,SM,2,22,2,0,0,0,0,42,0
SC8,EM03,SC8_20240117123001.JPG,2024-01-17T12:30:01,SM,23,2,2,0,1,0,0,22,1
SC8,EM03,SC8_20240117130001.JPG,2024-01-17T13:00:01,SM,0,6,1,0,0,0,0,16,0
SC8,EM03,SC8_20240117133001.JPG,2024-01-17T13:30:01,SM,0,5,0,0,0,0,0,5,0
SC8,EM03,SC8_20240117140001.JPG,2024-01-17T14:00:01,SM,0,6,0,0,0,0,0,6,0
SC8,EM03,SC8_20240117143000.JPG,2024-01-17T14:30:00,SM,1,5,1,0,0,0,0,15,0
SC8,EM03,SC8_20240117150001.JPG,2024-01-17T15:00:01,SM,2,10,1,0,0,0,0,20,0
SC8,EM03,SC8_20240117153001.JPG,2024-01-17T15:30:01,SM,2,11,4,0,0,0,0,51,0
SC8,EM03,SC8_20240117160001.JPG,2024-01-17T16:00:01,SM,2,12,4,0,0,0,0,52,0
SC8,EM03,SC8_20240117163001.JPG,2024-01-17T16:30:01,SM,4,10,4,0,0,0,0,50,0
SC8,EM03,SC8_20240117170001.JPG,2024-01-17T17:00:01,SM,4,10,4,0,0,0,0,50,0
SC8,EM03,SC8_20240117173001.JPG,2024-01-17T17:30:01,SM,4,10,4,0,0,0,0,50,0
SC8,EM03,SC8_20240118071002.JPG,2024-01-18T07:10:02,SM,2,13,3,0,0,0,0,43,0
SC8,EM03,SC8_20240118074001.JPG,2024-01-18T07:40:01,SM,5,11,3,0,0,0,0,41,0
SC8,EM03,SC8_20240118081001.JPG,2024-01-18T08:10:01,SM,2,13,3,0,0,0,0,43,0
SC8,EM03,SC8_20240118084001.JPG,2024-01-18T08:40:01,SM,2,13,3,0,0,0,0,43,0
SC8,EM03,SC8_20240118091001.JPG,2024-01-18T09:10:01,SM,2,11,5,0,0,0,0,61,0
SC8,EM03,SC8_20240118094001.JPG,2024-01-18T09:40:01,SM,2,13,4,0,0,0,0,53,0
SC8,EM03,SC8_20240118101001.JPG,2024-01-18T10:10:01,SM,2,17,2,0,0,0,0,37,0
SC8,EM03,SC8_20240118104001.JPG,2024-01-18T10:40:01,SM,4,17,3,0,2,2,0,47,22
SC8,EM03,SC8_20240118111001.JPG,2024-01-18T11:10:01,SM,11,12,2,0,0,0,0,32,0
SC8,EM03,SC8_20240118114001.JPG,2024-01-18T11:40:01,SM,13,11,1,0,0,0,0,21,0
SC8,EM03,SC8_20240118121001.JPG,2024-01-18T12:10:01,SM,17,7,1,0,0,0,0,17,0
SC8,EM03,SC8_20240118125001.JPG,2024-01-18T12:50:01,SM,20,5,0,0,0,0,0,5,0
SC8,EM03,SC8_20240118132001.JPG,2024-01-18T13:20:01,SM,22,2,1,0,0,0,0,12,0
SC8,EM03,SC8_20240118135001.JPG,2024-01-18T13:50:01,SM,0,4,1,0,0,0,0,14,0
SC8,EM03,SC8_20240118142001.JPG,2024-01-18T14:20:01,SM,0,4,1,0,0,0,0,14,0
SC8,EM03,SC8_20240118145001.JPG,2024-01-18T14:50:01,SM,2,2,1,0,0,0,0,12,0
SC8,EM03,SC8_20240118152001.JPG,2024-01-18T15:20:01,SM,2,2,1,0,0,0,0,12,0
SC8,EM03,SC8_20240118155001.JPG,2024-01-18T15:50:01,SM,2,3,1,0,0,0,0,13,0
SC8,EM03,SC8_20240118162001.JPG,2024-01-18T16:20:01,SM,2,2,1,0,0,0,0,12,0
SC8,EM03,SC8_20240118165001.JPG,2024-01-18T16:50:01,SM,2,2,1,0,0,0,0,12,0
SC8,EM03,SC8_20240118172001.JPG,2024-01-18T17:20:01,SM,2,2,1,0,0,0,0,12,0
SC8,EM03,SC8_20240119072001.JPG,2024-01-19T07:20:01,SM,0,3,1,0,0,0,0,13,0
SC8,EM03,SC8_20240119075001.JPG,2024-01-19T07:50:01,SM,3,2,1,0,0,0,0,12,0
SC8,EM03,SC8_20240119082001.JPG,2024-01-19T08:20:01,SM,0,3,1,0,0,0,0,13,0
SC8,EM03,SC8_20240119085001.JPG,2024-01-19T08:50:01,SM,0,4,2,0,0,0,0,24,0
SC8,EM03,SC8_20240119092001.JPG,2024-01-19T09:20:01,SM,0,3,1,0,0,0,0,13,0
SC8,EM03,SC8_20240119095001.JPG,2024-01-19T09:50:01,SM,0,3,1,0,0,0,0,13,0
SC8,EM03,SC8_20240119102001.JPG,2024-01-19T10:20:01,SM,716,3,1,0,0,0,0,13,0
SC8,EM03,SC8_20240119105001.JPG,2024-01-19T10:50:01,SM,0,4,2,0,0,0,0,24,0
SC8,EM03,SC8_20240119112001.JPG,2024-01-19T11:20:01,SM,0,6,0,0,0,0,0,6,0
SC8,EM03,SC8_20240119115001.JPG,2024-01-19T11:50:01,SM,0,4,0,0,0,0,0,4,0
SC8,EM03,SC8_20240119122001.JPG,2024-01-19T12:20:01,SM,2,2,1,0,0,0,0,12,0
SC8,EM03,SC8_20240119125001.JPG,2024-01-19T12:50:01,SM,0,4,0,0,0,0,0,4,0
SC8,EM03,SC8_20240119132002.JPG,2024-01-19T13:20:02,SM,0,4,0,0,0,0,0,4,0
SC8,EM03,SC8_20240119135001.JPG,2024-01-19T13:50:01,SM,0,3,0,0,0,0,0,3,0
SC8,EM03,SC8_20240119142001.JPG,2024-01-19T14:20:01,SM,0,3,0,0,0,0,0,3,0
SC8,EM03,SC8_20240119145001.JPG,2024-01-19T14:50:01,SM,0,2,0,0,0,0,0,2,0
SC8,EM03,SC8_20240119152001.JPG,2024-01-19T15:20:01,SM,718,2,0,0,0,0,0,2,0
SC8,EM03,SC8_20240119155001.JPG,2024-01-19T15:50:01,SM,717,3,0,0,0,0,0,3,0
SC8,EM03,SC8_20240119162001.JPG,2024-01-19T16:20:01,SM,0,2,0,0,0,0,0,2,0
SC8,EM03,SC8_20240119165001.JPG,2024-01-19T16:50:01,SM,0,3,0,0,0,0,0,3,0
SC8,EM03,SC8_20240119172001.JPG,2024-01-19T17:20:01,SM,1,3,0,0,0,0,0,3,0
SC8,EM03,SC8_20240120072001.JPG,2024-01-20T07:20:01,SM,0,2,0,0,0,0,0,2,0
SC8,EM03,SC8_20240120075001.JPG,2024-01-20T07:50:01,SM,0,4,0,0,0,0,0,4,0
SC8,EM03,SC8_20240120082001.JPG,2024-01-20T08:20:01,SM,0,4,0,0,0,0,0,4,0
SC8,EM03,SC8_20240120085001.JPG,2024-01-20T08:50:01,SM,0,3,0,0,0,0,0,3,0
SC8,EM03,SC8_20240120092001.JPG,2024-01-20T09:20:01,SM,0,3,0,0,0,0,0,3,0
SC8,EM03,SC8_20240120095001.JPG,2024-01-20T09:50:01,SM,0,3,0,0,0,0,0,3,0
SC8,EM03,SC8_20240120102001.JPG,2024-01-20T10:20:01,SM,0,3,0,0,0,0,0,3,0
SC8,EM03,SC8_20240120105001.JPG,2024-01-20T10:50:01,SM,0,3,0,0,0,0,0,3,0
SC8,EM03,SC8_20240120112001.JPG,2024-01-20T11:20:01,SM,0,3,0,0,0,0,0,3,0
SC8,EM03,SC8_20240120115001.JPG,2024-01-20T11:50:01,SM,1,3,0,0,0,0,0,3,0
SC8,EM03,SC8_20240120122002.JPG,2024-01-20T12:20:02,SM,0,2,0,0,0,0,0,2,0
SC8,EM03,SC8_20240120125001.JPG,2024-01-20T12:50:01,SM,0,4,0,0,0,0,0,4,0
SC8,EM03,SC8_20240120132001.JPG,2024-01-20T13:20:01,SM,0,4,0,0,0,0,0,4,0
SC8,EM03,SC8_20240120135001.JPG,2024-01-20T13:50:01,SM,718,2,0,0,0,0,0,2,0
SC8,EM03,SC8_20240120142001.JPG,2024-01-20T14:20:01,SM,0,3,0,0,0,0,0,3,0
SC8,EM03,SC8_20240120145001.JPG,2024-01-20T14:50:01,SM,0,4,0,0,0,0,0,4,0
SC8,EM03,SC8_20240120152001.JPG,2024-01-20T15:20:01,SM,1,3,0,0,0,0,0,3,0
SC8,EM03,SC8_20240120155001.JPG,2024-01-20T15:50:01,SM,0,3,0,0,0,0,0,3,0
SC8,EM03,SC8_20240120162001.JPG,2024-01-20T16:20:01,SM,0,4,0,0,0,0,0,4,0
SC8,EM03,SC8_20240120165001.JPG,2024-01-20T16:50:01,SM,0,3,0,0,0,0,0,3,0
SC8,EM03,SC8_20240120172001.JPG,2024-01-20T17:20:01,SM,0,2,0,0,0,0,0,2,0
SC8,EM03,SC8_20240121072001.JPG,2024-01-21T07:20:01,SM,3,4,0,0,0,0,0,4,0
SC8,EM03,SC8_20240121075001.JPG,2024-01-21T07:50:01,SM,1,3,0,0,0,0,0,3,0
SC8,EM03,SC8_20240121082001.JPG,2024-01-21T08:20:01,SM,2,4,0,0,0,0,0,4,0
SC8,EM03,SC8_20240121085001.JPG,2024-01-21T08:50:01,SM,2,2,0,0,0,0,0,2,0
SC8,EM03,SC8_20240121092001.JPG,2024-01-21T09:20:01,SM,2,2,0,0,0,0,0,2,0
SC8,EM03,SC8_20240121095001.JPG,2024-01-21T09:50:01,SM,2,3,0,0,0,0,0,3,0
SC8,EM03,SC8_20240121102001.JPG,2024-01-21T10:20:01,SM,2,3,0,0,0,0,0,3,0
SC8,EM03,SC8_20240121105001.JPG,2024-01-21T10:50:01,SM,3,3,0,0,1,0,0,3,1
SC8,EM03,SC8_20240121112001.JPG,2024-01-21T11:20:01,SM,2,5,0,0,5,0,0,5,5
SC8,EM03,SC8_20240121115001.JPG,2024-01-21T11:50:01,SM,3,7,0,0,5,0,0,7,5
SC8,EM03,SC8_20240121122001.JPG,2024-01-21T12:20:01,SM,2,4,0,0,1,0,0,4,1
SC8,EM03,SC8_20240121125001.JPG,2024-01-21T12:50:01,SM,2,2,0,0,0,0,0,2,0
SC8,EM03,SC8_20240121132001.JPG,2024-01-21T13:20:01,SM,2,2,0,0,0,0,0,2,0
SC8,EM03,SC8_20240121135001.JPG,2024-01-21T13:50:01,SM,2,2,0,0,0,0,0,2,0
SC8,EM03,SC8_20240121142001.JPG,2024-01-21T14:20:01,SM,2,2,0,0,0,0,0,2,0
SC8,EM03,SC8_20240121145001.JPG,2024-01-21T14:50:01,SM,2,2,0,0,0,0,0,2,0
SC8,EM03,SC8_20240121152001.JPG,2024-01-21T15:20:01,SM,2,4,0,0,0,0,0,4,0
SC8,EM03,SC8_20240121155001.JPG,2024-01-21T15:50:01,SM,3,6,0,0,0,0,0,6,0
SC8,EM03,SC8_20240121162001.JPG,2024-01-21T16:20:01,SM,2,4,0,0,0,0,0,4,0
SC8,EM03,SC8_20240121165001.JPG,2024-01-21T16:50:01,SM,2,4,0,0,0,0,0,4,0
SC8,EM03,SC8_20240121172001.JPG,2024-01-21T17:20:01,SM,3,3,0,0,0,0,0,3,0
SC8,EM03,SC8_20240122072002.JPG,2024-01-22T07:20:02,SM,4,5,0,0,0,0,0,5,0
SC8,EM03,SC8_20240122075001.JPG,2024-01-22T07:50:01,SM,0,5,0,0,0,0,0,5,0
SC8,EM03,SC8_20240122082001.JPG,2024-01-22T08:20:01,SM,1,4,0,0,0,0,0,4,0
SC8,EM03,SC8_20240122085001.JPG,2024-01-22T08:50:01,SM,0,4,0,0,0,0,0,4,0
SC8,EM03,SC8_20240122092001.JPG,2024-01-22T09:20:01,SM,0,4,0,0,0,0,0,4,0
SC8,EM03,SC8_20240122095001.JPG,2024-01-22T09:50:01,SM,0,4,0,0,0,0,0,4,0
SC8,EM03,SC8_20240122102001.JPG,2024-01-22T10:20:01,SM,1,4,0,0,0,0,0,4,0
SC8,EM03,SC8_20240122105001.JPG,2024-01-22T10:50:01,SM,0,23,0,0,19,0,0,23,19
SC8,EM03,SC8_20240122112001.JPG,2024-01-22T11:20:01,SM,0,4,0,0,0,0,0,4,0
SC8,EM03,SC8_20240122115001.JPG,2024-01-22T11:50:01,SM,0,6,0,0,0,0,0,6,0
SC8,EM03,SC8_20240122122001.JPG,2024-01-22T12:20:01,SM,0,6,0,0,0,0,0,6,0
SC8,EM03,SC8_20240122125001.JPG,2024-01-22T12:50:01,SM,0,4,0,0,0,0,0,4,0
SC8,EM03,SC8_20240122132001.JPG,2024-01-22T13:20:01,SM,0,4,0,0,0,0,0,4,0
SC8,EM03,SC8_20240122135001.JPG,2024-01-22T13:50:01,SM,0,4,0,0,0,0,0,4,0
SC8,EM03,SC8_20240122142001.JPG,2024-01-22T14:20:01,SM,0,5,0,0,0,0,0,5,0
SC8,EM03,SC8_20240122145001.JPG,2024-01-22T14:50:01,SM,0,5,0,0,0,0,0,5,0
SC8,EM03,SC8_20240122152001.JPG,2024-01-22T15:20:01,SM,1,4,0,0,0,0,0,4,0
SC8,EM03,SC8_20240122155001.JPG,2024-01-22T15:50:01,SM,1,5,0,0,0,0,0,5,0
SC8,EM03,SC8_20240122162001.JPG,2024-01-22T16:20:01,SM,3,4,0,0,0,0,0,4,0
SC8,EM03,SC8_20240122165001.JPG,2024-01-22T16:50:01,SM,1,4,0,0,0,0,0,4,0
SC8,EM03,SC8_20240122172001.JPG,2024-01-22T17:20:01,SM,1,4,0,0,0,0,0,4,0
SC8,EM03,SC8_20240123072001.JPG,2024-01-23T07:20:01,SM,0,6,0,0,0,0,0,6,0
SC8,EM03,SC8_20240123075001.JPG,2024-01-23T07:50:01,SM,0,6,0,0,0,0,0,6,0
SC8,EM03,SC8_20240123082001.JPG,2024-01-23T08:20:01,SM,0,6,0,0,0,0,0,6,0
SC8,EM03,SC8_20240123085001.JPG,2024-01-23T08:50:01,SM,1,6,0,0,0,0,0,6,0
SC8,EM03,SC8_20240123092001.JPG,2024-01-23T09:20:01,SM,0,6,0,0,0,0,0,6,0
SC8,EM03,SC8_20240123095001.JPG,2024-01-23T09:50:01,SM,0,6,0,0,0,0,0,6,0
SC8,EM03,SC8_20240123102001.JPG,2024-01-23T10:20:01,SM,0,7,0,0,0,0,0,7,0
SC8,EM03,SC8_20240123105001.JPG,2024-01-23T10:50:01,SM,0,6,0,0,0,0,0,6,0
SC8,EM03,SC8_20240123112001.JPG,2024-01-23T11:20:01,SM,0,6,0,0,0,0,0,6,0
SC8,EM03,SC8_20240123115001.JPG,2024-01-23T11:50:01,SM,0,7,0,0,0,0,0,7,0
SC8,EM03,SC8_20240123122001.JPG,2024-01-23T12:20:01,SM,0,6,0,0,0,0,0,6,0
SC8,EM03,SC8_20240123125001.JPG,2024-01-23T12:50:01,SM,0,6,0,0,0,0,0,6,0
SC8,EM03,SC8_20240123132001.JPG,2024-01-23T13:20:01,SM,0,6,0,0,0,0,0,6,0
SC8,EM03,SC8_20240123135001.JPG,2024-01-23T13:50:01,SM,0,8,0,0,0,0,0,8,0
SC8,EM03,SC8_20240123142003.JPG,2024-01-23T14:20:03,SM,0,8,0,0,0,0,0,8,0
SC8,EM03,SC8_20240123145001.JPG,2024-01-23T14:50:01,SM,0,8,0,0,0,0,0,8,0
SC8,EM03,SC8_20240123152001.JPG,2024-01-23T15:20:01,SM,0,8,0,0,0,0,0,8,0
SC8,EM03,SC8_20240123155001.JPG,2024-01-23T15:50:01,SM,0,8,0,0,0,0,0,8,0
SC8,EM03,SC8_20240123162001.JPG,2024-01-23T16:20:01,SM,0,8,0,0,0,0,0,8,0
SC8,EM03,SC8_20240123165001.JPG,2024-01-23T16:50:01,SM,0,8,0,0,0,0,0,8,0
SC8,EM03,SC8_20240123172001.JPG,2024-01-23T17:20:01,SM,0,8,0,0,0,0,0,8,0
SC8,EM03,SC8_20240124072001.JPG,2024-01-24T07:20:01,SM,0,8,0,0,0,0,0,8,0
SC8,EM03,SC8_20240124075001.JPG,2024-01-24T07:50:01,SM,0,8,0,0,0,0,0,8,0
SC8,EM03,SC8_20240124082001.JPG,2024-01-24T08:20:01,SM,1,8,0,0,0,0,0,8,0
SC8,EM03,SC8_20240124085001.JPG,2024-01-24T08:50:01,SM,0,8,0,0,0,0,0,8,0
SC8,EM03,SC8_20240124092001.JPG,2024-01-24T09:20:01,SM,0,8,0,0,0,0,0,8,0
SC8,EM03,SC8_20240124095001.JPG,2024-01-24T09:50:01,SM,0,8,0,0,0,0,0,8,0
SC8,EM03,SC8_20240124102001.JPG,2024-01-24T10:20:01,SM,0,9,0,0,0,0,0,9,0
SC8,EM03,SC8_20240124105001.JPG,2024-01-24T10:50:01,SM,0,9,0,0,0,0,0,9,0
SC8,EM03,SC8_20240124112001.JPG,2024-01-24T11:20:01,SM,1,8,0,0,0,0,0,8,0
SC8,EM03,SC8_20240124115001.JPG,2024-01-24T11:50:01,SM,1,8,0,0,0,0,0,8,0
SC8,EM03,SC8_20240124122001.JPG,2024-01-24T12:20:01,SM,1,8,0,0,0,0,0,8,0
SC8,EM03,SC8_20240124125001.JPG,2024-01-24T12:50:01,SM,1,8,0,0,0,0,0,8,0
SC8,EM03,SC8_20240124132001.JPG,2024-01-24T13:20:01,SM,1,8,0,0,0,0,0,8,0
SC8,EM03,SC8_20240124135001.JPG,2024-01-24T13:50:01,SM,1,8,0,0,0,0,0,8,0
SC8,EM03,SC8_20240124142001.JPG,2024-01-24T14:20:01,SM,1,9,0,0,0,0,0,9,0
SC8,EM03,SC8_20240124145001.JPG,2024-01-24T14:50:01,SM,1,9,0,0,0,0,0,9,0
SC8,EM03,SC8_20240124152001.JPG,2024-01-24T15:20:01,SM,1,9,0,0,0,0,0,9,0
SC8,EM03,SC8_20240124155001.JPG,2024-01-24T15:50:01,SM,1,9,0,0,0,0,0,9,0
SC8,EM03,SC8_20240124162001.JPG,2024-01-24T16:20:01,SM,1,9,0,0,0,0,0,9,0
SC8,EM03,SC8_20240124165001.JPG,2024-01-24T16:50:01,SM,1,9,0,0,0,0,0,9,0
SC8,EM03,SC8_20240124172001.JPG,2024-01-24T17:20:01,SM,1,9,0,0,0,0,0,9,0
SC8,EM03,SC8_20240125085001.JPG,2024-01-25T08:50:01,SM,0,6,1,0,0,0,0,16,0
SC8,EM03,SC8_20240125092001.JPG,2024-01-25T09:20:01,SM,0,8,1,0,0,0,0,18,0
SC8,EM03,SC8_20240125095001.JPG,2024-01-25T09:50:01,SM,0,8,1,0,0,0,0,18,0
SC8,EM03,SC8_20240125102001.JPG,2024-01-25T10:20:01,SM,0,20,1,0,0,0,0,30,0
SC8,EM03,SC8_20240125105001.JPG,2024-01-25T10:50:01,SM,0,25,1,0,10,0,0,35,10
SC8,EM03,SC8_20240125112001.JPG,2024-01-25T11:20:01,SM,0,26,1,0,11,0,0,36,11
SC8,EM03,SC8_20240125115001.JPG,2024-01-25T11:50:01,SM,0,27,1,0,12,0,0,37,12
SC8,EM03,SC8_20240125122001.JPG,2024-01-25T12:20:01,SM,12,14,1,0,0,0,0,24,0
SC8,EM03,SC8_20240125125001.JPG,2024-01-25T12:50:01,SM,1,11,0,0,0,0,0,11,0
SC8,EM03,SC8_20240125132001.JPG,2024-01-25T13:20:01,SM,1,11,0,0,0,0,0,11,0
SC8,EM03,SC8_20240125135001.JPG,2024-01-25T13:50:01,SM,1,11,0,0,0,0,0,11,0
SC8,EM03,SC8_20240125142001.JPG,2024-01-25T14:20:01,SM,1,11,0,0,0,0,0,11,0
SC8,EM03,SC8_20240125145001.JPG,2024-01-25T14:50:01,SM,1,11,0,0,0,0,0,11,0
SC8,EM03,SC8_20240125152001.JPG,2024-01-25T15:20:01,SM,1,13,0,0,0,0,0,13,0
SC8,EM03,SC8_20240125155001.JPG,2024-01-25T15:50:01,SM,1,14,0,0,0,0,0,14,0
SC8,EM03,SC8_20240125162001.JPG,2024-01-25T16:20:01,SM,0,16,1,0,0,0,0,26,0
SC8,EM03,SC8_20240125165001.JPG,2024-01-25T16:50:01,SM,3,13,1,0,0,0,0,23,0
SC8,EM03,SC8_20240125172001.JPG,2024-01-25T17:20:01,SM,2,13,1,0,0,0,0,23,0
SC8,EM03,SC8_20240125175001.JPG,2024-01-25T17:50:01,SM,2,13,1,0,0,0,0,23,0
SC8,EM03,SC8_20240126065002.JPG,2024-01-26T06:50:02,SM,0,14,1,0,0,0,0,24,0
SC8,EM03,SC8_20240126072002.JPG,2024-01-26T07:20:02,SM,0,15,1,0,0,0,0,25,0
SC8,EM03,SC8_20240126075001.JPG,2024-01-26T07:50:01,SM,0,15,1,0,0,0,0,25,0
SC8,EM03,SC8_20240126082001.JPG,2024-01-26T08:20:01,SM,0,15,1,0,2,0,0,25,2
SC8,EM03,SC8_20240126085001.JPG,2024-01-26T08:50:01,SM,0,15,1,0,1,0,0,25,1
SC8,EM03,SC8_20240126092001.JPG,2024-01-26T09:20:01,SM,0,16,1,0,4,1,0,26,14
SC8,EM03,SC8_20240126095001.JPG,2024-01-26T09:50:01,SM,0,31,1,0,16,1,0,41,26
SC8,EM03,SC8_20240126102001.JPG,2024-01-26T10:20:01,SM,3,11,0,0,0,0,0,11,0
SC8,EM03,SC8_20240126105001.JPG,2024-01-26T10:50:01,SM,0,9,1,0,0,0,0,19,0
SC8,EM03,SC8_20240126112001.JPG,2024-01-26T11:20:01,SM,0,22,0,0,0,0,0,22,0
SC8,EM03,SC8_20240126115001.JPG,2024-01-26T11:50:01,SM,2,9,0,0,0,0,0,9,0
SC8,EM03,SC8_20240126122001.JPG,2024-01-26T12:20:01,SM,2,10,0,0,0,0,0,10,0
SC8,EM03,SC8_20240126125001.JPG,2024-01-26T12:50:01,SM,2,10,0,0,0,0,0,10,0
SC8,EM03,SC8_20240126132001.JPG,2024-01-26T13:20:01,SM,3,9,0,0,0,0,0,9,0
SC8,EM03,SC8_20240126135001.JPG,2024-01-26T13:50:01,SM,5,7,0,0,0,0,0,7,0
SC8,EM03,SC8_20240126142001.JPG,2024-01-26T14:20:01,SM,5,7,0,0,0,0,0,7,0
SC8,EM03,SC8_20240126145001.JPG,2024-01-26T14:50:01,SM,5,7,0,0,0,0,0,7,0
SC8,EM03,SC8_20240126152001.JPG,2024-01-26T15:20:01,SM,5,7,0,0,0,0,0,7,0
SC8,EM03,SC8_20240126155001.JPG,2024-01-26T15:50:01,SM,5,7,0,0,0,0,0,7,0
SC8,EM03,SC8_20240126162001.JPG,2024-01-26T16:20:01,SM,5,9,0,0,0,0,0,9,0
SC8,EM03,SC8_20240126165001.JPG,2024-01-26T16:50:01,SM,0,11,3,0,0,0,0,41,0
SC8,EM03,SC8_20240126172001.JPG,2024-01-26T17:20:01,SM,0,11,3,0,0,0,0,41,0
SC8,EM03,SC8_20240127065001.JPG,2024-01-27T06:50:01,SM,2,10,0,0,0,0,0,10,0
SC8,EM03,SC8_20240127072001.JPG,2024-01-27T07:20:01,SM,2,11,0,0,0,0,0,11,0
SC8,EM03,SC8_20240127075001.JPG,2024-01-27T07:50:01,SM,2,11,0,0,0,0,0,11,0
SC8,EM03,SC8_20240127082001.JPG,2024-01-27T08:20:01,SM,2,11,0,0,0,0,0,11,0
SC8,EM03,SC8_20240127085001.JPG,2024-01-27T08:50:01,SM,0,12,1,0,0,0,0,22,0
SC8,EM03,SC8_20240127092001.JPG,2024-01-27T09:20:01,SM,0,12,1,0,0,0,0,22,0
SC8,EM03,SC8_20240127095001.JPG,2024-01-27T09:50:01,SM,0,12,1,0,0,0,0,22,0
SC8,EM03,SC8_20240127102001.JPG,2024-01-27T10:20:01,SM,0,12,1,0,0,0,0,22,0
SC8,EM03,SC8_20240127105001.JPG,2024-01-27T10:50:01,SM,716,4,0,0,0,0,0,4,0
SC8,EM03,SC8_20240127112001.JPG,2024-01-27T11:20:01,SM,717,3,0,0,0,0,0,3,0
SC9,WASP,SC9_20240126115201.JPG,2024-01-26T11:52:01,VVR,2,0,0,0,0,0,0,0,0
SC9,WASP,SC9_20240126120201.JPG,2024-01-26T12:02:01,VVR,3,0,0,0,0,0,0,0,0
SC9,WASP,SC9_20240126121201.JPG,2024-01-26T12:12:01,VVR,3,0,0,0,0,0,0,0,0
SC9,WASP,SC9_20240126122201.JPG,2024-01-26T12:22:01,VVR,3,0,0,0,0,0,0,0,0
SC9,WASP,SC9_20240126123201.JPG,2024-01-26T12:32:01,VVR,3,0,0,0,0,0,0,0,0
SC9,WASP,SC9_20240126124201.JPG,2024-01-26T12:42:01,VVR,3,0,0,0,0,0,0,0,0
SC9,WASP,SC9_20240126143201.JPG,2024-01-26T14:32:01,VVR,0,3,0,0,3,0,0,3,3
SC9,WASP,SC9_20240126144201.JPG,2024-01-26T14:42:01,VVR,1,4,0,0,3,0,0,4,3
SC9,WASP,SC9_20240126145201.JPG,2024-01-26T14:52:01,VVR,2,6,0,0,5,0,0,6,5
SC9,WASP,SC9_20240126150201.JPG,2024-01-26T15:02:01,VVR,0,14,0,0,8,0,0,14,8
SC9,WASP,SC9_20240126151201.JPG,2024-01-26T15:12:01,VVR,0,22,0,0,8,0,0,22,8
SC9,WASP,SC9_20240126152201.JPG,2024-01-26T15:22:01,VVR,3,24,3,0,2,0,0,54,2
SC9,WASP,SC9_20240126153201.JPG,2024-01-26T15:32:01,VVR,3,34,4,0,2,0,0,74,2
SC9,WASP,SC9_20240126154201.JPG,2024-01-26T15:42:01,VVR,5,33,5,0,1,1,0,83,11
SC9,WASP,SC9_20240126155201.JPG,2024-01-26T15:52:01,VVR,9,31,4,0,1,1,0,71,11
SC9,WASP,SC9_20240126160201.JPG,2024-01-26T16:02:01,VVR,4,23,4,0,3,0,0,63,3
SC9,WASP,SC9_20240126161201.JPG,2024-01-26T16:12:01,VVR,0,20,4,0,10,1,0,60,20
SC9,WASP,SC9_20240126162201.JPG,2024-01-26T16:22:01,VVR,2,21,3,0,1,0,0,51,1
SC9,WASP,SC9_20240126163201.JPG,2024-01-26T16:32:01,VVR,0,20,3,0,1,0,0,50,1
SC9,WASP,SC9_20240126164201.JPG,2024-01-26T16:42:01,VVR,1,18,4,0,0,0,0,58,0
SC9,WASP,SC9_20240126165201.JPG,2024-01-26T16:52:01,VVR,1,13,4,0,0,0,0,53,0
SC9,WASP,SC9_20240126170201.JPG,2024-01-26T17:02:01,VVR,2,11,4,0,0,0,0,51,0
SC9,WASP,SC9_20240126171201.JPG,2024-01-26T17:12:01,VVR,2,11,4,0,0,0,0,51,0
SC9,WASP,SC9_20240126172201.JPG,2024-01-26T17:22:01,VVR,3,12,4,0,0,0,0,52,0
SC9,WASP,SC9_20240126173201.JPG,2024-01-26T17:32:01,VVR,3,12,4,0,0,0,0,52,0
SC9,WASP,SC9_20240126174201.JPG,2024-01-26T17:42:01,VVR,3,12,4,0,0,0,0,52,0
SC9,WASP,SC9_20240127065202.JPG,2024-01-27T06:52:02,VVR,5,17,0,0,0,0,0,17,0
SC9,WASP,SC9_20240127070201.JPG,2024-01-27T07:02:01,VVR,5,17,0,0,0,0,0,17,0
SC9,WASP,SC9_20240127071201.JPG,2024-01-27T07:12:01,VVR,5,17,0,0,0,0,0,17,0
SC9,WASP,SC9_20240127072201.JPG,2024-01-27T07:22:01,VVR,5,17,0,0,0,0,0,17,0
SC9,WASP,SC9_20240127073201.JPG,2024-01-27T07:32:01,VVR,5,17,0,0,0,0,0,17,0
SC9,WASP,SC9_20240127074201.JPG,2024-01-27T07:42:01,VVR,5,17,0,0,0,0,0,17,0
SC9,WASP,SC9_20240127075201.JPG,2024-01-27T07:52:01,VVR,5,17,0,0,0,0,0,17,0
SC9,WASP,SC9_20240127080201.JPG,2024-01-27T08:02:01,VVR,4,18,0,0,0,0,0,18,0
SC9,WASP,SC9_20240127081201.JPG,2024-01-27T08:12:01,VVR,4,18,0,0,0,0,0,18,0
SC9,WASP,SC9_20240127082201.JPG,2024-01-27T08:22:01,VVR,4,18,0,0,0,0,0,18,0
SC9,WASP,SC9_20240127083201.JPG,2024-01-27T08:32:01,VVR,4,18,0,0,0,0,0,18,0
SC9,WASP,SC9_20240127084201.JPG,2024-01-27T08:42:01,VVR,1,15,0,0,0,0,0,15,0
SC9,WASP,SC9_20240127085201.JPG,2024-01-27T08:52:01,VVR,1,15,0,0,0,0,0,15,0
SC9,WASP,SC9_20240127090201.JPG,2024-01-27T09:02:01,VVR,2,14,0,0,0,0,0,14,0
SC9,WASP,SC9_20240127091201.JPG,2024-01-27T09:12:01,VVR,1,14,0,0,0,0,0,14,0
SC9,WASP,SC9_20240127092201.JPG,2024-01-27T09:22:01,VVR,1,12,0,0,2,0,0,12,2
SC9,WASP,SC9_20240127093201.JPG,2024-01-27T09:32:01,VVR,3,11,0,0,2,0,0,11,2
SC9,WASP,SC9_20240127094201.JPG,2024-01-27T09:42:01,VVR,3,10,0,0,1,0,0,10,1
SC9,WASP,SC9_20240127095201.JPG,2024-01-27T09:52:01,VVR,1,9,0,0,1,0,0,9,1
SC9,WASP,SC9_20240127100201.JPG,2024-01-27T10:02:01,VVR,2,9,1,0,1,0,0,19,1
SC9,WASP,SC9_20240127101201.JPG,2024-01-27T10:12:01,VVR,1,5,1,0,0,0,0,15,0
SC9,WASP,SC9_20240127102201.JPG,2024-01-27T10:22:01,VVR,1,5,1,0,0,0,0,15,0
SC9,WASP,SC9_20240127103201.JPG,2024-01-27T10:32:01,VVR,2,5,0,0,0,0,0,5,0
SC9,WASP,SC9_20240127104201.JPG,2024-01-27T10:42:01,VVR,5,3,0,0,0,0,0,3,0
SC9,WASP,SC9_20240127105201.JPG,2024-01-27T10:52:01,VVR,0,2,0,0,0,0,0,2,0
SC9,WASP,SC9_20240127110201.JPG,2024-01-27T11:02:01,VVR,0,3,0,0,1,0,0,3,1
SC9,WASP,SC9_20240127111201.JPG,2024-01-27T11:12:01,VVR,142,2,0,0,0,0,0,2,0
SC9,WASP,SC9_20240127112201.JPG,2024-01-27T11:22:01,VVR,0,1,0,0,0,0,0,1,0
SC9,WASP,SC9_20240127113201.JPG,2024-01-27T11:32:01,VVR,1,2,0,0,0,0,0,2,0
SC9,WASP,SC9_20240127114201.JPG,2024-01-27T11:42:01,VVR,1,2,0,0,0,0,0,2,0
SC9,WASP,SC9_20240127115201.JPG,2024-01-27T11:52:01,VVR,0,1,0,0,1,0,0,1,1
SC9,WASP,SC9_20240127120201.JPG,2024-01-27T12:02:01,VVR,0,1,0,0,0,0,0,1,0
SC9,WASP,SC9_20240127121201.JPG,2024-01-27T12:12:01,VVR,0,1,0,0,0,0,0,1,0
SC9,WASP,SC9_20240127122201.JPG,2024-01-27T12:22:01,VVR,0,1,0,0,0,0,0,1,0
SC9,WASP,SC9_20240127123201.JPG,2024-01-27T12:32:01,VVR,144,0,0,0,0,0,0,0,0
SC9,WASP,SC9_20240127124201.JPG,2024-01-27T12:42:01,VVR,144,0,0,0,0,0,0,0,0
SC9,WASP,SC9_20240127125201.JPG,2024-01-27T12:52:01,VVR,144,0,0,0,0,0,0,0,0
SC9,WASP,SC9_20240127130201.JPG,2024-01-27T13:02:01,VVR,144,0,0,0,0,0,0,0,0
SC9,WASP,SC9_20240127133001.JPG,2024-01-27T13:30:01,VVR,144,0,0,0,0,0,0,0,0
SC9,WASP,SC9_20240127134001.JPG,2024-01-27T13:40:01,VVR,144,0,0,0,0,0,0,0,0
SC9,WASP,SC9_20240127135001.JPG,2024-01-27T13:50:01,VVR,144,0,0,0,0,0,0,0,0
SC9,WASP,SC9_20240127140001.JPG,2024-01-27T14:00:01,VVR,144,0,0,0,0,0,0,0,0
SC9,WASP,SC9_20240127141001.JPG,2024-01-27T14:10:01,VVR,144,0,0,0,0,0,0,0,0
SC9,WASP,SC9_20240127142001.JPG,2024-01-27T14:20:01,VVR,140,4,0,0,4,0,0,4,4
SC9,WASP,SC9_20240127143001.JPG,2024-01-27T14:30:01,VVR,137,7,0,0,6,0,0,7,6
SC9,WASP,SC9_20240127144001.JPG,2024-01-27T14:40:01,VVR,137,7,0,0,5,0,0,7,5
SC9,WASP,SC9_20240127145001.JPG,2024-01-27T14:50:01,VVR,129,15,0,0,10,0,0,15,10
SC9,WASP,SC9_20240127150001.JPG,2024-01-27T15:00:01,VVR,131,13,0,0,7,0,0,13,7
SC9,WASP,SC9_20240127151001.JPG,2024-01-27T15:10:01,VVR,131,13,0,0,7,0,0,13,7
SC9,WASP,SC9_20240127152001.JPG,2024-01-27T15:20:01,VVR,0,15,1,0,6,1,0,25,16
SC9,WASP,SC9_20240127153001.JPG,2024-01-27T15:30:01,VVR,0,17,0,0,7,0,0,17,7
SC9,WASP,SC9_20240127154001.JPG,2024-01-27T15:40:01,VVR,0,17,0,0,4,0,0,17,4
SC9,WASP,SC9_20240127155001.JPG,2024-01-27T15:50:01,VVR,0,16,0,0,5,0,0,16,5
SC9,WASP,SC9_20240127160001.JPG,2024-01-27T16:00:01,VVR,1,15,2,0,1,1,0,35,11
SC9,WASP,SC9_20240127161001.JPG,2024-01-27T16:10:01,VVR,5,11,2,0,0,0,0,31,0
SC9,WASP,SC9_20240127162001.JPG,2024-01-27T16:20:01,VVR,11,8,0,0,0,0,0,8,0
SC9,WASP,SC9_20240127163001.JPG,2024-01-27T16:30:01,VVR,0,5,1,0,0,0,0,15,0
SC9,WASP,SC9_20240127164001.JPG,2024-01-27T16:40:01,VVR,2,3,0,0,0,0,0,3,0
SC9,WASP,SC9_20240127165001.JPG,2024-01-27T16:50:01,VVR,2,3,0,0,0,0,0,3,0
SC9,WASP,SC9_20240127170001.JPG,2024-01-27T17:00:01,VVR,2,3,0,0,0,0,0,3,0
SC9,WASP,SC9_20240127171001.JPG,2024-01-27T17:10:01,VVR,2,3,0,0,0,0,0,3,0
SC9,WASP,SC9_20240127172001.JPG,2024-01-27T17:20:01,VVR,2,3,0,0,0,0,0,3,0
SC9,WASP,SC9_20240127173001.JPG,2024-01-27T17:30:01,VVR,2,3,0,0,0,0,0,3,0
SC9,WASP,SC9_20240127174001.JPG,2024-01-27T17:40:01,VVR,2,3,0,0,0,0,0,3,0
SC9,WASP,SC9_20240128065000.JPG,2024-01-28T06:50:00,VVR,0,3,0,0,0,0,0,3,0
SC9,WASP,SC9_20240128070001.JPG,2024-01-28T07:00:01,VVR,0,3,0,0,0,0,0,3,0
SC9,WASP,SC9_20240128071001.JPG,2024-01-28T07:10:01,VVR,0,3,0,0,0,0,0,3,0
SC9,WASP,SC9_20240128072001.JPG,2024-01-28T07:20:01,VVR,0,3,0,0,0,0,0,3,0
SC9,WASP,SC9_20240128073001.JPG,2024-01-28T07:30:01,VVR,0,3,0,0,0,0,0,3,0
SC9,WASP,SC9_20240128074001.JPG,2024-01-28T07:40:01,VVR,0,3,0,0,0,0,0,3,0
SC9,WASP,SC9_20240128075001.JPG,2024-01-28T07:50:01,VVR,0,3,0,0,0,0,0,3,0
SC9,WASP,SC9_20240128080001.JPG,2024-01-28T08:00:01,VVR,0,4,0,0,0,0,0,4,0
SC9,WASP,SC9_20240128081001.JPG,2024-01-28T08:10:01,VVR,0,4,0,0,0,0,0,4,0
SC9,WASP,SC9_20240128082001.JPG,2024-01-28T08:20:01,VVR,0,4,0,0,2,0,0,4,2
SC9,WASP,SC9_20240128083001.JPG,2024-01-28T08:30:01,VVR,1,3,0,0,2,0,0,3,2
SC9,WASP,SC9_20240128084001.JPG,2024-01-28T08:40:01,VVR,0,4,0,0,4,0,0,4,4
SC9,WASP,SC9_20240128085001.JPG,2024-01-28T08:50:01,VVR,0,4,0,0,3,0,0,4,3
SC9,WASP,SC9_20240128090001.JPG,2024-01-28T09:00:01,VVR,0,3,0,0,1,0,0,3,1
SC9,WASP,SC9_20240128091001.JPG,2024-01-28T09:10:01,VVR,0,3,0,0,2,0,0,3,2
SC9,WASP,SC9_20240128092001.JPG,2024-01-28T09:20:01,VVR,0,2,0,0,2,0,0,2,2
SC9,WASP,SC9_20240128093001.JPG,2024-01-28T09:30:01,VVR,0,1,0,0,0,0,0,1,0
SC9,WASP,SC9_20240128094001.JPG,2024-01-28T09:40:01,VVR,0,1,0,0,0,0,0,1,0
SC9,WASP,SC9_20240128095001.JPG,2024-01-28T09:50:01,VVR,0,1,0,0,0,0,0,1,0
SC9,WASP,SC9_20240128100001.JPG,2024-01-28T10:00:01,VVR,0,1,0,0,0,0,0,1,0
SC9,WASP,SC9_20240128101001.JPG,2024-01-28T10:10:01,VVR,0,1,0,0,0,0,0,1,0
SC9,WASP,SC9_20240128102001.JPG,2024-01-28T10:20:01,VVR,144,0,0,0,0,0,0,0,0
SC9,WASP,SC9_20240128103001.JPG,2024-01-28T10:30:01,VVR,144,0,0,0,0,0,0,0,0
SC9,WASP,SC9_20240128104001.JPG,2024-01-28T10:40:01,VVR,144,0,0,0,0,0,0,0,0
SC9,WASP,SC9_20240128105001.JPG,2024-01-28T10:50:01,VVR,144,0,0,0,0,0,0,0,0
SC9,WASP,SC9_20240128110001.JPG,2024-01-28T11:00:01,VVR,144,0,0,0,0,0,0,0,0
SC9,WASP,SC9_20240128111001.JPG,2024-01-28T11:10:01,VVR,144,0,0,0,0,0,0,0,0
SC9,WASP,SC9_20240128112001.JPG,2024-01-28T11:20:01,VVR,144,0,0,0,0,0,0,0,0
SC9,WASP,SC9_20240128113001.JPG,2024-01-28T11:30:01,VVR,144,0,0,0,0,0,0,0,0
SC9,WASP,SC9_20240128114001.JPG,2024-01-28T11:40:01,VVR,144,0,0,0,0,0,0,0,0
SC9,WASP,SC9_20240128115001.JPG,2024-01-28T11:50:01,VVR,144,0,0,0,0,0,0,0,0
SC9,WASP,SC9_20240128120001.JPG,2024-01-28T12:00:01,VVR,144,0,0,0,0,0,0,0,0
SC9,WASP,SC9_20240128121001.JPG,2024-01-28T12:10:01,VVR,144,0,0,0,0,0,0,0,0
SC9,WASP,SC9_20240128122001.JPG,2024-01-28T12:20:01,VVR,144,0,0,0,0,0,0,0,0
SC9,WASP,SC9_20240128123001.JPG,2024-01-28T12:30:01,VVR,144,0,0,0,0,0,0,0,0
SC9,WASP,SC9_20240128124001.JPG,2024-01-28T12:40:01,VVR,144,0,0,0,0,0,0,0,0
SC9,WASP,SC9_20240128125001.JPG,2024-01-28T12:50:01,VVR,144,0,0,0,0,0,0,0,0
SC9,WASP,SC9_20240128130001.JPG,2024-01-28T13:00:01,VVR,144,0,0,0,0,0,0,0,0
SC9,WASP,SC9_20240128131001.JPG,2024-01-28T13:10:01,VVR,144,0,0,0,0,0,0,0,0
SC9,WASP,SC9_20240128132001.JPG,2024-01-28T13:20:01,VVR,144,0,0,0,0,0,0,0,0
SC9,WASP,SC9_20240128133001.JPG,2024-01-28T13:30:01,VVR,144,0,0,0,0,0,0,0,0
SC9,WASP,SC9_20240128134001.JPG,2024-01-28T13:40:01,VVR,144,0,0,0,0,0,0,0,0
SC9,WASP,SC9_20240128135001.JPG,2024-01-28T13:50:01,VVR,144,0,0,0,0,0,0,0,0
SC9,WASP,SC9_20240128140001.JPG,2024-01-28T14:00:01,VVR,144,0,0,0,0,0,0,0,0
SC9,WASP,SC9_20240128141001.JPG,2024-01-28T14:10:01,VVR,144,0,0,0,0,0,0,0,0
SC9,WASP,SC9_20240128142001.JPG,2024-01-28T14:20:01,VVR,144,0,0,0,0,0,0,0,0
SC9,WASP,SC9_20240128143001.JPG,2024-01-28T14:30:01,VVR,144,0,0,0,0,0,0,0,0
SC9,WASP,SC9_20240128144001.JPG,2024-01-28T14:40:01,VVR,144,0,0,0,0,0,0,0,0
SC9,WASP,SC9_20240128145001.JPG,2024-01-28T14:50:01,VVR,144,0,0,0,0,0,0,0,0
SC9,WASP,SC9_20240128150001.JPG,2024-01-28T15:00:01,VVR,142,2,0,0,2,0,0,2,2
SC9,WASP,SC9_20240128151001.JPG,2024-01-28T15:10:01,VVR,135,9,0,0,9,0,0,9,9
SC9,WASP,SC9_20240128152001.JPG,2024-01-28T15:20:01,VVR,127,17,0,0,13,0,0,17,13
SC9,WASP,SC9_20240128153001.JPG,2024-01-28T15:30:01,VVR,0,19,0,0,13,0,0,19,13
SC9,WASP,SC9_20240128154001.JPG,2024-01-28T15:40:01,VVR,0,15,0,0,10,0,0,15,10
SC9,WASP,SC9_20240128155001.JPG,2024-01-28T15:50:01,VVR,0,20,1,0,13,1,0,30,23
SC9,WASP,SC9_20240128160001.JPG,2024-01-28T16:00:01,VVR,0,21,1,0,12,1,0,31,22
SC9,WASP,SC9_20240128161001.JPG,2024-01-28T16:10:01,VVR,4,20,0,0,15,0,0,20,15
SC9,WASP,SC9_20240128162001.JPG,2024-01-28T16:20:01,VVR,0,6,0,0,4,0,0,6,4
SC9,WASP,SC9_20240128163001.JPG,2024-01-28T16:30:01,VVR,0,5,0,0,4,0,0,5,4
SC9,WASP,SC9_20240128164001.JPG,2024-01-28T16:40:01,VVR,0,5,0,0,4,0,0,5,4
SC9,WASP,SC9_20240128165001.JPG,2024-01-28T16:50:01,VVR,2,3,0,0,3,0,0,3,3
SC9,WASP,SC9_20240128170001.JPG,2024-01-28T17:00:01,VVR,0,2,0,0,0,0,0,2,0
SC9,WASP,SC9_20240128171001.JPG,2024-01-28T17:10:01,VVR,0,2,0,0,0,0,0,2,0
SC9,WASP,SC9_20240128172001.JPG,2024-01-28T17:20:01,VVR,0,2,0,0,0,0,0,2,0
SC9,WASP,SC9_20240128173001.JPG,2024-01-28T17:30:01,VVR,0,2,0,0,0,0,0,2,0
SC9,WASP,SC9_20240128174001.JPG,2024-01-28T17:40:01,VVR,0,2,0,0,0,0,0,2,0
SC9,WASP,SC9_20240128175001.JPG,2024-01-28T17:50:01,VVR,0,2,0,0,0,0,0,2,0
SC9,WASP,SC9_20240129065001.JPG,2024-01-29T06:50:01,VVR,144,0,0,0,0,0,0,0,0
SC9,WASP,SC9_20240129070001.JPG,2024-01-29T07:00:01,VVR,144,0,0,0,0,0,0,0,0
SC9,WASP,SC9_20240129071001.JPG,2024-01-29T07:10:01,VVR,144,0,0,0,0,0,0,0,0
SC9,WASP,SC9_20240129072001.JPG,2024-01-29T07:20:01,VVR,144,0,0,0,0,0,0,0,0
SC9,WASP,SC9_20240129073001.JPG,2024-01-29T07:30:01,VVR,144,0,0,0,0,0,0,0,0
SC9,WASP,SC9_20240129074001.JPG,2024-01-29T07:40:01,VVR,144,0,0,0,0,0,0,0,0
SC9,WASP,SC9_20240129075001.JPG,2024-01-29T07:50:01,VVR,144,0,0,0,0,0,0,0,0
SC9,WASP,SC9_20240129080001.JPG,2024-01-29T08:00:01,VVR,144,0,0,0,0,0,0,0,0
SC9,WASP,SC9_20240129081001.JPG,2024-01-29T08:10:01,VVR,144,0,0,0,0,0,0,0,0
SC9,WASP,SC9_20240129082001.JPG,2024-01-29T08:20:01,VVR,144,0,0,0,0,0,0,0,0
SC9,WASP,SC9_20240129083001.JPG,2024-01-29T08:30:01,VVR,144,0,0,0,0,0,0,0,0
SC9,WASP,SC9_20240129084001.JPG,2024-01-29T08:40:01,VVR,144,0,0,0,0,0,0,0,0
SC9,WASP,SC9_20240129085001.JPG,2024-01-29T08:50:01,VVR,144,0,0,0,0,0,0,0,0
SC9,WASP,SC9_20240129090001.JPG,2024-01-29T09:00:01,VVR,144,0,0,0,0,0,0,0,0
SC9,WASP,SC9_20240129091001.JPG,2024-01-29T09:10:01,VVR,144,0,0,0,0,0,0,0,0
SC9,WASP,SC9_20240129092001.JPG,2024-01-29T09:20:01,VVR,144,0,0,0,0,0,0,0,0
SC9,WASP,SC9_20240129093001.JPG,2024-01-29T09:30:01,VVR,144,0,0,0,0,0,0,0,0
SC9,WASP,SC9_20240129094001.JPG,2024-01-29T09:40:01,VVR,144,0,0,0,0,0,0,0,0
SC9,WASP,SC9_20240129095001.JPG,2024-01-29T09:50:01,VVR,144,0,0,0,0,0,0,0,0
SC9,WASP,SC9_20240129100001.JPG,2024-01-29T10:00:01,VVR,144,0,0,0,0,0,0,0,0
SC9,WASP,SC9_20240129101001.JPG,2024-01-29T10:10:01,VVR,144,0,0,0,0,0,0,0,0
SC9,WASP,SC9_20240129102001.JPG,2024-01-29T10:20:01,VVR,144,0,0,0,0,0,0,0,0
SC9,WASP,SC9_20240129103001.JPG,2024-01-29T10:30:01,VVR,144,0,0,0,0,0,0,0,0
SC9,WASP,SC9_20240129104001.JPG,2024-01-29T10:40:01,VVR,144,0,0,0,0,0,0,0,0
SC9,WASP,SC9_20240129105001.JPG,2024-01-29T10:50:01,VVR,144,0,0,0,0,0,0,0,0
SC9,WASP,SC9_20240129110001.JPG,2024-01-29T11:00:01,VVR,144,0,0,0,0,0,0,0,0
SC9,WASP,SC9_20240129111001.JPG,2024-01-29T11:10:01,VVR,144,0,0,0,0,0,0,0,0
SC9,WASP,SC9_20240129112001.JPG,2024-01-29T11:20:01,VVR,144,0,0,0,0,0,0,0,0
SC9,WASP,SC9_20240129113001.JPG,2024-01-29T11:30:01,VVR,144,0,0,0,0,0,0,0,0
SC9,WASP,SC9_20240129114001.JPG,2024-01-29T11:40:01,VVR,144,0,0,0,0,0,0,0,0
SC9,WASP,SC9_20240129115001.JPG,2024-01-29T11:50:01,VVR,144,0,0,0,0,0,0,0,0
SC9,WASP,SC9_20240129120001.JPG,2024-01-29T12:00:01,VVR,144,0,0,0,0,0,0,0,0
SC9,WASP,SC9_20240129121001.JPG,2024-01-29T12:10:01,VVR,144,0,0,0,0,0,0,0,0
SC9,WASP,SC9_20240129122001.JPG,2024-01-29T12:20:01,VVR,144,0,0,0,0,0,0,0,0
SC9,WASP,SC9_20240129123001.JPG,2024-01-29T12:30:01,VVR,144,0,0,0,0,0,0,0,0
SC9,WASP,SC9_20240129124001.JPG,2024-01-29T12:40:01,VVR,144,0,0,0,0,0,0,0,0
SC9,WASP,SC9_20240129125001.JPG,2024-01-29T12:50:01,VVR,144,0,0,0,0,0,0,0,0
SC9,WASP,SC9_20240129130001.JPG,2024-01-29T13:00:01,VVR,144,0,0,0,0,0,0,0,0
SC9,WASP,SC9_20240129131001.JPG,2024-01-29T13:10:01,VVR,144,0,0,0,0,0,0,0,0
SC9,WASP,SC9_20240129132001.JPG,2024-01-29T13:20:01,VVR,144,0,0,0,0,0,0,0,0
SC9,WASP,SC9_20240129133001.JPG,2024-01-29T13:30:01,VVR,144,0,0,0,0,0,0,0,0
SC9,WASP,SC9_20240129134001.JPG,2024-01-29T13:40:01,VVR,144,0,0,0,0,0,0,0,0
SC9,WASP,SC9_20240129135001.JPG,2024-01-29T13:50:01,VVR,144,0,0,0,0,0,0,0,0
SC9,WASP,SC9_20240129140001.JPG,2024-01-29T14:00:01,VVR,144,0,0,0,0,0,0,0,0
SC9,WASP,SC9_20240129141001.JPG,2024-01-29T14:10:01,VVR,144,0,0,0,0,0,0,0,0
SC9,WASP,SC9_20240129142001.JPG,2024-01-29T14:20:01,VVR,144,0,0,0,0,0,0,0,0
SC9,WASP,SC9_20240129143001.JPG,2024-01-29T14:30:01,VVR,0,1,0,0,1,0,0,1,1
SC9,WASP,SC9_20240129144001.JPG,2024-01-29T14:40:01,VVR,0,1,0,0,1,0,0,1,1
SC9,WASP,SC9_20240129145001.JPG,2024-01-29T14:50:01,VVR,0,1,0,0,1,0,0,1,1
SC9,WASP,SC9_20240129150001.JPG,2024-01-29T15:00:01,,0,1,0,0,1,0,0,1,1
SC9,WASP,SC9_20240129151001.JPG,2024-01-29T15:10:01,VVR,144,0,0,0,0,0,0,0,0
SC9,WASP,SC9_20240129152001.JPG,2024-01-29T15:20:01,VVR,144,0,0,0,0,0,0,0,0
SC9,WASP,SC9_20240129153001.JPG,2024-01-29T15:30:01,VVR,144,0,0,0,0,0,0,0,0
SC9,WASP,SC9_20240129154001.JPG,2024-01-29T15:40:01,,0,1,0,0,0,0,0,1,0
SC9,WASP,SC9_20240129155001.JPG,2024-01-29T15:50:01,,0,1,0,0,0,0,0,1,0
SC9,WASP,SC9_20240129160001.JPG,2024-01-29T16:00:01,,0,1,0,0,0,0,0,1,0
SC9,WASP,SC9_20240129161001.JPG,2024-01-29T16:10:01,,0,1,0,0,0,0,0,1,0
SC9,WASP,SC9_20240129162001.JPG,2024-01-29T16:20:01,,0,1,0,0,0,0,0,1,0
SC9,WASP,SC9_20240129163001.JPG,2024-01-29T16:30:01,,0,1,0,0,0,0,0,1,0
SC9,WASP,SC9_20240129164001.JPG,2024-01-29T16:40:01,,0,1,0,0,0,0,0,1,0
SC9,WASP,SC9_20240129165001.JPG,2024-01-29T16:50:01,,0,1,0,0,1,0,0,1,1
SC9,WASP,SC9_20240129170001.JPG,2024-01-29T17:00:01,,0,1,0,0,1,0,0,1,1
SLC6_2,WASP,SLC6_2_20231222112201.JPG,2023-12-22T11:22:01,,0,1,0,0,1,0,0,1,1
SLC6_2,WASP,SLC6_2_20231222113201.JPG,2023-12-22T11:32:01,VVR,0,2,0,0,2,0,0,2,2
SLC6_2,WASP,SLC6_2_20231222114201.JPG,2023-12-22T11:42:01,VVR,0,3,0,0,3,0,0,3,3
SLC6_2,WASP,SLC6_2_20231222115201.JPG,2023-12-22T11:52:01,VVR,0,3,0,0,3,0,0,3,3
SLC6_2,WASP,SLC6_2_20231222120201.JPG,2023-12-22T12:02:01,VVR,0,2,0,0,2,0,0,2,2
SLC6_2,WASP,SLC6_2_20231222121201.JPG,2023-12-22T12:12:01,VVR,0,2,0,0,2,0,0,2,2
SLC6_2,WASP,SLC6_2_20231222122201.JPG,2023-12-22T12:22:01,VVR,0,2,0,0,2,0,0,2,2
SLC6_2,WASP,SLC6_2_20231222123201.JPG,2023-12-22T12:32:01,VVR,0,2,0,0,2,0,0,2,2
SLC6_2,WASP,SLC6_2_20231222124201.JPG,2023-12-22T12:42:01,VVR,0,1,0,0,0,0,0,1,0
SLC6_2,WASP,SLC6_2_20231222125201.JPG,2023-12-22T12:52:01,,0,2,0,0,0,0,0,2,0
SLC6_2,WASP,SLC6_2_20231222130201.JPG,2023-12-22T13:02:01,VVR,0,3,0,0,3,0,0,3,3
SLC6_2,WASP,SLC6_2_20231222131201.JPG,2023-12-22T13:12:01,VVR,0,3,0,0,2,0,0,3,2
SLC6_2,WASP,SLC6_2_20231222132201.JPG,2023-12-22T13:22:01,VVR,0,3,0,0,3,0,0,3,3
SLC6_2,WASP,SLC6_2_20231222133201.JPG,2023-12-22T13:32:01,VVR,0,6,0,0,4,0,0,6,4
SLC6_2,WASP,SLC6_2_20231222134201.JPG,2023-12-22T13:42:01,VVR,0,3,0,0,3,0,0,3,3
SLC6_2,WASP,SLC6_2_20231222135201.JPG,2023-12-22T13:52:01,VVR,1,4,0,0,4,0,0,4,4
SLC6_2,WASP,SLC6_2_20231222140201.JPG,2023-12-22T14:02:01,VVR,0,3,0,0,1,0,0,3,1
SLC6_2,WASP,SLC6_2_20231222141201.JPG,2023-12-22T14:12:01,VVR,0,6,0,0,6,0,0,6,6
SLC6_2,WASP,SLC6_2_20231222142201.JPG,2023-12-22T14:22:01,VVR,0,5,0,0,5,0,0,5,5
SLC6_2,WASP,SLC6_2_20231222143201.JPG,2023-12-22T14:32:01,VVR,0,6,0,0,6,0,0,6,6
SLC6_2,WASP,SLC6_2_20231222144201.JPG,2023-12-22T14:42:01,VVR,0,5,0,0,4,0,0,5,4
SLC6_2,WASP,SLC6_2_20231222145201.JPG,2023-12-22T14:52:01,VVR,1,7,0,0,7,0,0,7,7
SLC6_2,WASP,SLC6_2_20231222150201.JPG,2023-12-22T15:02:01,,0,8,0,0,6,0,0,8,6
SLC6_2,WASP,SLC6_2_20231222151201.JPG,2023-12-22T15:12:01,VVR,0,10,1,0,7,1,0,20,17
SLC6_2,WASP,SLC6_2_20231222152201.JPG,2023-12-22T15:22:01,VVR,0,7,2,0,5,2,0,27,25
SLC6_2,WASP,SLC6_2_20231222153201.JPG,2023-12-22T15:32:01,VVR,1,6,2,0,6,2,0,26,26
SLC6_2,WASP,SLC6_2_20231222154201.JPG,2023-12-22T15:42:01,,0,7,0,0,6,0,0,7,6
SLC6_2,WASP,SLC6_2_20231222155201.JPG,2023-12-22T15:52:01,VVR,0,7,2,0,4,2,0,27,24
SLC6_2,WASP,SLC6_2_20231222160201.JPG,2023-12-22T16:02:01,VVR,0,8,1,0,6,1,0,18,16
SLC6_2,WASP,SLC6_2_20231222161201.JPG,2023-12-22T16:12:01,VVR,0,7,0,0,7,0,0,7,7
SLC6_2,WASP,SLC6_2_20231222162201.JPG,2023-12-22T16:22:01,VVR,0,6,2,0,2,0,0,26,2
SLC6_2,WASP,SLC6_2_20231222163201.JPG,2023-12-22T16:32:01,VVR,136,5,3,0,0,0,0,35,0
SLC6_2,WASP,SLC6_2_20231222164201.JPG,2023-12-22T16:42:01,VVR,136,5,3,0,0,0,0,35,0
SLC6_2,WASP,SLC6_2_20231222165201.JPG,2023-12-22T16:52:01,VVR,136,5,3,0,0,0,0,35,0
SLC6_2,WASP,SLC6_2_20231222170201.JPG,2023-12-22T17:02:01,VVR,136,5,3,0,0,0,0,35,0
SLC6_2,WASP,SLC6_2_20231222171201.JPG,2023-12-22T17:12:01,VVR,136,5,3,0,0,0,0,35,0
SLC6_2,WASP,SLC6_2_20231223065201.JPG,2023-12-23T06:52:01,VVR,137,3,4,0,0,0,0,43,0
SLC6_2,WASP,SLC6_2_20231223070201.JPG,2023-12-23T07:02:01,VVR,137,4,3,0,0,0,0,34,0
SLC6_2,WASP,SLC6_2_20231223071201.JPG,2023-12-23T07:12:01,VVR,137,3,4,0,0,0,0,43,0
SLC6_2,WASP,SLC6_2_20231223072201.JPG,2023-12-23T07:22:01,VVR,137,4,3,0,0,0,0,34,0
SLC6_2,WASP,SLC6_2_20231223073201.JPG,2023-12-23T07:32:01,VVR,137,3,4,0,0,0,0,43,0
SLC6_2,WASP,SLC6_2_20231223074201.JPG,2023-12-23T07:42:01,VVR,136,5,3,0,0,0,0,35,0
SLC6_2,WASP,SLC6_2_20231223075201.JPG,2023-12-23T07:52:01,VVR,137,4,3,0,0,0,0,34,0
SLC6_2,WASP,SLC6_2_20231223080201.JPG,2023-12-23T08:02:01,VVR,137,4,3,0,0,0,0,34,0
SLC6_2,WASP,SLC6_2_20231223081201.JPG,2023-12-23T08:12:01,VVR,137,3,4,0,0,0,0,43,0
SLC6_2,WASP,SLC6_2_20231223082201.JPG,2023-12-23T08:22:01,VVR,137,4,3,0,0,0,0,34,0
SLC6_2,WASP,SLC6_2_20231223083201.JPG,2023-12-23T08:32:01,VVR,136,5,3,0,0,0,0,35,0
SLC6_2,WASP,SLC6_2_20231223084201.JPG,2023-12-23T08:42:01,VVR,137,4,3,0,0,0,0,34,0
SLC6_2,WASP,SLC6_2_20231223085201.JPG,2023-12-23T08:52:01,VVR,137,4,3,0,0,0,0,34,0
SLC6_2,WASP,SLC6_2_20231223090201.JPG,2023-12-23T09:02:01,VVR,137,3,4,0,0,0,0,43,0
SLC6_2,WASP,SLC6_2_20231223091201.JPG,2023-12-23T09:12:01,VVR,137,4,3,0,0,0,0,34,0
SLC6_2,WASP,SLC6_2_20231223092201.JPG,2023-12-23T09:22:01,VVR,2,4,3,0,2,3,0,34,32
SLC6_2,WASP,SLC6_2_20231223093201.JPG,2023-12-23T09:32:01,VVR,3,3,4,0,1,3,0,43,31
SLC6_2,WASP,SLC6_2_20231223094201.JPG,2023-12-23T09:42:01,VVR,2,5,3,0,0,1,0,35,10
SLC6_2,WASP,SLC6_2_20231223095201.JPG,2023-12-23T09:52:01,VVR,2,4,4,0,1,1,0,44,11
SLC6_2,WASP,SLC6_2_20231223100201.JPG,2023-12-23T10:02:01,VVR,0,4,4,0,0,0,0,44,0
SLC6_2,WASP,SLC6_2_20231223101201.JPG,2023-12-23T10:12:01,VVR,0,5,3,0,0,0,0,35,0
SLC6_2,WASP,SLC6_2_20231223102201.JPG,2023-12-23T10:22:01,,0,5,3,0,0,0,0,35,0
SLC6_2,WASP,SLC6_2_20231223103201.JPG,2023-12-23T10:32:01,VVR,0,5,3,0,1,1,0,35,11
SLC6_2,WASP,SLC6_2_20231223104201.JPG,2023-12-23T10:42:01,VVR,0,5,3,0,0,0,0,35,0
SLC6_2,WASP,SLC6_2_20231223105201.JPG,2023-12-23T10:52:01,VVR,0,4,4,0,0,0,0,44,0
SLC6_2,WASP,SLC6_2_20231223110201.JPG,2023-12-23T11:02:01,VVR,0,4,4,0,0,0,0,44,0
SLC6_2,WASP,SLC6_2_20231223111201.JPG,2023-12-23T11:12:01,VVR,0,6,4,0,0,0,0,46,0
SLC6_2,WASP,SLC6_2_20231223112201.JPG,2023-12-23T11:22:01,VVR,2,4,4,0,0,0,0,44,0
SLC6_2,WASP,SLC6_2_20231223113201.JPG,2023-12-23T11:32:01,VVR,2,5,4,0,0,0,0,45,0
SLC6_2,WASP,SLC6_2_20231223114201.JPG,2023-12-23T11:42:01,VVR,2,5,4,0,0,0,0,45,0
SLC6_2,WASP,SLC6_2_20231223115201.JPG,2023-12-23T11:52:01,VVR,2,7,2,0,0,0,0,27,0
SLC6_2,WASP,SLC6_2_20231223120201.JPG,2023-12-23T12:02:01,VVR,2,7,2,0,0,0,0,27,0
SLC6_2,WASP,SLC6_2_20231223121201.JPG,2023-12-23T12:12:01,VVR,3,8,2,0,0,0,0,28,0
SLC6_2,WASP,SLC6_2_20231223122201.JPG,2023-12-23T12:22:01,VVR,3,7,3,0,0,0,0,37,0
SLC6_2,WASP,SLC6_2_20231223123201.JPG,2023-12-23T12:32:01,VVR,4,6,3,0,0,0,0,36,0
SLC6_2,WASP,SLC6_2_20231223124201.JPG,2023-12-23T12:42:01,VVR,4,6,3,0,0,0,0,36,0
SLC6_2,WASP,SLC6_2_20231223125201.JPG,2023-12-23T12:52:01,VVR,4,6,3,0,0,0,0,36,0
SLC6_2,WASP,SLC6_2_20231223130201.JPG,2023-12-23T13:02:01,VVR,4,5,4,0,0,0,0,45,0
SLC6_2,WASP,SLC6_2_20231223131201.JPG,2023-12-23T13:12:01,VVR,5,4,4,0,0,0,0,44,0
SLC6_2,WASP,SLC6_2_20231223132201.JPG,2023-12-23T13:22:01,VVR,4,5,4,0,0,0,0,45,0
SLC6_2,WASP,SLC6_2_20231223133201.JPG,2023-12-23T13:32:01,VVR,5,4,4,0,0,0,0,44,0
SLC6_2,WASP,SLC6_2_20231223134201.JPG,2023-12-23T13:42:01,VVR,5,4,4,0,0,0,0,44,0
SLC6_2,WASP,SLC6_2_20231223135201.JPG,2023-12-23T13:52:01,VVR,4,5,4,0,0,0,0,45,0
SLC6_2,WASP,SLC6_2_20231223140201.JPG,2023-12-23T14:02:01,VVR,5,4,4,0,0,0,0,44,0
SLC6_2,WASP,SLC6_2_20231223141201.JPG,2023-12-23T14:12:01,VVR,5,4,4,0,0,0,0,44,0
SLC6_2,WASP,SLC6_2_20231223142201.JPG,2023-12-23T14:22:01,VVR,5,4,4,0,0,0,0,44,0
SLC6_2,WASP,SLC6_2_20231223143201.JPG,2023-12-23T14:32:01,VVR,5,4,4,0,0,0,0,44,0
SLC6_2,WASP,SLC6_2_20231223144201.JPG,2023-12-23T14:42:01,VVR,5,4,4,0,0,0,0,44,0
SLC6_2,WASP,SLC6_2_20231223145201.JPG,2023-12-23T14:52:01,VVR,5,4,4,0,0,0,0,44,0
SLC6_2,WASP,SLC6_2_20231223150201.JPG,2023-12-23T15:02:01,VVR,5,5,4,0,3,3,0,45,33
SLC6_2,WASP,SLC6_2_20231223151201.JPG,2023-12-23T15:12:01,VVR,0,4,3,0,2,2,0,34,22
SLC6_2,WASP,SLC6_2_20231223152201.JPG,2023-12-23T15:22:01,VVR,0,4,3,0,0,0,0,34,0
SLC6_2,WASP,SLC6_2_20231223153201.JPG,2023-12-23T15:32:01,VVR,0,4,3,0,0,0,0,34,0
SLC6_2,WASP,SLC6_2_20231223154201.JPG,2023-12-23T15:42:01,VVR,0,5,3,0,0,0,0,35,0
SLC6_2,WASP,SLC6_2_20231223155201.JPG,2023-12-23T15:52:01,VVR,1,4,3,0,0,0,0,34,0
SLC6_2,WASP,SLC6_2_20231223160201.JPG,2023-12-23T16:02:01,VVR,1,4,3,0,0,0,0,34,0
SLC6_2,WASP,SLC6_2_20231223161201.JPG,2023-12-23T16:12:01,VVR,1,4,3,0,0,0,0,34,0
SLC6_2,WASP,SLC6_2_20231223162201.JPG,2023-12-23T16:22:01,VVR,1,4,3,0,0,0,0,34,0
SLC6_2,WASP,SLC6_2_20231223163201.JPG,2023-12-23T16:32:01,VVR,1,4,3,0,0,0,0,34,0
SLC6_2,WASP,SLC6_2_20231223164201.JPG,2023-12-23T16:42:01,VVR,1,4,3,0,0,0,0,34,0
SLC6_2,WASP,SLC6_2_20231223165201.JPG,2023-12-23T16:52:01,VVR,1,4,3,0,0,0,0,34,0
SLC6_2,WASP,SLC6_2_20231223170201.JPG,2023-12-23T17:02:01,VVR,1,4,3,0,0,0,0,34,0
SLC6_2,WASP,SLC6_2_20231223171201.JPG,2023-12-23T17:12:01,VVR,1,4,3,0,0,0,0,34,0
SLC6_2,WASP,SLC6_2_20231224065201.JPG,2023-12-24T06:52:01,VVR,1,4,3,0,0,0,0,34,0
SLC6_2,WASP,SLC6_2_20231224070201.JPG,2023-12-24T07:02:01,VVR,1,4,3,0,0,0,0,34,0
SLC6_2,WASP,SLC6_2_20231224071201.JPG,2023-12-24T07:12:01,VVR,1,4,3,0,0,0,0,34,0
SLC6_2,WASP,SLC6_2_20231224072201.JPG,2023-12-24T07:22:01,VVR,1,4,3,0,0,0,0,34,0
SLC6_2,WASP,SLC6_2_20231224073201.JPG,2023-12-24T07:32:01,VVR,1,5,3,0,0,0,0,35,0
SLC6_2,WASP,SLC6_2_20231224074201.JPG,2023-12-24T07:42:01,VVR,2,4,3,0,0,0,0,34,0
SLC6_2,WASP,SLC6_2_20231224075201.JPG,2023-12-24T07:52:01,VVR,2,4,3,0,0,1,0,34,10
SLC6_2,WASP,SLC6_2_20231224080201.JPG,2023-12-24T08:02:01,VVR,0,5,3,0,1,2,0,35,21
SLC6_2,WASP,SLC6_2_20231224081201.JPG,2023-12-24T08:12:01,VVR,1,5,3,0,5,3,0,35,35
SLC6_2,WASP,SLC6_2_20231224082201.JPG,2023-12-24T08:22:01,VVR,0,5,3,0,4,3,0,35,34
SLC6_2,WASP,SLC6_2_20231224083201.JPG,2023-12-24T08:32:01,VVR,0,4,3,0,3,3,0,34,33
SLC6_2,WASP,SLC6_2_20231224084201.JPG,2023-12-24T08:42:01,VVR,0,4,3,0,1,3,0,34,31
SLC6_2,WASP,SLC6_2_20231224085201.JPG,2023-12-24T08:52:01,VVR,0,4,3,0,2,3,0,34,32
SLC6_2,WASP,SLC6_2_20231224090201.JPG,2023-12-24T09:02:01,VVR,0,6,1,0,6,1,0,16,16
SLC6_2,WASP,SLC6_2_20231224091201.JPG,2023-12-24T09:12:01,VVR,1,5,1,0,3,1,0,15,13
SLC6_2,WASP,SLC6_2_20231224092201.JPG,2023-12-24T09:22:01,VVR,1,4,2,0,4,2,0,24,24
SLC6_2,WASP,SLC6_2_20231224093201.JPG,2023-12-24T09:32:01,VVR,0,5,2,0,2,2,0,25,22
SLC6_2,WASP,SLC6_2_20231224094201.JPG,2023-12-24T09:42:01,VVR,0,6,1,0,4,1,0,16,14
SLC6_2,WASP,SLC6_2_20231224095201.JPG,2023-12-24T09:52:01,VVR,0,3,1,0,3,1,0,13,13
SLC6_2,WASP,SLC6_2_20231224100201.JPG,2023-12-24T10:02:01,VVR,0,7,0,0,5,0,0,7,5
SLC6_2,WASP,SLC6_2_20231224101201.JPG,2023-12-24T10:12:01,VVR,0,7,0,0,7,0,0,7,7
SLC6_2,WASP,SLC6_2_20231224102201.JPG,2023-12-24T10:22:01,VVR,0,8,0,0,8,0,0,8,8
SLC6_2,WASP,SLC6_2_20231224103201.JPG,2023-12-24T10:32:01,VVR,3,5,0,0,5,0,0,5,5
SLC6_2,WASP,SLC6_2_20231224104201.JPG,2023-12-24T10:42:01,VVR,4,4,0,0,4,0,0,4,4
SLC6_2,WASP,SLC6_2_20231224105201.JPG,2023-12-24T10:52:01,VVR,4,4,0,0,4,0,0,4,4
SLC6_2,WASP,SLC6_2_20231224110201.JPG,2023-12-24T11:02:01,VVR,4,4,0,0,4,0,0,4,4
SLC6_2,WASP,SLC6_2_20231224111201.JPG,2023-12-24T11:12:01,VVR,5,3,0,0,3,0,0,3,3
SLC6_2,WASP,SLC6_2_20231224112200.JPG,2023-12-24T11:22:00,VVR,6,3,0,0,3,0,0,3,3
SLC6_2,WASP,SLC6_2_20231224113201.JPG,2023-12-24T11:32:01,VVR,0,3,0,0,3,0,0,3,3
SLC6_2,WASP,SLC6_2_20231224114201.JPG,2023-12-24T11:42:01,VVR,144,0,0,0,0,0,0,0,0
SLC6_2,WASP,SLC6_2_20231224115201.JPG,2023-12-24T11:52:01,VVR,11,1,0,0,1,0,0,1,1
SLC6_2,WASP,SLC6_2_20231224120201.JPG,2023-12-24T12:02:01,VVR,143,1,0,0,1,0,0,1,1
SLC6_2,WASP,SLC6_2_20231224121201.JPG,2023-12-24T12:12:01,VVR,142,2,0,0,2,0,0,2,2
SLC6_2,WASP,SLC6_2_20231224122201.JPG,2023-12-24T12:22:01,VVR,0,1,0,0,1,0,0,1,1
SLC6_2,WASP,SLC6_2_20231224123201.JPG,2023-12-24T12:32:01,VVR,0,1,0,0,1,0,0,1,1
SLC6_2,WASP,SLC6_2_20231224124201.JPG,2023-12-24T12:42:01,VVR,144,0,0,0,0,0,0,0,0
SLC6_2,WASP,SLC6_2_20231224125201.JPG,2023-12-24T12:52:01,VVR,144,0,0,0,0,0,0,0,0
SLC6_2,WASP,SLC6_2_20231224130201.JPG,2023-12-24T13:02:01,VVR,144,0,0,0,0,0,0,0,0
SLC6_2,WASP,SLC6_2_20231224131201.JPG,2023-12-24T13:12:01,VVR,144,0,0,0,0,0,0,0,0
SLC6_2,WASP,SLC6_2_20231224132201.JPG,2023-12-24T13:22:01,VVR,144,0,0,0,0,0,0,0,0
SLC6_2,WASP,SLC6_2_20231224133201.JPG,2023-12-24T13:32:01,VVR,144,0,0,0,0,0,0,0,0
SLC6_2,WASP,SLC6_2_20231224134201.JPG,2023-12-24T13:42:01,VVR,144,0,0,0,0,0,0,0,0
SLC6_2,WASP,SLC6_2_20231224135201.JPG,2023-12-24T13:52:01,VVR,144,0,0,0,0,0,0,0,0
SLC6_2,WASP,SLC6_2_20231224140201.JPG,2023-12-24T14:02:01,VVR,144,0,0,0,0,0,0,0,0
SLC6_2,WASP,SLC6_2_20231224141201.JPG,2023-12-24T14:12:01,VVR,144,0,0,0,0,0,0,0,0
SLC6_2,WASP,SLC6_2_20231224142201.JPG,2023-12-24T14:22:01,VVR,144,0,0,0,0,0,0,0,0
SLC6_2,WASP,SLC6_2_20231224143201.JPG,2023-12-24T14:32:01,VVR,144,0,0,0,0,0,0,0,0
SLC6_2,WASP,SLC6_2_20231224144201.JPG,2023-12-24T14:42:01,VVR,144,0,0,0,0,0,0,0,0
SLC6_2,WASP,SLC6_2_20231224145201.JPG,2023-12-24T14:52:01,VVR,144,0,0,0,0,0,0,0,0
SLC6_2,WASP,SLC6_2_20231224150201.JPG,2023-12-24T15:02:01,VVR,144,0,0,0,0,0,0,0,0
SLC6_2,WASP,SLC6_2_20231224151201.JPG,2023-12-24T15:12:01,VVR,144,0,0,0,0,0,0,0,0
SLC6_2,WASP,SLC6_2_20231224152201.JPG,2023-12-24T15:22:01,VVR,144,0,0,0,0,0,0,0,0
SLC6_2,WASP,SLC6_2_20231224153201.JPG,2023-12-24T15:32:01,VVR,144,0,0,0,0,0,0,0,0
SLC6_2,WASP,SLC6_2_20231224154201.JPG,2023-12-24T15:42:01,VVR,144,0,0,0,0,0,0,0,0
SLC6_2,WASP,SLC6_2_20231224155201.JPG,2023-12-24T15:52:01,VVR,144,0,0,0,0,0,0,0,0
SLC6_2,WASP,SLC6_2_20231224160201.JPG,2023-12-24T16:02:01,VVR,144,0,0,0,0,0,0,0,0
SLC6_2,WASP,SLC6_2_20231224161201.JPG,2023-12-24T16:12:01,VVR,144,0,0,0,0,0,0,0,0
SLC6_2,WASP,SLC6_2_20231224162201.JPG,2023-12-24T16:22:01,VVR,144,0,0,0,0,0,0,0,0
SLC6_2,WASP,SLC6_2_20231224163201.JPG,2023-12-24T16:32:01,VVR,144,0,0,0,0,0,0,0,0
SLC6_2,WASP,SLC6_2_20231224164201.JPG,2023-12-24T16:42:01,VVR,144,0,0,0,0,0,0,0,0
SLC6_2,WASP,SLC6_2_20231224165201.JPG,2023-12-24T16:52:01,VVR,144,0,0,0,0,0,0,0,0
SLC6_2,WASP,SLC6_2_20231224170201.JPG,2023-12-24T17:02:01,VVR,144,0,0,0,0,0,0,0,0
SLC6_2,WASP,SLC6_2_20231224171201.JPG,2023-12-24T17:12:01,VVR,144,0,0,0,0,0,0,0,0
UDMH2,GOLD,UDMH2_20240105122001.JPG,2024-01-05T12:20:01,SM,0,62,3,0,46,0,0,92,46
UDMH2,GOLD,UDMH2_20240105125001.JPG,2024-01-05T12:50:01,SM,6,56,5,0,39,0,0,106,39
UDMH2,GOLD,UDMH2_20240105132001.JPG,2024-01-05T13:20:01,SM,0,43,8,0,15,0,0,123,15
UDMH2,GOLD,UDMH2_20240105135001.JPG,2024-01-05T13:50:01,SM,2,47,7,0,18,1,0,117,28
UDMH2,GOLD,UDMH2_20240105142001.JPG,2024-01-05T14:20:01,SM,1,58,13,0,19,1,0,188,29
UDMH2,GOLD,UDMH2_20240105145001.JPG,2024-01-05T14:50:01,SM,0,54,12,2,11,1,0,374,21
UDMH2,GOLD,UDMH2_20240105152001.JPG,2024-01-05T15:20:01,SM,0,59,16,4,6,0,0,619,6
UDMH2,GOLD,UDMH2_20240105155001.JPG,2024-01-05T15:50:01,SM,1,51,22,1,7,0,0,371,7
UDMH2,GOLD,UDMH2_20240105162001.JPG,2024-01-05T16:20:01,SM,4,48,18,3,11,0,0,528,11
UDMH2,GOLD,UDMH2_20240105165001.JPG,2024-01-05T16:50:01,SM,1,60,18,5,8,0,0,740,8
UDMH2,GOLD,UDMH2_20240105172001.JPG,2024-01-05T17:20:01,SM,4,60,19,7,3,0,0,950,3
UDMH4,LUNA,UDMH4_20240118155001.JPG,2024-01-18T15:50:01,SM,3,11,8,0,0,0,0,91,0
UDMH4,LUNA,UDMH4_20240118162001.JPG,2024-01-18T16:20:01,SM,5,10,8,0,0,0,0,90,0
UDMH4,LUNA,UDMH4_20240118165001.JPG,2024-01-18T16:50:01,SM,6,8,9,0,0,0,0,98,0
UDMH4,LUNA,UDMH4_20240118172001.JPG,2024-01-18T17:20:01,SM,6,8,9,0,0,0,0,98,0
UDMH4,LUNA,UDMH4_20240119072000.JPG,2024-01-19T07:20:00,SM,7,7,9,0,0,0,0,97,0
UDMH4,LUNA,UDMH4_20240119075002.JPG,2024-01-19T07:50:02,SM,7,7,9,0,0,0,0,97,0
UDMH4,LUNA,UDMH4_20240119082001.JPG,2024-01-19T08:20:01,SM,9,9,6,0,0,0,0,69,0
UDMH4,LUNA,UDMH4_20240119085001.JPG,2024-01-19T08:50:01,SM,0,11,4,0,0,0,0,51,0
UDMH4,LUNA,UDMH4_20240119092001.JPG,2024-01-19T09:20:01,SM,0,13,2,0,0,0,0,33,0
UDMH4,LUNA,UDMH4_20240119095001.JPG,2024-01-19T09:50:01,SM,0,10,1,0,3,1,0,20,13
UDMH4,LUNA,UDMH4_20240119102001.JPG,2024-01-19T10:20:01,SM,0,9,0,0,3,0,0,9,3
UDMH4,LUNA,UDMH4_20240119105001.JPG,2024-01-19T10:50:01,SM,0,2,0,0,2,0,0,2,2
UDMH4,LUNA,UDMH4_20240119112001.JPG,2024-01-19T11:20:01,SM,0,1,0,0,0,0,0,1,0
