max_gust,temperature_avg,butterflies_direct_sun_t_lag,total_butterflies_t_lag,fit,standard_error,conf_low,conf_high,supported,temperature_label,direct_sun_label,fit_supported,conf_low_supported,conf_high_supported
0,10,0,37,0.11977597099596277,0.3838803283373119,-0.6326294725451684,0.8721814145370941,TRUE,10 °C,0,0.11977597099596277,-0.6326294725451684,0.8721814145370941
0.03903773584905657,10,0,37,0.11823416504254286,0.3833944103144531,-0.6332188791737852,0.869687209258871,TRUE,10 °C,0,0.11823416504254286,-0.6332188791737852,0.869687209258871
0.07807547169811314,10,0,37,0.11669235908912297,0.38291905218440697,-0.6338289831923146,0.8672137013705606,TRUE,10 °C,0,0.11669235908912297,-0.6338289831923146,0.8672137013705606
0.11711320754716972,10,0,37,0.1151505531357031,0.38245429332231906,-0.6344598617760422,0.8647609680474484,TRUE,10 °C,0,0.1151505531357031,-0.6344598617760422,0.8647609680474484
0.1561509433962263,10,0,37,0.1136087471822832,0.3820001724148524,-0.6351115907508275,0.8623290851153939,TRUE,10 °C,0,0.1136087471822832,-0.6351115907508275,0.8623290851153939
0.19518867924528285,10,0,37,0.11206694122886329,0.38155672744522795,-0.6357842445637835,0.85991812702151,TRUE,10 °C,0,0.11206694122886329,-0.6357842445637835,0.85991812702151
0.23422641509433945,10,0,37,0.11052513527544343,0.38112399567841365,-0.6364778962542473,0.8575281668051341,TRUE,10 °C,0,0.11052513527544343,-0.6364778962542473,0.8575281668051341
0.273264150943396,10,0,37,0.10898332932202352,0.3807020136464732,-0.6371926174250641,0.855159276069111,TRUE,10 °C,0,0.10898332932202352,-0.6371926174250641,0.855159276069111
0.3123018867924526,10,0,37,0.10744152336860366,0.38029081713408774,-0.6379284782142083,0.8528115249514157,TRUE,10 °C,0,0.10744152336860366,-0.6379284782142083,0.8528115249514157
0.35133962264150914,10,0,37,0.10589971741518375,0.3798904411642615,-0.6386855472667687,0.8504849820971363,TRUE,10 °C,0,0.10589971741518375,-0.6386855472667687,0.8504849820971363
0.3903773584905657,10,0,37,0.10435791146176385,0.37950091998422736,-0.6394638917073218,0.8481797146308495,TRUE,10 °C,0,0.10435791146176385,-0.6394638917073218,0.8481797146308495
0.42941509433962227,10,0,37,0.10281610550834398,0.37912228705155965,-0.640263577112713,0.8458957881294009,TRUE,10 °C,0,0.10281610550834398,-0.640263577112713,0.8458957881294009
0.4684528301886789,10,0,37,0.10127429955492409,0.37875457502051096,-0.6410846674852774,0.8436332665951255,TRUE,10 °C,0,0.10127429955492409,-0.6410846674852774,0.8436332665951255
0.5074905660377355,10,0,37,0.09973249360150419,0.3783978157285837,-0.6419272252265199,0.8413922124295282,TRUE,10 °C,0,0.09973249360150419,-0.6419272252265199,0.8413922124295282
0.546528301886792,10,0,37,0.09819068764808428,0.37805204018334704,-0.642791311111276,0.8391726864074445,TRUE,10 °C,0,0.09819068764808428,-0.642791311111276,0.8391726864074445
0.5855660377358486,10,0,37,0.09664888169466442,0.3777172785495143,-0.6436769842623836,0.8369747476517125,TRUE,10 °C,0,0.09664888169466442,-0.6436769842623836,0.8369747476517125
0.6246037735849052,10,0,37,0.09510707574124451,0.37739356013629105,-0.6445843021258859,0.834798453608375,TRUE,10 °C,0,0.09510707574124451,-0.6445843021258859,0.834798453608375
0.6636415094339617,10,0,37,0.09356526978782465,0.37708091338500516,-0.6455133204467854,0.8326438600224347,TRUE,10 °C,0,0.09356526978782465,-0.6455133204467854,0.8326438600224347
0.7026792452830183,10,0,37,0.09202346383440474,0.3767793658570327,-0.6464640932453793,0.8305110209141888,TRUE,10 °C,0,0.09202346383440474,-0.6464640932453793,0.8305110209141888
0.7417169811320748,10,0,37,0.09048165788098485,0.3764889442220293,-0.6474366727941925,0.8283999885561621,TRUE,10 °C,0,0.09048165788098485,-0.6474366727941925,0.8283999885561621
0.7807547169811314,10,0,37,0.08893985192756497,0.37620967424647833,-0.6484311095955326,0.8263108134506625,TRUE,10 °C,0,0.08893985192756497,-0.6484311095955326,0.8263108134506625
0.819792452830188,10,0,37,0.08739804597414506,0.3759415807825691,-0.6494474523596905,0.8242435443079805,TRUE,10 °C,0,0.08739804597414506,-0.6494474523596905,0.8242435443079805
0.8588301886792445,10,0,37,0.08585624002072517,0.3756846877574132,-0.6504857479838047,0.8221982280252551,TRUE,10 °C,0,0.08585624002072517,-0.6504857479838047,0.8221982280252551
0.8978679245283011,10,0,37,0.08431443406730531,0.3754390181626115,-0.6515460415314132,0.8201749096660238,TRUE,10 °C,0,0.08431443406730531,-0.6515460415314132,0.8201749096660238
0.9369056603773578,10,0,37,0.08277262811388539,0.37520459404418133,-0.65262837621271,0.8181736324404808,TRUE,10 °C,0,0.08277262811388539,-0.65262837621271,0.8181736324404808
0.9759433962264144,10,0,37,0.08123082216046551,0.37498143649285454,-0.6537327933655294,0.8161944376864604,TRUE,10 °C,0,0.08123082216046551,-0.6537327933655294,0.8161944376864604
1.014981132075471,10,0,37,0.07968901620704562,0.37476956563475505,-0.6548593324370743,0.8142373648511655,TRUE,10 °C,0,0.07968901620704562,-0.6548593324370743,0.8142373648511655
1.0540188679245275,10,0,37,0.07814721025362574,0.37456900062246723,-0.65600803096641,0.8123024514736614,TRUE,10 °C,0,0.07814721025362574,-0.65600803096641,0.8123024514736614
1.093056603773584,10,0,37,0.07660540430020582,0.37437975962650166,-0.6571789245677374,0.810389733168149,TRUE,10 °C,0,0.07660540430020582,-0.6571789245677374,0.810389733168149
1.1320943396226406,10,0,37,0.07506359834678598,0.37420185982717014,-0.6583720469144675,0.8084992436080395,TRUE,10 °C,0,0.07506359834678598,-0.6583720469144675,0.8084992436080395
1.1711320754716972,10,0,37,0.07352179239336609,0.37403531740687473,-0.6595874297241083,0.8066310145108405,TRUE,10 °C,0,0.07352179239336609,-0.6595874297241083,0.8066310145108405
1.2101698113207537,10,0,37,0.07197998643994617,0.37388014754282223,-0.6608251027439853,0.8047850756238777,TRUE,10 °C,0,0.07197998643994617,-0.6608251027439853,0.8047850756238777
1.2492075471698103,10,0,37,0.07043818048652628,0.37373636440016916,-0.6620850937378052,0.8029614547108578,TRUE,10 °C,0,0.07043818048652628,-0.6620850937378052,0.8029614547108578
1.2882452830188669,10,0,37,0.06889637453310637,0.37360398112560594,-0.6633674284730813,0.801160177539294,TRUE,10 °C,0,0.06889637453310637,-0.6633674284730813,0.801160177539294
1.3272830188679234,10,0,37,0.06735456857968654,0.37348300984138577,-0.6646721307094295,0.7993812678688027,TRUE,10 °C,0,0.06735456857968654,-0.6646721307094295,0.7993812678688027
1.36632075471698,10,0,37,0.06581276262626665,0.37337346163980617,-0.6659992221877534,0.7976247474402868,TRUE,10 °C,0,0.06581276262626665,-0.6659992221877534,0.7976247474402868
1.4053584905660366,10,0,37,0.06427095667284673,0.37327534657814665,-0.6673487226203206,0.7958906359660142,TRUE,10 °C,0,0.06427095667284673,-0.6673487226203206,0.7958906359660142
1.4443962264150931,10,0,37,0.06272915071942683,0.3731886736740702,-0.6687206496817507,0.7941789511206044,TRUE,10 °C,0,0.06272915071942683,-0.6687206496817507,0.7941789511206044
1.4834339622641497,10,0,37,0.06118734476600694,0.37311345090149256,-0.6701150190009184,0.7924897085329323,TRUE,10 °C,0,0.06118734476600694,-0.6701150190009184,0.7924897085329323
1.5224716981132063,10,0,37,0.05964553881258708,0.37304968518692216,-0.6715318441537804,0.7908229217789545,TRUE,10 °C,0,0.05964553881258708,-0.6715318441537804,0.7908229217789545
1.5615094339622628,10,0,37,0.05810373285916719,0.3729973824062785,-0.6729711366571387,0.789178602375473,TRUE,10 °C,0,0.05810373285916719,-0.6729711366571387,0.789178602375473
1.6005471698113194,10,0,37,0.056561926905747295,0.37295654738218764,-0.6744329059633405,0.787556759774835,TRUE,10 °C,0,0.056561926905747295,-0.6744329059633405,0.787556759774835
1.639584905660376,10,0,37,0.055020120952327375,0.3729271838817611,-0.6759171594559245,0.7859574013605791,TRUE,10 °C,0,0.055020120952327375,-0.6759171594559245,0.7859574013605791
1.6786226415094325,10,0,37,0.053478314998907504,0.3729092946148598,-0.6774239024462176,0.7843805324440327,TRUE,10 °C,0,0.053478314998907504,-0.6774239024462176,0.7843805324440327
1.717660377358489,10,0,37,0.051936509045487585,0.3729028812328436,-0.6789531381708858,0.782826156261861,TRUE,10 °C,0,0.051936509045487585,-0.6789531381708858,0.782826156261861
1.7566981132075457,10,0,37,0.05039470309206773,0.3729079443278097,-0.6805048677904393,0.7812942739745747,TRUE,10 °C,0,0.05039470309206773,-0.6805048677904393,0.7812942739745747
1.7957358490566022,10,0,37,0.048852897138647856,0.3729244834323188,-0.6820790903886971,0.7797848846659927,TRUE,10 °C,0,0.048852897138647856,-0.6820790903886971,0.7797848846659927
1.8347735849056588,10,0,37,0.04731109118522794,0.3729524970196117,-0.683675802973211,0.7782979853436668,TRUE,10 °C,0,0.04731109118522794,-0.683675802973211,0.7782979853436668
1.8738113207547156,10,0,37,0.04576928523180801,0.3729919825043128,-0.685295000476645,0.7768335709402611,TRUE,10 °C,0,0.04576928523180801,-0.685295000476645,0.7768335709402611
1.9128490566037721,10,0,37,0.044227479278388195,0.3730429362436236,-0.6869366757591141,0.7753916343158905,TRUE,10 °C,0,0.044227479278388195,-0.6869366757591141,0.7753916343158905
1.9518867924528287,10,0,37,0.04268567332496828,0.37310535353900176,-0.6886008196114751,0.7739721662614117,TRUE,10 °C,0,0.04268567332496828,-0.6886008196114751,0.7739721662614117
1.9909245283018853,10,0,37,0.04114386737154836,0.373179228638325,-0.6902874207595685,0.7725751555026653,TRUE,10 °C,0,0.04114386737154836,-0.6902874207595685,0.7725751555026653
2.029962264150942,10,0,37,0.03960206141812849,0.3732645547385387,-0.6919964658694073,0.7712005887056643,TRUE,10 °C,0,0.03960206141812849,-0.6919964658694073,0.7712005887056643
2.068999999999998,10,0,37,0.03806025546470863,0.37336132398878213,-0.6937279395533044,0.7698484504827215,TRUE,10 °C,0,0.03806025546470863,-0.6937279395533044,0.7698484504827215
2.108037735849055,10,0,37,0.03651844951128876,0.3734695274939921,-0.6954818243769357,0.7685187233995133,TRUE,10 °C,0,0.03651844951128876,-0.6954818243769357,0.7685187233995133
2.1470754716981113,10,0,37,0.034976643557868795,0.37358915531897824,-0.6972581008673285,0.7672113879830661,TRUE,10 °C,0,0.034976643557868795,-0.6972581008673285,0.7672113879830661
2.186113207547168,10,0,37,0.03343483760444892,0.3737201964929672,-0.6990567475217668,0.7659264227306646,TRUE,10 °C,0,0.03343483760444892,-0.6990567475217668,0.7659264227306646
2.2251509433962244,10,0,37,0.03189303165102906,0.3738626390146106,-0.7008777408176077,0.7646638041196658,TRUE,10 °C,0,0.03189303165102906,-0.7008777408176077,0.7646638041196658
2.2641886792452812,10,0,37,0.030351225697609136,0.3740164698574497,-0.7027210552229922,0.7634235066182106,TRUE,10 °C,0,0.030351225697609136,-0.7027210552229922,0.7634235066182106
2.3032264150943376,10,0,37,0.028809419744189275,0.3741816749758339,-0.7045866632084451,0.7622055026968236,TRUE,10 °C,0,0.028809419744189275,-0.7045866632084451,0.7622055026968236
2.3422641509433944,10,0,37,0.027267613790769404,0.37435823931128487,-0.706474535259349,0.7610097628408877,TRUE,10 °C,0,0.027267613790769404,-0.706474535259349,0.7610097628408877
2.3813018867924507,10,0,37,0.025725807837349495,0.3745461467992994,-0.7083846398892774,0.7598362555639763,TRUE,10 °C,0,0.025725807837349495,-0.7083846398892774,0.7598362555639763
2.4203396226415075,10,0,37,0.02418400188392957,0.37474538037658583,-0.7103169436541786,0.7586849474220377,TRUE,10 °C,0,0.02418400188392957,-0.7103169436541786,0.7586849474220377
2.459377358490564,10,0,37,0.022642195930509708,0.3749559219887242,-0.7122714111673897,0.7575558030284092,TRUE,10 °C,0,0.022642195930509708,-0.7122714111673897,0.7575558030284092
2.4984150943396206,10,0,37,0.021100389977089837,0.37517775259824376,-0.7142480051154679,0.7564487850696476,TRUE,10 °C,0,0.021100389977089837,-0.7142480051154679,0.7564487850696476
2.5374528301886774,10,0,37,0.01955858402366991,0.37541085219310893,-0.7162466862748236,0.7553638543221635,TRUE,10 °C,0,0.01955858402366991,-0.7162466862748236,0.7553638543221635
2.5764905660377337,10,0,37,0.01801677807025005,0.37565519979560524,-0.7182674135291363,0.7543009696696363,TRUE,10 °C,0,0.01801677807025005,-0.7182674135291363,0.7543009696696363
2.6155283018867905,10,0,37,0.016474972116830123,0.37591077347161583,-0.7203101438875369,0.7532600881211972,TRUE,10 °C,0,0.016474972116830123,-0.7203101438875369,0.7532600881211972
2.654566037735847,10,0,37,0.014933166163410262,0.3761775503402793,-0.7223748325035372,0.7522411648303576,TRUE,10 °C,0,0.014933166163410262,-0.7223748325035372,0.7522411648303576
2.6936037735849037,10,0,37,0.013391360209990336,0.37645550658401955,-0.724461432694688,0.7512441531146686,TRUE,10 °C,0,0.013391360209990336,-0.724461432694688,0.7512441531146686
2.73264150943396,10,0,37,0.011849554256570473,0.376744617458937,-0.726569895962946,0.750269004476087,TRUE,10 °C,0,0.011849554256570473,-0.726569895962946,0.750269004476087
2.771679245283017,10,0,37,0.01030774830315066,0.377044857305551,-0.7287001720157293,0.7493156686220306,TRUE,10 °C,0,0.01030774830315066,-0.7287001720157293,0.7493156686220306
2.810716981132073,10,0,37,0.008765942349730639,0.3773561995598831,-0.7308522087876402,0.7483840934871014,TRUE,10 °C,0,0.008765942349730639,-0.7308522087876402,0.7483840934871014
2.84975471698113,10,0,37,0.007224136396310824,0.3776786167648705,-0.7330259524628354,0.747474225255457,TRUE,10 °C,0,0.007224136396310824,-0.7330259524628354,0.747474225255457
2.8887924528301863,10,0,37,0.005682330442890962,0.37801208058209745,-0.7352213474980199,0.746586008383802,TRUE,10 °C,0,0.005682330442890962,-0.7352213474980199,0.746586008383802
2.927830188679243,10,0,37,0.004140524489471036,0.37835656180383437,-0.7374383366460443,0.7457193856249863,TRUE,10 °C,0,0.004140524489471036,-0.7374383366460443,0.7457193856249863
2.9668679245282994,10,0,37,0.0025987185360511742,0.378712030365374,-0.7396768609800818,0.7448742980521842,TRUE,10 °C,0,0.0025987185360511742,-0.7396768609800818,0.7448742980521842
3.005905660377356,10,0,37,0.0010569125826312487,0.37907845535764984,-0.7419368599183623,0.7440506850836249,TRUE,10 °C,0,0.0010569125826312487,-0.7419368599183623,0.7440506850836249
3.0449433962264125,10,0,37,-4.8489337078866097e-4,0.3794558050401285,-0.7442182712494404,0.7432484845078632,TRUE,10 °C,0,-4.8489337078866097e-4,-0.7442182712494404,0.7432484845078632
3.0839811320754693,10,0,37,-0.0020266993242085865,0.37984404685396195,-0.7465210311579741,0.7424676325095568,TRUE,10 °C,0,-0.0020266993242085865,-0.7465210311579741,0.7424676325095568
3.1230188679245257,10,0,37,-0.0035685052776284485,0.38024314743538795,-0.7488450742509888,0.741708063695732,TRUE,10 °C,0,-0.0035685052776284485,-0.7488450742509888,0.741708063695732
3.1620566037735824,10,0,37,-0.005110311231048374,0.38065307262936693,-0.7511903335846075,0.7409697111225109,TRUE,10 °C,0,-0.005110311231048374,-0.7511903335846075,0.7409697111225109
3.201094339622639,10,0,37,-0.006652117184468237,0.3810737875034421,-0.7535567406912148,0.7402525063222783,TRUE,10 °C,0,-0.006652117184468237,-0.7535567406912148,0.7402525063222783
3.2401320754716956,10,0,37,-0.00819392313788805,0.38150525636181154,-0.7559442256070387,0.7395563793312626,TRUE,10 °C,0,-0.00819392313788805,-0.7559442256070387,0.7395563793312626
3.279169811320752,10,0,37,-0.009735729091307961,0.38194744275959885,-0.7583527169001216,0.7388812587175058,TRUE,10 °C,0,-0.009735729091307961,-0.7583527169001216,0.7388812587175058
3.3182075471698087,10,0,37,-0.011277535044727886,0.3824003095173108,-0.760782141698657,0.7382270716092013,TRUE,10 °C,0,-0.011277535044727886,-0.760782141698657,0.7382270716092013
3.357245283018865,10,0,37,-0.0128193409981477,0.3828638187354685,-0.763232425719666,0.7375937437233705,TRUE,10 °C,0,-0.0128193409981477,-0.763232425719666,0.7375937437233705
3.396283018867922,10,0,37,-0.014361146951567627,0.38333793180940073,-0.765703493297993,0.7369811993948577,TRUE,10 °C,0,-0.014361146951567627,-0.765703493297993,0.7369811993948577
3.435320754716978,10,0,37,-0.015902952904987538,0.3838226094441864,-0.7681952674155929,0.7363893616056177,TRUE,10 °C,0,-0.015902952904987538,-0.7681952674155929,0.7363893616056177
3.474358490566035,10,0,37,-0.01744475885840746,0.38431781166973344,-0.770707669731085,0.73581815201427,TRUE,10 °C,0,-0.01744475885840746,-0.770707669731085,0.73581815201427
3.5133962264150913,10,0,37,-0.01898656481182737,0.38482349785598263,-0.7732406206095533,0.7352674909858986,TRUE,10 °C,0,-0.01898656481182737,-0.7732406206095533,0.7352674909858986
3.552433962264148,10,0,37,-0.020528370765247297,0.3853396267282237,-0.7757940391525657,0.7347372976220712,TRUE,10 °C,0,-0.020528370765247297,-0.7757940391525657,0.7347372976220712
3.5914716981132044,10,0,37,-0.022070176718667112,0.38586615638251115,-0.7783678432283889,0.7342274897910548,TRUE,10 °C,0,-0.022070176718667112,-0.7783678432283889,0.7342274897910548
3.6305094339622612,10,0,37,-0.023611982672086924,0.3864030443011688,-0.7809619495023777,0.7337379841582038,TRUE,10 °C,0,-0.023611982672086924,-0.7809619495023777,0.7337379841582038
3.6695471698113176,10,0,37,-0.025153788625506948,0.3869502473683688,-0.7835762734675098,0.7332686962164958,TRUE,10 °C,0,-0.025153788625506948,-0.7835762734675098,0.7332686962164958
3.7085849056603744,10,0,37,-0.02669559457892676,0.3875077218857777,-0.7862107294750511,0.7328195403171975,TRUE,10 °C,0,-0.02669559457892676,-0.7862107294750511,0.7328195403171975
3.747622641509431,10,0,37,-0.028237400532346687,0.38807542358825203,-0.7888652307653207,0.7323904297006273,TRUE,10 °C,0,-0.028237400532346687,-0.7888652307653207,0.7323904297006273
3.7866603773584875,10,0,37,-0.029779206485766502,0.3886533076595769,-0.7915396894985371,0.7319812765270042,TRUE,10 °C,0,-0.029779206485766502,-0.7915396894985371,0.7319812765270042
3.8256981132075443,10,0,37,-0.031321012439186426,0.3892413287482341,-0.7942340167857251,0.7315919919073524,TRUE,10 °C,0,-0.031321012439186426,-0.7942340167857251,0.7315919919073524
3.8647358490566006,10,0,37,-0.03286281839260634,0.38983944098318785,-0.7969481227196544,0.7312224859344418,TRUE,10 °C,0,-0.03286281839260634,-0.7969481227196544,0.7312224859344418
3.9037735849056574,10,0,37,-0.034404624346026265,0.39044759798967965,-0.7996819164057984,0.7308726677137458,TRUE,10 °C,0,-0.034404624346026265,-0.7996819164057984,0.7308726677137458
3.9428113207547137,10,0,37,-0.03594643029944617,0.3910657529050187,-0.8024353059932828,0.7305424453943904,TRUE,10 °C,0,-0.03594643029944617,-0.8024353059932828,0.7305424453943904
3.9818490566037705,10,0,37,-0.037488236252865986,0.39169385839435933,-0.8052081987058103,0.7302317262000783,TRUE,10 °C,0,-0.037488236252865986,-0.8052081987058103,0.7302317262000783
4.020886792452827,10,0,37,-0.03903004220628591,0.3923318666664539,-0.8080005008725356,0.7299404164599638,TRUE,10 °C,0,-0.03903004220628591,-0.8080005008725356,0.7299404164599638
4.059924528301884,10,0,37,-0.04057184815970573,0.39297972948937265,-0.8108121179588761,0.7296684216394647,TRUE,10 °C,0,-0.04057184815970573,-0.8108121179588761,0.7296684216394647
4.0989622641509404,10,0,37,-0.042113654113125655,0.39363739820617816,-0.8136429545972348,0.7294156463709836,TRUE,10 °C,0,-0.042113654113125655,-0.8136429545972348,0.7294156463709836
4.137999999999996,10,0,37,-0.04365546006654545,0.3943048237505478,-0.8164929146176191,0.7291819944845283,TRUE,10 °C,0,-0.04365546006654545,-0.8164929146176191,0.7291819944845283
4.177037735849053,10,0,37,-0.045197266019965376,0.39498195666233227,-0.8193619010781366,0.7289673690382059,TRUE,10 °C,0,-0.045197266019965376,-0.8193619010781366,0.7289673690382059
4.21607547169811,10,0,37,-0.0467390719733853,0.395668747103042,-0.8222498162953477,0.728771672348577,TRUE,10 °C,0,-0.0467390719733853,-0.8222498162953477,0.728771672348577
4.255113207547167,10,0,37,-0.04828087792680523,0.39636514487125374,-0.8251565618744625,0.728594806020852,TRUE,10 °C,0,-0.04828087792680523,-0.8251565618744625,0.728594806020852
4.294150943396223,10,0,37,-0.04982268388022512,0.3970710994179273,-0.8280820387393626,0.7284366709789123,TRUE,10 °C,0,-0.04982268388022512,-0.8280820387393626,0.7284366709789123
4.333188679245279,10,0,37,-0.05136448983364505,0.3977865598616242,-0.8310261471624285,0.7282971674951384,TRUE,10 °C,0,-0.05136448983364505,-0.8310261471624285,0.7282971674951384
4.372226415094336,10,0,37,-0.052906295787064975,0.3985114750036216,-0.8339887867941633,0.7281761952200334,TRUE,10 °C,0,-0.052906295787064975,-0.8339887867941633,0.7281761952200334
4.411264150943393,10,0,37,-0.05444810174048479,0.39924579334291205,-0.8369698566925924,0.7280736532116229,TRUE,10 °C,0,-0.05444810174048479,-0.8369698566925924,0.7280736532116229
4.450301886792449,10,0,37,-0.055989907693904696,0.3999894630910831,-0.8399692553524275,0.7279894399646182,TRUE,10 °C,0,-0.055989907693904696,-0.8399692553524275,0.7279894399646182
4.489339622641506,10,0,37,-0.05753171364732451,0.40074243218706845,-0.8429868807339786,0.7279234534393297,TRUE,10 °C,0,-0.05753171364732451,-0.8429868807339786,0.7279234534393297
4.5283773584905624,10,0,37,-0.05907351960074444,0.4015046483117647,-0.8460226302918032,0.7278755910903143,TRUE,10 °C,0,-0.05907351960074444,-0.8460226302918032,0.7278755910903143
4.567415094339619,10,0,37,-0.060615325554164365,0.40227605890250684,-0.8490764010030778,0.727845749894749,TRUE,10 °C,0,-0.060615325554164365,-0.8490764010030778,0.727845749894749
4.606452830188675,10,0,37,-0.06215713150758416,0.40305661116739533,-0.852148089395679,0.7278338263805106,TRUE,10 °C,0,-0.06215713150758416,-0.852148089395679,0.7278338263805106
4.645490566037732,10,0,37,-0.0636989374610041,0.4038462520994708,-0.8552375915759668,0.7278397166539586,TRUE,10 °C,0,-0.0636989374610041,-0.8552375915759668,0.7278397166539586
4.684528301886789,10,0,37,-0.06524074341442401,0.4046449284907278,-0.8583448032562505,0.7278633164274025,TRUE,10 °C,0,-0.06524074341442401,-0.8583448032562505,0.7278633164274025
4.7235660377358455,10,0,37,-0.06678254936784393,0.4054525869459655,-0.8614696197819363,0.7279045210462485,TRUE,10 °C,0,-0.06678254936784393,-0.8614696197819363,0.7279045210462485
4.762603773584901,10,0,37,-0.06832435532126384,0.40626917389646694,-0.864611936158339,0.7279632255158114,TRUE,10 °C,0,-0.06832435532126384,-0.864611936158339,0.7279632255158114
4.801641509433958,10,0,37,-0.06986616127468376,0.40709463561350473,-0.867771647077153,0.7280393245277854,TRUE,10 °C,0,-0.06986616127468376,-0.867771647077153,0.7280393245277854
4.840679245283015,10,0,37,-0.07140796722810357,0.40792891822166666,-0.8709486469425702,0.728132712486363,TRUE,10 °C,0,-0.07140796722810357,-0.8709486469425702,0.728132712486363
4.879716981132072,10,0,37,-0.0729497731815235,0.4087719677119981,-0.8741428298970397,0.7282432835339927,TRUE,10 °C,0,-0.0729497731815235,-0.8741428298970397,0.7282432835339927
4.918754716981128,10,0,37,-0.0744915791349434,0.4096237299549563,-0.8773540898466577,0.7283709315767709,TRUE,10 °C,0,-0.0744915791349434,-0.8773540898466577,0.7283709315767709
4.957792452830184,10,0,37,-0.07603338508836323,0.4104841507131738,-0.8805823204861838,0.7285155503094574,TRUE,10 °C,0,-0.07603338508836323,-0.8805823204861838,0.7285155503094574
4.996830188679241,10,0,37,-0.07757519104178315,0.41135317565402707,-0.8838274153236761,0.7286770332401099,TRUE,10 °C,0,-0.07757519104178315,-0.8838274153236761,0.7286770332401099
5.035867924528298,10,0,37,-0.07911699699520307,0.4122307503620061,-0.8870892677047351,0.728855273714329,TRUE,10 °C,0,-0.07911699699520307,-0.8870892677047351,0.728855273714329
5.074905660377355,10,0,37,-0.080658802948623,0.4131168203508844,-0.8903677708363564,0.7290501649391103,TRUE,10 °C,0,-0.080658802948623,-0.8903677708363564,0.7290501649391103
5.113943396226411,10,0,37,-0.0822006089020428,0.41401133107568405,-0.8936628178103836,0.7292616000062979,TRUE,10 °C,0,-0.0822006089020428,-0.8936628178103836,0.7292616000062979
5.1529811320754675,10,0,37,-0.08374241485546273,0.41491422794443555,-0.8969743016265564,0.729489471915631,TRUE,10 °C,0,-0.08374241485546273,-0.8969743016265564,0.729489471915631
5.192018867924524,10,0,37,-0.08528422080888254,0.41582545632972845,-0.9003021152151502,0.7297336735973852,TRUE,10 °C,0,-0.08528422080888254,-0.9003021152151502,0.7297336735973852
5.231056603773581,10,0,37,-0.08682602676230246,0.4167449615800525,-0.9036461514592052,0.72999409793460035,TRUE,10 °C,0,-0.08682602676230246,-0.9036461514592052,0.72999409793460035
5.270094339622637,10,0,37,-0.08836783271572238,0.4176726890309257,-0.9070063032163367,0.730270637784892,TRUE,10 °C,0,-0.08836783271572238,-0.9070063032163367,0.730270637784892
5.309132075471694,10,0,37,-0.08990963866914219,0.4186085840158105,-0.9103824633401307,0.7305631860018464,TRUE,10 °C,0,-0.08990963866914219,-0.9103824633401307,0.7305631860018464
5.3481698113207505,10,0,37,-0.0914514446225621,0.4195525918768134,-0.9137745247011162,0.7308716354559921,TRUE,10 °C,0,-0.0914514446225621,-0.9137745247011162,0.7308716354559921
5.387207547169807,10,0,37,-0.09299325057598204,0.4205046579751698,-0.9171823802073148,0.7311958790553507,TRUE,10 °C,0,-0.09299325057598204,-0.9171823802073148,0.7311958790553507
5.426245283018863,10,0,37,-0.09453505652940195,0.421464727701512,-0.9206059228243655,0.7315358097655615,TRUE,10 °C,0,-0.09453505652940195,-0.9206059228243655,0.7315358097655615
5.46528301886792,10,0,37,-0.09607686248282177,0.4224327464859196,-0.9240450455952242,0.7318913206295806,TRUE,10 °C,0,-0.09607686248282177,-0.9240450455952242,0.7318913206295806
5.504320754716977,10,0,37,-0.09761866843624158,0.423408659807753,-0.9274996416594374,0.7322623047869543,TRUE,10 °C,0,-0.09761866843624158,-0.9274996416594374,0.7322623047869543
5.543358490566034,10,0,37,-0.09916047438966161,0.4243924132052672,-0.9309696042719853,0.7326486554926621,TRUE,10 °C,0,-0.09916047438966161,-0.9309696042719853,0.7326486554926621
5.5823962264150895,10,0,37,-0.1007022803430814,0.42538395228500997,-0.9344548268217009,0.7330502661355381,TRUE,10 °C,0,-0.1007022803430814,-0.9344548268217009,0.7330502661355381
5.621433962264146,10,0,37,-0.10224408629650143,0.4263832227309998,-0.937955202849261,0.7334670302562583,TRUE,10 °C,0,-0.10224408629650143,-0.937955202849261,0.7334670302562583
5.660471698113203,10,0,37,-0.10378589224992124,0.4273901703136886,-0.941470626064751,0.7338988415649084,TRUE,10 °C,0,-0.10378589224992124,-0.941470626064751,0.7338988415649084
5.69950943396226,10,0,37,-0.10532769820334129,0.42840474089870506,-0.9450009903648032,0.7343455939581206,TRUE,10 °C,0,-0.10532769820334129,-0.9450009903648032,0.7343455939581206
5.738547169811316,10,0,37,-0.10686950415676097,0.42942688045538324,-0.9485461898493122,0.7348071815357902,TRUE,10 °C,0,-0.10686950415676097,-0.9485461898493122,0.7348071815357902
5.7775849056603725,10,0,37,-0.10841131011018101,0.43045653506507475,-0.9521061188377276,0.7352834986173655,TRUE,10 °C,0,-0.10841131011018101,-0.9521061188377276,0.7352834986173655
5.816622641509429,10,0,37,-0.10995311606360082,0.43149365092924663,-0.9556806718849242,0.7357744397577226,TRUE,10 °C,0,-0.10995311606360082,-0.9556806718849242,0.7357744397577226
5.855660377358486,10,0,37,-0.11149492201702063,0.4325381743773648,-0.9592697437966556,0.7362798997626144,TRUE,10 °C,0,-0.11149492201702063,-0.9592697437966556,0.7362798997626144
5.894698113207542,10,0,37,-0.11303672797044055,0.4335900518745663,-0.9628732296445904,0.7367997737037094,TRUE,10 °C,0,-0.11303672797044055,-0.9628732296445904,0.7367997737037094
5.933735849056599,10,0,37,-0.11457853392386036,0.43464923002912037,-0.9664910247809362,0.7373339569332156,TRUE,10 °C,0,-0.11457853392386036,-0.9664910247809362,0.7373339569332156
5.972773584905656,10,0,37,-0.1161203398772804,0.43571565559967884,-0.9701230248526509,0.73788234509809,TRUE,10 °C,0,-0.1161203398772804,-0.9701230248526509,0.73788234509809
6.011811320754712,10,0,37,-0.11766214583070021,0.43678927550231955,-0.9737691258152466,0.7384448341538461,TRUE,10 °C,0,-0.11766214583070021,-0.9737691258152466,0.7384448341538461
6.050849056603768,10,0,37,-0.11920395178412022,0.4378700368173837,-0.9774292239461922,0.7390213203779518,TRUE,10 °C,0,-0.11920395178412022,-0.9774292239461922,0.7390213203779518
6.089886792452825,10,0,37,-0.12074575773754004,0.4389578867961085,-0.9811032158579126,0.7396117003828325,TRUE,10 °C,0,-0.12074575773754004,-0.9811032158579126,0.7396117003828325
6.128924528301882,10,0,37,-0.12228756369096007,0.4400527728670574,-0.9847909985103925,0.7402158711284724,TRUE,10 °C,0,-0.12228756369096007,-0.9847909985103925,0.7402158711284724
6.167962264150939,10,0,37,-0.12382936964437988,0.4411546426423499,-0.9884924692233856,0.7408337299346259,TRUE,10 °C,0,-0.12382936964437988,-0.9884924692233856,0.7408337299346259
6.2069999999999945,10,0,37,-0.12537117559779978,0.44226344392369266,-0.9922075256882373,0.7414651744926378,TRUE,10 °C,0,-0.12537117559779978,-0.9922075256882373,0.7414651744926378
0,15,0,37,0.21535188598197613,0.3767684278116433,-0.5231142325288447,0.9538180044927971,TRUE,15 °C,0,0.21535188598197613,-0.5231142325288447,0.9538180044927971
0.03903773584905657,15,0,37,0.2164266936715197,0.3764317563010469,-0.5213795486785323,0.9542329360215717,TRUE,15 °C,0,0.2164266936715197,-0.5213795486785323,0.9542329360215717
0.07807547169811314,15,0,37,0.2175015013610633,0.3761002223044805,-0.5196549343557184,0.954657937077845,TRUE,15 °C,0,0.2175015013610633,-0.5196549343557184,0.954657937077845
0.11711320754716972,15,0,37,0.2185763090506069,0.3757738394199683,-0.517940416212531,0.9550930343137447,TRUE,15 °C,0,0.2185763090506069,-0.517940416212531,0.9550930343137447
0.1561509433962263,15,0,37,0.2196511167401505,0.3754526210811749,-0.5162360205789522,0.9555382540592532,TRUE,15 °C,0,0.2196511167401505,-0.5162360205789522,0.9555382540592532
0.19518867924528285,15,0,37,0.22072592442969408,0.3751365805548428,-0.5145417734577977,0.9559936223171859,TRUE,15 °C,0,0.22072592442969408,-0.5145417734577977,0.9559936223171859
0.23422641509433945,15,0,37,0.22180073211923768,0.3748257309382473,-0.512857700519727,0.9564591647582024,TRUE,15 °C,0,0.22180073211923768,-0.512857700519727,0.9564591647582024
0.273264150943396,15,0,37,0.22287553980878128,0.3745200851566686,-0.5111838270982892,0.9569349067158518,TRUE,15 °C,0,0.22287553980878128,-0.5111838270982892,0.9569349067158518
0.3123018867924526,15,0,37,0.22395034749832488,0.37421965596088214,-0.5095201781850041,0.9574208731816538,TRUE,15 °C,0,0.22395034749832488,-0.5095201781850041,0.9574208731816538
0.35133962264150914,15,0,37,0.22502515518786845,0.3739244559246683,-0.5078667784244814,0.9579170888002183,TRUE,15 °C,0,0.22502515518786845,-0.5078667784244814,0.9579170888002183
0.3903773584905657,15,0,37,0.22609996287741202,0.3736344974423441,-0.5062236521095824,0.9584235778644066,TRUE,15 °C,0,0.22609996287741202,-0.5062236521095824,0.9584235778644066
0.42941509433962227,15,0,37,0.22717477056695565,0.3733497927263152,-0.5045908231766221,0.9589403643105334,TRUE,15 °C,0,0.22717477056695565,-0.5045908231766221,0.9589403643105334
0.4684528301886789,15,0,37,0.22824957825649925,0.3730703538046512,-0.502968315200617,0.9594674717136156,TRUE,15 °C,0,0.22824957825649925,-0.502968315200617,0.9594674717136156
0.5074905660377355,15,0,37,0.22932438594604282,0.37279619251868484,-0.5013561513905795,0.9600049232826651,TRUE,15 °C,0,0.22932438594604282,-0.5013561513905795,0.9600049232826651
0.546528301886792,15,0,37,0.2303991936355864,0.372527320520636,-0.49975435458486017,0.9605527418560329,TRUE,15 °C,0,0.2303991936355864,-0.49975435458486017,0.9605527418560329
0.5855660377358486,15,0,37,0.23147400132513,0.3722637492712615,-0.49816294724654253,0.9611109498968025,TRUE,15 °C,0,0.23147400132513,-0.49816294724654253,0.9611109498968025
0.6246037735849052,15,0,37,0.2325488090146736,0.37200549003753175,-0.4965819514588886,0.9616795694882357,TRUE,15 °C,0,0.2325488090146736,-0.4965819514588886,0.9616795694882357
0.6636415094339617,15,0,37,0.2336236167042172,0.3717525538903363,-0.49501138892084195,0.9622586223292763,TRUE,15 °C,0,0.2336236167042172,-0.49501138892084195,0.9622586223292763
0.7026792452830183,15,0,37,0.23469842439376076,0.3715049517022165,-0.4934512809425835,0.962848129730105,TRUE,15 °C,0,0.23469842439376076,-0.4934512809425835,0.962848129730105
0.7417169811320748,15,0,37,0.23577323208330433,0.3712626941451304,-0.49190164844115125,0.96344811260776,TRUE,15 °C,0,0.23577323208330433,-0.49190164844115125,0.96344811260776
0.7807547169811314,15,0,37,0.23684803977284793,0.37102579168824734,-0.4903625119361168,0.9640585914818127,TRUE,15 °C,0,0.23684803977284793,-0.4903625119361168,0.9640585914818127
0.819792452830188,15,0,37,0.23792284746239153,0.370794254595775,-0.4888338915453274,0.9646795864701105,TRUE,15 °C,0,0.23792284746239153,-0.4888338915453274,0.9646795864701105
0.8588301886792445,15,0,37,0.23899765515193513,0.37056809292481957,-0.4873158069807112,0.9653111172845815,TRUE,15 °C,0,0.23899765515193513,-0.4873158069807112,0.9653111172845815
0.8978679245283011,15,0,37,0.24007246284147873,0.3703473165232801,-0.48580827754415024,0.9659532032271078,TRUE,15 °C,0,0.24007246284147873,-0.48580827754415024,0.9659532032271078
0.9369056603773578,15,0,37,0.2411472705310223,0.37013193502777786,-0.48431132212342226,0.9666058631854668,TRUE,15 °C,0,0.2411472705310223,-0.48431132212342226,0.9666058631854668
0.9759433962264144,15,0,37,0.2422220782205659,0.3699219578616216,-0.4828249591882124,0.9672691156293443,TRUE,15 °C,0,0.2422220782205659,-0.4828249591882124,0.9672691156293443
1.014981132075471,15,0,37,0.24329688591010948,0.36971739423281014,-0.4813492067861984,0.9679429786064173,TRUE,15 °C,0,0.24329688591010948,-0.4813492067861984,0.9679429786064173
1.0540188679245275,15,0,37,0.24437169359965308,0.3695182531320727,-0.47988408253920944,0.9686274697385155,TRUE,15 °C,0,0.24437169359965308,-0.47988408253920944,0.9686274697385155
1.093056603773584,15,0,37,0.24544650128919668,0.36932454333094844,-0.4784296036394623,0.9693226062178556,TRUE,15 °C,0,0.24544650128919668,-0.4784296036394623,0.9693226062178556
1.1320943396226406,15,0,37,0.2465213089787403,0.36913627337990534,-0.47698578684587417,0.9700284048033547,TRUE,15 °C,0,0.2465213089787403,-0.47698578684587417,0.9700284048033547
1.1711320754716972,15,0,37,0.24759611666828388,0.3689534516065008,-0.47555264848045764,0.9707448818170253,TRUE,15 °C,0,0.24759611666828388,-0.47555264848045764,0.9707448818170253
1.2101698113207537,15,0,37,0.24867092435782745,0.3687760861135824,-0.47413020442479414,0.971472053140449,TRUE,15 °C,0,0.24867092435782745,-0.47413020442479414,0.971472053140449
1.2492075471698103,15,0,37,0.24974573204737105,0.3686041847775334,-0.4727184701165944,0.9722099342113365,TRUE,15 °C,0,0.24974573204737105,-0.4727184701165944,0.9722099342113365
1.2882452830188669,15,0,37,0.2508205397369146,0.3684377552465587,-0.47131746054634044,0.9729585400201697,TRUE,15 °C,0,0.2508205397369146,-0.47131746054634044,0.9729585400201697
1.3272830188679234,15,0,37,0.25189534742645825,0.36827680493901843,-0.46992719025401786,0.9737178851069344,TRUE,15 °C,0,0.25189534742645825,-0.46992719025401786,0.9737178851069344
1.36632075471698,15,0,37,0.25297015511600185,0.36812134104180405,-0.46854767332593406,0.9744879835579378,TRUE,15 °C,0,0.25297015511600185,-0.46854767332593406,0.9744879835579378
1.4053584905660366,15,0,37,0.2540449628055454,0.3679713705087615,-0.4671789233916271,0.9752688490027179,TRUE,15 °C,0,0.2540449628055454,-0.4671789233916271,0.9752688490027179
1.4443962264150931,15,0,37,0.255119770495089,0.3678269000591607,-0.4658209536208659,0.9760604946110438,TRUE,15 °C,0,0.255119770495089,-0.4658209536208659,0.9760604946110438
1.4834339622641497,15,0,37,0.25619457818463254,0.3676879361762133,-0.4644737767207455,0.9768629330900106,TRUE,15 °C,0,0.25619457818463254,-0.4644737767207455,0.9768629330900106
1.5224716981132063,15,0,37,0.2572693858741762,0.36755448510563704,-0.4631374049328724,0.9776761766812248,TRUE,15 °C,0,0.2572693858741762,-0.4631374049328724,0.9776761766812248
1.5615094339622628,15,0,37,0.2583441935637198,0.367426552854271,-0.46181185003065134,0.9785002371580909,TRUE,15 °C,0,0.2583441935637198,-0.46181185003065134,0.9785002371580909
1.6005471698113194,15,0,37,0.25941900125326334,0.3673041451887394,-0.4604971233166658,0.9793351258231925,TRUE,15 °C,0,0.25941900125326334,-0.4604971233166658,0.9793351258231925
1.639584905660376,15,0,37,0.260493808942807,0.36718726763416554,-0.4591932356201574,0.9801808535057714,TRUE,15 °C,0,0.260493808942807,-0.4591932356201574,0.9801808535057714
1.6786226415094325,15,0,37,0.26156861663235054,0.36707592547293755,-0.45790019729460707,0.9810374305593081,TRUE,15 °C,0,0.26156861663235054,-0.45790019729460707,0.9810374305593081
1.717660377358489,15,0,37,0.26264342432189414,0.3669701237435257,-0.45661801821541625,0.9819048668592045,TRUE,15 °C,0,0.26264342432189414,-0.45661801821541625,0.9819048668592045
1.7566981132075457,15,0,37,0.2637182320114378,0.3668698672393512,-0.45534670777769054,0.9827831718005662,TRUE,15 °C,0,0.2637182320114378,-0.45534670777769054,0.9827831718005662
1.7957358490566022,15,0,37,0.26479303970098134,0.36677516050770853,-0.45408627489412734,0.98367235429609,TRUE,15 °C,0,0.26479303970098134,-0.45408627489412734,0.98367235429609
1.8347735849056588,15,0,37,0.26586784739052494,0.3666860078487415,-0.45283672799300845,0.9845724227740583,TRUE,15 °C,0,0.26586784739052494,-0.45283672799300845,0.9845724227740583
1.8738113207547156,15,0,37,0.2669426550800685,0.36660241331447163,-0.45159807501629595,0.9854833851764329,TRUE,15 °C,0,0.2669426550800685,-0.45159807501629595,0.9854833851764329
1.9128490566037721,15,0,37,0.26801746276961214,0.36652438070788385,-0.4503703234178402,0.9864052489570645,TRUE,15 °C,0,0.26801746276961214,-0.4503703234178402,0.9864052489570645
1.9518867924528287,15,0,37,0.2690922704591557,0.36645191358206397,-0.4491534801616897,0.9873380210800011,TRUE,15 °C,0,0.2690922704591557,-0.4491534801616897,0.9873380210800011
1.9909245283018853,15,0,37,0.2701670781486993,0.3663850152393938,-0.44794755172051254,0.9882817080179112,TRUE,15 °C,0,0.2701670781486993,-0.44794755172051254,0.9882817080179112
2.029962264150942,15,0,37,0.2712418858382429,0.36632368873080096,-0.44675254407412696,0.9892363157506128,TRUE,15 °C,0,0.2712418858382429,-0.44675254407412696,0.9892363157506128
2.068999999999998,15,0,37,0.2723166935277865,0.36626793685506553,-0.44556846270814193,0.9902018497637148,TRUE,15 °C,0,0.2723166935277865,-0.44556846270814193,0.9902018497637148
2.108037735849055,15,0,37,0.2733915012173301,0.36621776215818297,-0.44439531261270854,0.9911783150473688,TRUE,15 °C,0,0.2733915012173301,-0.44439531261270854,0.9911783150473688
2.1470754716981113,15,0,37,0.2744663089068737,0.36617316693278373,-0.4432330982813824,0.9921657160951298,TRUE,15 °C,0,0.2744663089068737,-0.4432330982813824,0.9921657160951298
2.186113207547168,15,0,37,0.2755411165964173,0.36613415321761056,-0.44208182371009935,0.9931640569029339,TRUE,15 °C,0,0.2755411165964173,-0.44208182371009935,0.9931640569029339
2.2251509433962244,15,0,37,0.2766159242859609,0.36610072279705325,-0.4409414923962635,0.9941733409681852,TRUE,15 °C,0,0.2766159242859609,-0.4409414923962635,0.9941733409681852
2.2641886792452812,15,0,37,0.2776907319755044,0.36607287720074055,-0.43981210733794707,0.9951935712889559,TRUE,15 °C,0,0.2776907319755044,-0.43981210733794707,0.9951935712889559
2.3032264150943376,15,0,37,0.278765539665048,0.3660506177031911,-0.43869367103320644,0.9962247503633025,TRUE,15 °C,0,0.278765539665048,-0.43869367103320644,0.9962247503633025
2.3422641509433944,15,0,37,0.2798403473545917,0.36603394532352146,-0.4375861854795104,0.9972668801886937,TRUE,15 °C,0,0.2798403473545917,-0.4375861854795104,0.9972668801886937
2.3813018867924507,15,0,37,0.2809151550441352,0.36602286082521296,-0.43648965217328217,0.9983199622615526,TRUE,15 °C,0,0.2809151550441352,-0.43648965217328217,0.9983199622615526
2.4203396226415075,15,0,37,0.2819899627336788,0.3660173647159371,-0.4354040721095579,0.9993839975769155,TRUE,15 °C,0,0.2819899627336788,-0.4354040721095579,0.9993839975769155
2.459377358490564,15,0,37,0.2830647704232224,0.3660174572474394,-0.4343294457817588,1.0004589866282037,TRUE,15 °C,0,0.2830647704232224,-0.4343294457817588,1.0004589866282037
2.4984150943396206,15,0,37,0.284139578112766,0.3660231384154812,-0.4332657731815771,1.001544929407109,TRUE,15 °C,0,0.284139578112766,-0.4332657731815771,1.001544929407109
2.5374528301886774,15,0,37,0.2852143858023096,0.3660344079598414,-0.43221305379897945,1.0026418254035987,TRUE,15 °C,0,0.2852143858023096,-0.43221305379897945,1.0026418254035987
2.5764905660377337,15,0,37,0.28628919349185317,0.36605126536437516,-0.4311712866223221,1.0037496736060285,TRUE,15 °C,0,0.28628919349185317,-0.4311712866223221,1.0037496736060285
2.6155283018867905,15,0,37,0.28736400118139677,0.36607370985713306,-0.430140470138584,1.0048684725013775,TRUE,15 °C,0,0.28736400118139677,-0.430140470138584,1.0048684725013775
2.654566037735847,15,0,37,0.2884388088709403,0.36610174041053717,-0.4291206023337125,1.0059982200755933,TRUE,15 °C,0,0.2884388088709403,-0.4291206023337125,1.0059982200755933
2.6936037735849037,15,0,37,0.2895136165604839,0.3661353557416162,-0.4281116806930838,1.0071389138140516,TRUE,15 °C,0,0.2895136165604839,-0.4281116806930838,1.0071389138140516
2.73264150943396,15,0,37,0.2905884242500275,0.36617455431229917,-0.4271137022020789,1.0082905507021338,TRUE,15 °C,0,0.2905884242500275,-0.4271137022020789,1.0082905507021338
2.771679245283017,15,0,37,0.29166323193957117,0.36621933432976705,-0.42612666334677224,1.0094531272259146,TRUE,15 °C,0,0.29166323193957117,-0.42612666334677224,1.0094531272259146
2.810716981132073,15,0,37,0.29273803962911465,0.366269693746862,-0.4251505601147349,1.0106266393729642,TRUE,15 °C,0,0.29273803962911465,-0.4251505601147349,1.0106266393729642
2.84975471698113,15,0,37,0.2938128473186583,0.3663256302625549,-0.4241853879959493,1.0118110826332658,TRUE,15 °C,0,0.2938128473186583,-0.4241853879959493,1.0118110826332658
2.8887924528301863,15,0,37,0.2948876550082019,0.3663871413224701,-0.4232311419838394,1.0130064520002433,TRUE,15 °C,0,0.2948876550082019,-0.4232311419838394,1.0130064520002433
2.927830188679243,15,0,37,0.2959624626977455,0.3664542241194675,-0.4222878165764108,1.0142127419719018,TRUE,15 °C,0,0.2959624626977455,-0.4222878165764108,1.0142127419719018
2.9668679245282994,15,0,37,0.29703727038728905,0.3665268755942813,-0.42135540577750236,1.0154299465520804,TRUE,15 °C,0,0.29703727038728905,-0.42135540577750236,1.0154299465520804
3.005905660377356,15,0,37,0.29811207807683265,0.3666050924362157,-0.42043390309815015,1.0166580592518155,TRUE,15 °C,0,0.29811207807683265,-0.42043390309815015,1.0166580592518155
3.0449433962264125,15,0,37,0.29918688576637625,0.3666888710838963,-0.41952330155806045,1.017897073090813,TRUE,15 °C,0,0.29918688576637625,-0.41952330155806045,1.017897073090813
3.0839811320754693,15,0,37,0.3002616934559198,0.366778207726078,-0.41862359368719304,1.0191469805990327,TRUE,15 °C,0,0.3002616934559198,-0.41862359368719304,1.0191469805990327
3.1230188679245257,15,0,37,0.3013365011454634,0.36687309830250753,-0.4177347715274513,1.020407773818378,TRUE,15 °C,0,0.3013365011454634,-0.4177347715274513,1.020407773818378
3.1620566037735824,15,0,37,0.30241130883500694,0.36697353850484143,-0.41685682663448226,1.021679444304496,TRUE,15 °C,0,0.30241130883500694,-0.41685682663448226,1.021679444304496
3.201094339622639,15,0,37,0.30348611652455054,0.36707952377761816,-0.415989750079581,1.022961983128682,TRUE,15 °C,0,0.30348611652455054,-0.415989750079581,1.022961983128682
3.2401320754716956,15,0,37,0.3045609242140943,0.36719104931928437,-0.41513353245170304,1.0242553808798918,TRUE,15 °C,0,0.3045609242140943,-0.41513353245170304,1.0242553808798918
3.279169811320752,15,0,37,0.3056357319036379,0.3673081100832746,-0.4142881638595802,1.0255596276668562,TRUE,15 °C,0,0.3056357319036379,-0.4142881638595802,1.0255596276668562
3.3182075471698087,15,0,37,0.30671053959318145,0.3674307007791434,-0.4134536339339396,1.0268747131203024,TRUE,15 °C,0,0.30671053959318145,-0.4134536339339396,1.0268747131203024
3.357245283018865,15,0,37,0.30778534728272505,0.3675588158737502,-0.4126299318298254,1.0282006263952754,TRUE,15 °C,0,0.30778534728272505,-0.4126299318298254,1.0282006263952754
3.396283018867922,15,0,37,0.30886015497226865,0.3676924495924959,-0.4118170462290233,1.0295373561735606,TRUE,15 °C,0,0.30886015497226865,-0.4118170462290233,1.0295373561735606
3.435320754716978,15,0,37,0.3099349626618122,0.3678315959206093,-0.4110149653425821,1.0308848906662065,TRUE,15 °C,0,0.3099349626618122,-0.4110149653425821,1.0308848906662065
3.474358490566035,15,0,37,0.3110097703513558,0.36797624860448586,-0.4102236769134364,1.032243217616148,TRUE,15 °C,0,0.3110097703513558,-0.4102236769134364,1.032243217616148
3.5133962264150913,15,0,37,0.3120845780408994,0.36812640115307393,-0.4094431682191255,1.0336123243009243,TRUE,15 °C,0,0.3120845780408994,-0.4094431682191255,1.0336123243009243
3.552433962264148,15,0,37,0.31315938573044294,0.36828204683931187,-0.40867342607460827,1.034992197535494,TRUE,15 °C,0,0.31315938573044294,-0.40867342607460827,1.034992197535494
3.5914716981132044,15,0,37,0.31423419341998654,0.36844317870161186,-0.40791443683517264,1.0363828236751458,TRUE,15 °C,0,0.31423419341998654,-0.40791443683517264,1.0363828236751458
3.6305094339622612,15,0,37,0.3153090011095302,0.36860978954539225,-0.4071661863994386,1.0377841886184989,TRUE,15 °C,0,0.3153090011095302,-0.4071661863994386,1.0377841886184989
3.6695471698113176,15,0,37,0.3163838087990737,0.36878187194465556,-0.40642866021245116,1.0391962778105985,TRUE,15 °C,0,0.3163838087990737,-0.40642866021245116,1.0391962778105985
3.7085849056603744,15,0,37,0.31745861648861734,0.3689594182436139,-0.4057018432688659,1.0406190762461005,TRUE,15 °C,0,0.31745861648861734,-0.4057018432688659,1.0406190762461005
3.747622641509431,15,0,37,0.31853342417816094,0.36914242055835755,-0.40498572011621986,1.0420525684725417,TRUE,15 °C,0,0.31853342417816094,-0.40498572011621986,1.0420525684725417
3.7866603773584875,15,0,37,0.31960823186770454,0.36933087077856913,-0.40428027485829093,1.0434967385937,TRUE,15 °C,0,0.31960823186770454,-0.40428027485829093,1.0434967385937
3.8256981132075443,15,0,37,0.3206830395572481,0.36952476056928135,-0.40358549115854336,1.0449515702730396,TRUE,15 °C,0,0.3206830395572481,-0.40358549115854336,1.0449515702730396
3.8647358490566006,15,0,37,0.3217578472467917,0.3697240813726756,-0.4029013522436524,1.0464170467372358,TRUE,15 °C,0,0.3217578472467917,-0.4029013522436524,1.0464170467372358
3.9037735849056574,15,0,37,0.32283265493633523,0.3699288244099243,-0.40222784090711644,1.0478931507797868,TRUE,15 °C,0,0.32283265493633523,-0.40222784090711644,1.0478931507797868
3.9428113207547137,15,0,37,0.32390746262587883,0.3701389806830725,-0.4015649395129432,1.0493798647647008,TRUE,15 °C,0,0.32390746262587883,-0.4015649395129432,1.0493798647647008
3.9818490566037705,15,0,37,0.32498227031542254,0.3703545409769603,-0.4009126299994196,1.0508771706302646,TRUE,15 °C,0,0.32498227031542254,-0.4009126299994196,1.0508771706302646
4.020886792452827,15,0,37,0.32605707800496597,0.3705754958611829,-0.40027089388295245,1.0523850498928844,TRUE,15 °C,0,0.32605707800496597,-0.40027089388295245,1.0523850498928844
4.059924528301884,15,0,37,0.3271318856945097,0.37080183569209024,-0.39963971226198713,1.0539034836510064,TRUE,15 °C,0,0.3271318856945097,-0.39963971226198713,1.0539034836510064
4.0989622641509404,15,0,37,0.3282066933840532,0.37103355061482207,-0.39901906582099805,1.0554324525891046,TRUE,15 °C,0,0.3282066933840532,-0.39901906582099805,1.0554324525891046
4.137999999999996,15,0,37,0.3292815010735968,0.37127063056538034,-0.3984089348345486,1.0569719369817423,TRUE,15 °C,0,0.3292815010735968,-0.3984089348345486,1.0569719369817423
4.177037735849053,15,0,37,0.3303563087631404,0.37151306527273614,-0.39780929917142244,1.0585219166977033,TRUE,15 °C,0,0.3303563087631404,-0.39780929917142244,1.0585219166977033
4.21607547169811,15,0,37,0.33143111645268397,0.3717608442609699,-0.39722013829881697,1.060082371204185,TRUE,15 °C,0,0.33143111645268397,-0.39722013829881697,1.060082371204185
4.255113207547167,15,0,37,0.33250592414222757,0.37201395685144584,-0.3966414312866062,1.0616532795710614,TRUE,15 °C,0,0.33250592414222757,-0.3966414312866062,1.0616532795710614
4.294150943396223,15,0,37,0.3335807318317712,0.3722723921650186,-0.3960731568116653,1.0632346204752077,TRUE,15 °C,0,0.3335807318317712,-0.3960731568116653,1.0632346204752077
4.333188679245279,15,0,37,0.3346555395213147,0.37253613912426947,-0.3955152931622535,1.064826372204883,TRUE,15 °C,0,0.3346555395213147,-0.3955152931622535,1.064826372204883
4.372226415094336,15,0,37,0.33573034721085837,0.3728051864557737,-0.3949678182424581,1.0664285126641748,TRUE,15 °C,0,0.33573034721085837,-0.3949678182424581,1.0664285126641748
4.411264150943393,15,0,37,0.33680515490040197,0.37307952269239736,-0.3944307095766968,1.0680410193775007,TRUE,15 °C,0,0.33680515490040197,-0.3944307095766968,1.0680410193775007
4.450301886792449,15,0,37,0.33787996258994557,0.3733591361756205,-0.39390394431427056,1.0696638694941618,TRUE,15 °C,0,0.33787996258994557,-0.39390394431427056,1.0696638694941618
4.489339622641506,15,0,37,0.33895477027948917,0.3736440150578885,-0.3933874992339723,1.0712970397929507,TRUE,15 °C,0,0.33895477027948917,-0.3933874992339723,1.0712970397929507
4.5283773584905624,15,0,37,0.3400295779690328,0.3739341473049891,-0.3928813507487458,1.0729405066868114,TRUE,15 °C,0,0.3400295779690328,-0.3928813507487458,1.0729405066868114
4.567415094339619,15,0,37,0.3411043856585763,0.37422952069845405,-0.3923854749103936,1.0745942462275462,TRUE,15 °C,0,0.3411043856585763,-0.3923854749103936,1.0745942462275462
4.606452830188675,15,0,37,0.34217919334811997,0.3745301228379842,-0.39189984741432904,1.0762582341105689,TRUE,15 °C,0,0.34217919334811997,-0.39189984741432904,1.0762582341105689
4.645490566037732,15,0,37,0.34325400103766346,0.37483594114389857,-0.39142444360437767,1.0779324456797046,TRUE,15 °C,0,0.34325400103766346,-0.39142444360437767,1.0779324456797046
4.684528301886789,15,0,37,0.3443288087272071,0.3751469628596029,-0.39095923847761455,1.0796168559320287,TRUE,15 °C,0,0.3443288087272071,-0.39095923847761455,1.0796168559320287
4.7235660377358455,15,0,37,0.3454036164167506,0.3754631750540819,-0.39050420668924984,1.081311439522751,TRUE,15 °C,0,0.3454036164167506,-0.39050420668924984,1.081311439522751
4.762603773584901,15,0,37,0.3464784241062943,0.3757845646244076,-0.39005932255754466,1.0830161707701333,TRUE,15 °C,0,0.3464784241062943,-0.39005932255754466,1.0830161707701333
4.801641509433958,15,0,37,0.3475532317958378,0.3761111182982692,-0.38962456006876983,1.0847310236604455,TRUE,15 °C,0,0.3475532317958378,-0.38962456006876983,1.0847310236604455
4.840679245283015,15,0,37,0.34862803948538157,0.3764428226365184,-0.3891998928821945,1.0864559718529576,TRUE,15 °C,0,0.34862803948538157,-0.3891998928821945,1.0864559718529576
4.879716981132072,15,0,37,0.349702847174925,0.37677966403573265,-0.38878529433511094,1.088190988684961,TRUE,15 °C,0,0.349702847174925,-0.38878529433511094,1.088190988684961
4.918754716981128,15,0,37,0.3507776548644686,0.37712162873079225,-0.3883807374478842,1.0899360471768214,TRUE,15 °C,0,0.3507776548644686,-0.3883807374478842,1.0899360471768214
4.957792452830184,15,0,37,0.3518524625540122,0.37746870279747297,-0.3879861949290348,1.0916911200370591,TRUE,15 °C,0,0.3518524625540122,-0.3879861949290348,1.0916911200370591
4.996830188679241,15,0,37,0.35292727024355586,0.37782087215505206,-0.3876016391803462,1.093456179667458,TRUE,15 °C,0,0.35292727024355586,-0.3876016391803462,1.093456179667458
5.035867924528298,15,0,37,0.35400207793309935,0.37817812256892513,-0.3872270423019939,1.0952311981681926,TRUE,15 °C,0,0.35400207793309935,-0.3872270423019939,1.0952311981681926
5.074905660377355,15,0,37,0.355076885622643,0.3785404396532362,-0.38686237609769997,1.097016147342986,TRUE,15 °C,0,0.355076885622643,-0.38686237609769997,1.097016147342986
5.113943396226411,15,0,37,0.3561516933121867,0.37890780887351655,-0.38650761207990575,1.0988109987042791,TRUE,15 °C,0,0.3561516933121867,-0.38650761207990575,1.0988109987042791
5.1529811320754675,15,0,37,0.3572265010017302,0.3792802155493336,-0.3861627214749636,1.100615723478424,TRUE,15 °C,0,0.3572265010017302,-0.3861627214749636,1.100615723478424
5.192018867924524,15,0,37,0.35830130869127375,0.3796576448569477,-0.3858276752283437,1.102430292610891,TRUE,15 °C,0,0.35830130869127375,-0.3858276752283437,1.102430292610891
5.231056603773581,15,0,37,0.3593761163808174,0.3800400818319762,-0.38550244400985595,1.1042546767714907,TRUE,15 °C,0,0.3593761163808174,-0.38550244400985595,1.1042546767714907
5.270094339622637,15,0,37,0.360450924070361,0.38042751137206365,-0.38518699821888375,1.1060888463596057,TRUE,15 °C,0,0.360450924070361,-0.38518699821888375,1.1060888463596057
5.309132075471694,15,0,37,0.3615257317599046,0.3808199182395582,-0.38488130798962944,1.1079327715094387,TRUE,15 °C,0,0.3615257317599046,-0.38488130798962944,1.1079327715094387
5.3481698113207505,15,0,37,0.36260053944944826,0.3812172870641907,-0.3845853431963655,1.109786422095262,TRUE,15 °C,0,0.36260053944944826,-0.3845853431963655,1.109786422095262
5.387207547169807,15,0,37,0.36367534713899174,0.3816196023457587,-0.3842990734586953,1.1116497677366788,TRUE,15 °C,0,0.36367534713899174,-0.3842990734586953,1.1116497677366788
5.426245283018863,15,0,37,0.36475015482853534,0.3820268484568118,-0.38402246814681573,1.1135227778038863,TRUE,15 °C,0,0.36475015482853534,-0.38402246814681573,1.1135227778038863
5.46528301886792,15,0,37,0.3658249625180789,0.3824390096453401,-0.3837554963867877,1.1154054214229454,TRUE,15 °C,0,0.3658249625180789,-0.3837554963867877,1.1154054214229454
5.504320754716977,15,0,37,0.3668997702076227,0.38285607003746036,-0.3834981270657996,1.117297667481045,TRUE,15 °C,0,0.3668997702076227,-0.3834981270657996,1.117297667481045
5.543358490566034,15,0,37,0.36797457789716603,0.38327801364010516,-0.38325032883744004,1.119199484631772,TRUE,15 °C,0,0.36797457789716603,-0.38325032883744004,1.119199484631772
5.5823962264150895,15,0,37,0.36904938558670985,0.38370482434370834,-0.3830120701269585,1.121110841300378,TRUE,15 °C,0,0.36904938558670985,-0.3830120701269585,1.121110841300378
5.621433962264146,15,0,37,0.37012419327625323,0.3841364859248901,-0.3827833191365313,1.1230317056890378,TRUE,15 °C,0,0.37012419327625323,-0.3827833191365313,1.1230317056890378
5.660471698113203,15,0,37,0.371199000965797,0.38457298204913715,-0.38256404385051185,1.124962045782106,TRUE,15 °C,0,0.371199000965797,-0.38256404385051185,1.124962045782106
5.69950943396226,15,0,37,0.3722738086553404,0.3850142962734814,-0.38235421204068315,1.126901829351364,TRUE,15 °C,0,0.3722738086553404,-0.38235421204068315,1.126901829351364
5.738547169811316,15,0,37,0.3733486163448842,0.385460412049173,-0.3821537912714948,1.1288510239612632,TRUE,15 °C,0,0.3733486163448842,-0.3821537912714948,1.1288510239612632
5.7775849056603725,15,0,37,0.3744234240344275,0.38591131272434587,-0.38196274890529036,1.1308095969741454,TRUE,15 °C,0,0.3744234240344275,-0.38196274890529036,1.1308095969741454
5.816622641509429,15,0,37,0.3754982317239713,0.38636698154668075,-0.38178105210752294,1.1327775155554656,TRUE,15 °C,0,0.3754982317239713,-0.38178105210752294,1.1327775155554656
5.855660377358486,15,0,37,0.3765730394135149,0.3868274016660581,-0.38160866785195896,1.1347547466789887,TRUE,15 °C,0,0.3765730394135149,-0.38160866785195896,1.1347547466789887
5.894698113207542,15,0,37,0.3776478471030585,0.38729255613720526,-0.3814455629258638,1.1367412571319808,TRUE,15 °C,0,0.3776478471030585,-0.3814455629258638,1.1367412571319808
5.933735849056599,15,0,37,0.3787226547926021,0.3877624279223329,-0.38129170393517037,1.1387370135203745,FALSE,15 °C,0,NA,NA,NA
5.972773584905656,15,0,37,0.37979746248214563,0.38823699989376337,-0.3811470573096306,1.140741982273922,FALSE,15 °C,0,NA,NA,NA
6.011811320754712,15,0,37,0.38087227017168923,0.38871625483654954,-0.3810115893079479,1.1427561296513264,FALSE,15 °C,0,NA,NA,NA
6.050849056603768,15,0,37,0.3819470778612328,0.3892001754510811,-0.38088526602288614,1.1447794217453517,FALSE,15 °C,0,NA,NA,NA
6.089886792452825,15,0,37,0.3830218855507764,0.38968874435568046,-0.3807680533863573,1.14681182448791,FALSE,15 °C,0,NA,NA,NA
6.128924528301882,15,0,37,0.3840966932403199,0.39018194408918627,-0.3806599171744851,1.148853303655125,FALSE,15 °C,0,NA,NA,NA
6.167962264150939,15,0,37,0.3851715009298635,0.3906797571135249,-0.38056082301264527,1.1509038248723722,FALSE,15 °C,0,NA,NA,NA
6.2069999999999945,15,0,37,0.3862463086194071,0.39118216581626547,-0.38047073638047324,1.1529633536192874,FALSE,15 °C,0,NA,NA,NA
0,20,0,37,0.3109278009679895,0.40006310543623963,-0.47319588568704013,1.095051487623019,TRUE,20 °C,0,0.3109278009679895,-0.47319588568704013,1.095051487623019
0.03903773584905657,20,0,37,0.31461922230049655,0.39903626367354883,-0.46749185449965913,1.0967302991006522,TRUE,20 °C,0,0.31461922230049655,-0.46749185449965913,1.0967302991006522
0.07807547169811314,20,0,37,0.3183106436330036,0.3980265105793805,-0.4618213171025822,1.0984426043685893,TRUE,20 °C,0,0.3183106436330036,-0.4618213171025822,1.0984426043685893
0.11711320754716972,20,0,37,0.3220020649655107,0.39703397653556394,-0.45618452904419465,1.1001886589752161,TRUE,20 °C,0,0.3220020649655107,-0.45618452904419465,1.1001886589752161
0.1561509433962263,20,0,37,0.3256934862980178,0.39605879099633834,-0.4505817440548053,1.101968716650841,TRUE,20 °C,0,0.3256934862980178,-0.4505817440548053,1.101968716650841
0.19518867924528285,20,0,37,0.3293849076305248,0.39510108242007286,-0.44501321391281795,1.1037830291738675,TRUE,20 °C,0,0.3293849076305248,-0.44501321391281795,1.1037830291738675
0.23422641509433945,20,0,37,0.33307632896303196,0.3941609782002001,-0.43947918830936017,1.1056318462354242,TRUE,20 °C,0,0.33307632896303196,-0.43947918830936017,1.1056318462354242
0.273264150943396,20,0,37,0.336767750295539,0.3932386045954255,-0.43397991471149494,1.107515415302573,TRUE,20 °C,0,0.336767750295539,-0.43397991471149494,1.107515415302573
0.3123018867924526,20,0,37,0.34045917162804606,0.39233408665927766,-0.4285156382241382,1.1094339814802303,TRUE,20 °C,0,0.34045917162804606,-0.4285156382241382,1.1094339814802303
0.35133962264150914,20,0,37,0.3441505929605531,0.3914475481690686,-0.4230866014508214,1.1113877873719276,TRUE,20 °C,0,0.3441505929605531,-0.4230866014508214,1.1113877873719276
0.3903773584905657,20,0,37,0.34784201429306016,0.39057911155433594,-0.41769304435343824,1.1133770729395587,TRUE,20 °C,0,0.34784201429306016,-0.41769304435343824,1.1133770729395587
0.42941509433962227,20,0,37,0.3515334356255673,0.3897288978248431,-0.4123352041111252,1.1154020753622598,TRUE,20 °C,0,0.3515334356255673,-0.4123352041111252,1.1154020753622598
0.4684528301886789,20,0,37,0.3552248569580744,0.38889702649821445,-0.40701331497842597,1.1174630288945746,TRUE,20 °C,0,0.3552248569580744,-0.40701331497842597,1.1174630288945746
0.5074905660377355,20,0,37,0.3589162782905814,0.38808361552728854,-0.40172760814290415,1.119560164724067,TRUE,20 °C,0,0.3589162782905814,-0.40172760814290415,1.119560164724067
0.546528301886792,20,0,37,0.3626076996230885,0.38728878122727123,-0.39647831158236313,1.12169371082854,TRUE,20 °C,0,0.3626076996230885,-0.39647831158236313,1.12169371082854
0.5855660377358486,20,0,37,0.3662991209555956,0.3865126382027778,-0.39126564992184887,1.12386389183304,TRUE,20 °C,0,0.3662991209555956,-0.39126564992184887,1.12386389183304
0.6246037735849052,20,0,37,0.36999054228810263,0.3857552992748526,-0.3860898442906084,1.1260709288668136,TRUE,20 °C,0,0.36999054228810263,-0.3860898442906084,1.1260709288668136
0.6636415094339617,20,0,37,0.37368196362060974,0.38501687540805823,-0.38095111217918437,1.1283150394204038,TRUE,20 °C,0,0.37368196362060974,-0.38095111217918437,1.1283150394204038
0.7026792452830183,20,0,37,0.3773733849531168,0.3842974756377288,-0.37584966729683167,1.1305964372030652,TRUE,20 °C,0,0.3773733849531168,-0.37584966729683167,1.1305964372030652
0.7417169811320748,20,0,37,0.3810648062856239,0.3835972069974843,-0.37078571942944527,1.132915332000693,TRUE,20 °C,0,0.3810648062856239,-0.37078571942944527,1.132915332000693
0.7807547169811314,20,0,37,0.38475622761813094,0.382916174447103,-0.36575947429819095,1.1352719295344529,TRUE,20 °C,0,0.38475622761813094,-0.36575947429819095,1.1352719295344529
0.819792452830188,20,0,37,0.388447648950638,0.3822544808008548,-0.3607711334190373,1.1376664313203133,TRUE,20 °C,0,0.388447648950638,-0.3607711334190373,1.1376664313203133
0.8588301886792445,20,0,37,0.39213907028314504,0.3816122266563944,-0.35582089396338795,1.140099034529678,TRUE,20 °C,0,0.39213907028314504,-0.35582089396338795,1.140099034529678
0.8978679245283011,20,0,37,0.3958304916156522,0.38098951032431994,-0.35090894862001487,1.1425699318513192,TRUE,20 °C,0,0.3958304916156522,-0.35090894862001487,1.1425699318513192
0.9369056603773578,20,0,37,0.3995219129481592,0.38038642775849957,-0.34603548545849994,1.1450793113548183,TRUE,20 °C,0,0.3995219129481592,-0.34603548545849994,1.1450793113548183
0.9759433962264144,20,0,37,0.4032133342806663,0.3798030724872731,-0.34120068779438895,1.1476273563557216,TRUE,20 °C,0,0.4032133342806663,-0.34120068779438895,1.1476273563557216
1.014981132075471,20,0,37,0.4069047556131734,0.37923953554563217,-0.3364047340562656,1.1502142452826125,TRUE,20 °C,0,0.4069047556131734,-0.3364047340562656,1.1502142452826125
1.0540188679245275,20,0,37,0.41059617694568046,0.3786959054084877,-0.3316477976549554,1.1528401515463162,TRUE,20 °C,0,0.41059617694568046,-0.3316477976549554,1.1528401515463162
1.093056603773584,20,0,37,0.4142875982781875,0.3781722679251285,-0.3269300468550643,1.1555052434114392,TRUE,20 °C,0,0.4142875982781875,-0.3269300468550643,1.1555052434114392
1.1320943396226406,20,0,37,0.4179790196106946,0.3776687062549788,-0.32225164464906375,1.158209683870453,TRUE,20 °C,0,0.4179790196106946,-0.32225164464906375,1.158209683870453
1.1711320754716972,20,0,37,0.4216704409432017,0.37718530080475987,-0.3176127486341276,1.160953630520531,TRUE,20 °C,0,0.4216704409432017,-0.3176127486341276,1.160953630520531
1.2101698113207537,20,0,37,0.4253618622757087,0.37672212916715997,-0.31301351089192486,1.1637372354433424,TRUE,20 °C,0,0.4253618622757087,-0.31301351089192486,1.1637372354433424
1.2492075471698103,20,0,37,0.4290532836082158,0.37627926606111717,-0.30845407787157386,1.1665606450880055,TRUE,20 °C,0,0.4290532836082158,-0.30845407787157386,1.1665606450880055
1.2882452830188669,20,0,37,0.43274470494072287,0.375856783273817,-0.3039345902759584,1.169424000157404,TRUE,20 °C,0,0.43274470494072287,-0.3039345902759584,1.169424000157404
1.3272830188679234,20,0,37,0.43643612627323,0.37545474960450625,-0.2994551829516023,1.1723274354980622,TRUE,20 °C,0,0.43643612627323,-0.2994551829516023,1.1723274354980622
1.36632075471698,20,0,37,0.4401275476057371,0.3750732308102211,-0.29501598478229624,1.1752710799937705,TRUE,20 °C,0,0.4401275476057371,-0.29501598478229624,1.1752710799937705
1.4053584905660366,20,0,37,0.4438189689382441,0.3747122895535263,-0.29061711858666744,1.1782550564631555,TRUE,20 °C,0,0.4438189689382441,-0.29061711858666744,1.1782550564631555
1.4443962264150931,20,0,37,0.4475103902707512,0.37437198535235977,-0.286258701019874,1.1812794815613763,TRUE,20 °C,0,0.4475103902707512,-0.286258701019874,1.1812794815613763
1.4834339622641497,20,0,37,0.45120181160325823,0.37405237453207363,-0.28194084247960605,1.1843444656861224,TRUE,20 °C,0,0.45120181160325823,-0.28194084247960605,1.1843444656861224
1.5224716981132063,20,0,37,0.45489323293576533,0.3737535101797591,-0.27766364701656254,1.1874501128880932,TRUE,20 °C,0,0.45489323293576533,-0.27766364701656254,1.1874501128880932
1.5615094339622628,20,0,37,0.4585846542682724,0.373475442100941,-0.27342721224957206,1.1905965207861169,TRUE,20 °C,0,0.4585846542682724,-0.27342721224957206,1.1905965207861169
1.6005471698113194,20,0,37,0.4622760756007795,0.37321821677872163,-0.26923162928551486,1.193783780487074,TRUE,20 °C,0,0.4622760756007795,-0.26923162928551486,1.193783780487074
1.639584905660376,20,0,37,0.4659674969332865,0.3729818773354515,-0.2650769826441985,1.1970119765107714,TRUE,20 °C,0,0.4659674969332865,-0.2650769826441985,1.1970119765107714
1.6786226415094325,20,0,37,0.46965891826579365,0.3727664634969999,-0.26096335018832606,1.2002811867199132,TRUE,20 °C,0,0.46965891826579365,-0.26096335018832606,1.2002811867199132
1.717660377358489,20,0,37,0.47335033959830064,0.3725720115596929,-0.2568908030586974,1.2035914822552987,TRUE,20 °C,0,0.47335033959830064,-0.2568908030586974,1.2035914822552987
1.7566981132075457,20,0,37,0.47704176093080775,0.3723985543599829,-0.2528594056147587,1.206942927476374,TRUE,20 °C,0,0.47704176093080775,-0.2528594056147587,1.206942927476374
1.7957358490566022,20,0,37,0.48073318226331485,0.37224612124690815,-0.24886921538062512,1.2103355799072548,TRUE,20 °C,0,0.48073318226331485,-0.24886921538062512,1.2103355799072548
1.8347735849056588,20,0,37,0.4844246035958219,0.3721147380573953,-0.24492028299667284,1.2137694901883167,TRUE,20 °C,0,0.4844246035958219,-0.24492028299667284,1.2137694901883167
1.8738113207547156,20,0,37,0.48811602492832895,0.37200442709445464,-0.24101265217680212,1.21724470203346,TRUE,20 °C,0,0.48811602492832895,-0.24101265217680212,1.21724470203346
1.9128490566037721,20,0,37,0.4918074462608361,0.371915207108309,-0.23714635967144954,1.2207612521931217,TRUE,20 °C,0,0.4918074462608361,-0.23714635967144954,1.2207612521931217
1.9518867924528287,20,0,37,0.49549886759334316,0.3718470932804944,-0.2333214352364259,1.2243191704231122,TRUE,20 °C,0,0.49549886759334316,-0.2333214352364259,1.2243191704231122
1.9909245283018853,20,0,37,0.49919028892585016,0.3718000972109643,-0.22953790160763987,1.22791847945934,TRUE,20 °C,0,0.49919028892585016,-0.22953790160763987,1.22791847945934
2.029962264150942,20,0,37,0.5028817102583573,0.37177422690822154,-0.22579577448175692,1.2315591949984714,TRUE,20 °C,0,0.5028817102583573,-0.22579577448175692,1.2315591949984714
2.068999999999998,20,0,37,0.5065731315908644,0.37176948678249866,-0.22209506250283295,1.2352413256845618,TRUE,20 °C,0,0.5065731315908644,-0.22209506250283295,1.2352413256845618
2.108037735849055,20,0,37,0.5102645529233715,0.3717858776420005,-0.2184357672549495,1.2389648731016925,TRUE,20 °C,0,0.5102645529233715,-0.2184357672549495,1.2389648731016925
2.1470754716981113,20,0,37,0.5139559742558785,0.3718233966922148,-0.2148178832608626,1.2427298317726194,TRUE,20 °C,0,0.5139559742558785,-0.2148178832608626,1.2427298317726194
2.186113207547168,20,0,37,0.5176473955883856,0.37188203753829396,-0.21124139798667063,1.2465361891634417,TRUE,20 °C,0,0.5176473955883856,-0.21124139798667063,1.2465361891634417
2.2251509433962244,20,0,37,0.5213388169208927,0.3719617901905026,-0.20770629185249234,1.2503839256942777,TRUE,20 °C,0,0.5213388169208927,-0.20770629185249234,1.2503839256942777
2.2641886792452812,20,0,37,0.5250302382533997,0.3720626410727195,-0.20421253824913055,1.2542730147559298,TRUE,20 °C,0,0.5250302382533997,-0.20421253824913055,1.2542730147559298
2.3032264150943376,20,0,37,0.5287216595859068,0.3721845730339781,-0.2007601035606903,1.2582034227325039,TRUE,20 °C,0,0.5287216595859068,-0.2007601035606903,1.2582034227325039
2.3422641509433944,20,0,37,0.5324130809184139,0.37232756536302186,-0.19734894719310891,1.2621751090299367,TRUE,20 °C,0,0.5324130809184139,-0.19734894719310891,1.2621751090299367
2.3813018867924507,20,0,37,0.5361045022509209,0.37249159380584607,-0.19397902160853742,1.2661880261103793,TRUE,20 °C,0,0.5361045022509209,-0.19397902160853742,1.2661880261103793
2.4203396226415075,20,0,37,0.539795923583428,0.37267663058619194,-0.19065027236550824,1.270242119532364,TRUE,20 °C,0,0.539795923583428,-0.19065027236550824,1.270242119532364
2.459377358490564,20,0,37,0.543487344915935,0.3728826444289516,-0.18736263816481014,1.27433732799668,TRUE,20 °C,0,0.543487344915935,-0.18736263816481014,1.27433732799668
2.4984150943396206,20,0,37,0.5471787662484422,0.3731096005864395,-0.18411605090097916,1.2784735833978635,TRUE,20 °C,0,0.5471787662484422,-0.18411605090097916,1.2784735833978635
2.5374528301886774,20,0,37,0.5508701875809492,0.3733574608674778,-0.1809104357193072,1.2826508108812056,TRUE,20 °C,0,0.5508701875809492,-0.1809104357193072,1.2826508108812056
2.5764905660377337,20,0,37,0.5545616089134563,0.37362618366924116,-0.17774571107825632,1.286868928905169,TRUE,20 °C,0,0.5545616089134563,-0.17774571107825632,1.286868928905169
2.6155283018867905,20,0,37,0.5582530302459634,0.37391572401179685,-0.1746217888171584,1.2911278493090852,TRUE,20 °C,0,0.5582530302459634,-0.1746217888171584,1.2911278493090852
2.654566037735847,20,0,37,0.5619444515784705,0.3742260335752771,-0.1715385742290726,1.2954274773860135,TRUE,20 °C,0,0.5619444515784705,-0.1715385742290726,1.2954274773860135
2.6936037735849037,20,0,37,0.5656358729109775,0.3745570607396101,-0.16849596613865825,1.2997677119606132,TRUE,20 °C,0,0.5656358729109775,-0.16849596613865825,1.2997677119606132
2.73264150943396,20,0,37,0.5693272942434846,0.3749087506267372,-0.16549385698492025,1.3041484454718895,TRUE,20 °C,0,0.5693272942434846,-0.16549385698492025,1.3041484454718895
2.771679245283017,20,0,37,0.5730187155759918,0.37528104514523436,-0.16253213290866753,1.3085695640606512,TRUE,20 °C,0,0.5730187155759918,-0.16253213290866753,1.3085695640606512
2.810716981132073,20,0,37,0.5767101369084987,0.37567388303725785,-0.15961067384452665,1.313030947661524,TRUE,20 °C,0,0.5767101369084987,-0.15961067384452665,1.313030947661524
2.84975471698113,20,0,37,0.5804015582410058,0.37608719992772505,-0.1567293536173353,1.317532470099347,TRUE,20 °C,0,0.5804015582410058,-0.1567293536173353,1.317532470099347
2.8887924528301863,20,0,37,0.5840929795735129,0.37652092837564205,-0.15388804004274548,1.3220739991897714,TRUE,20 °C,0,0.5840929795735129,-0.15388804004274548,1.3220739991897714
2.927830188679243,20,0,37,0.58778440090602,0.3769749979274853,-0.15108659503185118,1.3266553968438912,TRUE,20 °C,0,0.58778440090602,-0.15108659503185118,1.3266553968438912
2.9668679245282994,20,0,37,0.591475822238527,0.377449335172541,-0.14832487469965328,1.3312765191767073,TRUE,20 °C,0,0.591475822238527,-0.14832487469965328,1.3312765191767073
3.005905660377356,20,0,37,0.5951672435710341,0.37794386380010486,-0.14560272947717134,1.3359372166192396,TRUE,20 °C,0,0.5951672435710341,-0.14560272947717134,1.3359372166192396
3.0449433962264125,20,0,37,0.5988586649035411,0.3784585046584429,-0.1429200042270069,1.3406373340340891,TRUE,20 °C,0,0.5988586649035411,-0.1429200042270069,1.3406373340340891
3.0839811320754693,20,0,37,0.6025500862360482,0.3789931758154104,-0.14027653836215614,1.3453767108342527,TRUE,20 °C,0,0.6025500862360482,-0.14027653836215614,1.3453767108342527
3.1230188679245257,20,0,37,0.6062415075685552,0.37954779262062627,-0.13767216596787224,1.3501551811049826,TRUE,20 °C,0,0.6062415075685552,-0.13767216596787224,1.3501551811049826
3.1620566037735824,20,0,37,0.6099329289010623,0.38012226776909913,-0.1351067159263719,1.3549725737284966,TRUE,20 °C,0,0.6099329289010623,-0.1351067159263719,1.3549725737284966
3.201094339622639,20,0,37,0.6136243502335694,0.3807165113661987,-0.13258001204418002,1.3598287125113189,TRUE,20 °C,0,0.6136243502335694,-0.13258001204418002,1.3598287125113189
3.2401320754716956,20,0,37,0.6173157715660766,0.38133043099386715,-0.13009187318190296,1.3647234163140562,TRUE,20 °C,0,0.6173157715660766,-0.13009187318190296,1.3647234163140562
3.279169811320752,20,0,37,0.6210071928985835,0.38196393177796456,-0.127642113386227,1.3696564991833942,TRUE,20 °C,0,0.6210071928985835,-0.127642113386227,1.3696564991833942
3.3182075471698087,20,0,37,0.6246986142310906,0.38261691645664075,-0.12523054202392525,1.3746277704861065,TRUE,20 °C,0,0.6246986142310906,-0.12523054202392525,1.3746277704861065
3.357245283018865,20,0,37,0.6283900355635978,0.38328928544963015,-0.1228569639176772,1.379637035044873,TRUE,20 °C,0,0.6283900355635978,-0.1228569639176772,1.379637035044873
3.396283018867922,20,0,37,0.6320814568961048,0.38398093692836016,-0.12052117948348107,1.3846840932756908,TRUE,20 °C,0,0.6320814568961048,-0.12052117948348107,1.3846840932756908
3.435320754716978,20,0,37,0.6357728782286118,0.38469176688677403,-0.11822298486946525,1.389768741326689,TRUE,20 °C,0,0.6357728782286118,-0.11822298486946525,1.389768741326689
3.474358490566035,20,0,37,0.6394642995611189,0.3854216692127576,-0.115962172095886,1.3948907712181238,TRUE,20 °C,0,0.6394642995611189,-0.115962172095886,1.3948907712181238
3.5133962264150913,20,0,37,0.6431557208936259,0.3861705357600732,-0.11373852919611749,1.4000499709833694,TRUE,20 °C,0,0.6431557208936259,-0.11373852919611749,1.4000499709833694
3.552433962264148,20,0,37,0.646847142226133,0.38693825642069696,-0.11155184035843302,1.405246124810699,TRUE,20 °C,0,0.646847142226133,-0.11155184035843302,1.405246124810699
3.5914716981132044,20,0,37,0.6505385635586401,0.3877247191974605,-0.10940188606838241,1.4104790131856628,TRUE,20 °C,0,0.6505385635586401,-0.10940188606838241,1.4104790131856628
3.6305094339622612,20,0,37,0.6542299848911474,0.3885298102768994,-0.1072884432515755,1.4157484130338702,TRUE,20 °C,0,0.6542299848911474,-0.1072884432515755,1.4157484130338702
3.6695471698113176,20,0,37,0.6579214062236542,0.38935341410221497,-0.10521128541668712,1.4210540978639956,TRUE,20 °C,0,0.6579214062236542,-0.10521128541668712,1.4210540978639956
3.7085849056603744,20,0,37,0.6616128275561614,0.39019541344625225,-0.103170182798493,1.4263958379108157,TRUE,20 °C,0,0.6616128275561614,-0.103170182798493,1.4263958379108157
3.747622641509431,20,0,37,0.6653042488886685,0.3910556894844084,-0.10116490250077192,1.4317734002781088,TRUE,20 °C,0,0.6653042488886685,-0.10116490250077192,1.4317734002781088
3.7866603773584875,20,0,37,0.6689956702211757,0.3919341218673793,-0.09919520863888776,1.4371865490812392,TRUE,20 °C,0,0.6689956702211757,-0.09919520863888776,1.4371865490812392
3.8256981132075443,20,0,37,0.6726870915536827,0.39283058879366145,-0.0972608624818938,1.4426350455892591,TRUE,20 °C,0,0.6726870915536827,-0.0972608624818938,1.4426350455892591
3.8647358490566006,20,0,37,0.6763785128861897,0.3937449670817258,-0.09536162259399283,1.4481186483663722,TRUE,20 °C,0,0.6763785128861897,-0.09536162259399283,1.4481186483663722
3.9037735849056574,20,0,37,0.6800699342186968,0.3946771322417822,-0.09349724497519629,1.4536371134125898,TRUE,20 °C,0,0.6800699342186968,-0.09349724497519629,1.4536371134125898
3.9428113207547137,20,0,37,0.6837613555512038,0.39562695854706187,-0.09166748320103746,1.4591901943034449,TRUE,20 °C,0,0.6837613555512038,-0.09166748320103746,1.4591901943034449
3.9818490566037705,20,0,37,0.6874527768837109,0.3965943191045397,-0.08987208856118689,1.4647776423286087,TRUE,20 °C,0,0.6874527768837109,-0.08987208856118689,1.4647776423286087
4.020886792452827,20,0,37,0.691144198216218,0.3975790859250292,-0.0881108101968393,1.4703992066292753,TRUE,20 °C,0,0.691144198216218,-0.0881108101968393,1.4703992066292753
4.059924528301884,20,0,37,0.6948356195487252,0.39858112999258183,-0.08638339523673522,1.4760546343341856,TRUE,20 °C,0,0.6948356195487252,-0.08638339523673522,1.4760546343341856
4.0989622641509404,20,0,37,0.6985270408812322,0.3996003213331273,-0.08468958893169731,1.4817436706941618,TRUE,20 °C,0,0.6985270408812322,-0.08468958893169731,1.4817436706941618
4.137999999999996,20,0,37,0.7022184622137393,0.40063652908229325,-0.08302913478755547,1.4874660592150342,TRUE,20 °C,0,0.7022184622137393,-0.08302913478755547,1.4874660592150342
4.177037735849053,20,0,37,0.7059098835462464,0.4016896215523487,-0.08140177469635712,1.49322154178885,TRUE,20 °C,0,0.7059098835462464,-0.08140177469635712,1.49322154178885
4.21607547169811,20,0,37,0.7096013048787535,0.40275946629821696,-0.07980724906575176,1.4990098588232588,TRUE,20 °C,0,0.7096013048787535,-0.07980724906575176,1.4990098588232588
4.255113207547167,20,0,37,0.7132927262112605,0.4038459301825059,-0.0782452969464511,1.504830749368972,TRUE,20 °C,0,0.7132927262112605,-0.0782452969464511,1.504830749368972
4.294150943396223,20,0,37,0.7169841475437674,0.404948879439511,-0.07671565615767417,1.510683951245209,TRUE,20 °C,0,0.7169841475437674,-0.07671565615767417,1.510683951245209
4.333188679245279,20,0,37,0.7206755688762745,0.4060681797381462,-0.07521806341049198,1.516569201163041,TRUE,20 °C,0,0.7206755688762745,-0.07521806341049198,1.516569201163041
4.372226415094336,20,0,37,0.7243669902087816,0.4072036962437603,-0.07375225442898858,1.5224862348465518,TRUE,20 °C,0,0.7243669902087816,-0.07375225442898858,1.5224862348465518
4.411264150943393,20,0,37,0.7280584115412887,0.4083552936788051,-0.07231796406916924,1.5284347871517467,TRUE,20 °C,0,0.7280584115412887,-0.07231796406916924,1.5284347871517467
4.450301886792449,20,0,37,0.7317498328737957,0.40952283638231834,-0.0709149264355482,1.5344145921831396,TRUE,20 °C,0,0.7317498328737957,-0.0709149264355482,1.5344145921831396
4.489339622641506,20,0,37,0.7354412542063029,0.4107061883681917,-0.06954287499535283,1.5404253834079586,TRUE,20 °C,0,0.7354412542063029,-0.06954287499535283,1.5404253834079586
4.5283773584905624,20,0,37,0.73913267553881,0.4119052133821949,-0.06820154269029188,1.5464668937679118,TRUE,20 °C,0,0.73913267553881,-0.06820154269029188,1.5464668937679118
4.567415094339619,20,0,37,0.742824096871317,0.4131197749577329,-0.06689066204583949,1.5525388557884736,TRUE,20 °C,0,0.742824096871317,-0.06689066204583949,1.5525388557884736
4.606452830188675,20,0,37,0.7465155182038241,0.41434973647031276,-0.0656099652779889,1.5586410016856371,TRUE,20 °C,0,0.7465155182038241,-0.0656099652779889,1.5586410016856371
4.645490566037732,20,0,37,0.7502069395363312,0.41559496119070166,-0.06435918439744404,1.5647730634701065,TRUE,20 °C,0,0.7502069395363312,-0.06435918439744404,1.5647730634701065
4.684528301886789,20,0,37,0.7538983608688383,0.4168553123367595,-0.06313805131121031,1.570934773048887,TRUE,20 °C,0,0.7538983608688383,-0.06313805131121031,1.570934773048887
4.7235660377358455,20,0,37,0.7575897822013453,0.41813065312393377,-0.06194629792156481,1.5771258623242554,TRUE,20 °C,0,0.7575897822013453,-0.06194629792156481,1.5771258623242554
4.762603773584901,20,0,37,0.7612812035338522,0.41942084681440306,-0.0607836562223778,1.5833460632900822,TRUE,20 °C,0,0.7612812035338522,-0.0607836562223778,1.5833460632900822
4.801641509433958,20,0,37,0.7649726248663593,0.42072575676486423,-0.05964985839277459,1.589595108125493,TRUE,20 °C,0,0.7649726248663593,-0.05964985839277459,1.589595108125493
4.840679245283015,20,0,37,0.7686640461988665,0.4220452464729558,-0.05854463688812683,1.5958727292858599,TRUE,20 °C,0,0.7686640461988665,-0.05854463688812683,1.5958727292858599
4.879716981132072,20,0,37,0.7723554675313735,0.4233791796223119,-0.0574677245283578,1.6021786595911047,TRUE,20 °C,0,0.7723554675313735,-0.0574677245283578,1.6021786595911047
4.918754716981128,20,0,37,0.7760468888638805,0.4247274201262489,-0.056418854583567324,1.6085126323113283,TRUE,20 °C,0,0.7760468888638805,-0.056418854583567324,1.6085126323113283
4.957792452830184,20,0,37,0.7797383101963877,0.42608983217008317,-0.05539776085697523,1.6148743812497508,TRUE,20 °C,0,0.7797383101963877,-0.05539776085697523,1.6148743812497508
4.996830188679241,20,0,37,0.7834297315288948,0.4274662802520846,-0.05440417776519102,1.6212636408229808,TRUE,20 °C,0,0.7834297315288948,-0.05440417776519102,1.6212636408229808
5.035867924528298,20,0,37,0.7871211528614018,0.4288566292230671,-0.05343784041580968,1.6276801461386134,TRUE,20 °C,0,0.7871211528614018,-0.05343784041580968,1.6276801461386134
5.074905660377355,20,0,37,0.7908125741939089,0.43026074432462724,-0.0524984846823604,1.6341236330701783,TRUE,20 °C,0,0.7908125741939089,-0.0524984846823604,1.6341236330701783
5.113943396226411,20,0,37,0.794503995526416,0.4316784912260356,-0.05158584727661364,1.6405938383294458,TRUE,20 °C,0,0.794503995526416,-0.05158584727661364,1.6405938383294458
5.1529811320754675,20,0,37,0.798195416858923,0.4331097360597939,-0.05069966581827301,1.647090499536119,TRUE,20 °C,0,0.798195416858923,-0.05069966581827301,1.647090499536119
5.192018867924524,20,0,37,0.8018868381914303,0.4345543454558654,-0.049839678902065976,1.6536133552849264,TRUE,20 °C,0,0.8018868381914303,-0.049839678902065976,1.6536133552849264
5.231056603773581,20,0,37,0.8055782595239374,0.436012186574596,-0.04900562616227078,1.6601621452101454,TRUE,20 °C,0,0.8055782595239374,-0.04900562616227078,1.6601621452101454
5.270094339622637,20,0,37,0.8092696808564444,0.43748312713833687,-0.04819724833469585,1.6667366100475847,TRUE,20 °C,0,0.8092696808564444,-0.04819724833469585,1.6667366100475847
5.309132075471694,20,0,37,0.8129611021889515,0.438967035461787,-0.04741428731615105,1.6733364916940539,TRUE,20 °C,0,0.8129611021889515,-0.04741428731615105,1.6733364916940539
5.3481698113207505,20,0,37,0.8166525235214586,0.4404637804810683,-0.04665648622143537,1.6799615332643525,TRUE,20 °C,0,0.8166525235214586,-0.04665648622143537,1.6799615332643525
5.387207547169807,20,0,37,0.8203439448539657,0.4419732317815562,-0.04592358943788444,1.6866114791458158,TRUE,20 °C,0,0.8203439448539657,-0.04592358943788444,1.6866114791458158
5.426245283018863,20,0,37,0.8240353661864726,0.4434952596244799,-0.04521534267750804,1.693286075050453,TRUE,20 °C,0,0.8240353661864726,-0.04521534267750804,1.693286075050453
5.46528301886792,20,0,37,0.8277267875189798,0.44502973497231635,-0.044531493026760294,1.69998506806472,TRUE,20 °C,0,0.8277267875189798,-0.044531493026760294,1.69998506806472
5.504320754716977,20,0,37,0.831418208851487,0.4465765295129927,-0.0438717889939787,1.7067082066969528,TRUE,20 °C,0,0.831418208851487,-0.0438717889939787,1.7067082066969528
5.543358490566034,20,0,37,0.8351096301839939,0.44813551568292487,-0.04323598055453881,1.7134552409225265,TRUE,20 °C,0,0.8351096301839939,-0.04323598055453881,1.7134552409225265
5.5823962264150895,20,0,37,0.838801051516501,0.4497065666889094,-0.04262381919376146,1.7202259222267635,TRUE,20 °C,0,0.838801051516501,-0.04262381919376146,1.7202259222267635
5.621433962264146,20,0,37,0.8424924728490079,0.45128955652889363,-0.04203505794762363,1.7270200036456393,TRUE,20 °C,0,0.8424924728490079,-0.04203505794762363,1.7270200036456393
5.660471698113203,20,0,37,0.8461838941815151,0.4528843600116458,-0.041469451441310645,1.7338372398043407,TRUE,20 °C,0,0.8461838941815151,-0.041469451441310645,1.7338372398043407
5.69950943396226,20,0,37,0.8498753155140221,0.45449085277534856,-0.040926755925661085,1.7406773869537053,TRUE,20 °C,0,0.8498753155140221,-0.040926755925661085,1.7406773869537053
5.738547169811316,20,0,37,0.8535667368465292,0.4561089113051432,-0.040406729311551426,1.7475402030046099,TRUE,20 °C,0,0.8535667368465292,-0.040406729311551426,1.7475402030046099
5.7775849056603725,20,0,37,0.8572581581790362,0.4577384129496406,-0.039909131202259474,1.7544254475603318,TRUE,20 °C,0,0.8572581581790362,-0.039909131202259474,1.7544254475603318
5.816622641509429,20,0,37,0.8609495795115434,0.459379235936434,-0.039433722923867154,1.761332881946954,TRUE,20 °C,0,0.8609495795115434,-0.039433722923867154,1.761332881946954
5.855660377358486,20,0,37,0.8646410008440505,0.4610312593866292,-0.03898026755374273,1.7682622692418437,TRUE,20 °C,0,0.8646410008440505,-0.03898026755374273,1.7682622692418437
5.894698113207542,20,0,37,0.8683324221765575,0.4626943633284227,-0.03854852994715097,1.7752133743002658,TRUE,20 °C,0,0.8683324221765575,-0.03854852994715097,1.7752133743002658
5.933735849056599,20,0,37,0.8720238435090647,0.46436842870974854,-0.0381382767620424,1.7821859637801718,TRUE,20 °C,0,0.8720238435090647,-0.0381382767620424,1.7821859637801718
5.972773584905656,20,0,37,0.8757152648415717,0.4660533374100228,-0.037749276482072935,1.7891798061652162,TRUE,20 °C,0,0.8757152648415717,-0.037749276482072935,1.7891798061652162
6.011811320754712,20,0,37,0.8794066861740788,0.4677489722510076,-0.03738129943789603,1.7961946717860537,TRUE,20 °C,0,0.8794066861740788,-0.03738129943789603,1.7961946717860537
6.050849056603768,20,0,37,0.8830981075065856,0.4694552170068202,-0.03703411782678201,1.803230332839953,TRUE,20 °C,0,0.8830981075065856,-0.03703411782678201,1.803230332839953
6.089886792452825,20,0,37,0.8867895288390928,0.4711719564131134,-0.036707505730609435,1.810286563408795,TRUE,20 °C,0,0.8867895288390928,-0.036707505730609435,1.810286563408795
6.128924528301882,20,0,37,0.8904809501715998,0.4728990761754502,-0.03640123913228255,1.8173631394754821,TRUE,20 °C,0,0.8904809501715998,-0.03640123913228255,1.8173631394754821
6.167962264150939,20,0,37,0.8941723715041069,0.47463646297689915,-0.03611509593061546,1.8244598389388291,TRUE,20 °C,0,0.8941723715041069,-0.03611509593061546,1.8244598389388291
6.2069999999999945,20,0,37,0.8978637928366139,0.4763840044848712,-0.03584885595373366,1.8315764416269613,TRUE,20 °C,0,0.8978637928366139,-0.03584885595373366,1.8315764416269613
0,10,3,37,0.2134653760645827,0.3837196528623766,-0.5386251435456754,0.9655558956748408,TRUE,10 °C,3,0.2134653760645827,-0.5386251435456754,0.9655558956748408
0.03903773584905657,10,3,37,0.20889543687716347,0.38323098021323915,-0.5422372843407852,0.9600281580951122,TRUE,10 °C,3,0.20889543687716347,-0.5422372843407852,0.9600281580951122
0.07807547169811314,10,3,37,0.2043254976897441,0.3827527838258566,-0.5458699586089348,0.954520953988423,TRUE,10 °C,3,0.2043254976897441,-0.5458699586089348,0.954520953988423
0.11711320754716972,10,3,37,0.19975555850232496,0.38228510301416574,-0.5495232434054399,0.9490343604100898,TRUE,10 °C,3,0.19975555850232496,-0.5495232434054399,0.9490343604100898
0.1561509433962263,10,3,37,0.19518561931490558,0.38182797641807914,-0.5531972144645296,0.9435684530943407,TRUE,10 °C,3,0.19518561931490558,-0.5531972144645296,0.9435684530943407
0.19518867924528285,10,3,37,0.1906156801274863,0.3813814419886797,-0.5568919461703259,0.9381233064252985,TRUE,10 °C,3,0.1906156801274863,-0.5568919461703259,0.9381233064252985
0.23422641509433945,10,3,37,0.18604574094006696,0.3809455369735543,-0.5606075115280995,0.9326989934082335,TRUE,10 °C,3,0.18604574094006696,-0.5606075115280995,0.9326989934082335
0.273264150943396,10,3,37,0.1814758017526477,0.3805202979022804,-0.5643439821358219,0.9272955856411172,TRUE,10 °C,3,0.1814758017526477,-0.5643439821358219,0.9272955856411172
0.3123018867924526,10,3,37,0.17690586256522847,0.3801057605720759,-0.5681014281560403,0.9219131532864971,TRUE,10 °C,3,0.17690586256522847,-0.5681014281560403,0.9219131532864971
0.35133962264150914,10,3,37,0.1723359233778092,0.3797019600336269,-0.5718799182880995,0.9165517650437179,TRUE,10 °C,3,0.1723359233778092,-0.5718799182880995,0.9165517650437179
0.3903773584905657,10,3,37,0.16776598419038993,0.3793089305771025,-0.5756795197407311,0.9112114881215109,TRUE,10 °C,3,0.16776598419038993,-0.5756795197407311,0.9112114881215109
0.42941509433962227,10,3,37,0.16319604500297058,0.3789267057183723,-0.5795002982050391,0.9058923882109803,TRUE,10 °C,3,0.16319604500297058,-0.5795002982050391,0.9058923882109803
0.4684528301886789,10,3,37,0.1586261058155514,0.3785553181854353,-0.5833423178279018,0.9005945294590045,TRUE,10 °C,3,0.1586261058155514,-0.5833423178279018,0.9005945294590045
0.5074905660377355,10,3,37,0.15405616662813204,0.3781947999050752,-0.5872056411858153,0.8953179744420794,TRUE,10 °C,3,0.15405616662813204,-0.5872056411858153,0.8953179744420794
0.546528301886792,10,3,37,0.1494862274407128,0.37784518198975264,-0.5910903292592024,0.890062784140628,TRUE,10 °C,3,0.1494862274407128,-0.5910903292592024,0.890062784140628
0.5855660377358486,10,3,37,0.14491628825329356,0.37750649472474546,-0.5949964414072075,0.8848290179137945,TRUE,10 °C,3,0.14491628825329356,-0.5949964414072075,0.8848290179137945
0.6246037735849052,10,3,37,0.14034634906587426,0.37717876755555135,-0.5989240353430063,0.8796167334747549,TRUE,10 °C,3,0.14034634906587426,-0.5989240353430063,0.8796167334747549
0.6636415094339617,10,3,37,0.13577640987845505,0.3768620290755632,-0.6028731671096488,0.8744259868665589,TRUE,10 °C,3,0.13577640987845505,-0.6028731671096488,0.8744259868665589
0.7026792452830183,10,3,37,0.13120647069103564,0.3765563070140269,-0.6068438910564571,0.8692568324385284,TRUE,10 °C,3,0.13120647069103564,-0.6068438910564571,0.8692568324385284
0.7417169811320748,10,3,37,0.1266365315036165,0.37626162822429715,-0.6108362598160059,0.8641093228232389,TRUE,10 °C,3,0.1266365315036165,-0.6108362598160059,0.8641093228232389
0.7807547169811314,10,3,37,0.12206659231619717,0.37597801867239766,-0.6148503242817022,0.8589835089140966,TRUE,10 °C,3,0.12206659231619717,-0.6148503242817022,0.8589835089140966
0.819792452830188,10,3,37,0.11749665312877791,0.3757055034259013,-0.6188861335859887,0.8538794398435444,TRUE,10 °C,3,0.11749665312877791,-0.6188861335859887,0.8538794398435444
0.8588301886792445,10,3,37,0.11292671394135856,0.37544410664313754,-0.622943735079191,0.8487971629619081,TRUE,10 °C,3,0.11292671394135856,-0.622943735079191,0.8487971629619081
0.8978679245283011,10,3,37,0.1083567747539393,0.3751938515627393,-0.6270231743090298,0.8437367238169085,TRUE,10 °C,3,0.1083567747539393,-0.6270231743090298,0.8437367238169085
0.9369056603773578,10,3,37,0.10378683556651994,0.37495476049353965,-0.6311244950008178,0.8386981661338576,TRUE,10 °C,3,0.10378683556651994,-0.6311244950008178,0.8386981661338576
0.9759433962264144,10,3,37,0.0992168963791008,0.374726854804827,-0.6352477390383601,0.8336815317965617,TRUE,10 °C,3,0.0992168963791008,-0.6352477390383601,0.8336815317965617
1.014981132075471,10,3,37,0.09464695719168156,0.37451015491697137,-0.6393929464455823,0.8286868608289455,TRUE,10 °C,3,0.09464695719168156,-0.6393929464455823,0.8286868608289455
1.0540188679245275,10,3,37,0.09007701800426225,0.37430468029242603,-0.6435601553688928,0.8237141913774173,TRUE,10 °C,3,0.09007701800426225,-0.6435601553688928,0.8237141913774173
1.093056603773584,10,3,37,0.08550707881684289,0.3741104494271207,-0.6477494020603136,0.8187635596939995,TRUE,10 °C,3,0.08550707881684289,-0.6477494020603136,0.8187635596939995
1.1320943396226406,10,3,37,0.08093713962942362,0.37392747984224783,-0.6519607208613821,0.8138350001202294,TRUE,10 °C,3,0.08093713962942362,-0.6519607208613821,0.8138350001202294
1.1711320754716972,10,3,37,0.07636720044200435,0.37375578807645604,-0.6561941441878494,0.8089285450718582,TRUE,10 °C,3,0.07636720044200435,-0.6561941441878494,0.8089285450718582
1.2101698113207537,10,3,37,0.07179726125458503,0.37359538967845457,-0.6604497025151859,0.804044225024356,TRUE,10 °C,3,0.07179726125458503,-0.6604497025151859,0.804044225024356
1.2492075471698103,10,3,37,0.06722732206716572,0.37344629920003947,-0.6647274243649116,0.7991820684992431,TRUE,10 °C,3,0.06722732206716572,-0.6647274243649116,0.7991820684992431
1.2882452830188669,10,3,37,0.06265738287974655,0.3733085301895473,-0.6690273362917661,0.7943421020512592,TRUE,10 °C,3,0.06265738287974655,-0.6690273362917661,0.7943421020512592
1.3272830188679234,10,3,37,0.05808744369232729,0.373182095185742,-0.673349462871727,0.7895243502563817,TRUE,10 °C,3,0.05808744369232729,-0.673349462871727,0.7895243502563817
1.36632075471698,10,3,37,0.053517504504908,0.37306700571214557,-0.6776938266908973,0.7847288357007133,TRUE,10 °C,3,0.053517504504908,-0.6776938266908973,0.7847288357007133
1.4053584905660366,10,3,37,0.04894756531748866,0.37296327227181136,-0.6820604483352616,0.7799555789702389,TRUE,10 °C,3,0.04894756531748866,-0.6820604483352616,0.7799555789702389
1.4443962264150931,10,3,37,0.04437762613006937,0.3728709043425542,-0.6864493463813369,0.7752045986414756,TRUE,10 °C,3,0.04437762613006937,-0.6864493463813369,0.7752045986414756
1.4834339622641497,10,3,37,0.039807686942650154,0.37278991037263415,-0.6908605373877128,0.7704759112730131,TRUE,10 °C,3,0.039807686942650154,-0.6908605373877128,0.7704759112730131
1.5224716981132063,10,3,37,0.03523774775523085,0.3727202977769047,-0.6952940358875024,0.765769531397964,TRUE,10 °C,3,0.03523774775523085,-0.6952940358875024,0.765769531397964
1.5615094339622628,10,3,37,0.03066780856781159,0.37266207293342574,-0.6997498543817028,0.761085471517326,TRUE,10 °C,3,0.03066780856781159,-0.6997498543817028,0.761085471517326
1.6005471698113194,10,3,37,0.02609786938039233,0.37261524118054656,-0.7042280033334789,0.7564237420942637,TRUE,10 °C,3,0.02609786938039233,-0.7042280033334789,0.7564237420942637
1.639584905660376,10,3,37,0.021527930192973017,0.37257980681446157,-0.7087284911633716,0.7517843515493177,TRUE,10 °C,3,0.021527930192973017,-0.7087284911633716,0.7517843515493177
1.6786226415094325,10,3,37,0.016957991005553806,0.37255577308724075,-0.713251324245438,0.7471673062565457,TRUE,10 °C,3,0.016957991005553806,-0.713251324245438,0.7471673062565457
1.717660377358489,10,3,37,0.012388051818134434,0.37254314220533874,-0.7177965069043295,0.7425726105405983,TRUE,10 °C,3,0.012388051818134434,-0.7177965069043295,0.7425726105405983
1.7566981132075457,10,3,37,0.007818112630715128,0.3725419153285821,-0.7223640414133058,0.738000266674736,TRUE,10 °C,3,0.007818112630715128,-0.7223640414133058,0.738000266674736
1.7957358490566022,10,3,37,0.003248173443295971,0.37255209256963673,-0.726953927993192,0.733450274879784,TRUE,10 °C,3,0.003248173443295971,-0.726953927993192,0.733450274879784
1.8347735849056588,10,3,37,-0.0013217657441233909,0.37257367299395616,-0.7315661648122774,0.7289226333240307,TRUE,10 °C,3,-0.0013217657441233909,-0.7315661648122774,0.7289226333240307
1.8738113207547156,10,3,37,-0.005891704931542714,0.372606654620211,-0.7362007479871562,0.7244173381240708,TRUE,10 °C,3,-0.005891704931542714,-0.7362007479871562,0.7244173381240708
1.9128490566037721,10,3,37,-0.010461644118961926,0.37265103442119757,-0.7408576715845091,0.7199343833465853,TRUE,10 °C,3,-0.010461644118961926,-0.7408576715845091,0.7199343833465853
1.9518867924528287,10,3,37,-0.015031583306381241,0.372706808325227,-0.7455369276238262,0.7154737610110637,TRUE,10 °C,3,-0.015031583306381241,-0.7455369276238262,0.7154737610110637
1.9909245283018853,10,3,37,-0.0196015224938005,0.3727739712179913,-0.7502385060810635,0.7110354610934624,TRUE,10 °C,3,-0.0196015224938005,-0.7502385060810635,0.7110354610934624
2.029962264150942,10,3,37,-0.024171461681219714,0.3728525169449065,-0.7549623948932365,0.706619471530797,TRUE,10 °C,3,-0.024171461681219714,-0.7549623948932365,0.706619471530797
2.068999999999998,10,3,37,-0.028741400868638963,0.3729424383139272,-0.7597085799639363,0.7022257782266583,TRUE,10 °C,3,-0.028741400868638963,-0.7597085799639363,0.7022257782266583
2.108037735849055,10,3,37,-0.03331134005605823,0.3730437270988328,-0.7644770451697706,0.6978543650576542,TRUE,10 °C,3,-0.03331134005605823,-0.7644770451697706,0.6978543650576542
2.1470754716981113,10,3,37,-0.037881279243477596,0.37315637404298085,-0.76926777236772,0.6935052138807648,TRUE,10 °C,3,-0.037881279243477596,-0.76926777236772,0.6935052138807648
2.186113207547168,10,3,37,-0.042451218430896956,0.3732803688635222,-0.7740807414034004,0.6891783045416066,TRUE,10 °C,3,-0.042451218430896956,-0.7740807414034004,0.6891783045416066
2.2251509433962244,10,3,37,-0.047021157618316115,0.37341570025607507,-0.7789159301202233,0.684873614883591,TRUE,10 °C,3,-0.047021157618316115,-0.7789159301202233,0.684873614883591
2.2641886792452812,10,3,37,-0.05159109680573549,0.37356235589985254,-0.7837733143694464,0.6805911207579755,TRUE,10 °C,3,-0.05159109680573549,-0.7837733143694464,0.6805911207579755
2.3032264150943376,10,3,37,-0.05616103599315458,0.37372032246323844,-0.7886528680211019,0.6763307960347927,TRUE,10 °C,3,-0.05616103599315458,-0.7886528680211019,0.6763307960347927
2.3422641509433944,10,3,37,-0.060730975180573896,0.3738895856098043,-0.7935545629757903,0.6720926126146425,TRUE,10 °C,3,-0.060730975180573896,-0.7935545629757903,0.6720926126146425
2.3813018867924507,10,3,37,-0.0653009143679933,0.37407013000476413,-0.7984783691773311,0.6678765404413444,TRUE,10 °C,3,-0.0653009143679933,-0.7984783691773311,0.6678765404413444
2.4203396226415075,10,3,37,-0.06987085355541253,0.37426193932185586,-0.80342425462625,0.6636825475154249,TRUE,10 °C,3,-0.06987085355541253,-0.80342425462625,0.6636825475154249
2.459377358490564,10,3,37,-0.07444079274283183,0.3744649962506475,-0.808392185394101,0.6595105999084372,TRUE,10 °C,3,-0.07444079274283183,-0.808392185394101,0.6595105999084372
2.4984150943396206,10,3,37,-0.07901073193025115,0.37467928250425586,-0.8133821256385927,0.6553606617780903,TRUE,10 °C,3,-0.07901073193025115,-0.8133821256385927,0.6553606617780903
2.5374528301886774,10,3,37,-0.08358067111767048,0.3749047788274724,-0.8183940376195165,0.6512326953841754,TRUE,10 °C,3,-0.08358067111767048,-0.8183940376195165,0.6512326953841754
2.5764905660377337,10,3,37,-0.08815061030508957,0.3751414650052878,-0.8234278817154536,0.6471266611052745,TRUE,10 °C,3,-0.08815061030508957,-0.8234278817154536,0.6471266611052745
2.6155283018867905,10,3,37,-0.092720549492509,0.37538931987180546,-0.8284836164412477,0.6430425174562298,TRUE,10 °C,3,-0.092720549492509,-0.8284836164412477,0.6430425174562298
2.654566037735847,10,3,37,-0.09729048867992808,0.37564832131953596,-0.8335611984662186,0.6389802211063624,TRUE,10 °C,3,-0.09729048867992808,-0.8335611984662186,0.6389802211063624
2.6936037735849037,10,3,37,-0.1018604278673474,0.3759184463090625,-0.8386605826331099,0.6349397268984152,TRUE,10 °C,3,-0.1018604278673474,-0.8386605826331099,0.6349397268984152
2.73264150943396,10,3,37,-0.10643036705476672,0.3761996708790683,-0.8437817219777406,0.6309209878682072,TRUE,10 °C,3,-0.10643036705476672,-0.8437817219777406,0.6309209878682072
2.771679245283017,10,3,37,-0.11100030624218583,0.3764919701567148,-0.8489245677493469,0.6269239552649752,TRUE,10 °C,3,-0.11100030624218583,-0.8489245677493469,0.6269239552649752
2.810716981132073,10,3,37,-0.11557024542960545,0.3767953183683621,-0.8540890694315952,0.6229485785723843,TRUE,10 °C,3,-0.11557024542960545,-0.8540890694315952,0.6229485785723843
2.84975471698113,10,3,37,-0.12014018461702455,0.3771096888506205,-0.8592751747642408,0.6189948055301916,TRUE,10 °C,3,-0.12014018461702455,-0.8592751747642408,0.6189948055301916
2.8887924528301863,10,3,37,-0.12471012380444386,0.37743505406172034,-0.8644828297654158,0.615062582156528,TRUE,10 °C,3,-0.12471012380444386,-0.8644828297654158,0.615062582156528
2.927830188679243,10,3,37,-0.12928006299186318,0.37777138559319334,-0.8697119787545222,0.6111518527707958,TRUE,10 °C,3,-0.12928006299186318,-0.8697119787545222,0.6111518527707958
2.9668679245282994,10,3,37,-0.13385000217928228,0.37811865418185087,-0.87496256437571,0.6072625600171455,TRUE,10 °C,3,-0.13385000217928228,-0.87496256437571,0.6072625600171455
3.005905660377356,10,3,37,-0.13841994136670172,0.3784768297220489,-0.8802345276219175,0.6033946448885141,TRUE,10 °C,3,-0.13841994136670172,-0.8802345276219175,0.6033946448885141
3.0449433962264125,10,3,37,-0.14298988055412112,0.3788458812782275,-0.885527807859447,0.5995480467512048,TRUE,10 °C,3,-0.14298988055412112,-0.885527807859447,0.5995480467512048
3.0839811320754693,10,3,37,-0.14755981974154045,0.3792257770977158,-0.8908423428530634,0.5957227033699826,TRUE,10 °C,3,-0.14755981974154045,-0.8908423428530634,0.5957227033699826
3.1230188679245257,10,3,37,-0.15212975892895964,0.37961648462378667,-0.8961780687915815,0.5919185509336622,TRUE,10 °C,3,-0.15212975892895964,-0.8961780687915815,0.5919185509336622
3.1620566037735824,10,3,37,-0.15669969811637896,0.38001797050895153,-0.9015349203139239,0.588135524081166,TRUE,10 °C,3,-0.15669969811637896,-0.9015349203139239,0.588135524081166
3.201094339622639,10,3,37,-0.16126963730379815,0.38043020062848404,-0.9069128305356269,0.5843735559280305,TRUE,10 °C,3,-0.16126963730379815,-0.9069128305356269,0.5843735559280305
3.2401320754716956,10,3,37,-0.16583957649121728,0.38085314009415816,-0.9123117310757672,0.5806325780933327,TRUE,10 °C,3,-0.16583957649121728,-0.9123117310757672,0.5806325780933327
3.279169811320752,10,3,37,-0.17040951567863669,0.3812867532681902,-0.9177315520842896,0.5769125207270162,TRUE,10 °C,3,-0.17040951567863669,-0.9177315520842896,0.5769125207270162
3.3182075471698087,10,3,37,-0.174979454866056,0.381731003777373,-0.9231722222697071,0.573213312537595,TRUE,10 °C,3,-0.174979454866056,-0.9231722222697071,0.573213312537595
3.357245283018865,10,3,37,-0.179549394053475,0.38218585452738707,-0.9286336689271537,0.5695348808202036,TRUE,10 °C,3,-0.179549394053475,-0.9286336689271537,0.5695348808202036
3.396283018867922,10,3,37,-0.18411933324089433,0.3826512677172821,-0.9341158179667672,0.5658771514849785,TRUE,10 °C,3,-0.18411933324089433,-0.9341158179667672,0.5658771514849785
3.435320754716978,10,3,37,-0.18868927242831374,0.3831272048541093,-0.939618593942368,0.5622400490857404,TRUE,10 °C,3,-0.18868927242831374,-0.939618593942368,0.5622400490857404
3.474358490566035,10,3,37,-0.19325921161573315,0.3836136267676993,-0.9451419200804236,0.5586234968489574,TRUE,10 °C,3,-0.19325921161573315,-0.9451419200804236,0.5586234968489574
3.5133962264150913,10,3,37,-0.19782915080315247,0.384110493625569,-0.9506857183092676,0.5550274167029627,TRUE,10 °C,3,-0.19782915080315247,-0.9506857183092676,0.5550274167029627
3.552433962264148,10,3,37,-0.20239908999057166,0.3846177649479473,-0.9562499092885484,0.551451729307405,TRUE,10 °C,3,-0.20239908999057166,-0.9562499092885484,0.551451729307405
3.5914716981132044,10,3,37,-0.20696902917799076,0.3851353996229069,-0.9618344124388882,0.5478963540829067,TRUE,10 °C,3,-0.20696902917799076,-0.9618344124388882,0.5478963540829067
3.6305094339622612,10,3,37,-0.21153896836541008,0.3856633559215905,-0.9674391459717274,0.5443612092409073,TRUE,10 °C,3,-0.21153896836541008,-0.9674391459717274,0.5443612092409073
3.6695471698113176,10,3,37,-0.2161089075528296,0.3862015915135205,-0.9730640269193298,0.5408462118136705,TRUE,10 °C,3,-0.2161089075528296,-0.9730640269193298,0.5408462118136705
3.7085849056603744,10,3,37,-0.22067884674024885,0.38675006348197866,-0.9787089711649269,0.5373512776844293,TRUE,10 °C,3,-0.22067884674024885,-0.9787089711649269,0.5373512776844293
3.747622641509431,10,3,37,-0.22524878592766825,0.3873087283394455,-0.9843738934729814,0.5338763216176449,TRUE,10 °C,3,-0.22524878592766825,-0.9843738934729814,0.5338763216176449
3.7866603773584875,10,3,37,-0.22981872511508714,0.3878775420430883,-0.9900587075195402,0.5304212572893658,TRUE,10 °C,3,-0.22981872511508714,-0.9900587075195402,0.5304212572893658
3.8256981132075443,10,3,37,-0.23438866430250668,0.3884564600102857,-0.9957633259226667,0.5269859973176533,TRUE,10 °C,3,-0.23438866430250668,-0.9957633259226667,0.5269859973176533
3.8647358490566006,10,3,37,-0.23895860348992587,0.38904543713417733,-1.0014876602729135,0.5235704532930616,TRUE,10 °C,3,-0.23895860348992587,-1.0014876602729135,0.5235704532930616
3.9037735849056574,10,3,37,-0.24352854267734508,0.3896444277992298,-1.0072316211638355,0.5201745358091454,TRUE,10 °C,3,-0.24352854267734508,-1.0072316211638355,0.5201745358091454
3.9428113207547137,10,3,37,-0.2480984818647645,0.39025338589680525,-1.0129951182225028,0.5167981544929738,TRUE,10 °C,3,-0.2480984818647645,-1.0129951182225028,0.5167981544929738
3.9818490566037705,10,3,37,-0.2526684210521836,0.39087226484072507,-1.0187780601400047,0.5134412180356376,TRUE,10 °C,3,-0.2526684210521836,-1.0187780601400047,0.5134412180356376
4.020886792452827,10,3,37,-0.2572383602396029,0.39150101758281625,-1.0245803547019228,0.510103634222717,TRUE,10 °C,3,-0.2572383602396029,-1.0245803547019228,0.510103634222717
4.059924528301884,10,3,37,-0.26180829942702205,0.39213959662843134,-1.0304019088187475,0.5067853099647033,TRUE,10 °C,3,-0.26180829942702205,-1.0304019088187475,0.5067853099647033
4.0989622641509404,10,3,37,-0.2663782386144413,0.39278795405193184,-1.0362426285562276,0.5034861513273451,TRUE,10 °C,3,-0.2663782386144413,-1.0362426285562276,0.5034861513273451
4.137999999999996,10,3,37,-0.27094817780186065,0.3934460415121263,-1.0421024191656283,0.5002060635619069,TRUE,10 °C,3,-0.27094817780186065,-1.0421024191656283,0.5002060635619069
4.177037735849053,10,3,37,-0.27551811698927986,0.3941138102676518,-1.0479811851138774,0.49694495113531767,TRUE,10 °C,3,-0.27551811698927986,-1.0479811851138774,0.49694495113531767
4.21607547169811,10,3,37,-0.2800880561766991,0.39479121119229216,-1.0538788301135917,0.4937027177601936,TRUE,10 °C,3,-0.2800880561766991,-1.0538788301135917,0.4937027177601936
4.255113207547167,10,3,37,-0.2846579953641185,0.3954781947902222,-1.059795257152954,0.49047926642471706,TRUE,10 °C,3,-0.2846579953641185,-1.059795257152954,0.49047926642471706
4.294150943396223,10,3,37,-0.2892279345515379,0.39617471121117054,-1.0657303685254322,0.4872744994223564,TRUE,10 °C,3,-0.2892279345515379,-1.0657303685254322,0.4872744994223564
4.333188679245279,10,3,37,-0.2937978737389572,0.3968807102654921,-1.0716840658593216,0.48408831838140726,TRUE,10 °C,3,-0.2937978737389572,-1.0716840658593216,0.48408831838140726
4.372226415094336,10,3,37,-0.2983678129263767,0.39759614143914174,-1.0776562501470945,0.4809206242943411,TRUE,10 °C,3,-0.2983678129263767,-1.0776562501470945,0.4809206242943411
4.411264150943393,10,3,37,-0.30293775211379587,0.3983209539085436,-1.0836468217745414,0.4777713175469496,TRUE,10 °C,3,-0.30293775211379587,-1.0836468217745414,0.4777713175469496
4.450301886792449,10,3,37,-0.3075076913012149,0.399055096555345,-1.089655680549691,0.47464029794726126,TRUE,10 °C,3,-0.3075076913012149,-1.089655680549691,0.47464029794726126
4.489339622641506,10,3,37,-0.31207763048863424,0.3997985179810512,-1.0956827257314945,0.47152746475422613,TRUE,10 °C,3,-0.31207763048863424,-1.0956827257314945,0.47152746475422613
4.5283773584905624,10,3,37,-0.31664756967605334,0.40055116652153144,-1.1017278560582549,0.4684327167061483,TRUE,10 °C,3,-0.31664756967605334,-1.1017278560582549,0.4684327167061483
4.567415094339619,10,3,37,-0.3212175088634729,0.4013129902613917,-1.1077909697758006,0.4653559520488548,TRUE,10 °C,3,-0.3212175088634729,-1.1077909697758006,0.4653559520488548
4.606452830188675,10,3,37,-0.325787448050892,0.40208393704820594,-1.1138719646653756,0.46229706856359165,TRUE,10 °C,3,-0.325787448050892,-1.1138719646653756,0.46229706856359165
4.645490566037732,10,3,37,-0.33035738723831126,0.40286395450660145,-1.11997073807125,0.45925596359462756,TRUE,10 °C,3,-0.33035738723831126,-1.11997073807125,0.45925596359462756
4.684528301886789,10,3,37,-0.3349273264257304,0.40365299005219063,-1.126087186928024,0.45623253407656317,TRUE,10 °C,3,-0.3349273264257304,-1.126087186928024,0.45623253407656317
4.7235660377358455,10,3,37,-0.33949726561314975,0.40445099090534603,-1.132221207787628,0.4532266765613284,TRUE,10 °C,3,-0.33949726561314975,-1.132221207787628,0.4532266765613284
4.762603773584901,10,3,37,-0.3440672048005694,0.4052579041048112,-1.1383726968459995,0.4502382872448606,TRUE,10 °C,3,-0.3440672048005694,-1.1383726968459995,0.4502382872448606
4.801641509433958,10,3,37,-0.34863714398798856,0.40607367652114296,-1.1445415499694287,0.4472672619934516,TRUE,10 °C,3,-0.34863714398798856,-1.1445415499694287,0.4472672619934516
4.840679245283015,10,3,37,-0.35320708317540767,0.40689825486998205,-1.1507276627205725,0.4443134963697571,TRUE,10 °C,3,-0.35320708317540767,-1.1507276627205725,0.4443134963697571
4.879716981132072,10,3,37,-0.3577770223628272,0.4077315857251453,-1.156930930384112,0.4413768856584575,TRUE,10 °C,3,-0.3577770223628272,-1.156930930384112,0.4413768856584575
4.918754716981128,10,3,37,-0.3623469615502465,0.4085736155315363,-1.1631512479920576,0.43845732489156464,TRUE,10 °C,3,-0.3623469615502465,-1.1631512479920576,0.43845732489156464
4.957792452830184,10,3,37,-0.3669169007376658,0.4094242906178716,-1.169388510348694,0.43555470887336256,TRUE,10 °C,3,-0.3669169007376658,-1.169388510348694,0.43555470887336256
4.996830188679241,10,3,37,-0.3714868399250849,0.4102835572092166,-1.1756426120551495,0.4326689322049796,TRUE,10 °C,3,-0.3714868399250849,-1.1756426120551495,0.4326689322049796
5.035867924528298,10,3,37,-0.37605677911250446,0.41115136143933095,-1.181913447533593,0.42979988930858415,TRUE,10 °C,3,-0.37605677911250446,-1.181913447533593,0.42979988930858415
5.074905660377355,10,3,37,-0.38062671829992356,0.41202764936281605,-1.188200911051043,0.42694747445119585,TRUE,10 °C,3,-0.38062671829992356,-1.188200911051043,0.42694747445119585
5.113943396226411,10,3,37,-0.38519665748734266,0.41291236696706657,-1.1945048967427931,0.4241115817681078,TRUE,10 °C,3,-0.38519665748734266,-1.1945048967427931,0.4241115817681078
5.1529811320754675,10,3,37,-0.38976659667476193,0.41380546018402037,-1.2008252986354417,0.42129210528591793,TRUE,10 °C,3,-0.38976659667476193,-1.2008252986354417,0.42129210528591793
5.192018867924524,10,3,37,-0.39433653586218126,0.4147068749017043,-1.2071620106695218,0.4184889389451592,TRUE,10 °C,3,-0.39433653586218126,-1.2071620106695218,0.4184889389451592
5.231056603773581,10,3,37,-0.3989064750496006,0.4156165569755762,-1.21351492672173,0.4157019766225288,TRUE,10 °C,3,-0.3989064750496006,-1.21351492672173,0.4157019766225288
5.270094339622637,10,3,37,-0.4034764142370197,0.4165344522396586,-1.2198839406267505,0.4129311121527112,TRUE,10 °C,3,-0.4034764142370197,-1.2198839406267505,0.4129311121527112
5.309132075471694,10,3,37,-0.408046353424439,0.4174605065174644,-1.2262689461986693,0.41017623934979125,TRUE,10 °C,3,-0.408046353424439,-1.2262689461986693,0.41017623934979125
5.3481698113207505,10,3,37,-0.41261629261185834,0.4183946656327123,-1.2326698372519744,0.4074372520282578,TRUE,10 °C,3,-0.41261629261185834,-1.2326698372519744,0.4074372520282578
5.387207547169807,10,3,37,-0.41718623179927766,0.41933687541982967,-1.2390865076221438,0.4047140440235885,TRUE,10 °C,3,-0.41718623179927766,-1.2390865076221438,0.4047140440235885
5.426245283018863,10,3,37,-0.4217561709866967,0.4202870817342449,-1.2455188511858166,0.4020065092124233,TRUE,10 °C,3,-0.4217561709866967,-1.2455188511858166,0.4020065092124233
5.46528301886792,10,3,37,-0.42632611017411604,0.4212452304624654,-1.2519667618805483,0.39931454153231616,TRUE,10 °C,3,-0.42632611017411604,-1.2519667618805483,0.39931454153231616
5.504320754716977,10,3,37,-0.43089604936153514,0.42221126753194177,-1.258430133724141,0.39663803500107075,TRUE,10 °C,3,-0.43089604936153514,-1.258430133724141,0.39663803500107075
5.543358490566034,10,3,37,-0.43546598854895446,0.4231851389207186,-1.2649088608335628,0.39397688373565387,TRUE,10 °C,3,-0.43546598854895446,-1.2649088608335628,0.39397688373565387
5.5823962264150895,10,3,37,-0.4400359277363742,0.42416679066686985,-1.2714028374434392,0.39133098197069077,TRUE,10 °C,3,-0.4400359277363742,-1.2714028374434392,0.39133098197069077
5.621433962264146,10,3,37,-0.4446058669237935,0.42515616887772206,-1.2779119579241287,0.38870022407654176,TRUE,10 °C,3,-0.4446058669237935,-1.2779119579241287,0.38870022407654176
5.660471698113203,10,3,37,-0.4491758061112126,0.4261532197388606,-1.2844361167993794,0.38608450457695415,TRUE,10 °C,3,-0.4491758061112126,-1.2844361167993794,0.38608450457695415
5.69950943396226,10,3,37,-0.45374574529863215,0.4271578895229241,-1.2909752087635633,0.38348371816629906,TRUE,10 °C,3,-0.45374574529863215,-1.2909752087635633,0.38348371816629906
5.738547169811316,10,3,37,-0.45831568448605103,0.42817012459818476,-1.2975291286984931,0.3808977597263911,TRUE,10 °C,3,-0.45831568448605103,-1.2975291286984931,0.3808977597263911
5.7775849056603725,10,3,37,-0.4628856236734705,0.4291898714369168,-1.3040977716898274,0.3783265243428864,TRUE,10 °C,3,-0.4628856236734705,-1.3040977716898274,0.3783265243428864
5.816622641509429,10,3,37,-0.4674555628608897,0.4302170766235515,-1.3106810330430507,0.3757699073212713,TRUE,10 °C,3,-0.4674555628608897,-1.3106810330430507,0.3757699073212713
5.855660377358486,10,3,37,-0.47202550204830895,0.4312516868626233,-1.3172788082990505,0.3732278042024326,TRUE,10 °C,3,-0.47202550204830895,-1.3172788082990505,0.3732278042024326
5.894698113207542,10,3,37,-0.47659544123572806,0.4322936489865038,-1.3238909932492755,0.3707001107778194,TRUE,10 °C,3,-0.47659544123572806,-1.3238909932492755,0.3707001107778194
5.933735849056599,10,3,37,-0.48116538042314716,0.433342909962931,-1.330517483950492,0.36818672310419764,TRUE,10 °C,3,-0.48116538042314716,-1.330517483950492,0.36818672310419764
5.972773584905656,10,3,37,-0.4857353196105667,0.4343994169023258,-1.3371581767391252,0.3656875375179919,TRUE,10 °C,3,-0.4857353196105667,-1.3371581767391252,0.3656875375179919
6.011811320754712,10,3,37,-0.49030525879798603,0.4354631170649084,-1.3438129682452065,0.3632024506492345,TRUE,10 °C,3,-0.49030525879798603,-1.3438129682452065,0.3632024506492345
6.050849056603768,10,3,37,-0.4948751979854055,0.4365339578676062,-1.3504817554059136,0.36073135943510254,TRUE,10 °C,3,-0.4948751979854055,-1.3504817554059136,0.36073135943510254
6.089886792452825,10,3,37,-0.49944513717282485,0.43761188689076247,-1.3571644354787193,0.3582741611330696,TRUE,10 °C,3,-0.49944513717282485,-1.3571644354787193,0.3582741611330696
6.128924528301882,10,3,37,-0.5040150763602443,0.43869685188464186,-1.3638609060541422,0.35583075333365366,TRUE,10 °C,3,-0.5040150763602443,-1.3638609060541422,0.35583075333365366
6.167962264150939,10,3,37,-0.5085850155476634,0.43978880077573945,-1.3705710650681127,0.3534010339727859,TRUE,10 °C,3,-0.5085850155476634,-1.3705710650681127,0.3534010339727859
6.2069999999999945,10,3,37,-0.5131549547350825,0.4408876816728904,-1.3772948108139476,0.3509849013437826,TRUE,10 °C,3,-0.5131549547350825,-1.3772948108139476,0.3509849013437826
0,15,3,37,0.09721696402435266,0.37578475241689874,-0.6393211507127688,0.8337550787614741,TRUE,15 °C,3,0.09721696402435266,-0.6393211507127688,0.8337550787614741
0.03903773584905657,15,3,37,0.09913819175145473,0.3754735492206007,-0.6367899647209226,0.8350663482238322,TRUE,15 °C,3,0.09913819175145473,-0.6367899647209226,0.8350663482238322
0.07807547169811314,15,3,37,0.1010594194785569,0.3751671211838534,-0.6342681380417958,0.8363869769989096,TRUE,15 °C,3,0.1010594194785569,-0.6342681380417958,0.8363869769989096
0.11711320754716972,15,3,37,0.10298064720565908,0.37486548001680003,-0.631755693627269,0.8377169880385871,TRUE,15 °C,3,0.10298064720565908,-0.631755693627269,0.8377169880385871
0.1561509433962263,15,3,37,0.10490187493276114,0.3745686372840792,-0.6292526541440341,0.8390564040095564,TRUE,15 °C,3,0.10490187493276114,-0.6292526541440341,0.8390564040095564
0.19518867924528285,15,3,37,0.1068231026598633,0.3742766044027581,-0.6267590419695426,0.8404052472892691,TRUE,15 °C,3,0.1068231026598633,-0.6267590419695426,0.8404052472892691
0.23422641509433945,15,3,37,0.10874433038696539,0.3739893926402801,-0.6242748791879835,0.8417635399619143,TRUE,15 °C,3,0.10874433038696539,-0.6242748791879835,0.8417635399619143
0.273264150943396,15,3,37,0.11066555811406745,0.3737070131124287,-0.6218001875862929,0.8431313038144277,TRUE,15 °C,3,0.11066555811406745,-0.6218001875862929,0.8431313038144277
0.3123018867924526,15,3,37,0.11258678584116973,0.37342947678130695,-0.6193349886501919,0.8445085603325314,TRUE,15 °C,3,0.11258678584116973,-0.6193349886501919,0.8445085603325314
0.35133962264150914,15,3,37,0.1145080135682718,0.3731567944533355,-0.6168793035602658,0.8458953306968093,TRUE,15 °C,3,0.1145080135682718,-0.6168793035602658,0.8458953306968093
0.3903773584905657,15,3,37,0.11642924129537385,0.3728889767772674,-0.6144331531880702,0.847291635778818,TRUE,15 °C,3,0.11642924129537385,-0.6144331531880702,0.847291635778818
0.42941509433962227,15,3,37,0.11835046902247603,0.3726260342422231,-0.6119965580922813,0.8486974961372333,TRUE,15 °C,3,0.11835046902247603,-0.6119965580922813,0.8486974961372333
0.4684528301886789,15,3,37,0.12027169674957823,0.3723679771757445,-0.6095695385148809,0.8501129320140375,TRUE,15 °C,3,0.12027169674957823,-0.6095695385148809,0.8501129320140375
0.5074905660377355,15,3,37,0.12219292447668029,0.37211481574186955,-0.607152114377384,0.8515379633307446,TRUE,15 °C,3,0.12219292447668029,-0.607152114377384,0.8515379633307446
0.546528301886792,15,3,37,0.12411415220378245,0.37186655993922824,-0.6047443052771049,0.8529726096846697,TRUE,15 °C,3,0.12411415220378245,-0.6047443052771049,0.8529726096846697
0.5855660377358486,15,3,37,0.12603537993088465,0.37162321959916106,-0.602346130483471,0.8544168903452403,TRUE,15 °C,3,0.12603537993088465,-0.602346130483471,0.8544168903452403
0.6246037735849052,15,3,37,0.1279566076579867,0.371384804383859,-0.599957608934377,0.8558708242503503,TRUE,15 °C,3,0.1279566076579867,-0.599957608934377,0.8558708242503503
0.6636415094339617,15,3,37,0.12987783538508887,0.3711513237845294,-0.5975787592325887,0.8573344300027665,TRUE,15 °C,3,0.12987783538508887,-0.5975787592325887,0.8573344300027665
0.7026792452830183,15,3,37,0.13179906311219092,0.37092278711958415,-0.595209599642194,0.8588077258665758,TRUE,15 °C,3,0.13179906311219092,-0.595209599642194,0.8588077258665758
0.7417169811320748,15,3,37,0.133720290839293,0.3706992035328543,-0.5928501480851014,0.8602907297636875,TRUE,15 °C,3,0.133720290839293,-0.5928501480851014,0.8602907297636875
0.7807547169811314,15,3,37,0.13564151856639525,0.37048058199183015,-0.5905004221375918,0.8617834592703824,TRUE,15 °C,3,0.13564151856639525,-0.5905004221375918,0.8617834592703824
0.819792452830188,15,3,37,0.13756274629349732,0.37026693128592797,-0.5881604390269215,0.8632859316139161,TRUE,15 °C,3,0.13756274629349732,-0.5881604390269215,0.8632859316139161
0.8588301886792445,15,3,37,0.13948397402059953,0.37005826002478515,-0.5858302156279793,0.8647981636691784,TRUE,15 °C,3,0.13948397402059953,-0.5858302156279793,0.8647981636691784
0.8978679245283011,15,3,37,0.14140520174770163,0.3698545766365819,-0.5835097684599988,0.8663201719554021,TRUE,15 °C,3,0.14140520174770163,-0.5835097684599988,0.8663201719554021
0.9369056603773578,15,3,37,0.1433264294748037,0.36965588936639365,-0.5811991136833279,0.8678519726329352,TRUE,15 °C,3,0.1433264294748037,-0.5811991136833279,0.8678519726329352
0.9759433962264144,15,3,37,0.14524765720190586,0.3694622062745715,-0.5788982670962544,0.869393581500066,TRUE,15 °C,3,0.14524765720190586,-0.5788982670962544,0.869393581500066
1.014981132075471,15,3,37,0.14716888492900804,0.3692735352351546,-0.576607244131895,0.8709450139899111,TRUE,15 °C,3,0.14716888492900804,-0.576607244131895,0.8709450139899111
1.0540188679245275,15,3,37,0.14909011265611002,0.36908988393431263,-0.5743260598551427,0.8725062851673628,TRUE,15 °C,3,0.14909011265611002,-0.5743260598551427,0.8725062851673628
1.093056603773584,15,3,37,0.15101134038321226,0.3689112598688202,-0.5720547289596752,0.8740774097260998,TRUE,15 °C,3,0.15101134038321226,-0.5720547289596752,0.8740774097260998
1.1320943396226406,15,3,37,0.15293256811031442,0.36873767034456395,-0.5697932657650309,0.8756584019856597,TRUE,15 °C,3,0.15293256811031442,-0.5697932657650309,0.8756584019856597
1.1711320754716972,15,3,37,0.15485379583741649,0.3685691224750832,-0.5675416842137466,0.8772492758885795,TRUE,15 °C,3,0.15485379583741649,-0.5675416842137466,0.8772492758885795
1.2101698113207537,15,3,37,0.1567750235645187,0.3684056231801435,-0.5652999978685627,0.8788500449976,TRUE,15 °C,3,0.1567750235645187,-0.5652999978685627,0.8788500449976
1.2492075471698103,15,3,37,0.15869625129162068,0.36824717918434524,-0.563068219909696,0.8804607224929374,TRUE,15 °C,3,0.15869625129162068,-0.563068219909696,0.8804607224929374
1.2882452830188669,15,3,37,0.16061747901872286,0.36809379701576755,-0.5608463631321816,0.8820813211696272,TRUE,15 °C,3,0.16061747901872286,-0.5608463631321816,0.8820813211696272
1.3272830188679234,15,3,37,0.1625387067458251,0.36794548300464736,-0.5586344399432837,0.883711853434934,TRUE,15 °C,3,0.1625387067458251,-0.5586344399432837,0.883711853434934
1.36632075471698,15,3,37,0.16445993447292714,0.36780224328209565,-0.5564324623599803,0.8853523313058347,TRUE,15 °C,3,0.16445993447292714,-0.5564324623599803,0.8853523313058347
1.4053584905660366,15,3,37,0.16638116220002916,0.36766408377884946,-0.5542404420065158,0.8870027664065742,TRUE,15 °C,3,0.16638116220002916,-0.5542404420065158,0.8870027664065742
1.4443962264150931,15,3,37,0.16830238992713134,0.367531010224063,-0.5520583901120322,0.8886631699662948,TRUE,15 °C,3,0.16830238992713134,-0.5520583901120322,0.8886631699662948
1.4834339622641497,15,3,37,0.17022361765423355,0.367403028144135,-0.549886317508271,0.8903335528167381,TRUE,15 °C,3,0.17022361765423355,-0.549886317508271,0.8903335528167381
1.5224716981132063,15,3,37,0.17214484538133562,0.3672801428615768,-0.547724234627355,0.8920139253900261,TRUE,15 °C,3,0.17214484538133562,-0.547724234627355,0.8920139253900261
1.5615094339622628,15,3,37,0.17406607310843772,0.36716235949391757,-0.5455721514996408,0.8937042977165162,TRUE,15 °C,3,0.17406607310843772,-0.5455721514996408,0.8937042977165162
1.6005471698113194,15,3,37,0.17598730083553984,0.3670496829526514,-0.5434300777516569,0.8954046794227365,TRUE,15 °C,3,0.17598730083553984,-0.5434300777516569,0.8954046794227365
1.639584905660376,15,3,37,0.17790852856264205,0.3669421179422216,-0.5412980226041123,0.8971150797293964,TRUE,15 °C,3,0.17790852856264205,-0.5412980226041123,0.8971150797293964
1.6786226415094325,15,3,37,0.17982975628974424,0.3668396689590495,-0.5391759948699928,0.8988355074494814,TRUE,15 °C,3,0.17982975628974424,-0.5391759948699928,0.8988355074494814
1.717660377358489,15,3,37,0.18175098401684633,0.3667423402906013,-0.5370640029527323,0.9005659709864249,TRUE,15 °C,3,0.18175098401684633,-0.5370640029527323,0.9005659709864249
1.7566981132075457,15,3,37,0.18367221174394852,0.36665013601449803,-0.5349620548444676,0.9023064783323647,TRUE,15 °C,3,0.18367221174394852,-0.5349620548444676,0.9023064783323647
1.7957358490566022,15,3,37,0.18559343947105064,0.36656305999766653,-0.5328701581243758,0.9040570370664771,TRUE,15 °C,3,0.18559343947105064,-0.5328701581243758,0.9040570370664771
1.8347735849056588,15,3,37,0.18751466719815268,0.36648111589553467,-0.5307883199570953,0.9058176543534007,TRUE,15 °C,3,0.18751466719815268,-0.5307883199570953,0.9058176543534007
1.8738113207547156,15,3,37,0.18943589492525476,0.36640430715126704,-0.5287165470912287,0.9075883369417381,TRUE,15 °C,3,0.18943589492525476,-0.5287165470912287,0.9075883369417381
1.9128490566037721,15,3,37,0.1913571226523569,0.36633263699504626,-0.5266548458579338,0.9093690911626476,TRUE,15 °C,3,0.1913571226523569,-0.5266548458579338,0.9093690911626476
1.9518867924528287,15,3,37,0.193278350379459,0.36626610844339513,-0.5246032221695955,0.9111599229285134,TRUE,15 °C,3,0.193278350379459,-0.5246032221695955,0.9111599229285134
1.9909245283018853,15,3,37,0.1951995781065612,0.3662047242985457,-0.5225616815185884,0.9129608377317108,TRUE,15 °C,3,0.1951995781065612,-0.5225616815185884,0.9129608377317108
2.029962264150942,15,3,37,0.19712080583366337,0.3661484871478501,-0.5205302289761229,0.9147718406434495,TRUE,15 °C,3,0.19712080583366337,-0.5205302289761229,0.9147718406434495
2.068999999999998,15,3,37,0.19904203356076547,0.36609739936323654,-0.5185088691911782,0.9165929363127091,TRUE,15 °C,3,0.19904203356076547,-0.5185088691911782,0.9165929363127091
2.108037735849055,15,3,37,0.20096326128786757,0.3660514631007113,-0.5164976063895266,0.9184241289652617,TRUE,15 °C,3,0.20096326128786757,-0.5164976063895266,0.9184241289652617
2.1470754716981113,15,3,37,0.2028844890149697,0.3660106802999032,-0.5144964443728406,0.92026542240278,TRUE,15 °C,3,0.2028844890149697,-0.5144964443728406,0.92026542240278
2.186113207547168,15,3,37,0.20480571674207185,0.36597505268365627,-0.5125053865178945,0.9221168200020381,TRUE,15 °C,3,0.20480571674207185,-0.5125053865178945,0.9221168200020381
2.2251509433962244,15,3,37,0.206726944469174,0.36594458175766503,-0.5105244357758494,0.9239783247141975,TRUE,15 °C,3,0.206726944469174,-0.5105244357758494,0.9239783247141975
2.2641886792452812,15,3,37,0.20864817219627615,0.36591926881015746,-0.5085535946716324,0.9258499390641848,TRUE,15 °C,3,0.20864817219627615,-0.5085535946716324,0.9258499390641848
2.3032264150943376,15,3,37,0.2105693999233783,0.3658991149116221,-0.506592865303401,0.9277316651501576,TRUE,15 °C,3,0.2105693999233783,-0.506592865303401,0.9277316651501576
2.3422641509433944,15,3,37,0.2124906276504805,0.3658841209145828,-0.5046422493421017,0.9296235046430628,TRUE,15 °C,3,0.2124906276504805,-0.5046422493421017,0.9296235046430628
2.3813018867924507,15,3,37,0.2144118553775826,0.3658742874534177,-0.5027017480311161,0.9315254587862812,TRUE,15 °C,3,0.2144118553775826,-0.5027017480311161,0.9315254587862812
2.4203396226415075,15,3,37,0.21633308310468458,0.3658696149442251,-0.5007713621859966,0.9334375283953658,TRUE,15 °C,3,0.21633308310468458,-0.5007713621859966,0.9334375283953658
2.459377358490564,15,3,37,0.21825431083178667,0.3658701035847359,-0.4988510921942956,0.935359713857869,TRUE,15 °C,3,0.21825431083178667,-0.4988510921942956,0.935359713857869
2.4984150943396206,15,3,37,0.22017553855888886,0.36587575335427125,-0.4969409380154828,0.9372920151332604,TRUE,15 °C,3,0.22017553855888886,-0.4969409380154828,0.9372920151332604
2.5374528301886774,15,3,37,0.22209676628599093,0.36588656401374753,-0.4950408991809542,0.9392344317529361,TRUE,15 °C,3,0.22209676628599093,-0.4950408991809542,0.9392344317529361
2.5764905660377337,15,3,37,0.22401799401309314,0.3659025351057263,-0.49315097479413034,0.9411869628203167,TRUE,15 °C,3,0.22401799401309314,-0.49315097479413034,0.9411869628203167
2.6155283018867905,15,3,37,0.22593922174019532,0.36592366595451115,-0.4912711635306465,0.9431496070110371,TRUE,15 °C,3,0.22593922174019532,-0.4912711635306465,0.9431496070110371
2.654566037735847,15,3,37,0.22786044946729753,0.3659499556662912,-0.4894014636386331,0.9451223625732282,TRUE,15 °C,3,0.22786044946729753,-0.4894014636386331,0.9451223625732282
2.6936037735849037,15,3,37,0.2297816771943995,0.3659814031293295,-0.48754187293908635,0.9471052273278853,TRUE,15 °C,3,0.2297816771943995,-0.48754187293908635,0.9471052273278853
2.73264150943396,15,3,37,0.23170290492150158,0.3660180070141978,-0.48569238882632604,0.9490981986693292,TRUE,15 °C,3,0.23170290492150158,-0.48569238882632604,0.9490981986693292
2.771679245283017,15,3,37,0.2336241326486038,0.3660597657740583,-0.4838530082685504,0.951101273565758,TRUE,15 °C,3,0.2336241326486038,-0.4838530082685504,0.951101273565758
2.810716981132073,15,3,37,0.23554536037570567,0.36610667764498894,-0.48202372780847264,0.9531144485598839,TRUE,15 °C,3,0.23554536037570567,-0.48202372780847264,0.9531144485598839
2.84975471698113,15,3,37,0.23746658810280805,0.3661587406463565,-0.4802045435640506,0.9551377197696668,TRUE,15 °C,3,0.23746658810280805,-0.4802045435640506,0.9551377197696668
2.8887924528301863,15,3,37,0.23938781582991014,0.36621595258123313,-0.47839545122930677,0.9571710828891271,TRUE,15 °C,3,0.23938781582991014,-0.47839545122930677,0.9571710828891271
2.927830188679243,15,3,37,0.24130904355701221,0.36627831103685976,-0.4765964460752329,0.9592145331892573,TRUE,15 °C,3,0.24130904355701221,-0.4765964460752329,0.9592145331892573
2.9668679245282994,15,3,37,0.24323027128411442,0.3663458133851534,-0.4748075229507861,0.961268065519015,TRUE,15 °C,3,0.24323027128411442,-0.4748075229507861,0.961268065519015
3.005905660377356,15,3,37,0.2451514990112164,0.36641845678325907,-0.47302867628397133,0.9633316743064042,TRUE,15 °C,3,0.2451514990112164,-0.47302867628397133,0.9633316743064042
3.0449433962264125,15,3,37,0.2470727267383186,0.3664962381741468,-0.4712599000830091,0.9654053535596463,TRUE,15 °C,3,0.2470727267383186,-0.4712599000830091,0.9654053535596463
3.0839811320754693,15,3,37,0.24899395446542058,0.36657915428725224,-0.46950118793759377,0.967489096868435,TRUE,15 °C,3,0.24899395446542058,-0.46950118793759377,0.967489096868435
3.1230188679245257,15,3,37,0.2509151821925227,0.3666672016391619,-0.4677525330202346,0.96958289740528,TRUE,15 °C,3,0.2509151821925227,-0.4677525330202346,0.96958289740528
3.1620566037735824,15,3,37,0.25283640991962486,0.3667603765343399,-0.4660139280876814,0.9716867479269311,TRUE,15 °C,3,0.25283640991962486,-0.4660139280876814,0.9716867479269311
3.201094339622639,15,3,37,0.25475763764672704,0.366858675065901,-0.46428536548243887,0.973800640775893,TRUE,15 °C,3,0.25475763764672704,-0.46428536548243887,0.973800640775893
3.2401320754716956,15,3,37,0.25667886537382967,0.3669620931164228,-0.462566837134359,0.9759245678820183,TRUE,15 °C,3,0.25667886537382967,-0.462566837134359,0.9759245678820183
3.279169811320752,15,3,37,0.25860009310093146,0.3670706263588036,-0.4608583345623236,0.9780585207641865,TRUE,15 °C,3,0.25860009310093146,-0.4608583345623236,0.9780585207641865
3.3182075471698087,15,3,37,0.26052132082803364,0.3671842702571599,-0.45915984887599975,0.980202490532067,TRUE,15 °C,3,0.26052132082803364,-0.45915984887599975,0.980202490532067
3.357245283018865,15,3,37,0.2624425485551358,0.36730302006776655,-0.4574713707776866,0.9823564678879583,TRUE,15 °C,3,0.2624425485551358,-0.4574713707776866,0.9823564678879583
3.396283018867922,15,3,37,0.264363776282238,0.3674268708400374,-0.4557928905642353,0.9845204431287113,TRUE,15 °C,3,0.264363776282238,-0.4557928905642353,0.9845204431287113
3.435320754716978,15,3,37,0.26628500400934,0.36755581741754734,-0.45412439812905275,0.9866944061477327,TRUE,15 °C,3,0.26628500400934,-0.45412439812905275,0.9866944061477327
3.474358490566035,15,3,37,0.2682062317364421,0.3676898544390934,-0.452465882964181,0.9888783464370652,TRUE,15 °C,3,0.2682062317364421,-0.452465882964181,0.9888783464370652
3.5133962264150913,15,3,37,0.2701274594635443,0.3678289763397961,-0.4508173341624561,0.9910722530895446,TRUE,15 °C,3,0.2701274594635443,-0.4508173341624561,0.9910722530895446
3.552433962264148,15,3,37,0.2720486871906463,0.3679731773522405,-0.4491787404197451,0.9932761148010376,TRUE,15 °C,3,0.2720486871906463,-0.4491787404197451,0.9932761148010376
3.5914716981132044,15,3,37,0.2739699149177485,0.36812245150765366,-0.4475500900372526,0.9954899198727496,TRUE,15 °C,3,0.2739699149177485,-0.4475500900372526,0.9954899198727496
3.6305094339622612,15,3,37,0.27589114264485076,0.3682767926371234,-0.44593137092391105,0.9977136562136126,TRUE,15 °C,3,0.27589114264485076,-0.44593137092391105,0.9977136562136126
3.6695471698113176,15,3,37,0.2778123703719526,0.3684361943728507,-0.44432257059883473,0.99994731134274,TRUE,15 °C,3,0.2778123703719526,-0.44432257059883473,0.99994731134274
3.7085849056603744,15,3,37,0.2797335980990548,0.3686006501494425,-0.4427236761938525,1.0021908723919621,TRUE,15 °C,3,0.2797335980990548,-0.4427236761938525,1.0021908723919621
3.747622641509431,15,3,37,0.281654825826157,0.36877015320523804,-0.44113467445610954,1.0044443261084235,TRUE,15 °C,3,0.281654825826157,-0.44113467445610954,1.0044443261084235
3.7866603773584875,15,3,37,0.2835760535532592,0.36894469658367246,-0.4395555517507388,1.0067076588572572,TRUE,15 °C,3,0.2835760535532592,-0.4395555517507388,1.0067076588572572
3.8256981132075443,15,3,37,0.28549728128036117,0.36912427313467483,-0.4379862940636015,1.008980856624324,TRUE,15 °C,3,0.28549728128036117,-0.4379862940636015,1.008980856624324
3.8647358490566006,15,3,37,0.28741850900746335,0.36930887551610003,-0.4364268870040927,1.0112639050190193,TRUE,15 °C,3,0.28741850900746335,-0.4364268870040927,1.0112639050190193
3.9037735849056574,15,3,37,0.28933973673456537,0.36949849619519565,-0.43487731580801814,1.0135567892771489,TRUE,15 °C,3,0.28933973673456537,-0.43487731580801814,1.0135567892771489
3.9428113207547137,15,3,37,0.29126096446166755,0.3696931274501002,-0.43333756534052886,1.015859494263864,TRUE,15 °C,3,0.29126096446166755,-0.43333756534052886,1.015859494263864
3.9818490566037705,15,3,37,0.29318219218876984,0.3698927613713757,-0.43180762009912654,1.0181720044766662,TRUE,15 °C,3,0.29318219218876984,-0.43180762009912654,1.0181720044766662
4.020886792452827,15,3,37,0.29510341991587197,0.3700973898635702,-0.4302874642167256,1.0204943040484695,TRUE,15 °C,3,0.29510341991587197,-0.4302874642167256,1.0204943040484695
4.059924528301884,15,3,37,0.2970246476429741,0.37030700464681165,-0.4287770814647768,1.022826376750725,TRUE,15 °C,3,0.2970246476429741,-0.4287770814647768,1.022826376750725
4.0989622641509404,15,3,37,0.2989458753700761,0.370521597258433,-0.4272764552564525,1.0251682059966047,TRUE,15 °C,3,0.2989458753700761,-0.4272764552564525,1.0251682059966047
4.137999999999996,15,3,37,0.3008671030971783,0.37074115905462596,-0.42578556864988854,1.027519774844245,TRUE,15 °C,3,0.3008671030971783,-0.42578556864988854,1.027519774844245
4.177037735849053,15,3,37,0.3027883308242803,0.37096568121212364,-0.42430440435148203,1.0298810660000426,TRUE,15 °C,3,0.3027883308242803,-0.42430440435148203,1.0298810660000426
4.21607547169811,15,3,37,0.3047095585513825,0.37119515472991144,-0.42283294471924393,1.032252061822009,TRUE,15 °C,3,0.3047095585513825,-0.42283294471924393,1.032252061822009
4.255113207547167,15,3,37,0.30663078627848456,0.3714295704309649,-0.4213711717662067,1.0346327443231758,TRUE,15 °C,3,0.30663078627848456,-0.4213711717662067,1.0346327443231758
4.294150943396223,15,3,37,0.30855201400558674,0.3716689189640154,-0.4199190671638834,1.0370230951750568,TRUE,15 °C,3,0.30855201400558674,-0.4199190671638834,1.0370230951750568
4.333188679245279,15,3,37,0.31047324173268875,0.3719131908053396,-0.4184766122457768,1.0394230957111543,TRUE,15 °C,3,0.31047324173268875,-0.4184766122457768,1.0394230957111543
4.372226415094336,15,3,37,0.31239446945979105,0.37216237626057574,-0.4170437880109374,1.0418327269305194,TRUE,15 °C,3,0.31239446945979105,-0.4170437880109374,1.0418327269305194
4.411264150943393,15,3,37,0.31431569718689323,0.37241646546656365,-0.41562057512757156,1.044251969501358,TRUE,15 °C,3,0.31431569718689323,-0.41562057512757156,1.044251969501358
4.450301886792449,15,3,37,0.31623692491399513,0.37267544839320793,-0.4142069539366924,1.0466808037646826,TRUE,15 °C,3,0.31623692491399513,-0.4142069539366924,1.0466808037646826
4.489339622641506,15,3,37,0.3181581526410974,0.37293931484536363,-0.4128029044558153,1.0491192097380102,TRUE,15 °C,3,0.3181581526410974,-0.4128029044558153,1.0491192097380102
4.5283773584905624,15,3,37,0.32007938036819966,0.37320805446474536,-0.4114084063827012,1.0515671671191005,TRUE,15 °C,3,0.32007938036819966,-0.4114084063827012,1.0515671671191005
4.567415094339619,15,3,37,0.32200060809530157,0.37348165673185585,-0.4100234390991359,1.054024655289739,TRUE,15 °C,3,0.32200060809530157,-0.4100234390991359,1.054024655289739
4.606452830188675,15,3,37,0.3239218358224041,0.37376011096793577,-0.40864798167475,1.0564916533195583,TRUE,15 °C,3,0.3239218358224041,-0.40864798167475,1.0564916533195583
4.645490566037732,15,3,37,0.325843063549506,0.37404340633693306,-0.40728201287088284,1.058968139969895,TRUE,15 °C,3,0.325843063549506,-0.40728201287088284,1.058968139969895
4.684528301886789,15,3,37,0.3277642912766082,0.37433153184749035,-0.40592551114447284,1.0614540936976893,TRUE,15 °C,3,0.3277642912766082,-0.40592551114447284,1.0614540936976893
4.7235660377358455,15,3,37,0.3296855190037099,0.3746244763549517,-0.4045784546519955,1.0639494926594153,TRUE,15 °C,3,0.3296855190037099,-0.4045784546519955,1.0639494926594153
4.762603773584901,15,3,37,0.3316067467308124,0.3749222285633853,-0.4032408212534228,1.0664543147150476,TRUE,15 °C,3,0.3316067467308124,-0.4032408212534228,1.0664543147150476
4.801641509433958,15,3,37,0.3335279744579141,0.37522477702762275,-0.4019125885162265,1.0689685374320548,TRUE,15 °C,3,0.3335279744579141,-0.4019125885162265,1.0689685374320548
4.840679245283015,15,3,37,0.3354492021850166,0.37553211015531474,-0.4005937337194002,1.0714921380894333,TRUE,15 °C,3,0.3354492021850166,-0.4005937337194002,1.0714921380894333
4.879716981132072,15,3,37,0.33737042991211846,0.3758442162090008,-0.39928423385752315,1.0740250936817601,TRUE,15 °C,3,0.33737042991211846,-0.39928423385752315,1.0740250936817601
4.918754716981128,15,3,37,0.3392916576392208,0.37616108330819303,-0.3979840656448375,1.0765673809232792,TRUE,15 °C,3,0.3392916576392208,-0.3979840656448375,1.0765673809232792
4.957792452830184,15,3,37,0.34121288536632266,0.37648269943147294,-0.39669320551936427,1.0791189762520097,TRUE,15 °C,3,0.34121288536632266,-0.39669320551936427,1.0791189762520097
4.996830188679241,15,3,37,0.34313411309342495,0.37680905241860196,-0.39541162964703486,1.0816798558338847,TRUE,15 °C,3,0.34313411309342495,-0.39541162964703486,1.0816798558338847
5.035867924528298,15,3,37,0.345055340820527,0.3771401299726417,-0.39413931392585067,1.0842499955669047,TRUE,15 °C,3,0.345055340820527,-0.39413931392585067,1.0842499955669047
5.074905660377355,15,3,37,0.3469765685476293,0.3774759196620861,-0.3928762339900594,1.086829371085318,TRUE,15 °C,3,0.3469765685476293,-0.3928762339900594,1.086829371085318
5.113943396226411,15,3,37,0.3488977962747316,0.3778164089230043,-0.3916223652143568,1.0894179577638199,TRUE,15 °C,3,0.3488977962747316,-0.3916223652143568,1.0894179577638199
5.1529811320754675,15,3,37,0.3508190240018335,0.3781615850611907,-0.39037768271810025,1.0920157307217673,TRUE,15 °C,3,0.3508190240018335,-0.39037768271810025,1.0920157307217673
5.192018867924524,15,3,37,0.3527402517289356,0.3785114352543266,-0.38914216136954455,1.0946226648274158,TRUE,15 °C,3,0.3527402517289356,-0.38914216136954455,1.0946226648274158
5.231056603773581,15,3,37,0.3546614794560381,0.3788659465541453,-0.3879157757900866,1.0972387347021628,TRUE,15 °C,3,0.3546614794560381,-0.3879157757900866,1.0972387347021628
5.270094339622637,15,3,37,0.3565827071831402,0.3792251058886098,-0.3866985003585349,1.0998639147248155,TRUE,15 °C,3,0.3565827071831402,-0.3866985003585349,1.0998639147248155
5.309132075471694,15,3,37,0.3585039349102423,0.3795889000640908,-0.3854903092153757,1.1024981790358603,TRUE,15 °C,3,0.3585039349102423,-0.3854903092153757,1.1024981790358603
5.3481698113207505,15,3,37,0.3604251626373446,0.37995731576755565,-0.38429117626706444,1.1051415015417536,TRUE,15 °C,3,0.3604251626373446,-0.38429117626706444,1.1051415015417536
5.387207547169807,15,3,37,0.36234639036444644,0.3803303395687568,-0.38310107519031683,1.1077938559192098,TRUE,15 °C,3,0.36234639036444644,-0.38310107519031683,1.1077938559192098
5.426245283018863,15,3,37,0.3642676180915488,0.3807079579224293,-0.3819199794364126,1.1104552156195102,TRUE,15 °C,3,0.3642676180915488,-0.3819199794364126,1.1104552156195102
5.46528301886792,15,3,37,0.36618884581865063,0.38109015717048733,-0.3807478622355045,1.1131255538728058,TRUE,15 °C,3,0.36618884581865063,-0.3807478622355045,1.1131255538728058
5.504320754716977,15,3,37,0.3681100735457533,0.3814769235442271,-0.37958469660093175,1.1158048436924384,TRUE,15 °C,3,0.3681100735457533,-0.37958469660093175,1.1158048436924384
5.543358490566034,15,3,37,0.37003130127285483,0.3818682431665266,-0.3784304553335373,1.118493057879247,TRUE,15 °C,3,0.37003130127285483,-0.3784304553335373,1.118493057879247
5.5823962264150895,15,3,37,0.3719525289999573,0.38226410205405303,-0.37728511102598666,1.1211901690259012,TRUE,15 °C,3,0.3719525289999573,-0.37728511102598666,1.1211901690259012
5.621433962264146,15,3,37,0.3738737567270588,0.38266448611946424,-0.37614863606709115,1.1238961495212088,TRUE,15 °C,3,0.3738737567270588,-0.37614863606709115,1.1238961495212088
5.660471698113203,15,3,37,0.3757949844541615,0.38306938117361533,-0.3750210026461246,1.1266109715544474,TRUE,15 °C,3,0.3757949844541615,-0.3750210026461246,1.1266109715544474
5.69950943396226,15,3,37,0.3777162121812631,0.3834787729277587,-0.373902182757144,1.1293346071196702,TRUE,15 °C,3,0.3777162121812631,-0.373902182757144,1.1293346071196702
5.738547169811316,15,3,37,0.37963743990836546,0.38389264699574943,-0.37279214820330336,1.1320670280200342,TRUE,15 °C,3,0.37963743990836546,-0.37279214820330336,1.1320670280200342
5.7775849056603725,15,3,37,0.38155866763546753,0.3843109888962415,-0.3716908706011658,1.1348082058721007,TRUE,15 °C,3,0.38155866763546753,-0.3716908706011658,1.1348082058721007
5.816622641509429,15,3,37,0.3834798953625698,0.38473378405488595,-0.37059832138500665,1.1375581121101463,TRUE,15 °C,3,0.3834798953625698,-0.37059832138500665,1.1375581121101463
5.855660377358486,15,3,37,0.3854011230896719,0.3851610178065223,-0.36951447181111174,1.1403167179904554,TRUE,15 °C,3,0.3854011230896719,-0.36951447181111174,1.1403167179904554
5.894698113207542,15,3,37,0.387322350816774,0.3855926753973698,-0.3684392929620708,1.1430839945956188,TRUE,15 °C,3,0.387322350816774,-0.3684392929620708,1.1430839945956188
5.933735849056599,15,3,37,0.3892435785438763,0.38602874198720855,-0.3673727557510524,1.145859912838805,TRUE,15 °C,3,0.3892435785438763,-0.3673727557510524,1.145859912838805
5.972773584905656,15,3,37,0.3911648062709784,0.3864692026515601,-0.3663148309260794,1.148644443468036,TRUE,15 °C,3,0.3911648062709784,-0.3663148309260794,1.148644443468036
6.011811320754712,15,3,37,0.3930860339980803,0.3869140423838596,-0.3652654890742846,1.1514375570704452,TRUE,15 °C,3,0.3930860339980803,-0.3652654890742846,1.1514375570704452
6.050849056603768,15,3,37,0.39500726172518236,0.38736324609762074,-0.36422470062615425,1.154239224076519,TRUE,15 °C,3,0.39500726172518236,-0.36422470062615425,1.154239224076519
6.089886792452825,15,3,37,0.39692848945228465,0.38781679862859586,-0.36319243585976324,1.1570494147643324,TRUE,15 °C,3,0.39692848945228465,-0.36319243585976324,1.1570494147643324
6.128924528301882,15,3,37,0.3988497171793867,0.38827468473692744,-0.36216866490499106,1.1598680992637644,TRUE,15 °C,3,0.3988497171793867,-0.36216866490499106,1.1598680992637644
6.167962264150939,15,3,37,0.4007709449064886,0.38873688910929005,-0.3611533577477199,1.162695247560697,TRUE,15 °C,3,0.4007709449064886,-0.3611533577477199,1.162695247560697
6.2069999999999945,15,3,37,0.4026921726335909,0.3892033963610246,-0.3601464842340173,1.1655308295011992,TRUE,15 °C,3,0.4026921726335909,-0.3601464842340173,1.1655308295011992
0,20,3,37,-0.019031448015877396,0.395979105713736,-0.7951504952148,0.7570875991830451,TRUE,20 °C,3,-0.019031448015877396,-0.7951504952148,0.7570875991830451
0.03903773584905657,20,3,37,-0.0106190533742539,0.3950559359362621,-0.7849286878093277,0.7636905810608198,TRUE,20 °C,3,-0.0106190533742539,-0.7849286878093277,0.7636905810608198
0.07807547169811314,20,3,37,-0.002206658732630405,0.39414838497990246,-0.7747374932932392,0.7703241758279784,TRUE,20 °C,3,-0.002206658732630405,-0.7747374932932392,0.7703241758279784
0.11711320754716972,20,3,37,0.006205735908993199,0.39325656097923944,-0.764577123610316,0.7769885954283025,TRUE,20 °C,3,0.006205735908993199,-0.764577123610316,0.7769885954283025
0.1561509433962263,20,3,37,0.014618130550616809,0.39238057116954017,-0.754447788941682,0.7836840500429155,TRUE,20 °C,3,0.014618130550616809,-0.754447788941682,0.7836840500429155
0.19518867924528285,20,3,37,0.023030525192240185,0.3915205218332934,-0.7443496976010149,0.7904107479854952,TRUE,20 °C,3,0.023030525192240185,-0.7443496976010149,0.7904107479854952
0.23422641509433945,20,3,37,0.0314429198338638,0.39067651824630767,-0.7342830559288992,0.7971688955966268,TRUE,20 °C,3,0.0314429198338638,-0.7342830559288992,0.7971688955966268
0.273264150943396,20,3,37,0.03985531447548729,0.38984866462342055,-0.724248068186417,0.8039586971373915,TRUE,20 °C,3,0.03985531447548729,-0.724248068186417,0.8039586971373915
0.3123018867924526,20,3,37,0.04826770911711091,0.3890370640638683,-0.714244936448071,0.8107803546822927,TRUE,20 °C,3,0.04826770911711091,-0.714244936448071,0.8107803546822927
0.35133962264150914,20,3,37,0.0566801037587344,0.3882418184963696,-0.7042738604941499,0.8176340680116188,TRUE,20 °C,3,0.0566801037587344,-0.7042738604941499,0.8176340680116188
0.3903773584905657,20,3,37,0.06509249840035777,0.3874630286239773,-0.6943350377026377,0.8245200345033533,TRUE,20 °C,3,0.06509249840035777,-0.6943350377026377,0.8245200345033533
0.42941509433962227,20,3,37,0.07350489304198139,0.38670079386875533,-0.6844286629407791,0.8314384490247418,TRUE,20 °C,3,0.07350489304198139,-0.6844286629407791,0.8314384490247418
0.4684528301886789,20,3,37,0.08191728768360511,0.38595521231633795,-0.6745549284564173,0.8383895038236274,TRUE,20 °C,3,0.08191728768360511,-0.6745549284564173,0.8383895038236274
0.5074905660377355,20,3,37,0.09032968232522863,0.3852263806604332,-0.6647140237692204,0.8453733884196777,TRUE,20 °C,3,0.09032968232522863,-0.6647140237692204,0.8453733884196777
0.546528301886792,20,3,37,0.09874207696685208,0.38451439414732946,-0.6549061355619136,0.8523902894956178,TRUE,20 °C,3,0.09874207696685208,-0.6549061355619136,0.8523902894956178
0.5855660377358486,20,3,37,0.1071544716084756,0.38381934652047206,-0.6451314475716496,0.8594403907886008,TRUE,20 °C,3,0.1071544716084756,-0.6451314475716496,0.8594403907886008
0.6246037735849052,20,3,37,0.1155668662500991,0.3831413299651709,-0.6353901404816358,0.8665238729818341,TRUE,20 °C,3,0.1155668662500991,-0.6353901404816358,0.8665238729818341
0.6636415094339617,20,3,37,0.12397926089172269,0.38248043505350865,-0.6256823918131542,0.8736409135965997,TRUE,20 °C,3,0.12397926089172269,-0.6256823918131542,0.8736409135965997
0.7026792452830183,20,3,37,0.13239165553334628,0.38183675068951384,-0.6160083758181008,0.8807916868847934,TRUE,20 °C,3,0.13239165553334628,-0.6160083758181008,0.8807916868847934
0.7417169811320748,20,3,37,0.14080405017496972,0.38121036405467007,-0.6063682633721836,0.887976363722123,TRUE,20 °C,3,0.14080405017496972,-0.6063682633721836,0.887976363722123
0.7807547169811314,20,3,37,0.14921644481659316,0.380601360553829,-0.5967622218689117,0.895195111502098,TRUE,20 °C,3,0.14921644481659316,-0.5967622218689117,0.895195111502098
0.819792452830188,20,3,37,0.15762883945821676,0.38000982376159803,-0.5871904151145153,0.9024480940309489,TRUE,20 °C,3,0.15762883945821676,-0.5871904151145153,0.9024480940309489
0.8588301886792445,20,3,37,0.1660412340998404,0.3794358353692748,-0.5776530032239382,0.909735471423619,TRUE,20 °C,3,0.1660412340998404,-0.5776530032239382,0.909735471423619
0.8978679245283011,20,3,37,0.174453628741464,0.378879475132398,-0.5681501425180361,0.917057400000964,TRUE,20 °C,3,0.174453628741464,-0.5681501425180361,0.917057400000964
0.9369056603773578,20,3,37,0.18286602338308727,0.3783408208189897,-0.5586819854221325,0.924414032188307,TRUE,20 °C,3,0.18286602338308727,-0.5586819854221325,0.924414032188307
0.9759433962264144,20,3,37,0.1912784180247109,0.37781994815855835,-0.5492486803660634,0.9318055164154853,TRUE,20 °C,3,0.1912784180247109,-0.5492486803660634,0.9318055164154853
1.014981132075471,20,3,37,0.19969081266633454,0.37731693079193795,-0.5398503716858638,0.939231997018533,TRUE,20 °C,3,0.19969081266633454,-0.5398503716858638,0.939231997018533
1.0540188679245275,20,3,37,0.20810320730795814,0.3768318402220332,-0.5304871995272269,0.9466936141431432,TRUE,20 °C,3,0.20810320730795814,-0.5304871995272269,0.9466936141431432
1.093056603773584,20,3,37,0.21651560194958144,0.3763647457655449,-0.5211592997508866,0.9541905036500494,TRUE,20 °C,3,0.21651560194958144,-0.5211592997508866,0.9541905036500494
1.1320943396226406,20,3,37,0.22492799659120524,0.37591571450574657,-0.511866803840058,0.9617227970224684,TRUE,20 °C,3,0.22492799659120524,-0.511866803840058,0.9617227970224684
1.1711320754716972,20,3,37,0.2333403912328287,0.37548481124638344,-0.5026098388100828,0.9692906212757402,TRUE,20 °C,3,0.2333403912328287,-0.5026098388100828,0.9692906212757402
1.2101698113207537,20,3,37,0.2417527858744522,0.37507209846676387,-0.493388527120405,0.9768940988693093,TRUE,20 °C,3,0.2417527858744522,-0.493388527120405,0.9768940988693093
1.2492075471698103,20,3,37,0.25016518051607567,0.37467763627811435,-0.48420298658902844,0.9845333476211797,TRUE,20 °C,3,0.25016518051607567,-0.48420298658902844,0.9845333476211797
1.2882452830188669,20,3,37,0.25857757515769914,0.37430148238126376,-0.4750533303095778,0.992208480624976,TRUE,20 °C,3,0.25857757515769914,-0.4750533303095778,0.992208480624976
1.3272830188679234,20,3,37,0.26698996979932277,0.37394369202572675,-0.46593966657110164,0.9999196061697472,TRUE,20 °C,3,0.26698996979932277,-0.46593966657110164,0.9999196061697472
1.36632075471698,20,3,37,0.27540236444094635,0.37360431797024923,-0.45686209878074213,1.0076668276626348,TRUE,20 °C,3,0.27540236444094635,-0.45686209878074213,1.0076668276626348
1.4053584905660366,20,3,37,0.2838147590825697,0.3732834104448817,-0.44782072538939843,1.0154502435545378,TRUE,20 °C,3,0.2838147590825697,-0.44782072538939843,1.0154502435545378
1.4443962264150931,20,3,37,0.29222715372419333,0.37298101711464143,-0.4388156398205038,1.0232699472688904,TRUE,20 °C,3,0.29222715372419333,-0.4388156398205038,1.0232699472688904
1.4834339622641497,20,3,37,0.300639548365817,0.3726971830448231,-0.4298469304020362,1.0311260271336702,TRUE,20 °C,3,0.300639548365817,-0.4298469304020362,1.0311260271336702
1.5224716981132063,20,3,37,0.30905194300744043,0.3724319506680161,-0.42091468030187107,1.039018566316752,TRUE,20 °C,3,0.30905194300744043,-0.42091468030187107,1.039018566316752
1.5615094339622628,20,3,37,0.3174643376490639,0.37218535975288497,-0.4120189674665906,1.0469476427647184,TRUE,20 °C,3,0.3174643376490639,-0.4120189674665906,1.0469476427647184
1.6005471698113194,20,3,37,0.3258767322906875,0.3719574473747617,-0.40315986456384545,1.0549133291452204,TRUE,20 °C,3,0.3258767322906875,-0.40315986456384545,1.0549133291452204
1.639584905660376,20,3,37,0.334289126932311,0.3717482478881055,-0.39433743892837575,1.0629156927929977,TRUE,20 °C,3,0.334289126932311,-0.39433743892837575,1.0629156927929977
1.6786226415094325,20,3,37,0.3427015215739346,0.3715577929008722,-0.3855517525117749,1.0709547956596441,TRUE,20 °C,3,0.3427015215739346,-0.3855517525117749,1.0709547956596441
1.717660377358489,20,3,37,0.35111391621555793,0.37138611125084103,-0.3768028618360905,1.0790306942672063,TRUE,20 °C,3,0.35111391621555793,-0.3768028618360905,1.0790306942672063
1.7566981132075457,20,3,37,0.35952631085718145,0.37123322898393685,-0.3680908179513348,1.0871434396656978,TRUE,20 °C,3,0.35952631085718145,-0.3680908179513348,1.0871434396656978
1.7957358490566022,20,3,37,0.36793870549880525,0.3710991693345886,-0.3594156663969884,1.095293077394599,TRUE,20 °C,3,0.36793870549880525,-0.3594156663969884,1.095293077394599
1.8347735849056588,20,3,37,0.37635110014042855,0.3709839527081551,-0.3507774471675554,1.1034796474484125,TRUE,20 °C,3,0.37635110014042855,-0.3507774471675554,1.1034796474484125
1.8738113207547156,20,3,37,0.3847634947820521,0.37088759666545207,-0.3421761946822339,1.111703184246338,TRUE,20 °C,3,0.3847634947820521,-0.3421761946822339,1.111703184246338
1.9128490566037721,20,3,37,0.3931758894236758,0.37081011590940577,-0.33361193775875947,1.1199637166061112,TRUE,20 °C,3,0.3931758894236758,-0.33361193775875947,1.1199637166061112
1.9518867924528287,20,3,37,0.4015882840652993,0.370751522273857,-0.3250846995914604,1.128261267722059,TRUE,20 °C,3,0.4015882840652993,-0.3250846995914604,1.128261267722059
1.9909245283018853,20,3,37,0.41000067870692275,0.3707118247145363,-0.31659449773356835,1.1365958551474138,TRUE,20 °C,3,0.41000067870692275,-0.31659449773356835,1.1365958551474138
2.029962264150942,20,3,37,0.41841307334854655,0.37069102930222547,-0.3081413440838154,1.1449674907809084,TRUE,20 °C,3,0.41841307334854655,-0.3081413440838154,1.1449674907809084
2.068999999999998,20,3,37,0.4268254679901699,0.37068913921811775,-0.2997252448773408,1.1533761808576806,TRUE,20 °C,3,0.4268254679901699,-0.2997252448773408,1.1533761808576806
2.108037735849055,20,3,37,0.43523786263179365,0.3707061547513857,-0.2913462006809223,1.1618219259445097,TRUE,20 °C,3,0.43523786263179365,-0.2913462006809223,1.1618219259445097
2.1470754716981113,20,3,37,0.443650257273417,0.37074207329895936,-0.2830042063925433,1.1703047209393773,TRUE,20 °C,3,0.443650257273417,-0.2830042063925433,1.1703047209393773
2.186113207547168,20,3,37,0.4520626519150403,0.37079688936751753,-0.2746992512452941,1.1788245550753746,TRUE,20 °C,3,0.4520626519150403,-0.2746992512452941,1.1788245550753746
2.2251509433962244,20,3,37,0.4604750465566642,0.3708705945776863,-0.26643131881560095,1.1873814119289294,TRUE,20 °C,3,0.4604750465566642,-0.26643131881560095,1.1873814119289294
2.2641886792452812,20,3,37,0.4688874411982877,0.37096317767043885,-0.25820038703577247,1.1959752694323478,TRUE,20 °C,3,0.4688874411982877,-0.25820038703577247,1.1959752694323478
2.3032264150943376,20,3,37,0.4772998358399111,0.37107462451568435,-0.2500064282108302,1.2046060998906523,TRUE,20 °C,3,0.4772998358399111,-0.2500064282108302,1.2046060998906523
2.3422641509433944,20,3,37,0.4857122304815348,0.37120491812303097,-0.24184940903960594,1.2132738700026755,TRUE,20 °C,3,0.4857122304815348,-0.24184940903960594,1.2132738700026755
2.3813018867924507,20,3,37,0.494124625123158,0.371354038654704,-0.23372929064006187,1.221978540886378,TRUE,20 °C,3,0.494124625123158,-0.23372929064006187,1.221978540886378
2.4203396226415075,20,3,37,0.5025370197647817,0.37152196344059696,-0.22564602857878835,1.2307200681083517,TRUE,20 °C,3,0.5025370197647817,-0.22564602857878835,1.2307200681083517
2.459377358490564,20,3,37,0.5109494144064053,0.37170866699542604,-0.21759957290462972,1.2394984017174404,TRUE,20 °C,3,0.5109494144064053,-0.21759957290462972,1.2394984017174404
2.4984150943396206,20,3,37,0.5193618090480288,0.3719141210379627,-0.20958986818637804,1.2483134862824357,TRUE,20 °C,3,0.5193618090480288,-0.20958986818637804,1.2483134862824357
2.5374528301886774,20,3,37,0.5277742036896522,0.3721382945123056,-0.2016168535544668,1.2571652609337711,TRUE,20 °C,3,0.5277742036896522,-0.2016168535544668,1.2571652609337711
2.5764905660377337,20,3,37,0.5361865983312759,0.37238115361115975,-0.19368046274659723,1.266053659409149,TRUE,20 °C,3,0.5361865983312759,-0.19368046274659723,1.266053659409149
2.6155283018867905,20,3,37,0.5445989929728994,0.37264266180107763,-0.18578062415721275,1.2749786101030116,TRUE,20 °C,3,0.5445989929728994,-0.18578062415721275,1.2749786101030116
2.654566037735847,20,3,37,0.5530113876145232,0.3729227798496224,-0.17791726089073678,1.283940036119783,TRUE,20 °C,3,0.5530113876145232,-0.17791726089073678,1.283940036119783
2.6936037735849037,20,3,37,0.5614237822561466,0.37322146585440524,-0.1700902908184876,1.2929378553307809,TRUE,20 °C,3,0.5614237822561466,-0.1700902908184876,1.2929378553307809
2.73264150943396,20,3,37,0.56983617689777,0.3735386752739473,-0.16229962663916664,1.3019719804347067,TRUE,20 °C,3,0.56983617689777,-0.16229962663916664,1.3019719804347067
2.771679245283017,20,3,37,0.5782485715393939,0.37387436096031434,-0.15454517594282224,1.31104231902161,TRUE,20 °C,3,0.5782485715393939,-0.15454517594282224,1.31104231902161
2.810716981132073,20,3,37,0.586660966181017,0.37422847319346886,-0.1468268412781819,1.320148773640216,TRUE,20 °C,3,0.586660966181017,-0.1468268412781819,1.320148773640216
2.84975471698113,20,3,37,0.5950733608226405,0.37460095971728335,-0.13914452022323487,1.3292912418685159,TRUE,20 °C,3,0.5950733608226405,-0.13914452022323487,1.3292912418685159
2.8887924528301863,20,3,37,0.6034857554642642,0.37499176577715426,-0.13149810545895813,1.3384696163874865,TRUE,20 °C,3,0.6034857554642642,-0.13149810545895813,1.3384696163874865
2.927830188679243,20,3,37,0.6118981501058877,0.37540083415915565,-0.12388748484605738,1.3476837850578327,TRUE,20 °C,3,0.6118981501058877,-0.12388748484605738,1.3476837850578327
2.9668679245282994,20,3,37,0.6203105447475113,0.3758281052306694,-0.11631254150460069,1.3569336309996234,TRUE,20 °C,3,0.6203105447475113,-0.11631254150460069,1.3569336309996234
3.005905660377356,20,3,37,0.6287229393891348,0.3762735169824257,-0.10877315389641962,1.3662190326746892,TRUE,20 °C,3,0.6287229393891348,-0.10877315389641962,1.3662190326746892
3.0449433962264125,20,3,37,0.6371353340307582,0.3767370050718883,-0.10126919591014283,1.3755398639716592,TRUE,20 °C,3,0.6371353340307582,-0.10126919591014283,1.3755398639716592
3.0839811320754693,20,3,37,0.6455477286723816,0.3772185028679156,-0.09380053694873292,1.3848959942934962,TRUE,20 °C,3,0.6455477286723816,-0.09380053694873292,1.3848959942934962
3.1230188679245257,20,3,37,0.6539601233140051,0.37771794149662885,-0.08636704201938739,1.3942872886473976,TRUE,20 °C,3,0.6539601233140051,-0.08636704201938739,1.3942872886473976
3.1620566037735824,20,3,37,0.6623725179556288,0.378235249888417,-0.07896857182566852,1.403713607736926,TRUE,20 °C,3,0.6623725179556288,-0.07896857182566852,1.403713607736926
3.201094339622639,20,3,37,0.6707849125972521,0.37877035482600696,-0.07160498286172146,1.4131748080562256,TRUE,20 °C,3,0.6707849125972521,-0.07160498286172146,1.4131748080562256
3.2401320754716956,20,3,37,0.6791973072388762,0.37932318099352785,-0.06427612750843836,1.4226707419861908,TRUE,20 °C,3,0.6791973072388762,-0.06427612750843836,1.4226707419861908
3.279169811320752,20,3,37,0.6876097018804994,0.3798936510264966,-0.05698185413143386,1.4322012578924328,TRUE,20 °C,3,0.6876097018804994,-0.05698185413143386,1.4322012578924328
3.3182075471698087,20,3,37,0.6960220965221229,0.3804816855626535,-0.049722007180677985,1.4417662002249236,TRUE,20 °C,3,0.6960220965221229,-0.049722007180677985,1.4417662002249236
3.357245283018865,20,3,37,0.7044344911637468,0.381087203293574,-0.042496427291658256,1.451365409619152,TRUE,20 °C,3,0.7044344911637468,-0.042496427291658256,1.451365409619152
3.396283018867922,20,3,37,0.7128468858053703,0.38171012101698454,-0.03530495138791945,1.46099872299866,TRUE,20 °C,3,0.7128468858053703,-0.03530495138791945,1.46099872299866
3.435320754716978,20,3,37,0.7212592804469935,0.3823503536897119,-0.028147412784841785,1.4706659736788288,TRUE,20 °C,3,0.7212592804469935,-0.028147412784841785,1.4706659736788288
3.474358490566035,20,3,37,0.729671675088617,0.3830078144811904,-0.021023641294516282,1.48036699147175,TRUE,20 °C,3,0.729671675088617,-0.021023641294516282,1.48036699147175
3.5133962264150913,20,3,37,0.7380840697302405,0.38368241482746074,-0.013933463331582518,1.4901016027920635,TRUE,20 °C,3,0.7380840697302405,-0.013933463331582518,1.4901016027920635
3.552433962264148,20,3,37,0.746496464371864,0.38437406448558503,-0.006876702019882663,1.4998696307636106,TRUE,20 °C,3,0.746496464371864,-0.006876702019882663,1.4998696307636106
3.5914716981132044,20,3,37,0.7549088590134878,0.38508267158841264,1.468227001990563e-4,1.5096708953267766,TRUE,20 °C,3,0.7549088590134878,1.468227001990563e-4,1.5096708953267766
3.6305094339622612,20,3,37,0.7633212536551116,0.38580814269962377,0.00713729396384899,1.5195052133463742,TRUE,20 °C,3,0.7633212536551116,0.00713729396384899,1.5195052133463742
3.6695471698113176,20,3,37,0.7717336482967344,0.3865503828689874,0.014094897873519141,1.5293723987199497,TRUE,20 °C,3,0.7717336482967344,0.014094897873519141,1.5293723987199497
3.7085849056603744,20,3,37,0.7801460429383583,0.38730929568776395,0.02101982339034103,1.5392722624863757,TRUE,20 °C,3,0.7801460429383583,0.02101982339034103,1.5392722624863757
3.747622641509431,20,3,37,0.7885584375799817,0.3880847833441891,0.02791226222537102,1.5492046129345924,TRUE,20 °C,3,0.7885584375799817,0.02791226222537102,1.5492046129345924
3.7866603773584875,20,3,37,0.7969708322216057,0.38887674667897554,0.034772408730813664,1.5591692557123977,TRUE,20 °C,3,0.7969708322216057,0.034772408730813664,1.5591692557123977
3.8256981132075443,20,3,37,0.805383226863229,0.38968508524076884,0.0416004597913221,1.569165993935136,TRUE,20 °C,3,0.805383226863229,0.0416004597913221,1.569165993935136
3.8647358490566006,20,3,37,0.8137956215048524,0.3905096973415002,0.04839661471551204,1.5791946282941929,TRUE,20 °C,3,0.8137956215048524,0.04839661471551204,1.5791946282941929
3.9037735849056574,20,3,37,0.8222080161464761,0.3913504801115724,0.055161075127794224,1.589254957165158,TRUE,20 °C,3,0.8222080161464761,0.055161075127794224,1.589254957165158
3.9428113207547137,20,3,37,0.8306204107880995,0.39220732955482873,0.0618940448606351,1.5993467767155638,TRUE,20 °C,3,0.8306204107880995,0.0618940448606351,1.5993467767155638
3.9818490566037705,20,3,37,0.839032805429723,0.3930801406032428,0.06859572984736717,1.6094698810120789,TRUE,20 °C,3,0.839032805429723,0.06859572984736717,1.6094698810120789
4.020886792452827,20,3,37,0.8474452000713468,0.3939688071712833,0.07526633801563154,1.6196240621270621,TRUE,20 °C,3,0.8474452000713468,0.07526633801563154,1.6196240621270621
4.059924528301884,20,3,37,0.8558575947129706,0.3948732222098959,0.08190607918157466,1.6298091102443666,TRUE,20 °C,3,0.8558575947129706,0.08190607918157466,1.6298091102443666
4.0989622641509404,20,3,37,0.864269989354594,0.3957932777600591,0.0885151649448781,1.6400248137643099,TRUE,20 °C,3,0.864269989354594,0.0885151649448781,1.6400248137643099
4.137999999999996,20,3,37,0.8726823839962173,0.3967288650058631,0.09509380858472571,1.650270959407709,TRUE,20 °C,3,0.8726823839962173,0.09509380858472571,1.650270959407709
4.177037735849053,20,3,37,0.8810947786378411,0.39767987432706814,0.10164222495678765,1.6605473323188946,TRUE,20 °C,3,0.8810947786378411,0.10164222495678765,1.6605473323188946
4.21607547169811,20,3,37,0.8895071732794646,0.39864619535110163,0.10816063039130541,1.6708537161676238,TRUE,20 °C,3,0.8895071732794646,0.10816063039130541,1.6708537161676238
4.255113207547167,20,3,37,0.8979195679210881,0.39962771700444905,0.11464924259236797,1.6811898932498082,TRUE,20 °C,3,0.8979195679210881,0.11464924259236797,1.6811898932498082
4.294150943396223,20,3,37,0.9063319625627113,0.40062432756340544,0.1211082805384367,1.691555644586986,TRUE,20 °C,3,0.9063319625627113,0.1211082805384367,1.691555644586986
4.333188679245279,20,3,37,0.9147443572043347,0.4016359147041471,0.1275379643842064,1.701950750024463,TRUE,20 °C,3,0.9147443572043347,0.1275379643842064,1.701950750024463
4.372226415094336,20,3,37,0.9231567518459582,0.4026623655520922,0.13393851536385748,1.712374988328059,TRUE,20 °C,3,0.9231567518459582,0.13393851536385748,1.712374988328059
4.411264150943393,20,3,37,0.9315691464875818,0.4037035667305155,0.14031015569577143,1.722828137279392,TRUE,20 °C,3,0.9315691464875818,0.14031015569577143,1.722828137279392
4.450301886792449,20,3,37,0.9399815411292055,0.40475940440839225,0.14665310848875668,1.7333099737696545,TRUE,20 °C,3,0.9399815411292055,0.14665310848875668,1.7333099737696545
4.489339622641506,20,3,37,0.948393935770829,0.40582976434743734,0.1529675976498518,1.743820273891806,TRUE,20 °C,3,0.948393935770829,0.1529675976498518,1.743820273891806
4.5283773584905624,20,3,37,0.9568063304124529,0.40691453194831984,0.15925384779374607,1.7543588130311596,TRUE,20 °C,3,0.9568063304124529,0.15925384779374607,1.7543588130311596
4.567415094339619,20,3,37,0.9652187250540761,0.40801359229602524,0.16551208415386665,1.7649253659542856,TRUE,20 °C,3,0.9652187250540761,0.16551208415386665,1.7649253659542856
4.606452830188675,20,3,37,0.9736311196956997,0.40912683020434826,0.17174253249517712,1.7755197068962223,TRUE,20 °C,3,0.9736311196956997,0.17174253249517712,1.7755197068962223
4.645490566037732,20,3,37,0.9820435143373233,0.4102541302594914,0.17794541902872008,1.7861416096459264,TRUE,20 °C,3,0.9820435143373233,0.17794541902872008,1.7861416096459264
4.684528301886789,20,3,37,0.9904559089789469,0.411395376862756,0.18412097032794505,1.7967908476299486,TRUE,20 °C,3,0.9904559089789469,0.18412097032794505,1.7967908476299486
4.7235660377358455,20,3,37,0.9988683036205706,0.4125504542723106,0.19026941324684188,1.8074671939942992,TRUE,20 °C,3,0.9988683036205706,0.19026941324684188,1.8074671939942992
4.762603773584901,20,3,37,1.0072806982621934,0.4137192466440184,0.1963909748399173,1.8181704216844694,TRUE,20 °C,3,1.0072806982621934,0.1963909748399173,1.8181704216844694
4.801641509433958,20,3,37,1.015693092903817,0.4149016380713165,0.20248588228403663,1.8289003035235973,TRUE,20 °C,3,1.015693092903817,0.20248588228403663,1.8289003035235973
4.840679245283015,20,3,37,1.024105487545441,0.4160975126241361,0.20855436280213424,1.8396566122887477,TRUE,20 °C,3,1.024105487545441,0.20855436280213424,1.8396566122887477
4.879716981132072,20,3,37,1.0325178821870642,0.4173067543868511,0.214596643588836,1.8504391207852924,TRUE,20 °C,3,1.0325178821870642,0.214596643588836,1.8504391207852924
4.918754716981128,20,3,37,1.0409302768286877,0.4185292474952567,0.22061295173798456,1.8612476019193909,TRUE,20 °C,3,1.0409302768286877,0.22061295173798456,1.8612476019193909
4.957792452830184,20,3,37,1.0493426714703111,0.41976487617256314,0.22660351417208735,1.8720818287685348,TRUE,20 °C,3,1.0493426714703111,0.22660351417208735,1.8720818287685348
4.996830188679241,20,3,37,1.057755066111935,0.42101352476441006,0.23256855757369133,1.8829415746501788,TRUE,20 °C,3,1.057755066111935,0.23256855757369133,1.8829415746501788
5.035867924528298,20,3,37,1.0661674607535583,0.4222750777728907,0.23850830831869252,1.893826613188424,TRUE,20 °C,3,1.0661674607535583,0.23850830831869252,1.893826613188424
5.074905660377355,20,3,37,1.074579855395182,0.4235494198895957,0.2444229924115744,1.9047367183787896,TRUE,20 °C,3,1.074579855395182,0.2444229924115744,1.9047367183787896
5.113943396226411,20,3,37,1.0829922500368059,0.4248364360276649,0.25031283542258265,1.915671664651029,TRUE,20 °C,3,1.0829922500368059,0.25031283542258265,1.915671664651029
5.1529811320754675,20,3,37,1.0914046446784291,0.42613601135286294,0.25617806242681773,1.9266312269300405,TRUE,20 °C,3,1.0914046446784291,0.25617806242681773,1.9266312269300405
5.192018867924524,20,3,37,1.0998170393200526,0.42744803131366665,0.262018897945266,1.9376151806948392,TRUE,20 °C,3,1.0998170393200526,0.262018897945266,1.9376151806948392
5.231056603773581,20,3,37,1.1082294339616763,0.42877238167038645,0.26783556588771884,1.9486233020356338,TRUE,20 °C,3,1.1082294339616763,0.26783556588771884,1.9486233020356338
5.270094339622637,20,3,37,1.1166418286033,0.43010894852330656,0.2736282894976191,1.9596553677089807,TRUE,20 °C,3,1.1166418286033,0.2736282894976191,1.9596553677089807
5.309132075471694,20,3,37,1.1250542232449234,0.43145761833987506,0.27939729129876834,1.9707111551910785,TRUE,20 °C,3,1.1250542232449234,0.27939729129876834,1.9707111551910785
5.3481698113207505,20,3,37,1.1334666178865471,0.43281827798092515,0.28514279304393386,1.9817904427291604,TRUE,20 °C,3,1.1334666178865471,0.28514279304393386,1.9817904427291604
5.387207547169807,20,3,37,1.1418790125281706,0.43419081472596033,0.29086501566528833,1.9928930093910528,TRUE,20 °C,3,1.1418790125281706,0.29086501566528833,1.9928930093910528
5.426245283018863,20,3,37,1.150291407169794,0.4355751162974947,0.2965641792267045,2.0040186351128835,TRUE,20 °C,3,1.150291407169794,0.2965641792267045,2.0040186351128835
5.46528301886792,20,3,37,1.1587038018114175,0.4369710708844725,0.3022405028778514,2.015167100744984,TRUE,20 °C,3,1.1587038018114175,0.3022405028778514,2.015167100744984
5.504320754716977,20,3,37,1.1671161964530414,0.43837856716476514,0.30789420481010177,2.026338188095981,TRUE,20 °C,3,1.1671161964530414,0.30789420481010177,2.026338188095981
5.543358490566034,20,3,37,1.1755285910946651,0.4397974943267711,0.31352550221419373,2.0375316799751366,TRUE,20 °C,3,1.1755285910946651,0.31352550221419373,2.0375316799751366
5.5823962264150895,20,3,37,1.1839409857362877,0.4412277420901171,0.31913461123965814,2.0487473602329174,TRUE,20 °C,3,1.1839409857362877,0.31913461123965814,2.0487473602329174
5.621433962264146,20,3,37,1.1923533803779112,0.44266920072548915,0.32472174695595246,2.05998501379987,TRUE,20 °C,3,1.1923533803779112,0.32472174695595246,2.05998501379987
5.660471698113203,20,3,37,1.200765775019535,0.4441217610735902,0.3302871233152983,2.071244426723772,TRUE,20 °C,3,1.200765775019535,0.3302871233152983,2.071244426723772
5.69950943396226,20,3,37,1.2091781696611585,0.44558531456325423,0.33583095311718025,2.0825253862051367,TRUE,20 °C,3,1.2091781696611585,0.33583095311718025,2.0825253862051367
5.738547169811316,20,3,37,1.2175905643027822,0.4470597532287211,0.34135344797448886,2.0938276806310756,TRUE,20 °C,3,1.2175905643027822,0.34135344797448886,2.0938276806310756
5.7775849056603725,20,3,37,1.2260029589444055,0.4485449697260906,0.34685481828126796,2.105151099607543,TRUE,20 °C,3,1.2260029589444055,0.34685481828126796,2.105151099607543
5.816622641509429,20,3,37,1.2344153535860294,0.45004085734897115,0.35233527318204594,2.116495433990013,TRUE,20 °C,3,1.2344153535860294,0.35233527318204594,2.116495433990013
5.855660377358486,20,3,37,1.2428277482276529,0.45154731004334187,0.35779502054270285,2.1278604759126027,TRUE,20 °C,3,1.2428277482276529,0.35779502054270285,2.1278604759126027
5.894698113207542,20,3,37,1.2512401428692765,0.4530642224216371,0.36323426692286787,2.139246018815685,TRUE,20 °C,3,1.2512401428692765,0.36323426692286787,2.139246018815685
5.933735849056599,20,3,37,1.2596525375109004,0.45459148977607455,0.3686532175497943,2.1506518574720066,TRUE,20 °C,3,1.2596525375109004,0.3686532175497943,2.1506518574720066
5.972773584905656,20,3,37,1.2680649321525237,0.45612900809124407,0.3740520762936853,2.162077788011362,TRUE,20 °C,3,1.2680649321525237,0.3740520762936853,2.162077788011362
6.011811320754712,20,3,37,1.276477326794147,0.4576766740559725,0.37943104564444086,2.173523607943853,TRUE,20 °C,3,1.276477326794147,0.37943104564444086,2.173523607943853
6.050849056603768,20,3,37,1.28488972143577,0.45923438507447956,0.3847903266897901,2.18498911618175,TRUE,20 °C,3,1.28488972143577,0.3847903266897901,2.18498911618175
6.089886792452825,20,3,37,1.2933021160773936,0.4608020392768432,0.390130119094781,2.196474113060006,TRUE,20 °C,3,1.2933021160773936,0.390130119094781,2.196474113060006
6.128924528301882,20,3,37,1.301714510719017,0.4623795355287933,0.395450621082582,2.2079784003554517,TRUE,20 °C,3,1.301714510719017,0.395450621082582,2.2079784003554517
6.167962264150939,20,3,37,1.3101269053606408,0.4639667734408481,0.4007520294165786,2.219501781304703,TRUE,20 °C,3,1.3101269053606408,0.4007520294165786,2.219501781304703
6.2069999999999945,20,3,37,1.3185393000022645,0.46556365337681105,0.4060345393837148,2.231044060620814,TRUE,20 °C,3,1.3185393000022645,0.4060345393837148,2.231044060620814
0,10,20,37,0.7443720047867625,0.456822394642555,-0.15099988871264525,1.63974389828617,TRUE,10 °C,20,0.7443720047867625,-0.15099988871264525,1.63974389828617
0.03903773584905657,10,20,37,0.7226426439400138,0.45408508251402646,-0.16736411778747806,1.6126494056675056,TRUE,10 °C,20,0.7226426439400138,-0.16736411778747806,1.6126494056675056
0.07807547169811314,10,20,37,0.7009132830932646,0.4513899690207657,-0.1838110561874362,1.5856376223739654,TRUE,10 °C,20,0.7009132830932646,-0.1838110561874362,1.5856376223739654
0.11711320754716972,10,20,37,0.679183922246515,0.4487378144967852,-0.2003421941671839,1.558710038660214,TRUE,10 °C,20,0.679183922246515,-0.2003421941671839,1.558710038660214
0.1561509433962263,10,20,37,0.6574545613997662,0.44612938509150035,-0.21695903337957445,1.5318681561791068,TRUE,10 °C,20,0.6574545613997662,-0.21695903337957445,1.5318681561791068
0.19518867924528285,10,20,37,0.6357252005530166,0.44356545219491,-0.23366308574900696,1.5051134868550402,TRUE,10 °C,20,0.6357252005530166,-0.23366308574900696,1.5051134868550402
0.23422641509433945,10,20,37,0.613995839706267,0.4410467918210216,-0.2504558722629352,1.4784475516754694,TRUE,10 °C,20,0.613995839706267,-0.2504558722629352,1.4784475516754694
0.273264150943396,10,20,37,0.5922664788595183,0.43857418394878384,-0.267338921680098,1.4518718793991345,TRUE,10 °C,20,0.5922664788595183,-0.267338921680098,1.4518718793991345
0.3123018867924526,10,20,37,0.5705371180127691,0.43614841181993724,-0.28431376915430795,1.4253880051798462,TRUE,10 °C,20,0.5705371180127691,-0.28431376915430795,1.4253880051798462
0.35133962264150914,10,20,37,0.5488077571660204,0.4337702611933547,-0.3013819547729548,1.3989974691049956,TRUE,10 °C,20,0.5488077571660204,-0.3013819547729548,1.3989974691049956
0.3903773584905657,10,20,37,0.5270783963192712,0.4314405195556329,-0.3185450220097692,1.3727018146483116,TRUE,10 °C,20,0.5270783963192712,-0.3185450220097692,1.3727018146483116
0.42941509433962227,10,20,37,0.5053490354725216,0.42915997528789124,-0.3358045160917452,1.3465025870367886,TRUE,10 °C,20,0.5053490354725216,-0.3358045160917452,1.3465025870367886
0.4684528301886789,10,20,37,0.483619674625773,0.4269294167889559,-0.35316198228058054,1.3204013315321266,TRUE,10 °C,20,0.483619674625773,-0.35316198228058054,1.3204013315321266
0.5074905660377355,10,20,37,0.4618903137790238,0.4247496315553417,-0.37061896406944583,1.2943995916274935,TRUE,10 °C,20,0.4618903137790238,-0.37061896406944583,1.2943995916274935
0.546528301886792,10,20,37,0.4401609529322742,0.4226214052186953,-0.38817700129636856,1.268498907160917,TRUE,10 °C,20,0.4401609529322742,-0.38817700129636856,1.268498907160917
0.5855660377358486,10,20,37,0.41843159208552505,0.4205455205416369,-0.40583762817608326,1.2427008123471333,TRUE,10 °C,20,0.41843159208552505,-0.40583762817608326,1.2427008123471333
0.6246037735849052,10,20,37,0.3967022312387758,0.41852275637321545,-0.4236023712527265,1.2170068337302782,TRUE,10 °C,20,0.3967022312387758,-0.4236023712527265,1.2170068337302782
0.6636415094339617,10,20,37,0.37497287039202715,0.4165538865654923,-0.44147274727633773,1.191418488060392,TRUE,10 °C,20,0.37497287039202715,-0.44147274727633773,1.191418488060392
0.7026792452830183,10,20,37,0.3532435095452779,0.4146396788530808,-0.4594502610067604,1.1659372800973162,TRUE,10 °C,20,0.3532435095452779,-0.4594502610067604,1.1659372800973162
0.7417169811320748,10,20,37,0.3315141486985288,0.4127808936977832,-0.47753640294912625,1.1405647003461838,TRUE,10 °C,20,0.3315141486985288,-0.47753640294912625,1.1405647003461838
0.7807547169811314,10,20,37,0.3097847878517796,0.4109782831007994,-0.4957326470257873,1.1153022227293465,TRUE,10 °C,20,0.3097847878517796,-0.4957326470257873,1.1153022227293465
0.819792452830188,10,20,37,0.2880554270050305,0.40923258938531143,-0.5140404481901799,1.090151302200241,TRUE,10 °C,20,0.2880554270050305,-0.5140404481901799,1.090151302200241
0.8588301886792445,10,20,37,0.26632606615828147,0.40754454395258266,-0.5324612399887805,1.0651133723053434,TRUE,10 °C,20,0.26632606615828147,-0.5324612399887805,1.0651133723053434
0.8978679245283011,10,20,37,0.24459670531153174,0.4059148660150501,-0.5509964320779664,1.0401898427010299,TRUE,10 °C,20,0.24459670531153174,-0.5509964320779664,1.0401898427010299
0.9369056603773578,10,20,37,0.222867344464783,0.4043442613102098,-0.5696474077032281,1.0153820966327942,TRUE,10 °C,20,0.222867344464783,-0.5696474077032281,1.0153820966327942
0.9759433962264144,10,20,37,0.20113798361803356,0.40283342079942663,-0.5884155211488425,0.9906914883849097,TRUE,10 °C,20,0.20113798361803356,-0.5884155211488425,0.9906914883849097
1.014981132075471,10,20,37,0.17940862277128428,0.4013830193561038,-0.6073020951666792,0.9661193407092477,TRUE,10 °C,20,0.17940862277128428,-0.6073020951666792,0.9661193407092477
1.0540188679245275,10,20,37,0.15767926192453544,0.3999937144479431,-0.6263084183934331,0.9416669422425039,TRUE,10 °C,20,0.15767926192453544,-0.6263084183934331,0.9416669422425039
1.093056603773584,10,20,37,0.1359499010777864,0.39866614481830354,-0.6454357427660885,0.91733554492166125,TRUE,10 °C,20,0.1359499010777864,-0.6454357427660885,0.91733554492166125
1.1320943396226406,10,20,37,0.11422054023103737,0.39740092917191355,-0.6646852809459132,0.8931263614079878,TRUE,10 °C,20,0.11422054023103737,-0.6646852809459132,0.8931263614079878
1.1711320754716972,10,20,37,0.09249117938428808,0.3961986648704127,-0.6840582037617209,0.869040562530297,TRUE,10 °C,20,0.09249117938428808,-0.6840582037617209,0.869040562530297
1.2101698113207537,10,20,37,0.07076181853753886,0.39505992664338985,-0.7035556376835053,0.8450792747585829,TRUE,10 °C,20,0.07076181853753886,-0.7035556376835053,0.8450792747585829
1.2492075471698103,10,20,37,0.04903245769078957,0.39398526532073436,-0.7231786623378498,0.8212435777194289,TRUE,10 °C,20,0.04903245769078957,-0.7231786623378498,0.8212435777194289
1.2882452830188669,10,20,37,0.02730309684404029,0.3929752065922275,-0.7429283080767256,0.7975345017648062,TRUE,10 °C,20,0.02730309684404029,-0.7429283080767256,0.7975345017648062
1.3272830188679234,10,20,37,0.0055737359972912615,0.3920302498003744,-0.7628055536114425,0.7739530256060251,TRUE,10 °C,20,0.0055737359972912615,-0.7628055536114425,0.7739530256060251
1.36632075471698,10,20,37,-0.016155624849457612,0.39115086677248945,-0.7828113237235369,0.7505000740246216,TRUE,10 °C,20,-0.016155624849457612,-0.7828113237235369,0.7505000740246216
1.4053584905660366,10,20,37,-0.03788498569620724,0.3903375006980259,-0.802946487064338,0.7271765156719235,TRUE,10 °C,20,-0.03788498569620724,-0.802946487064338,0.7271765156719235
1.4443962264150931,10,20,37,-0.05961434654295567,0.38959056505705913,-0.8232118540547916,0.7039831609688801,TRUE,10 °C,20,-0.05961434654295567,-0.8232118540547916,0.7039831609688801
1.4834339622641497,10,20,37,-0.08134370738970537,0.3889104426057,-0.8436081748968773,0.6809207601174667,TRUE,10 °C,20,-0.08134370738970537,-0.8436081748968773,0.6809207601174667
1.5224716981132063,10,20,37,-0.10307306823645374,0.3882974844240305,-0.8641361377075536,0.657990001234646,TRUE,10 °C,20,-0.10307306823645374,-0.8641361377075536,0.657990001234646
1.5615094339622628,10,20,37,-0.12480242908320342,0.38775200903191276,-0.8847963667857524,0.6351915086193456,TRUE,10 °C,20,-0.12480242908320342,-0.8847963667857524,0.6351915086193456
1.6005471698113194,10,20,37,-0.14653178992995275,0.38727430157773773,-0.9055894210223187,0.6125258411624132,TRUE,10 °C,20,-0.14653178992995275,-0.9055894210223187,0.6125258411624132
1.639584905660376,10,20,37,-0.16826115077670156,0.38686461310483056,-0.9265157924621694,0.5899934909087663,TRUE,10 °C,20,-0.16826115077670156,-0.9265157924621694,0.5899934909087663
1.6786226415094325,10,20,37,-0.18999051162345124,0.3865231598998458,-0.9475759050271491,0.5675948817802465,TRUE,10 °C,20,-0.18999051162345124,-0.9475759050271491,0.5675948817802465
1.717660377358489,10,20,37,-0.21171987247020005,0.3862501229270471,-0.9687701134072123,0.5453303684668122,TRUE,10 °C,20,-0.21171987247020005,-0.9687701134072123,0.5453303684668122
1.7566981132075457,10,20,37,-0.23344923331694886,0.3860456473518926,-0.9900987021266584,0.5232002354927606,TRUE,10 °C,20,-0.23344923331694886,-0.9900987021266584,0.5232002354927606
1.7957358490566022,10,20,37,-0.2551785941636982,0.3859098421568311,-1.0115618847910872,0.5012046964636907,TRUE,10 °C,20,-0.2551785941636982,-1.0115618847910872,0.5012046964636907
1.8347735849056588,10,20,37,-0.276907955010447,0.38584277985167065,-1.0331598035197214,0.4793438934988274,TRUE,10 °C,20,-0.276907955010447,-1.0331598035197214,0.4793438934988274
1.8738113207547156,10,20,37,-0.29863731585719633,0.38584449628030804,-1.0548925285666,0.45761789685220744,TRUE,10 °C,20,-0.29863731585719633,-1.0548925285666,0.45761789685220744
1.9128490566037721,10,20,37,-0.32036667670394564,0.38591499052502526,-1.076760058132995,0.4360267047251038,TRUE,10 °C,20,-0.32036667670394564,-1.076760058132995,0.4360267047251038
1.9518867924528287,10,20,37,-0.3420960375506948,0.38605422490893915,-1.0987623183722155,0.414570243270826,TRUE,10 °C,20,-0.3420960375506948,-1.0987623183722155,0.414570243270826
1.9909245283018853,10,20,37,-0.3638253983974445,0.38626212509659663,-1.1208991635867738,0.39324836679188485,TRUE,10 °C,20,-0.3638253983974445,-1.1208991635867738,0.39324836679188485
2.029962264150942,10,20,37,-0.38555475924419336,0.38653858029208615,-1.1431703766166823,0.3720608581282955,TRUE,10 °C,20,-0.38555475924419336,-1.1431703766166823,0.3720608581282955
2.068999999999998,10,20,37,-0.40728412009094217,0.38688344353343684,-1.1655756694164783,0.35100742923459405,TRUE,10 °C,20,-0.40728412009094217,-1.1655756694164783,0.35100742923459405
2.108037735849055,10,20,37,-0.4290134809376915,0.38729653208148435,-1.1881146838174008,0.3300877219420178,TRUE,10 °C,20,-0.4290134809376915,-1.1881146838174008,0.3300877219420178
2.1470754716981113,10,20,37,-0.45074284178444063,0.38777762790081655,-1.210786992470041,0.30930130890115975,TRUE,10 °C,20,-0.45074284178444063,-1.210786992470041,0.30930130890115975
2.186113207547168,10,20,37,-0.47247220263118955,0.3883264782298649,-1.2335920999617247,0.28864769469934565,TRUE,10 °C,20,-0.47247220263118955,-1.2335920999617247,0.28864769469934565
2.2251509433962244,10,20,37,-0.49420156347793875,0.38894279623669714,-1.256529444101865,0.26812631714598767,TRUE,10 °C,20,-0.49420156347793875,-1.256529444101865,0.26812631714598767
2.2641886792452812,10,20,37,-0.5159309243246881,0.3896262617565942,-1.2795983973676126,0.24773654871823647,TRUE,10 °C,20,-0.5159309243246881,-1.2795983973676126,0.24773654871823647
2.3032264150943376,10,20,37,-0.5376602851714373,0.390376522107056,-1.3027982685012671,0.22747769815839247,TRUE,10 °C,20,-0.5376602851714373,-1.3027982685012671,0.22747769815839247
2.3422641509433944,10,20,37,-0.5593896460181866,0.39119319297550303,-1.3261283042501726,0.2073490122137993,TRUE,10 °C,20,-0.5593896460181866,-1.3261283042501726,0.2073490122137993
2.3813018867924507,10,20,37,-0.5811190068649353,0.39207585937459,-1.3495876912391318,0.18734967750926101,TRUE,10 °C,20,-0.5811190068649353,-1.3495876912391318,0.18734967750926101
2.4203396226415075,10,20,37,-0.6028483677116846,0.3930240766597679,-1.3731755579648297,0.16747882254146051,TRUE,10 °C,20,-0.6028483677116846,-1.3731755579648297,0.16747882254146051
2.459377358490564,10,20,37,-0.6245777285584339,0.39403737160349217,-1.3968909769012785,0.1477355197844108,TRUE,10 °C,20,-0.6245777285584339,-1.3968909769012785,0.1477355197844108
2.4984150943396206,10,20,37,-0.6463070894051828,0.39511524352029204,-1.4207329667049553,0.12811878789458964,TRUE,10 °C,20,-0.6463070894051828,-1.4207329667049553,0.12811878789458964
2.5374528301886774,10,20,37,-0.668036450251932,0.3962571654367864,-1.4447004945080333,0.10862759400416933,TRUE,10 °C,20,-0.668036450251932,-1.4447004945080333,0.10862759400416933
2.5764905660377337,10,20,37,-0.6897658110986813,0.39746258530065337,-1.4687924782879618,0.0892608560905993,TRUE,10 °C,20,-0.6897658110986813,-1.4687924782879618,0.0892608560905993
2.6155283018867905,10,20,37,-0.7114951719454298,0.3987309272225413,-1.4930077893016107,0.07001744541075117,TRUE,10 °C,20,-0.7114951719454298,-1.4930077893016107,0.07001744541075117
2.654566037735847,10,20,37,-0.7332245327921798,0.4000615927449191,-1.5173452545722212,0.050896188987861635,TRUE,10 °C,20,-0.7332245327921798,-1.5173452545722212,0.050896188987861635
2.6936037735849037,10,20,37,-0.7549538936389283,0.40145396213195006,-1.5418036594175504,0.031895872139693804,TRUE,10 °C,20,-0.7549538936389283,-1.5418036594175504,0.031895872139693804
2.73264150943396,10,20,37,-0.7766832544856775,0.4029073956745728,-1.56638175000784,0.013015241036485103,TRUE,10 °C,20,-0.7766832544856775,-1.56638175000784,0.013015241036485103
2.771679245283017,10,20,37,-0.7984126153324277,0.4044212350051341,-1.5910782359424904,-0.00574699472236484,TRUE,10 °C,20,-0.7984126153324277,-1.5910782359424904,-0.00574699472236484
2.810716981132073,10,20,37,-0.8201419761791768,0.4059948044161091,-1.6158917928347507,-0.024392159523603074,TRUE,10 °C,20,-0.8201419761791768,-1.6158917928347507,-0.024392159523603074
2.84975471698113,10,20,37,-0.8418713370259253,0.4076274121776617,-1.6408210648941424,-0.042921609157708374,TRUE,10 °C,20,-0.8418713370259253,-1.6408210648941424,-0.042921609157708374
2.8887924528301863,10,20,37,-0.8636006978726737,0.4093183518490533,-1.6658646674968183,-0.061336728248529204,TRUE,10 °C,20,-0.8636006978726737,-1.6658646674968183,-0.061336728248529204
2.927830188679243,10,20,37,-0.8853300587194238,0.41106690357918546,-1.6910211897346272,-0.07963892770422032,TRUE,10 °C,20,-0.8853300587194238,-1.6910211897346272,-0.07963892770422032
2.9668679245282994,10,20,37,-0.9070594195661722,0.4128723353918486,-1.7162891969341953,-0.09782964219814894,TRUE,10 °C,20,-0.9070594195661722,-1.7162891969341953,-0.09782964219814894
3.005905660377356,10,20,37,-0.9287887804129216,0.41473390445157066,-1.741667233138,-0.11591032768784304,TRUE,10 °C,20,-0.9287887804129216,-1.741667233138,-0.11591032768784304
3.0449433962264125,10,20,37,-0.9505181412596707,0.4166508583062747,-1.767153823539969,-0.13388245897937234,TRUE,10 °C,20,-0.9505181412596707,-1.767153823539969,-0.13388245897937234
3.0839811320754693,10,20,37,-0.9722475021064209,0.4186224361032888,-1.792747476868867,-0.1517475273439748,TRUE,10 °C,20,-0.9722475021064209,-1.792747476868867,-0.1517475273439748
3.1230188679245257,10,20,37,-0.9939768629531692,0.42064786977558155,-1.8184466877133092,-0.16950703819302937,TRUE,10 °C,20,-0.9939768629531692,-1.8184466877133092,-0.16950703819302937
3.1620566037735824,10,20,37,-1.0157062237999186,0.42272638519543915,-1.8442499387829794,-0.18716250881685792,TRUE,10 °C,20,-1.0157062237999186,-1.8442499387829794,-0.18716250881685792
3.201094339622639,10,20,37,-1.037435584646667,0.4248572032931261,-1.8701557031011942,-0.20471546619213987,TRUE,10 °C,20,-1.037435584646667,-1.8701557031011942,-0.20471546619213987
3.2401320754716956,10,20,37,-1.059164945493417,0.4270395411384012,-1.8961624461246833,-0.2221674448621508,TRUE,10 °C,20,-1.059164945493417,-1.8961624461246833,-0.2221674448621508
3.279169811320752,10,20,37,-1.0808943063401646,0.42927261298308034,-1.922268627787002,-0.23951998489332715,TRUE,10 °C,20,-1.0808943063401646,-1.922268627787002,-0.23951998489332715
3.3182075471698087,10,20,37,-1.1026236671869147,0.431555631263146,-1.9484727044626808,-0.25677462991114863,TRUE,10 °C,20,-1.1026236671869147,-1.9484727044626808,-0.25677462991114863
3.357245283018865,10,20,37,-1.124353028033664,0.43388780755919965,-1.9747731308496954,-0.2739329252176327,TRUE,10 °C,20,-1.124353028033664,-1.9747731308496954,-0.2739329252176327
3.396283018867922,10,20,37,-1.1460823888804124,0.4362683535143381,-2.001168361768515,-0.29099641599230963,TRUE,10 °C,20,-1.1460823888804124,-2.001168361768515,-0.29099641599230963
3.435320754716978,10,20,37,-1.1678117497271625,0.4386964817088001,-2.027656853876411,-0.3079666455779143,TRUE,10 °C,20,-1.1678117497271625,-2.027656853876411,-0.3079666455779143
3.474358490566035,10,20,37,-1.1895411105739118,0.4411714064909843,-2.054237067296241,-0.3248451538515825,TRUE,10 °C,20,-1.1895411105739118,-2.054237067296241,-0.3248451538515825
3.5133962264150913,10,20,37,-1.2112704714206601,0.44369234476467206,-2.080907467159417,-0.34163347568190294,TRUE,10 °C,20,-1.2112704714206601,-2.080907467159417,-0.34163347568190294
3.552433962264148,10,20,37,-1.2329998322674094,0.44625851673250777,-2.1076665250631246,-0.3583331394716942,TRUE,10 °C,20,-1.2329998322674094,-2.1076665250631246,-0.3583331394716942
3.5914716981132044,10,20,37,-1.2547291931141586,0.448869146595986,-2.134512720442291,-0.37494566578602617,TRUE,10 °C,20,-1.2547291931141586,-2.134512720442291,-0.37494566578602617
3.6305094339622612,10,20,37,-1.276458553960908,0.45152346321238435,-2.1614445418571813,-0.39147256606463465,TRUE,10 °C,20,-1.276458553960908,-2.1614445418571813,-0.39147256606463465
3.6695471698113176,10,20,37,-1.2981879148076563,0.4542207007092339,-2.1884604881977547,-0.4079153414175578,TRUE,10 °C,20,-1.2981879148076563,-2.1884604881977547,-0.4079153414175578
3.7085849056603744,10,20,37,-1.3199172756544064,0.4569600990570794,-2.215559069806282,-0.4242754815025308,TRUE,10 °C,20,-1.3199172756544064,-2.215559069806282,-0.4242754815025308
3.747622641509431,10,20,37,-1.341646636501155,0.4597409046013954,-2.24273880951989,-0.4405544634824201,TRUE,10 °C,20,-1.341646636501155,-2.24273880951989,-0.4405544634824201
3.7866603773584875,10,20,37,-1.3633759973479052,0.4625623705546625,-2.269998243635044,-0.45675375106076666,TRUE,10 °C,20,-1.3633759973479052,-2.269998243635044,-0.45675375106076666
3.8256981132075443,10,20,37,-1.3851053581946535,0.46542375744967496,-2.2973359227960164,-0.47287479359329065,FALSE,10 °C,20,NA,NA,NA
3.8647358490566006,10,20,37,-1.4068347190414028,0.4683243335552666,-2.3247504128097254,-0.4889190252730803,FALSE,10 °C,20,NA,NA,NA
3.9037735849056574,10,20,37,-1.428564079888152,0.4712633752556855,-2.3522402953892954,-0.5048878643870085,FALSE,10 °C,20,NA,NA,NA
3.9428113207547137,10,20,37,-1.4502934407349013,0.4742401673949217,-2.3798041688289477,-0.5207827126408547,FALSE,10 °C,20,NA,NA,NA
3.9818490566037705,10,20,37,-1.4720228015816506,0.4772540035873258,-2.407440648612809,-0.5366049545504921,FALSE,10 °C,20,NA,NA,NA
4.020886792452827,10,20,37,-1.493752162428399,0.48030418649589657,-2.4351483679603563,-0.5523559568964417,FALSE,10 °C,20,NA,NA,NA
4.059924528301884,10,20,37,-1.515481523275149,0.48339002807962883,-2.4629259783112216,-0.5680370682390766,FALSE,10 °C,20,NA,NA,NA
4.0989622641509404,10,20,37,-1.5372108841218985,0.48651084981133697,-2.490772149752119,-0.5836496184916781,FALSE,10 °C,20,NA,NA,NA
4.137999999999996,10,20,37,-1.5589402449686476,0.4896659828673624,-2.5186855713886778,-0.5991949185486173,FALSE,10 °C,20,NA,NA,NA
4.177037735849053,10,20,37,-1.5806696058153968,0.4928547682905748,-2.5466649516649236,-0.6146742599658703,FALSE,10 °C,20,NA,NA,NA
4.21607547169811,10,20,37,-1.6023989666621454,0.49607655712806925,-2.574709018633161,-0.6300889146911297,FALSE,10 °C,20,NA,NA,NA
4.255113207547167,10,20,37,-1.6241283275088947,0.4993307105449313,-2.60281652017696,-0.6454401348408294,FALSE,10 °C,20,NA,NA,NA
4.294150943396223,10,20,37,-1.6458576883556435,0.5026165999154423,-2.6309862241899102,-0.6607291525213767,FALSE,10 °C,20,NA,NA,NA
4.333188679245279,10,20,37,-1.667587049202393,0.5059336068930379,-2.6592169187127475,-0.6759571796920387,FALSE,10 °C,20,NA,NA,NA
4.372226415094336,10,20,37,-1.6893164100491416,0.5092811234603377,-2.6875074120314033,-0.6911254080668797,FALSE,10 °C,20,NA,NA,NA
4.411264150943393,10,20,37,-1.7110457708958908,0.5126585519604979,-2.7158565327384667,-0.7062350090533149,FALSE,10 °C,20,NA,NA,NA
4.450301886792449,10,20,37,-1.7327751317426408,0.5160653051111174,-2.744263129760431,-0.7212871337248508,FALSE,10 °C,20,NA,NA,NA
4.489339622641506,10,20,37,-1.7545044925893893,0.5195008060018893,-2.7727260723530924,-0.7362829128256863,FALSE,10 °C,20,NA,NA,NA
4.5283773584905624,10,20,37,-1.7762338534361386,0.5229644880771359,-2.8012442500673247,-0.7512234568049523,FALSE,10 °C,20,NA,NA,NA
4.567415094339619,10,20,37,-1.7979632142828879,0.5264557951043315,-2.8298165726873776,-0.7661098558783981,FALSE,10 °C,20,NA,NA,NA
4.606452830188675,10,20,37,-1.819692575129637,0.5299741811296783,-2.858441970143806,-0.7809431801154674,FALSE,10 °C,20,NA,NA,NA
4.645490566037732,10,20,37,-1.8414219359763855,0.5335191104217335,-2.887119392402983,-0.7957244795497878,FALSE,10 °C,20,NA,NA,NA
4.684528301886789,10,20,37,-1.8631512968231339,0.5370900574040713,-2.915847809335114,-0.810454784311154,FALSE,10 °C,20,NA,NA,NA
4.7235660377358455,10,20,37,-1.8848806576698849,0.5406865065778919,-2.9446262105625527,-0.8251351047772169,FALSE,10 °C,20,NA,NA,NA
4.762603773584901,10,20,37,-1.906610018516633,0.5443079524354635,-2.9734536052901417,-0.8397664317431246,FALSE,10 °C,20,NA,NA,NA
4.801641509433958,10,20,37,-1.9283393793633823,0.5479538993652242,-3.0023290221192216,-0.8543497366075428,FALSE,10 °C,20,NA,NA,NA
4.840679245283015,10,20,37,-1.9500687402101315,0.5516238615493424,-3.0312515088468426,-0.8688859715734205,FALSE,10 °C,20,NA,NA,NA
4.879716981132072,10,20,37,-1.9717981010568801,0.5553173628544736,-3.0602201322516485,-0.8833760698621118,FALSE,10 °C,20,NA,NA,NA
4.918754716981128,10,20,37,-1.99352746190363,0.5590339367164319,-3.0892339778678366,-0.8978209459394235,FALSE,10 °C,20,NA,NA,NA
4.957792452830184,10,20,37,-2.0152568227503784,0.5627731260194306,-3.1182921497484624,-0.9122214957522945,FALSE,10 °C,20,NA,NA,NA
4.996830188679241,10,20,37,-2.036986183597128,0.5665344829705236,-3.147393770219354,-0.9265785969749019,FALSE,10 °C,20,NA,NA,NA
5.035867924528298,10,20,37,-2.0587155444438765,0.5703175689698331,-3.176537979624749,-0.9408931092630037,FALSE,10 °C,20,NA,NA,NA
5.074905660377355,10,20,37,-2.0804449052906273,0.5741219544771196,-3.2057239360657817,-0.955165874515473,FALSE,10 °C,20,NA,NA,NA
5.113943396226411,10,20,37,-2.1021742661373755,0.5779472188752024,-3.2349508151327724,-0.9693977171419788,FALSE,10 °C,20,NA,NA,NA
5.1529811320754675,10,20,37,-2.123903626984124,0.5817929503307169,-3.264217809632329,-0.983589444335919,FALSE,10 °C,20,NA,NA,NA
5.192018867924524,10,20,37,-2.1456329878308726,0.5856587456526581,-3.2935241293100823,-0.9977418463516627,FALSE,10 °C,20,NA,NA,NA
5.231056603773581,10,20,37,-2.167362348677623,0.5895442101491245,-3.322869000569907,-1.011855696785339,FALSE,10 °C,20,NA,NA,NA
5.270094339622637,10,20,37,-2.189091709524371,0.5934489574826557,-3.3522516661903765,-1.025931752858366,FALSE,10 °C,20,NA,NA,NA
5.309132075471694,10,20,37,-2.210821070371121,0.597372609524519,-3.381671385039178,-1.039970755703064,FALSE,10 °C,20,NA,NA,NA
5.3481698113207505,10,20,37,-2.2325504312178714,0.601314796208276,-3.4111274317860927,-1.0539734306496504,FALSE,10 °C,20,NA,NA,NA
5.387207547169807,10,20,37,-2.25427979206462,0.6052751553829497,-3.4406190966152015,-1.0679404875140386,FALSE,10 °C,20,NA,NA,NA
5.426245283018863,10,20,37,-2.276009152911368,0.6092533326660533,-3.4701456849368326,-1.0818726208859037,FALSE,10 °C,20,NA,NA,NA
5.46528301886792,10,20,37,-2.2977385137581168,0.6132489812967629,-3.4997065170997717,-1.0957705104164617,FALSE,10 °C,20,NA,NA,NA
5.504320754716977,10,20,37,-2.3194678746048667,0.6172617619894557,-3.5293009281042,-1.1096348211055336,FALSE,10 °C,20,NA,NA,NA
5.543358490566034,10,20,37,-2.341197235451617,0.6212913427878451,-3.5589282673157934,-1.1234662035874405,FALSE,10 °C,20,NA,NA,NA
5.5823962264150895,10,20,37,-2.362926596298365,0.6253373989198995,-3.588587898181368,-1.1372652944153623,FALSE,10 °C,20,NA,NA,NA
5.621433962264146,10,20,37,-2.384655957145115,0.6293996126537358,-3.6182791979464373,-1.151032716343793,FALSE,10 °C,20,NA,NA,NA
5.660471698113203,10,20,37,-2.4063853179918637,0.6334776731546469,-3.648001557374972,-1.164769078608756,FALSE,10 °C,20,NA,NA,NA
5.69950943396226,10,20,37,-2.4281146788386123,0.6375712763434096,-3.6777543804716952,-1.1784749772055296,FALSE,10 °C,20,NA,NA,NA
5.738547169811316,10,20,37,-2.4498440396853622,0.6416801247560107,-3.707537084207143,-1.1921509951635814,FALSE,10 °C,20,NA,NA,NA
5.7775849056603725,10,20,37,-2.471573400532111,0.6458039274049043,-3.7373490982457236,-1.2057977028184983,FALSE,10 °C,20,NA,NA,NA
5.816622641509429,10,20,37,-2.493302761378859,0.6499423996419184,-3.767189864677019,-1.219415658080699,FALSE,10 °C,20,NA,NA,NA
5.855660377358486,10,20,37,-2.5150321222256093,0.6540952630228848,-3.7970588377504635,-1.2330054067007552,FALSE,10 °C,20,NA,NA,NA
5.894698113207542,10,20,37,-2.5367614830723593,0.6582622451740978,-3.826955483613591,-1.2465674825311275,FALSE,10 °C,20,NA,NA,NA
5.933735849056599,10,20,37,-2.558490843919108,0.662443079660658,-3.8568792800539975,-1.2601024077842182,FALSE,10 °C,20,NA,NA,NA
5.972773584905656,10,20,37,-2.580220204765856,0.6666375058567706,-3.8868297162451264,-1.2736106932865856,FALSE,10 °C,20,NA,NA,NA
6.011811320754712,10,20,37,-2.6019495656126064,0.6708452688180491,-3.9168062924959823,-1.2870928387292302,FALSE,10 °C,20,NA,NA,NA
6.050849056603768,10,20,37,-2.6236789264593545,0.6750661191558721,-3.946808520004864,-1.3005493329138451,FALSE,10 °C,20,NA,NA,NA
6.089886792452825,10,20,37,-2.6454082873061027,0.6792998129138313,-3.976835920617212,-1.3139806539949932,FALSE,10 °C,20,NA,NA,NA
6.128924528301882,10,20,37,-2.667137648152853,0.683546111446293,-4.006888026587587,-1.3273872697181188,FALSE,10 °C,20,NA,NA,NA
6.167962264150939,10,20,37,-2.688867008999603,0.687804781299109,-4.036964380345856,-1.3407696376533493,FALSE,10 °C,20,NA,NA,NA
6.2069999999999945,10,20,37,-2.7105963698463515,0.6920755940924863,-4.067064534267624,-1.3541282054250785,FALSE,10 °C,20,NA,NA,NA
0,15,20,37,-0.5722142604021804,0.4003950054504833,-1.3569884710851277,0.2125599502807669,TRUE,15 °C,20,-0.5722142604021804,-1.3569884710851277,0.2125599502807669
0.03903773584905657,15,20,37,-0.5654966524622463,0.39937704448455913,-1.3482756596519823,0.21728235472748958,TRUE,15 °C,20,-0.5654966524622463,-1.3482756596519823,0.21728235472748958
0.07807547169811314,15,20,37,-0.5587790445223122,0.39837374727457275,-1.3395915891804748,0.22203350013585044,TRUE,15 °C,20,-0.5587790445223122,-1.3395915891804748,0.22203350013585044
0.11711320754716972,15,20,37,-0.552061436582379,0.39738522488736705,-1.3309364773616186,0.22681360419686036,TRUE,15 °C,20,-0.552061436582379,-1.3309364773616186,0.22681360419686036
0.1561509433962263,15,20,37,-0.545343828642445,0.3964115878538568,-1.3223105408360043,0.23162288355111427,TRUE,15 °C,20,-0.545343828642445,-1.3223105408360043,0.23162288355111427
0.19518867924528285,15,20,37,-0.538626220702511,0.3954529461208797,-1.3137139950994352,0.23646155369441324,TRUE,15 °C,20,-0.538626220702511,-1.3137139950994352,0.23646155369441324
0.23422641509433945,15,20,37,-0.5319086127625777,0.3945094090023524,-1.3051470544071884,0.24132982888203292,TRUE,15 °C,20,-0.5319086127625777,-1.3051470544071884,0.24132982888203292
0.273264150943396,15,20,37,-0.5251910048226437,0.39358108512976325,-1.2966099316769797,0.2462279220316923,TRUE,15 °C,20,-0.5251910048226437,-1.2966099316769797,0.2462279220316923
0.3123018867924526,15,20,37,-0.5184733968827097,0.3926680824020372,-1.2881028383907025,0.2511560446252833,TRUE,15 °C,20,-0.5184733968827097,-1.2881028383907025,0.2511560446252833
0.35133962264150914,15,20,37,-0.5117557889427756,0.39177050793480983,-1.2796259844950029,0.2561144066094516,TRUE,15 °C,20,-0.5117557889427756,-1.2796259844950029,0.2561144066094516
0.3903773584905657,15,20,37,-0.505038181002842,0.39088846800914867,-1.2711795783007735,0.26110321629508937,TRUE,15 °C,20,-0.505038181002842,-1.2711795783007735,0.26110321629508937
0.42941509433962227,15,20,37,-0.49832057306290795,0.3900220680197651,-1.2627638263816474,0.2661226802558316,TRUE,15 °C,20,-0.49832057306290795,-1.2627638263816474,0.2661226802558316
0.4684528301886789,15,20,37,-0.4916029651229743,0.38917141242275716,-1.2543789334715783,0.27117300322562976,TRUE,15 °C,20,-0.4916029651229743,-1.2543789334715783,0.27117300322562976
0.5074905660377355,15,20,37,-0.4848853571830406,0.38833660468293224,-1.2460251023615878,0.2762543879955066,TRUE,15 °C,20,-0.4848853571830406,-1.2460251023615878,0.2762543879955066
0.546528301886792,15,20,37,-0.4781677492431065,0.38751774722075216,-1.2377025337957808,0.2813670353095677,TRUE,15 °C,20,-0.4781677492431065,-1.2377025337957808,0.2813670353095677
0.5855660377358486,15,20,37,-0.471450141303173,0.3867149413589552,-1.229411426366725,0.2865111437603791,TRUE,15 °C,20,-0.471450141303173,-1.229411426366725,0.2865111437603791
0.6246037735849052,15,20,37,-0.46473253336323933,0.385928287268902,-1.2211519764102872,0.29168690968380856,TRUE,15 °C,20,-0.46473253336323933,-1.2211519764102872,0.29168690968380856
0.6636415094339617,15,20,37,-0.45801492542330496,0.38515788391670064,-1.2129243779000383,0.2968945270534283,TRUE,15 °C,20,-0.45801492542330496,-1.2129243779000383,0.2968945270534283
0.7026792452830183,15,20,37,-0.45129731748337126,0.38440382900916564,-1.204728822341336,0.30213418737459335,TRUE,15 °C,20,-0.45129731748337126,-1.204728822341336,0.30213418737459335
0.7417169811320748,15,20,37,-0.4445797095434378,0.3836662189396659,-1.196565498665183,0.3074060795783074,TRUE,15 °C,20,-0.4445797095434378,-1.196565498665183,0.3074060795783074
0.7807547169811314,15,20,37,-0.43786210160350364,0.3829451487339223,-1.1884345931219913,0.31271038991498407,TRUE,15 °C,20,-0.43786210160350364,-1.1884345931219913,0.31271038991498407
0.819792452830188,15,20,37,-0.43114449366356977,0.38224071199581416,-1.1803362891753655,0.31804730184822594,TRUE,15 °C,20,-0.43114449366356977,-1.1803362891753655,0.31804730184822594
0.8588301886792445,15,20,37,-0.42442688572363585,0.38155300085325294,-1.1722707673960118,0.32341699594873996,TRUE,15 °C,20,-0.42442688572363585,-1.1722707673960118,0.32341699594873996
0.8978679245283011,15,20,37,-0.41770927778370237,0.38088210590419275,-1.1642382053559202,0.3288196497885154,TRUE,15 °C,20,-0.41770927778370237,-1.1642382053559202,0.3288196497885154
0.9369056603773578,15,20,37,-0.41099166984376806,0.380228116162834,-1.1562387775229226,0.3342554378353865,TRUE,15 °C,20,-0.41099166984376806,-1.1562387775229226,0.3342554378353865
0.9759433962264144,15,20,37,-0.4042740619038346,0.3795911190060917,-1.1482726551557743,0.33972453134810515,TRUE,15 °C,20,-0.4042740619038346,-1.1482726551557743,0.33972453134810515
1.014981132075471,15,20,37,-0.3975564539639007,0.37897120012039287,-1.1403400061998707,0.3452270982720693,TRUE,15 °C,20,-0.3975564539639007,-1.1403400061998707,0.3452270982720693
1.0540188679245275,15,20,37,-0.3908388460239668,0.37836844344886833,-1.1324409951837486,0.35076330313581516,TRUE,15 °C,20,-0.3908388460239668,-1.1324409951837486,0.35076330313581516
1.093056603773584,15,20,37,-0.3841212380840329,0.37778293113901074,-1.124575783116494,0.3563333069484281,TRUE,15 °C,20,-0.3841212380840329,-1.124575783116494,0.3563333069484281
1.1320943396226406,15,20,37,-0.37740363014409856,0.3772147434908667,-1.1167445273861973,0.36193726709800017,TRUE,15 °C,20,-0.37740363014409856,-1.1167445273861973,0.36193726709800017
1.1711320754716972,15,20,37,-0.3706860222041655,0.37666395890583,-1.1089473816595923,0.3675753372512613,TRUE,15 °C,20,-0.3706860222041655,-1.1089473816595923,0.3675753372512613
1.2101698113207537,15,20,37,-0.3639684142642316,0.3761306538361102,-1.1011844957830077,0.37324766725454445,TRUE,15 °C,20,-0.3639684142642316,-1.1011844957830077,0.37324766725454445
1.2492075471698103,15,20,37,-0.3572508063242973,0.3756149027349439,-1.0934560156847875,0.37895440303619277,TRUE,15 °C,20,-0.3572508063242973,-1.0934560156847875,0.37895440303619277
1.2882452830188669,15,20,37,-0.35053319838436375,0.3751167780076194,-1.0857620832792978,0.38469568651057023,TRUE,15 °C,20,-0.35053319838436375,-1.0857620832792978,0.38469568651057023
1.3272830188679234,15,20,37,-0.3438155904444303,0.3746363499633858,-1.0781028363726664,0.39047165548380586,TRUE,15 °C,20,-0.3438155904444303,-1.0781028363726664,0.39047165548380586
1.36632075471698,15,20,37,-0.33709798250449596,0.37417368676831586,-1.070478408570395,0.3962824435614031,TRUE,15 °C,20,-0.33709798250449596,-1.070478408570395,0.3962824435614031
1.4053584905660366,15,20,37,-0.3303803745645625,0.37372885439919384,-1.0628889291869825,0.40212818005785744,TRUE,15 °C,20,-0.3303803745645625,-1.0628889291869825,0.40212818005785744
1.4443962264150931,15,20,37,-0.32366276662462856,0.3733019165984931,-1.0553345231576752,0.40800898990841794,TRUE,15 °C,20,-0.32366276662462856,-1.0553345231576752,0.40800898990841794
1.4834339622641497,15,20,37,-0.3169451586846951,0.37289293483051894,-1.0478153109525121,0.41392499358312207,TRUE,15 °C,20,-0.3169451586846951,-1.0478153109525121,0.41392499358312207
1.5224716981132063,15,20,37,-0.3102275507447607,0.37250196823877507,-1.0403314084927597,0.4198763070032384,TRUE,15 °C,20,-0.3102275507447607,-1.0403314084927597,0.4198763070032384
1.5615094339622628,15,20,37,-0.3035099428048273,0.3721290736046296,-1.0328829270699014,0.4258630414602467,TRUE,15 °C,20,-0.3035099428048273,-1.0328829270699014,0.4258630414602467
1.6005471698113194,15,20,37,-0.29679233486489337,0.37177430530733674,-1.0254699732672734,0.4318853035374866,TRUE,15 °C,20,-0.29679233486489337,-1.0254699732672734,0.4318853035374866
1.639584905660376,15,20,37,-0.29007472692495867,0.37143771528548414,-1.0180926488845077,0.4379431950345903,TRUE,15 °C,20,-0.29007472692495867,-1.0180926488845077,0.4379431950345903
1.6786226415094325,15,20,37,-0.28335711898502564,0.37111935299992443,-1.0107510508648776,0.44403681289482627,TRUE,15 °C,20,-0.28335711898502564,-1.0107510508648776,0.44403681289482627
1.717660377358489,15,20,37,-0.2766395110450917,0.370819265398252,-1.0034452712256656,0.45016624913548214,TRUE,15 °C,20,-0.2766395110450917,-1.0034452712256656,0.45016624913548214
1.7566981132075457,15,20,37,-0.26992190310515696,0.3705374968808834,-0.9961753969916883,0.4563315907813744,TRUE,15 °C,20,-0.26992190310515696,-0.9961753969916883,0.4563315907813744
1.7957358490566022,15,20,37,-0.26320429516522426,0.3702740892687966,-0.9889415101320657,0.46253291980161715,TRUE,15 °C,20,-0.26320429516522426,-0.9889415101320657,0.46253291980161715
1.8347735849056588,15,20,37,-0.2564866872252895,0.3700290817729834,-0.9817436875003369,0.46877031304975797,TRUE,15 °C,20,-0.2564866872252895,-0.9817436875003369,0.46877031304975797
1.8738113207547156,15,20,37,-0.2497690792853561,0.36980251096566724,-0.9745820007780639,0.47504384220735174,TRUE,15 °C,20,-0.2497690792853561,-0.9745820007780639,0.47504384220735174
1.9128490566037721,15,20,37,-0.24305147134542224,0.3695944107533316,-0.9674565164219522,0.48135357373110765,TRUE,15 °C,20,-0.24305147134542224,-0.9674565164219522,0.48135357373110765
1.9518867924528287,15,20,37,-0.23633386340548868,0.36940481235160816,-0.9603672956146406,0.4876995688036633,TRUE,15 °C,20,-0.23633386340548868,-0.9603672956146406,0.4876995688036633
1.9909245283018853,15,20,37,-0.22961625546555436,0.3692337442620673,-0.9533143942192062,0.4940818832880975,TRUE,15 °C,20,-0.22961625546555436,-0.9533143942192062,0.4940818832880975
2.029962264150942,15,20,37,-0.22289864752562097,0.36908123225094935,-0.9462978627374816,0.5005005676862397,TRUE,15 °C,20,-0.22289864752562097,-0.9462978627374816,0.5005005676862397
2.068999999999998,15,20,37,-0.2161810395856874,0.36894729932987363,-0.9393177462722397,0.5069556671008648,TRUE,15 °C,20,-0.2161810395856874,-0.9393177462722397,0.5069556671008648
2.108037735849055,15,20,37,-0.2094634316457531,0.3688319657385602,-0.932374084493331,0.5134472212018248,TRUE,15 °C,20,-0.2094634316457531,-0.932374084493331,0.5134472212018248
2.1470754716981113,15,20,37,-0.20274582370581953,0.3687352489295915,-0.9254669116078188,0.5199752641961798,TRUE,15 °C,20,-0.20274582370581953,-0.9254669116078188,0.5199752641961798
2.186113207547168,15,20,37,-0.19602821576588447,0.36865716355524647,-0.9185962563341675,0.5265398248023986,TRUE,15 °C,20,-0.19602821576588447,-0.9185962563341675,0.5265398248023986
2.2251509433962244,15,20,37,-0.1893106078259509,0.3685977214564226,-0.9117621418805392,0.5331409262286374,TRUE,15 °C,20,-0.1893106078259509,-0.9117621418805392,0.5331409262286374
2.2641886792452812,15,20,37,-0.18259299988601752,0.36855693165366943,-0.9049645859272096,0.5397785861551746,TRUE,15 °C,20,-0.18259299988601752,-0.9049645859272096,0.5397785861551746
2.3032264150943376,15,20,37,-0.17587539194608395,0.36853480034035224,-0.8982036006131743,0.5464528167210064,TRUE,15 °C,20,-0.17587539194608395,-0.8982036006131743,0.5464528167210064
2.3422641509433944,15,20,37,-0.16915778400615053,0.36853133087795137,-0.8914791925269352,0.5531636245146341,TRUE,15 °C,20,-0.16915778400615053,-0.8914791925269352,0.5531636245146341
2.3813018867924507,15,20,37,-0.16244017606621608,0.36854652379350833,-0.8847913627014924,0.5599110105690602,TRUE,15 °C,20,-0.16244017606621608,-0.8847913627014924,0.5599110105690602
2.4203396226415075,15,20,37,-0.15572256812628266,0.3685803767792291,-0.8781401066135717,0.5666949703610065,TRUE,15 °C,20,-0.15572256812628266,-0.8781401066135717,0.5666949703610065
2.459377358490564,15,20,37,-0.14900496018634835,0.36863288469423444,-0.8715254141870479,0.5735154938143512,TRUE,15 °C,20,-0.14900496018634835,-0.8715254141870479,0.5735154938143512
2.4984150943396206,15,20,37,-0.14228735224641406,0.36870403956846104,-0.8649472698005977,0.5803725653077695,TRUE,15 °C,20,-0.14228735224641406,-0.8649472698005977,0.5803725653077695
2.5374528301886774,15,20,37,-0.13556974430648064,0.36879383060870896,-0.8584056522995501,0.5872661636865889,TRUE,15 °C,20,-0.13556974430648064,-0.8584056522995501,0.5872661636865889
2.5764905660377337,15,20,37,-0.12885213636654708,0.36890224420681283,-0.8519005350119002,0.5941962622788062,TRUE,15 °C,20,-0.12885213636654708,-0.8519005350119002,0.5941962622788062
2.6155283018867905,15,20,37,-0.12213452842661277,0.36902926394994134,-0.8454318857684978,0.6011628289152723,TRUE,15 °C,20,-0.12213452842661277,-0.8454318857684978,0.6011628289152723
2.654566037735847,15,20,37,-0.1154169204866801,0.3691748706329872,-0.838999666927335,0.6081658259539748,TRUE,15 °C,20,-0.1154169204866801,-0.838999666927335,0.6081658259539748
2.6936037735849037,15,20,37,-0.10869931254674668,0.36933904227303765,-0.8326038354019005,0.6152052103084071,TRUE,15 °C,20,-0.10869931254674668,-0.8326038354019005,0.6152052103084071
2.73264150943396,15,20,37,-0.10198170460681237,0.36952175412589855,-0.8262443426935735,0.6222809334799488,TRUE,15 °C,20,-0.10198170460681237,-0.8262443426935735,0.6222809334799488
2.771679245283017,15,20,37,-0.09526409666687806,0.36972297870464066,-0.8199211349279738,0.6293929415942177,TRUE,15 °C,20,-0.09526409666687806,-0.8199211349279738,0.6293929415942177
2.810716981132073,15,20,37,-0.08854648872694451,0.3699426858001357,-0.8136341528952103,0.6365411754413214,TRUE,15 °C,20,-0.08854648872694451,-0.8136341528952103,0.6365411754413214
2.84975471698113,15,20,37,-0.0818288807870102,0.3701808425035498,-0.8073833320939678,0.6437255705199474,TRUE,15 °C,20,-0.0818288807870102,-0.8073833320939678,0.6437255705199474
2.8887924528301863,15,20,37,-0.07511127284707665,0.3704374132307543,-0.8011686027793551,0.6509460570852018,TRUE,15 °C,20,-0.07511127284707665,-0.8011686027793551,0.6509460570852018
2.927830188679243,15,20,37,-0.06839366490714323,0.37071235974860905,-0.794989890014417,0.6582025602001305,TRUE,15 °C,20,-0.06839366490714323,-0.794989890014417,0.6582025602001305
2.9668679245282994,15,20,37,-0.06167605696720967,0.37100564120307694,-0.7888471137252405,0.6654949997908212,TRUE,15 °C,20,-0.06167605696720967,-0.7888471137252405,0.6654949997908212
3.005905660377356,15,20,37,-0.05495844902727461,0.37131721414912183,-0.7827401887595534,0.6728232907050041,TRUE,15 °C,20,-0.05495844902727461,-0.7827401887595534,0.6728232907050041
3.0449433962264125,15,20,37,-0.04824084108734181,0.371647032582339,-0.7766690249487262,0.6801873427740426,TRUE,15 °C,20,-0.04824084108734181,-0.7766690249487262,0.6801873427740426
3.0839811320754693,15,20,37,-0.041523233147406746,0.3719950479722625,-0.7706335271730413,0.6875870608782277,TRUE,15 °C,20,-0.041523233147406746,-0.7706335271730413,0.6875870608782277
3.1230188679245257,15,20,37,-0.03480562520747319,0.3723612092973006,-0.7646335954301824,0.695022345015236,TRUE,15 °C,20,-0.03480562520747319,-0.7646335954301824,0.695022345015236
3.1620566037735824,15,20,37,-0.028088017267539775,0.37274546308123624,-0.7586691249067627,0.7024930903716833,TRUE,15 °C,20,-0.028088017267539775,-0.7586691249067627,0.7024930903716833
3.201094339622639,15,20,37,-0.02137040932760622,0.373147753431234,-0.7527400060528249,0.7099991873976124,TRUE,15 °C,20,-0.02137040932760622,-0.7527400060528249,0.7099991873976124
3.2401320754716956,15,20,37,-0.014652801387672047,0.37356802207729645,-0.746846124659173,0.717540521883829,TRUE,15 °C,20,-0.014652801387672047,-0.746846124659173,0.717540521883829
3.279169811320752,15,20,37,-0.007935193447736851,0.3740062084131009,-0.7409873619374145,0.7251169750419408,TRUE,15 °C,20,-0.007935193447736851,-0.7409873619374145,0.7251169750419408
3.3182075471698087,15,20,37,-0.0012175855078025428,0.3744622495381601,-0.7351635946025963,0.7327284235869913,TRUE,15 °C,20,-0.0012175855078025428,-0.7351635946025963,0.7327284235869913
3.357245283018865,15,20,37,0.0055000224321301245,0.3749360803012289,-0.7293746949582784,0.7403747398225387,TRUE,15 °C,20,0.0055000224321301245,-0.7293746949582784,0.7403747398225387
3.396283018867922,15,20,37,0.012217630372063543,0.3754276333449019,-0.7236205309839442,0.7480557917280714,TRUE,15 °C,20,0.012217630372063543,-0.7236205309839442,0.7480557917280714
3.435320754716978,15,20,37,0.018935238311997987,0.3759368391513307,-0.7179009664246102,0.7557714430486061,TRUE,15 °C,20,0.018935238311997987,-0.7179009664246102,0.7557714430486061
3.474358490566035,15,20,37,0.025652846251931406,0.3764636260889856,-0.7122158608824803,0.7635215533863432,TRUE,15 °C,20,0.025652846251931406,-0.7122158608824803,0.7635215533863432
3.5133962264150913,15,20,37,0.032370454191866606,0.37700792046040016,-0.7065650699105177,0.7713059782942508,TRUE,15 °C,20,0.032370454191866606,-0.7065650699105177,0.7713059782942508
3.552433962264148,15,20,37,0.03908806213180002,0.3775696465508304,-0.7009484451078275,0.7791245693714276,TRUE,15 °C,20,0.03908806213180002,-0.7009484451078275,0.7791245693714276
3.5914716981132044,15,20,37,0.04580567007173194,0.3781487266777404,-0.6953658342166392,0.7869771743601032,TRUE,15 °C,20,0.04580567007173194,-0.6953658342166392,0.7869771743601032
3.6305094339622612,15,20,37,0.052523278011666244,0.37874508124107575,-0.6898170812208423,0.7948636372441747,TRUE,15 °C,20,0.052523278011666244,-0.6898170812208423,0.7948636372441747
3.6695471698113176,15,20,37,0.059240885951601444,0.37935862877421855,-0.6843020264458669,0.8027837983490699,TRUE,15 °C,20,0.059240885951601444,-0.6843020264458669,0.8027837983490699
3.7085849056603744,15,20,37,0.06595849389153487,0.3799892859955882,-0.678820506659818,0.8107374944428877,TRUE,15 °C,20,0.06595849389153487,-0.678820506659818,0.8107374944428877
3.747622641509431,15,20,37,0.07267610183146828,0.3806369678607858,-0.6733723551756718,0.8187245588386085,TRUE,15 °C,20,0.07267610183146828,-0.6733723551756718,0.8187245588386085
3.7866603773584875,15,20,37,0.07939370977140259,0.38130158761524113,-0.6679574019544701,0.8267448214972752,TRUE,15 °C,20,0.07939370977140259,-0.6679574019544701,0.8267448214972752
3.8256981132075443,15,20,37,0.08611131771133601,0.3819830568472754,-0.6625754737093237,0.8347981091319958,TRUE,15 °C,20,0.08611131771133601,-0.6625754737093237,0.8347981091319958
3.8647358490566006,15,20,37,0.09282892565126881,0.38268128554151765,-0.6572263940101059,0.8428842453126434,TRUE,15 °C,20,0.09282892565126881,-0.6572263940101059,0.8428842453126434
3.9037735849056574,15,20,37,0.09954653359120312,0.38339618213261184,-0.6519099833887161,0.8510030505711224,TRUE,15 °C,20,0.09954653359120312,-0.6519099833887161,0.8510030505711224
3.9428113207547137,15,20,37,0.10626414153113743,0.38412765355914186,-0.6466260594447807,0.8591543425070555,TRUE,15 °C,20,0.10626414153113743,-0.6466260594447807,0.8591543425070555
3.9818490566037705,15,20,37,0.11298174947107084,0.3848756053177131,-0.6413744369516468,0.8673379358937885,TRUE,15 °C,20,0.11298174947107084,-0.6413744369516468,0.8673379358937885
4.020886792452827,15,20,37,0.11969935741100365,0.3856399415171286,-0.6361549279625683,0.8755536427845757,TRUE,15 °C,20,0.11969935741100365,-0.6361549279625683,0.8755536427845757
4.059924528301884,15,20,37,0.12641696535093858,0.3864205649325967,-0.6309673419169509,0.8838012726188281,TRUE,15 °C,20,0.12641696535093858,-0.6309673419169509,0.8838012726188281
4.0989622641509404,15,20,37,0.1331345732908729,0.38721737705990744,-0.6258114857465457,0.8920806323282914,TRUE,15 °C,20,0.1331345732908729,-0.6258114857465457,0.8920806323282914
4.137999999999996,15,20,37,0.13985218123080567,0.3880302781695217,-0.6206871639814568,0.9003915264430682,TRUE,15 °C,20,0.13985218123080567,-0.6206871639814568,0.9003915264430682
4.177037735849053,15,20,37,0.14656978917073998,0.38885916736051457,-0.6155941788558685,0.9087337571973486,TRUE,15 °C,20,0.14656978917073998,-0.6155941788558685,0.9087337571973486
4.21607547169811,15,20,37,0.15328739711067252,0.38970394261431895,-0.6105323304133926,0.9171071246347376,TRUE,15 °C,20,0.15328739711067252,-0.6105323304133926,0.9171071246347376
4.255113207547167,15,20,37,0.16000500505060683,0.39056450084820876,-0.6055014166118824,0.9255114267130959,TRUE,15 °C,20,0.16000500505060683,-0.6055014166118824,0.9255114267130959
4.294150943396223,15,20,37,0.16672261299054142,0.39144073796848333,-0.6005012334276858,0.9339464594087687,TRUE,15 °C,20,0.16672261299054142,-0.6005012334276858,0.9339464594087687
4.333188679245279,15,20,37,0.17344022093047573,0.39233254892328984,-0.5955315749591723,0.9424120168201238,TRUE,15 °C,20,0.17344022093047573,-0.5955315749591723,0.9424120168201238
4.372226415094336,15,20,37,0.18015782887041154,0.39323982775504246,-0.5905922335294717,0.9509078912702947,TRUE,15 °C,20,0.18015782887041154,-0.5905922335294717,0.9509078912702947
4.411264150943393,15,20,37,0.18687543681034255,0.3941624676523879,-0.5856829997883377,0.9594338734090229,TRUE,15 °C,20,0.18687543681034255,-0.5856829997883377,0.9594338734090229
4.450301886792449,15,20,37,0.19359304475027864,0.39510036100168083,-0.5808036628130158,0.967989752313573,TRUE,15 °C,20,0.19359304475027864,-0.5808036628130158,0.967989752313573
4.489339622641506,15,20,37,0.20031065269020967,0.39605339943791956,-0.5759540102081127,0.976575315588532,TRUE,15 °C,20,0.20031065269020967,-0.5759540102081127,0.976575315588532
4.5283773584905624,15,20,37,0.20702826063014548,0.39702147389510306,-0.5711338282042565,0.9851903494645474,FALSE,15 °C,20,NA,NA,NA
4.567415094339619,15,20,37,0.21374586857007652,0.3980044746559803,-0.566342901755645,0.9938346388957979,FALSE,15 °C,20,NA,NA,NA
4.606452830188675,15,20,37,0.22046347651001258,0.39900229140113974,-0.5615810146362212,1.0025079676562465,FALSE,15 °C,20,NA,NA,NA
4.645490566037732,15,20,37,0.2271810844499469,0.40001481325742383,-0.5568479495346038,1.0112101184344975,FALSE,15 °C,20,NA,NA,NA
4.684528301886789,15,20,37,0.23389869238987943,0.4010419288456237,-0.5521434881475429,1.0199408729273018,FALSE,15 °C,20,NA,NA,NA
4.7235660377358455,15,20,37,0.24061630032981374,0.4020835263274285,-0.5474674112719461,1.0287000119315737,FALSE,15 °C,20,NA,NA,NA
4.762603773584901,15,20,37,0.24733390826974833,0.40313949345160277,-0.542819498895393,1.0374873154348898,FALSE,15 °C,20,NA,NA,NA
4.801641509433958,15,20,37,0.25405151620968264,0.4042097175993738,-0.5381995302850899,1.0463025627044553,FALSE,15 °C,20,NA,NA,NA
4.840679245283015,15,20,37,0.2607691241496152,0.405294085828982,-0.5336072840751895,1.0551455323744199,FALSE,15 °C,20,NA,NA,NA
4.879716981132072,15,20,37,0.2674867320895495,0.4063924849194067,-0.5290425383524877,1.0640160025315866,FALSE,15 °C,20,NA,NA,NA
4.918754716981128,15,20,37,0.2742043400294838,0.4075048014132151,-0.5245050707404177,1.0729137507993853,FALSE,15 °C,20,NA,NA,NA
4.957792452830184,15,20,37,0.28092194796941655,0.40863092165854625,-0.5199946584813342,1.0818385544201672,FALSE,15 °C,20,NA,NA,NA
4.996830188679241,15,20,37,0.28763955590935236,0.4097707318501847,-0.5155110785170096,1.0907901903357144,FALSE,15 °C,20,NA,NA,NA
5.035867924528298,15,20,37,0.2943571638492834,0.41092411806974,-0.5110541075674069,1.0997684352659738,FALSE,15 °C,20,NA,NA,NA
5.074905660377355,15,20,37,0.3010747717892192,0.41209096632489567,-0.5066235222075763,1.1087730657860146,FALSE,15 °C,20,NA,NA,NA
5.113943396226411,15,20,37,0.307792379729152,0.4132711625877294,-0.5022190989427975,1.1178038584011016,FALSE,15 °C,20,NA,NA,NA
5.1529811320754675,15,20,37,0.31450998766908633,0.4144645928320959,-0.4978406142818217,1.1268605896199944,FALSE,15 °C,20,NA,NA,NA
5.192018867924524,15,20,37,0.32122759560902064,0.41567114307006103,-0.49348784480829894,1.1359430360263403,FALSE,15 °C,20,NA,NA,NA
5.231056603773581,15,20,37,0.3279452035489532,0.416890699387384,-0.4891605672503194,1.1450509743482258,FALSE,15 °C,20,NA,NA,NA
5.270094339622637,15,20,37,0.3346628114888875,0.41812314797804184,-0.4848585585480745,1.1541841815258496,FALSE,15 °C,20,NA,NA,NA
5.309132075471694,15,20,37,0.3413804194288203,0.41936837517779985,-0.48058159591966737,1.163342434777308,FALSE,15 °C,20,NA,NA,NA
5.3481698113207505,15,20,37,0.3480980273687561,0.4206262674968156,-0.47632945692500245,1.1725255116625146,FALSE,15 °C,20,NA,NA,NA
5.387207547169807,15,20,37,0.35481563530868715,0.4218967116512896,-0.4721019195278405,1.1817331901452148,FALSE,15 °C,20,NA,NA,NA
5.426245283018863,15,20,37,0.3615332432486232,0.4231795945941576,-0.4678987621559257,1.190965248653172,FALSE,15 °C,20,NA,NA,NA
5.46528301886792,15,20,37,0.3682508511885575,0.42447480354482,-0.4637197637592897,1.2002214661364046,FALSE,15 °C,20,NA,NA,NA
5.504320754716977,15,20,37,0.37496845912849003,0.425782226017934,-0.45956470386666054,1.2095016221236405,FALSE,15 °C,20,NA,NA,NA
5.543358490566034,15,20,37,0.38168606706842434,0.4271017498512439,-0.45543336264001366,1.2188054967768625,FALSE,15 °C,20,NA,NA,NA
5.5823962264150895,15,20,37,0.38840367500835893,0.4284332632324857,-0.45132552092731304,1.228132870944031,FALSE,15 °C,20,NA,NA,NA
5.621433962264146,15,20,37,0.39512128294829324,0.42977665472535115,-0.44724096031339494,1.2374835262099815,FALSE,15 °C,20,NA,NA,NA
5.660471698113203,15,20,37,0.4018388908882258,0.4311318132945256,-0.44317946316904444,1.246857244945496,FALSE,15 °C,20,NA,NA,NA
5.69950943396226,15,20,37,0.4085564988281601,0.4324986283298153,-0.4391408126982778,1.256253810354598,FALSE,15 °C,20,NA,NA,NA
5.738547169811316,15,20,37,0.4152741067680944,0.43387698966936683,-0.43512479298386453,1.2656730065200534,FALSE,15 °C,20,NA,NA,NA
5.7775849056603725,15,20,37,0.4219917147080272,0.43526678762199034,-0.43113118903107384,1.2751146184471283,FALSE,15 °C,20,NA,NA,NA
5.816622641509429,15,20,37,0.428709322647963,0.43666791298859786,-0.4271597868096888,1.2845784321056148,FALSE,15 °C,20,NA,NA,NA
5.855660377358486,15,20,37,0.43542693058789406,0.43808025708276527,-0.42321037329432587,1.294064234470114,FALSE,15 °C,20,NA,NA,NA
5.894698113207542,15,20,37,0.4421445385278301,0.43950371175044706,-0.41928273650304615,1.3035718135587064,FALSE,15 °C,20,NA,NA,NA
5.933735849056599,15,20,37,0.4488621464677611,0.4409381693888324,-0.4153766655343504,1.3131009584698727,FALSE,15 °C,20,NA,NA,NA
5.972773584905656,15,20,37,0.45557975440769694,0.44238352296436456,-0.4114919506024576,1.3226514594178513,FALSE,15 °C,20,NA,NA,NA
6.011811320754712,15,20,37,0.46229736234763125,0.4438396660299589,-0.4076283830710881,1.3322231077663507,FALSE,15 °C,20,NA,NA,NA
6.050849056603768,15,20,37,0.46901497028756584,0.44530649274139644,-0.4037857554855712,1.3418156960607028,FALSE,15 °C,20,NA,NA,NA
6.089886792452825,15,20,37,0.47573257822749687,0.4467838978729368,-0.39996386160345926,1.351429018058453,FALSE,15 °C,20,NA,NA,NA
6.128924528301882,15,20,37,0.4824501861674327,0.4482717768321608,-0.3961624964236024,1.3610628687584678,FALSE,15 °C,20,NA,NA,NA
6.167962264150939,15,20,37,0.489167794107367,0.44977002567403657,-0.39238145621374465,1.3707170444284786,FALSE,15 °C,20,NA,NA,NA
6.2069999999999945,15,20,37,0.4958854020472998,0.4512785411142642,-0.388620538536658,1.3803913426312575,FALSE,15 °C,20,NA,NA,NA
0,20,20,37,-1.888800525591123,0.4737523068994179,-2.817355047113982,-0.9602460040682641,TRUE,20 °C,20,-1.888800525591123,-2.817355047113982,-0.9602460040682641
0.03903773584905657,20,20,37,-1.8536359488645058,0.4709677641040668,-2.7767327665084767,-0.9305391312205348,TRUE,20 °C,20,-1.8536359488645058,-2.7767327665084767,-0.9305391312205348
0.07807547169811314,20,20,37,-1.8184713721378891,0.4682133685203266,-2.7361695744377292,-0.900773169838049,TRUE,20 °C,20,-1.8184713721378891,-2.7361695744377292,-0.900773169838049
0.11711320754716972,20,20,37,-1.7833067954112731,0.4654896553097845,-2.6956665198184506,-0.8709470710040955,TRUE,20 °C,20,-1.7833067954112731,-2.6956665198184506,-0.8709470710040955
0.1561509433962263,20,20,37,-1.748142218684656,0.46279716620026556,-2.6552246644371764,-0.8410597729321355,TRUE,20 °C,20,-1.748142218684656,-2.6552246644371764,-0.8410597729321355
0.19518867924528285,20,20,37,-1.7129776419580391,0.4601364493157157,-2.614845082616842,-0.8111102012992364,TRUE,20 °C,20,-1.7129776419580391,-2.614845082616842,-0.8111102012992364
0.23422641509433945,20,20,37,-1.6778130652314227,0.45750805898700336,-2.574528860845949,-0.7810972696168962,TRUE,20 °C,20,-1.6778130652314227,-2.574528860845949,-0.7810972696168962
0.273264150943396,20,20,37,-1.6426484885048058,0.4549125555428651,-2.5342770973688213,-0.7510198796407903,TRUE,20 °C,20,-1.6426484885048058,-2.5342770973688213,-0.7510198796407903
0.3123018867924526,20,20,37,-1.607483911778189,0.4523505050802185,-2.4940909017354174,-0.7208769218209606,TRUE,20 °C,20,-1.607483911778189,-2.4940909017354174,-0.7208769218209606
0.35133962264150914,20,20,37,-1.5723193350515718,0.44982247921310115,-2.4539713943092503,-0.6906672757938936,TRUE,20 °C,20,-1.5723193350515718,-2.4539713943092503,-0.6906672757938936
0.3903773584905657,20,20,37,-1.537154758324955,0.4473290547995025,-2.41391970573198,-0.66038981091793,TRUE,20 °C,20,-1.537154758324955,-2.41391970573198,-0.66038981091793
0.42941509433962227,20,20,37,-1.501990181598338,0.44487081364539455,-2.3739369763433116,-0.6300433868533648,TRUE,20 °C,20,-1.501990181598338,-2.3739369763433116,-0.6300433868533648
0.4684528301886789,20,20,37,-1.4668256048717214,0.4424483421852972,-2.334024355554904,-0.5996268541885389,TRUE,20 °C,20,-1.4668256048717214,-2.334024355554904,-0.5996268541885389
0.5074905660377355,20,20,37,-1.4316610281451045,0.4400622311387607,-2.2941830011770756,-0.5691390551131336,TRUE,20 °C,20,-1.4316610281451045,-2.2941830011770756,-0.5691390551131336
0.546528301886792,20,20,37,-1.3964964514184877,0.4377130751421915,-2.2544140786971827,-0.5385788241397924,TRUE,20 °C,20,-1.3964964514184877,-2.2544140786971827,-0.5385788241397924
0.5855660377358486,20,20,37,-1.361331874691871,0.43540147235551097,-2.2147187605086724,-0.5079449888750696,TRUE,20 °C,20,-1.361331874691871,-2.2147187605086724,-0.5079449888750696
0.6246037735849052,20,20,37,-1.3261672979652546,0.4331280240431963,-2.1750982250899193,-0.4772363708405899,TRUE,20 °C,20,-1.3261672979652546,-2.1750982250899193,-0.4772363708405899
0.6636415094339617,20,20,37,-1.2910027212386375,0.4308933341293223,-2.1355536561321093,-0.4464517863451658,TRUE,20 °C,20,-1.2910027212386375,-2.1355536561321093,-0.4464517863451658
0.7026792452830183,20,20,37,-1.2558381445120208,0.4286980087263151,-2.0960862416155983,-0.4155900474084433,TRUE,20 °C,20,-1.2558381445120208,-2.0960862416155983,-0.4155900474084433
0.7417169811320748,20,20,37,-1.2206735677854037,0.4265426556372,-2.0566971728343155,-0.38464996273649166,TRUE,20 °C,20,-1.2206735677854037,-2.0566971728343155,-0.38464996273649166
0.7807547169811314,20,20,37,-1.185508991058787,0.4244278838312416,-2.0173876433680205,-0.3536303387495535,TRUE,20 °C,20,-1.185508991058787,-2.0173876433680205,-0.3536303387495535
0.819792452830188,20,20,37,-1.1503444143321704,0.4223543028929624,-1.9781588480023766,-0.32252998066196414,TRUE,20 °C,20,-1.1503444143321704,-1.9781588480023766,-0.32252998066196414
0.8588301886792445,20,20,37,-1.1151798376055533,0.4203225224446559,-1.939011981597079,-0.2913476936140277,TRUE,20 °C,20,-1.1151798376055533,-1.939011981597079,-0.2913476936140277
0.8978679245283011,20,20,37,-1.0800152608789366,0.4183331515426188,-1.8999482379024695,-0.2600822838554038,TRUE,20 °C,20,-1.0800152608789366,-1.8999482379024695,-0.2600822838554038
0.9369056603773578,20,20,37,-1.044850684152319,0.4163867980474702,-1.8609688083253606,-0.22873255997927755,TRUE,20 °C,20,-1.044850684152319,-1.8609688083253606,-0.22873255997927755
0.9759433962264144,20,20,37,-1.0096861074257029,0.4144840679690515,-1.8220748806450437,-0.19729733420636186,TRUE,20 °C,20,-1.0096861074257029,-1.8220748806450437,-0.19729733420636186
1.014981132075471,20,20,37,-0.9745215306990863,0.4126255647865572,-1.7832676376807384,-0.16577542371743414,TRUE,20 °C,20,-0.9745215306990863,-1.7832676376807384,-0.16577542371743414
1.0540188679245275,20,20,37,-0.9393569539724689,0.41081188874469154,-1.7445482559120644,-0.13416565203287345,TRUE,20 °C,20,-0.9393569539724689,-1.7445482559120644,-0.13416565203287345
1.093056603773584,20,20,37,-0.9041923772458522,0.4090436361268075,-1.7059179040543948,-0.10246685043730952,TRUE,20 °C,20,-0.9041923772458522,-1.7059179040543948,-0.10246685043730952
1.1320943396226406,20,20,37,-0.8690278005192351,0.40732139850614624,-1.6673777415912818,-0.07067785944718852,TRUE,20 °C,20,-0.8690278005192351,-1.6673777415912818,-0.07067785944718852
1.1711320754716972,20,20,37,-0.8338632237926189,0.40564576197646757,-1.6289289172664954,-0.038797530318742446,TRUE,20 °C,20,-0.8338632237926189,-1.6289289172664954,-0.038797530318742446
1.2101698113207537,20,20,37,-0.7986986470660026,0.40401730636352556,-1.5905725675385125,-0.006824726593492536,TRUE,20 °C,20,-0.7986986470660026,-1.5905725675385125,-0.006824726593492536
1.2492075471698103,20,20,37,-0.7635340703393851,0.4024366044190215,-1.5523098150006673,0.025241674321897056,TRUE,20 °C,20,-0.7635340703393851,-1.5523098150006673,0.025241674321897056
1.2882452830188669,20,20,37,-0.7283694936127685,0.4009042209988426,-1.5141417667705,0.05740277954496298,TRUE,20 °C,20,-0.7283694936127685,-1.5141417667705,0.05740277954496298
1.3272830188679234,20,20,37,-0.6932049168861514,0.39942071222755754,-1.4760695128521641,0.08965967907986139,TRUE,20 °C,20,-0.6932049168861514,-1.4760695128521641,0.08965967907986139
1.36632075471698,20,20,37,-0.6580403401595344,0.3979866246513232,-1.4380941244761278,0.12201344415705906,TRUE,20 °C,20,-0.6580403401595344,-1.4380941244761278,0.12201344415705906
1.4053584905660366,20,20,37,-0.6228757634329181,0.3966024943815163,-1.4002166524206898,0.1544651255548538,TRUE,20 °C,20,-0.6228757634329181,-1.4002166524206898,0.1544651255548538
1.4443962264150931,20,20,37,-0.5877111867063011,0.3952688462315638,-1.362438125320166,0.18701575190756392,TRUE,20 °C,20,-0.5877111867063011,-1.362438125320166,0.18701575190756392
1.4834339622641497,20,20,37,-0.552546609979684,0.3939861928496049,-1.3247595479649097,0.21966632800554164,TRUE,20 °C,20,-0.552546609979684,-1.3247595479649097,0.21966632800554164
1.5224716981132063,20,20,37,-0.5173820332530678,0.39275503384975735,-1.2871818995985922,0.2524178330924567,TRUE,20 °C,20,-0.5173820332530678,-1.2871818995985922,0.2524178330924567
1.5615094339622628,20,20,37,-0.48221745652645065,0.39157585494489544,-1.2497061322184457,0.28527121916554443,TRUE,20 °C,20,-0.48221745652645065,-1.2497061322184457,0.28527121916554443
1.6005471698113194,20,20,37,-0.44705287979983366,0.3904491270839657,-1.2123331688844063,0.318227409284739,TRUE,20 °C,20,-0.44705287979983366,-1.2123331688844063,0.318227409284739
1.639584905660376,20,20,37,-0.41188830307321656,0.38937530559697736,-1.1750639020432923,0.35128729589685903,TRUE,20 °C,20,-0.41188830307321656,-1.1750639020432923,0.35128729589685903
1.6786226415094325,20,20,37,-0.3767237263466003,0.38835482935088056,-1.1378991918743262,0.3844517391811256,TRUE,20 °C,20,-0.3767237263466003,-1.1378991918743262,0.3844517391811256
1.717660377358489,20,20,37,-0.34155914961998407,0.3873881199196322,-1.100839864662463,0.417721565422495,TRUE,20 °C,20,-0.34155914961998407,-1.100839864662463,0.417721565422495
1.7566981132075457,20,20,37,-0.30639457289336697,0.38647558077178235,-1.0638867112060604,0.4510975654193264,TRUE,20 °C,20,-0.30639457289336697,-1.0638867112060604,0.4510975654193264
1.7957358490566022,20,20,37,-0.27122999616675,0.3856175964789593,-1.0270404852655102,0.4845804929320103,TRUE,20 °C,20,-0.27122999616675,-1.0270404852655102,0.4845804929320103
1.8347735849056588,20,20,37,-0.23606541944013198,0.3848145319486203,-0.9903019020594277,0.5181710631791638,TRUE,20 °C,20,-0.23606541944013198,-0.9903019020594277,0.5181710631791638
1.8738113207547156,20,20,37,-0.2009008427135159,0.3840667316844372,-0.9536716368150129,0.551869951387981,TRUE,20 °C,20,-0.2009008427135159,-0.9536716368150129,0.551869951387981
1.9128490566037721,20,20,37,-0.16573626598689892,0.3833745190776235,-0.917150323379041,0.5856777914052431,TRUE,20 °C,20,-0.16573626598689892,-0.917150323379041,0.5856777914052431
1.9518867924528287,20,20,37,-0.13057168926028256,0.38273819573245604,-0.8807385528958964,0.6195951743753312,TRUE,20 °C,20,-0.13057168926028256,-0.8807385528958964,0.6195951743753312
1.9909245283018853,20,20,37,-0.09540711253366545,0.3821580408291527,-0.8444368725588047,0.6536226474914739,TRUE,20 °C,20,-0.09540711253366545,-0.8444368725588047,0.6536226474914739
2.029962264150942,20,20,37,-0.06024253580704846,0.3816343105271334,-0.8082457844402299,0.687760712826133,TRUE,20 °C,20,-0.06024253580704846,-0.8082457844402299,0.687760712826133
2.068999999999998,20,20,37,-0.025077959080432238,0.38116723741157005,-0.7721657444071095,0.7220098262462451,TRUE,20 °C,20,-0.025077959080432238,-0.7721657444071095,0.7220098262462451
2.108037735849055,20,20,37,0.01008661764618474,0.38075702998594674,-0.7361971611262708,0.7563703964186403,TRUE,20 °C,20,0.01008661764618474,-0.7361971611262708,0.7563703964186403
2.1470754716981113,20,20,37,0.045251194372801236,0.38040387221317024,-0.7003403951650125,0.7908427839106149,TRUE,20 °C,20,0.045251194372801236,-0.7003403951650125,0.7908427839106149
2.186113207547168,20,20,37,0.08041577109941897,0.3801079231075457,-0.6645957581913706,0.8254273003902086,TRUE,20 °C,20,0.08041577109941897,-0.6645957581913706,0.8254273003902086
2.2251509433962244,20,20,37,0.11558034782603534,0.37986931637971666,-0.6289635122782093,0.86012420793028,TRUE,20 °C,20,0.11558034782603534,-0.6289635122782093,0.86012420793028
2.2641886792452812,20,20,37,0.15074492455265232,0.37968816013639295,-0.5934438693146779,0.8949337184199825,TRUE,20 °C,20,0.15074492455265232,-0.5934438693146779,0.8949337184199825
2.3032264150943376,20,20,37,0.18590950127926853,0.3795645366364297,-0.5580369905281336,0.9298559930866707,TRUE,20 °C,20,0.18590950127926853,-0.5580369905281336,0.9298559930866707
2.3422641509433944,20,20,37,0.2210740780058864,0.3794985021045539,-0.5227429861190391,0.964891142130812,TRUE,20 °C,20,0.2210740780058864,-0.5227429861190391,0.964891142130812
2.3813018867924507,20,20,37,0.2562386547325028,0.3794900866036895,-0.4875619150107286,1.0000392244757341,TRUE,20 °C,20,0.2562386547325028,-0.4875619150107286,1.0000392244757341
2.4203396226415075,20,20,37,0.291403231459119,0.37953929396658664,-0.45249378471539076,1.0353002476336288,TRUE,20 °C,20,0.291403231459119,-0.45249378471539076,1.0353002476336288
2.459377358490564,20,20,37,0.3265678081857361,0.3796461017870962,-0.41753855131697243,1.0706741676884446,TRUE,20 °C,20,0.3265678081857361,-0.41753855131697243,1.0706741676884446
2.4984150943396206,20,20,37,0.3617323849123531,0.37981046147114567,-0.38269611957109234,1.1061608893957986,TRUE,20 °C,20,0.3617323849123531,-0.38269611957109234,1.1061608893957986
2.5374528301886774,20,20,37,0.39689696163897004,0.380032298347146,-0.34796634312143615,1.1417602663993762,TRUE,20 °C,20,0.39689696163897004,-0.34796634312143615,1.1417602663993762
2.5764905660377337,20,20,37,0.4320615383655872,0.3803115118352426,-0.31334902483148824,1.1774721015626626,TRUE,20 °C,20,0.4320615383655872,-0.31334902483148824,1.1774721015626626
2.6155283018867905,20,20,37,0.4672261150922049,0.38064797567451386,-0.27884391722984225,1.213296147414252,TRUE,20 °C,20,0.4672261150922049,-0.27884391722984225,1.213296147414252
2.654566037735847,20,20,37,0.5023906918188197,0.38104153820693293,-0.24445072306676885,1.249232106704408,TRUE,20 °C,20,0.5023906918188197,-0.24445072306676885,1.249232106704408
2.6936037735849037,20,20,37,0.5375552685454382,0.3814920227166088,-0.21016909597911504,1.2852796330699916,TRUE,20 °C,20,0.5375552685454382,-0.21016909597911504,1.2852796330699916
2.73264150943396,20,20,37,0.5727198452720544,0.3819992278225404,-0.17599864126012477,1.3214383318042335,TRUE,20 °C,20,0.5727198452720544,-0.17599864126012477,1.3214383318042335
2.771679245283017,20,20,37,0.6078844219986707,0.3825629279228826,-0.14193891673017922,1.3577077607275205,TRUE,20 °C,20,0.6078844219986707,-0.14193891673017922,1.3577077607275205
2.810716981132073,20,20,37,0.6430489987252863,0.3831828736884558,-0.10798943370408709,1.3940874311546598,TRUE,20 °C,20,0.6430489987252863,-0.10798943370408709,1.3940874311546598
2.84975471698113,20,20,37,0.678213575451905,0.3838587926030372,-0.07414965805004792,1.430576808953858,TRUE,20 °C,20,0.678213575451905,-0.07414965805004792,1.430576808953858
2.8887924528301863,20,20,37,0.7133781521785221,0.3845903895477411,-0.040419011335050437,1.4671753156920946,TRUE,20 °C,20,0.7133781521785221,-0.040419011335050437,1.4671753156920946
2.927830188679243,20,20,37,0.7485427289051374,0.38537734742666013,-0.006796872051116454,1.5038823298613913,TRUE,20 °C,20,0.7485427289051374,-0.006796872051116454,1.5038823298613913
2.9668679245282994,20,20,37,0.7837073056317545,0.38621932783075125,0.026717423083482128,1.5406971881800269,TRUE,20 °C,20,0.7837073056317545,0.026717423083482128,1.5406971881800269
3.005905660377356,20,20,37,0.8188718823583732,0.38711597173685564,0.060124577754136155,1.5776191869626102,TRUE,20 °C,20,0.8188718823583732,0.060124577754136155,1.5776191869626102
3.0449433962264125,20,20,37,0.8540364590849887,0.3880669002386134,0.09342533461730651,1.6146475835526708,TRUE,20 °C,20,0.8540364590849887,0.09342533461730651,1.6146475835526708
3.0839811320754693,20,20,37,0.889201035811604,0.38907171530599,0.1266204738118637,1.6517815978113444,TRUE,20 °C,20,0.889201035811604,0.1266204738118637,1.6517815978113444
3.1230188679245257,20,20,37,0.9243656125382211,0.39013000057005137,0.15971081142092047,1.6890204136555218,TRUE,20 °C,20,0.9243656125382211,0.15971081142092047,1.6890204136555218
3.1620566037735824,20,20,37,0.9595301892648398,0.39124132212962226,0.19269719789078021,1.7263631806388995,TRUE,20 °C,20,0.9595301892648398,0.19269719789078021,1.7263631806388995
3.201094339622639,20,20,37,0.994694765991456,0.3924052293764511,0.22558051641361188,1.7638090155693003,TRUE,20 °C,20,0.994694765991456,0.22558051641361188,1.7638090155693003
3.2401320754716956,20,20,37,1.0298593427180722,0.3936212558355286,0.25836168128043624,1.801357004155708,TRUE,20 °C,20,1.0298593427180722,0.25836168128043624,1.801357004155708
3.279169811320752,20,20,37,1.0650239194446902,0.3948889200172566,0.2910416362108672,1.8390062026785132,TRUE,20 °C,20,1.0650239194446902,0.2910416362108672,1.8390062026785132
3.3182075471698087,20,20,37,1.1001884961713064,0.39620772627821943,0.32362135266599634,1.8767556396766165,TRUE,20 °C,20,1.1001884961713064,0.32362135266599634,1.8767556396766165
3.357245283018865,20,20,37,1.1353530728979226,0.3975771656873925,0.3561018281506334,1.9146043176452119,TRUE,20 °C,20,1.1353530728979226,0.3561018281506334,1.9146043176452119
3.396283018867922,20,20,37,1.1705176496245413,0.3989967168947488,0.3884840845108336,1.952551214738249,TRUE,20 °C,20,1.1705176496245413,0.3884840845108336,1.952551214738249
3.435320754716978,20,20,37,1.2056822263511568,0.4004658469992917,0.4207691662325451,1.9905952864697687,TRUE,20 °C,20,1.2056822263511568,0.4207691662325451,1.9905952864697687
3.474358490566035,20,20,37,1.2408468030777737,0.4019840124137205,0.4529581387468815,2.0287354674086657,TRUE,20 °C,20,1.2408468030777737,0.4529581387468815,2.0287354674086657
3.5133962264150913,20,20,37,1.2760113798043902,0.4035506597230547,0.4850520867472029,2.0669706728615775,TRUE,20 °C,20,1.2760113798043902,0.4850520867472029,2.0669706728615775
3.552433962264148,20,20,37,1.311175956531007,0.4051652265346749,0.5170521125230443,2.10529980053897,TRUE,20 °C,20,1.311175956531007,0.5170521125230443,2.10529980053897
3.5914716981132044,20,20,37,1.3463405332576242,0.40682714231744677,0.5489593343154285,2.1437217321998197,TRUE,20 °C,20,1.3463405332576242,0.5489593343154285,2.1437217321998197
3.6305094339622612,20,20,37,1.3815051099842413,0.40853582922770565,0.5807748846979381,2.182235335270544,TRUE,20 °C,20,1.3815051099842413,0.5807748846979381,2.182235335270544
3.6695471698113176,20,20,37,1.4166696867108584,0.41029070292009034,0.6124999089874813,2.2208394644342353,TRUE,20 °C,20,1.4166696867108584,0.6124999089874813,2.2208394644342353
3.7085849056603744,20,20,37,1.451834263437474,0.41209117334135875,0.6441355636884107,2.259532963186537,TRUE,20 °C,20,1.451834263437474,0.6441355636884107,2.259532963186537
3.747622641509431,20,20,37,1.4869988401640923,0.41393664550551407,0.6756830149732848,2.2983146653549,TRUE,20 °C,20,1.4869988401640923,0.6756830149732848,2.2983146653549
3.7866603773584875,20,20,37,1.5221634168907077,0.4158265202487216,0.7071434372032134,2.337183396578202,TRUE,20 °C,20,1.5221634168907077,0.7071434372032134,2.337183396578202
3.8256981132075443,20,20,37,1.5573279936173263,0.4177601949626925,0.738518011490449,2.3761379757442036,TRUE,20 °C,20,1.5573279936173263,0.738518011490449,2.3761379757442036
3.8647358490566006,20,20,37,1.592492570343942,0.4197370643053547,0.769807924305447,2.415177216382437,TRUE,20 °C,20,1.592492570343942,0.769807924305447,2.415177216382437
3.9037735849056574,20,20,37,1.6276571470705592,0.421756520887811,0.8010143661304496,2.454299928010669,TRUE,20 °C,20,1.6276571470705592,0.8010143661304496,2.454299928010669
3.9428113207547137,20,20,37,1.6628217237971745,0.42381795593675414,0.8321385301611364,2.4935049174332127,TRUE,20 °C,20,1.6628217237971745,0.8321385301611364,2.4935049174332127
3.9818490566037705,20,20,37,1.6979863005237916,0.4259207599316204,0.8631816110578157,2.532790989989768,TRUE,20 °C,20,1.6979863005237916,0.8631816110578157,2.532790989989768
4.020886792452827,20,20,37,1.7331508772504103,0.42806432321597804,0.8941448037470934,2.572156950753727,TRUE,20 °C,20,1.7331508772504103,0.8941448037470934,2.572156950753727
4.059924528301884,20,20,37,1.7683154539770256,0.4302480365827148,0.9250293022749045,2.6116016056791467,TRUE,20 °C,20,1.7683154539770256,0.9250293022749045,2.6116016056791467
4.0989622641509404,20,20,37,1.803480030703644,0.4324712918327788,0.9558362987113975,2.6511237626958906,TRUE,20 °C,20,1.803480030703644,0.9558362987113975,2.6511237626958906
4.137999999999996,20,20,37,1.8386446074302598,0.4347334823073181,0.9865669821079163,2.6907222327526035,FALSE,20 °C,20,NA,NA,NA
4.177037735849053,20,20,37,1.873809184156877,0.43703400339319776,1.0172225375062092,2.7303958308075447,FALSE,20 °C,20,NA,NA,NA
4.21607547169811,20,20,37,1.9089737608834938,0.43937225300197114,1.0478041449996303,2.7701433767673573,FALSE,20 °C,20,NA,NA,NA
4.255113207547167,20,20,37,1.9441383376101105,0.44174763202248607,1.078312978846038,2.809963696374183,FALSE,20 °C,20,NA,NA,NA
4.294150943396223,20,20,37,1.9793029143367267,0.4441595447474056,1.1087502066318118,2.8498556220416416,FALSE,20 °C,20,NA,NA,NA
4.333188679245279,20,20,37,2.0144674910633436,0.44660739927398746,1.1391169884863281,2.889817993640359,FALSE,20 °C,20,NA,NA,NA
4.372226415094336,20,20,37,2.049632067789962,0.44909060787955823,1.169414476346028,2.929849659233896,FALSE,20 °C,20,NA,NA,NA
4.411264150943393,20,20,37,2.0847966445165773,0.4516085873721743,1.1996438132671157,2.9699494757660387,FALSE,20 °C,20,NA,NA,NA
4.450301886792449,20,20,37,2.119961221243193,0.45416075941703093,1.2298061327858125,3.0101163097005736,FALSE,20 °C,20,NA,NA,NA
4.489339622641506,20,20,37,2.1551257979698115,0.4567465508392168,1.2599025583249466,3.0503490376146765,FALSE,20 °C,20,NA,NA,NA
4.5283773584905624,20,20,37,2.190290374696427,0.459365393903471,1.2899342026456238,3.09064654674723,FALSE,20 °C,20,NA,NA,NA
4.567415094339619,20,20,37,2.2254549514230457,0.46201672657163123,1.3199021673426485,3.131007735503443,FALSE,20 °C,20,NA,NA,NA
4.606452830188675,20,20,37,2.2606195281496615,0.46469999273847895,1.3498075423822429,3.17143151391708,FALSE,20 °C,20,NA,NA,NA
4.645490566037732,20,20,37,2.29578410487628,0.4674146424467512,1.3796514056806477,3.211916804071912,FALSE,20 °C,20,NA,NA,NA
4.684528301886789,20,20,37,2.3309486816028953,0.47016013208204727,1.4094348227220825,3.252462540483708,FALSE,20 °C,20,NA,NA,NA
4.7235660377358455,20,20,37,2.3661132583295124,0.4729359245484489,1.4391588462145526,3.293067670444472,FALSE,20 °C,20,NA,NA,NA
4.762603773584901,20,20,37,2.401277835056128,0.4757414894255991,1.468824515781954,3.3337311543303025,FALSE,20 °C,20,NA,NA,NA
4.801641509433958,20,20,37,2.4364424117827452,0.47857630310806487,1.498432857690938,3.3744519658745524,FALSE,20 °C,20,NA,NA,NA
4.840679245283015,20,20,37,2.4716069885093623,0.4814398489277562,1.52798488461096,3.4152290924077646,FALSE,20 °C,20,NA,NA,NA
4.879716981132072,20,20,37,2.506771565235979,0.4843316172602017,1.5574815954059837,3.4560615350659742,FALSE,20 °C,20,NA,NA,NA
4.918754716981128,20,20,37,2.5419361419625948,0.4872511056154597,1.5869239749562938,3.4969483089688955,FALSE,20 °C,20,NA,NA,NA
4.957792452830184,20,20,37,2.577100718689213,0.4901978187144436,1.6163129940089038,3.5378884433695226,FALSE,20 °C,20,NA,NA,NA
4.996830188679241,20,20,37,2.6122652954158285,0.49317126855141385,1.6456496090550574,3.5788809817765994,FALSE,20 °C,20,NA,NA,NA
5.035867924528298,20,20,37,2.6474298721424474,0.4961709744434146,1.6749347622333548,3.61992498205154,FALSE,20 °C,20,NA,NA,NA
5.074905660377355,20,20,37,2.6825944488690627,0.49919646306734505,1.7041693812570664,3.6610195164810593,FALSE,20 °C,20,NA,NA,NA
5.113943396226411,20,20,37,2.71775902559568,0.5022472684854248,1.7333543793642474,3.7021636718271123,FALSE,20 °C,20,NA,NA,NA
5.1529811320754675,20,20,37,2.752923602322297,0.5053229321597199,1.762490655289246,3.743356549355348,FALSE,20 °C,20,NA,NA,NA
5.192018867924524,20,20,37,2.7880881790489154,0.508423002956423,1.7915790932543265,3.7845972648435042,FALSE,20 °C,20,NA,NA,NA
5.231056603773581,20,20,37,2.8232527557755325,0.5115470371405367,1.8206205629800805,3.8258849485709847,FALSE,20 °C,20,NA,NA,NA
5.270094339622637,20,20,37,2.858417332502148,0.5146945983615898,1.8496159197134319,3.867218745290864,FALSE,20 °C,20,NA,NA,NA
5.309132075471694,20,20,37,2.8935819092287636,0.5178652576310173,1.8785660042719696,3.9085978141855575,FALSE,20 °C,20,NA,NA,NA
5.3481698113207505,20,20,37,2.928746485955382,0.5210585932917565,1.9074716431035392,3.9500213288072246,FALSE,20 °C,20,NA,NA,NA
5.387207547169807,20,20,37,2.963911062681999,0.5242741909806662,1.9363336483598934,3.991488477004105,FALSE,20 °C,20,NA,NA,NA
5.426245283018863,20,20,37,2.9990756394086144,0.527511643584275,1.9651528179834354,4.032998460833793,FALSE,20 °C,20,NA,NA,NA
5.46528301886792,20,20,37,3.0342402161352333,0.5307705511884011,1.9939299358059672,4.074550496464499,FALSE,20 °C,20,NA,NA,NA
5.504320754716977,20,20,37,3.06940479286185,0.5340505210221197,2.0226657716584953,4.116143814065205,FALSE,20 °C,20,NA,NA,NA
5.543358490566034,20,20,37,3.1045693695884657,0.5373511673965735,2.051361081491182,4.15777765768575,FALSE,20 °C,20,NA,NA,NA
5.5823962264150895,20,20,37,3.139733946315083,0.5406721116390466,2.0800166075025515,4.199451285127614,FALSE,20 °C,20,NA,NA,NA
5.621433962264146,20,20,37,3.174898523041697,0.5440129820227587,2.10863307827709,4.241163967806304,FALSE,20 °C,20,NA,NA,NA
5.660471698113203,20,20,37,3.2100630997683153,0.5473734136927624,2.137211208930501,4.2829149906061295,FALSE,20 °C,20,NA,NA,NA
5.69950943396226,20,20,37,3.2452276764949324,0.5507530485883341,2.1657517012617977,4.324703651728067,FALSE,20 °C,20,NA,NA,NA
5.738547169811316,20,20,37,3.2803922532215495,0.554151535362237,2.194255243911565,4.366529262531534,FALSE,20 °C,20,NA,NA,NA
5.7775849056603725,20,20,37,3.3155568299481666,0.5575685292971687,2.222722512525716,4.408391147370617,FALSE,20 °C,20,NA,NA,NA
5.816622641509429,20,20,37,3.350721406674785,0.5610036922197522,2.251154169924071,4.450288643425499,FALSE,20 °C,20,NA,NA,NA
5.855660377358486,20,20,37,3.385885983401399,0.5644566924123458,2.279550866273201,4.492221100529597,FALSE,20 °C,20,NA,NA,NA
5.894698113207542,20,20,37,3.421050560128015,0.5679272045229731,2.3079132392629873,4.534187880993042,FALSE,20 °C,20,NA,NA,NA
5.933735849056599,20,20,37,3.456215136854633,0.5714149094736471,2.336241914286285,4.576188359422981,FALSE,20 °C,20,NA,NA,NA
5.972773584905656,20,20,37,3.49137971358125,0.5749194943673219,2.364537504621299,4.618221922541201,FALSE,20 °C,20,NA,NA,NA
6.011811320754712,20,20,37,3.5265442903078688,0.5784406523937288,2.3928006116161606,4.660287968999577,FALSE,20 °C,20,NA,NA,NA
6.050849056603768,20,20,37,3.561708867034483,0.5819780827342984,2.421031824875258,4.702385909193708,FALSE,20 °C,20,NA,NA,NA
6.089886792452825,20,20,37,3.5968734437611,0.5855314904663983,2.4492317224469593,4.74451516507524,FALSE,20 °C,20,NA,NA,NA
6.128924528301882,20,20,37,3.6320380204877183,0.5891005864670458,2.4774008710123088,4.786675169963128,FALSE,20 °C,20,NA,NA,NA
6.167962264150939,20,20,37,3.6672025972143323,0.5926850873163046,2.505539826074375,4.82886536835429,FALSE,20 °C,20,NA,NA,NA
6.2069999999999945,20,20,37,3.702367173940951,0.5962847152005147,2.5336491321479424,4.8710852157339595,FALSE,20 °C,20,NA,NA,NA
