max_gust,temperature_avg,butterflies_direct_sun_t_lag,total_butterflies_t_lag,fit,standard_error,conf_low,conf_high,temperature_label,direct_sun_label,nearby_observations,wind_minimum,wind_lower_95,wind_lower,wind_upper,wind_upper_95,wind_maximum,supported_all,supported_95,fit_supported_all,conf_low_supported_all,conf_high_supported_all,fit_supported_95,conf_low_supported_95,conf_high_supported_95
0,10,0,37,0.11977597099596277,0.3838803283373119,-0.6326294725451684,0.8721814145370941,10 °C,0,50,0,0,0,11.819999999999999,12.155,12.4,TRUE,TRUE,0.11977597099596277,-0.6326294725451684,0.8721814145370941,0.11977597099596277,-0.6326294725451684,0.8721814145370941
0.051882845188284524,10,0,37,0.11772684396920685,0.38323682924552627,-0.6334173413520247,0.8688710292904384,10 °C,0,50,0,0,0,11.819999999999999,12.155,12.4,TRUE,TRUE,0.11772684396920685,-0.6334173413520247,0.8688710292904384,0.11772684396920685,-0.6334173413520247,0.8688710292904384
0.10376569037656905,10,0,37,0.11567771694245095,0.3826120056287955,-0.6342418140899881,0.8655972479748901,10 °C,0,50,0,0,0,11.819999999999999,12.155,12.4,TRUE,TRUE,0.11567771694245095,-0.6342418140899881,0.8655972479748901,0.11567771694245095,-0.6342418140899881,0.8655972479748901
0.15564853556485359,10,0,37,0.11362858991569506,0.38200594912610564,-0.6351030703714721,0.8623602502028621,10 °C,0,50,0,0,0,11.819999999999999,12.155,12.4,TRUE,TRUE,0.11362858991569506,-0.6351030703714721,0.8623602502028621,0.11362858991569506,-0.6351030703714721,0.8623602502028621
0.2075313807531381,10,0,37,0.11157946288893913,0.38141874919765906,-0.6360012855384726,0.8591602113163509,10 °C,0,50,0,0,0,11.819999999999999,12.155,12.4,TRUE,TRUE,0.11157946288893913,-0.6360012855384726,0.8591602113163509,0.11157946288893913,-0.6360012855384726,0.8591602113163509
0.2594142259414226,10,0,37,0.10953033586218325,0.38085049306335317,-0.636936630541989,0.8559973022663554,10 °C,0,50,0,0,0,11.819999999999999,12.155,12.4,TRUE,TRUE,0.10953033586218325,-0.636936630541989,0.8559973022663554,0.10953033586218325,-0.636936630541989,0.8559973022663554
0.31129707112970717,10,0,37,0.10748120883542736,0.380301265642141,-0.637909271823169,0.8528716894940237,10 °C,0,50,0,0,0,11.819999999999999,12.155,12.4,TRUE,TRUE,0.10748120883542736,-0.637909271823169,0.8528716894940237,0.10748120883542736,-0.637909271823169,0.8528716894940237
0.3631799163179917,10,0,37,0.10543208180867146,0.3797711494923646,-0.6389193711963632,0.8497835348137062,10 °C,0,50,0,0,0,11.819999999999999,12.155,12.4,TRUE,TRUE,0.10543208180867146,-0.6389193711963632,0.8497835348137062,0.10543208180867146,-0.6389193711963632,0.8497835348137062
0.4150627615062762,10,0,37,0.10338295478191553,0.379260224753153,-0.6399670857342644,0.8467329952980954,10 °C,0,50,0,0,0,11.819999999999999,12.155,12.4,TRUE,TRUE,0.10338295478191553,-0.6399670857342644,0.8467329952980954,0.10338295478191553,-0.6399670857342644,0.8467329952980954
0.4669456066945607,10,0,37,0.10133382775515964,0.3787685690869755,-0.6410525676553123,0.8437202231656316,10 °C,0,50,0,0,0,11.819999999999999,12.155,12.4,TRUE,TRUE,0.10133382775515964,-0.6410525676553123,0.8437202231656316,0.10133382775515964,-0.6410525676553123,0.8437202231656316
0.5188284518828452,10,0,37,0.09928470072840374,0.3782962576234403,-0.6421759642135393,0.8407453656703469,10 °C,0,50,0,0,0,11.819999999999999,12.155,12.4,TRUE,TRUE,0.09928470072840374,-0.6421759642135393,0.8407453656703469,0.09928470072840374,-0.6421759642135393,0.8407453656703469
0.5707112970711298,10,0,37,0.09723557370164783,0.3778433629044292,-0.6433374175910335,0.8378085649943291,10 °C,0,50,0,0,0,11.819999999999999,12.155,12.4,TRUE,TRUE,0.09723557370164783,-0.6433374175910335,0.8378085649943291,0.09723557370164783,-0.6433374175910335,0.8378085649943291
0.6225941422594143,10,0,37,0.09518644667489194,0.3774099548306572,-0.6445370647931962,0.8349099581429801,10 °C,0,50,0,0,0,11.819999999999999,12.155,12.4,TRUE,TRUE,0.09518644667489194,-0.6445370647931962,0.8349099581429801,0.09518644667489194,-0.6445370647931962,0.8349099581429801
0.6744769874476988,10,0,37,0.09313731964813605,0.3769961006097434,-0.645775037546961,0.8320496768432332,10 °C,0,50,0,0,0,11.819999999999999,12.155,12.4,TRUE,TRUE,0.09313731964813605,-0.645775037546961,0.8320496768432332,0.09313731964813605,-0.645775037546961,0.8320496768432332
0.7263598326359834,10,0,37,0.09108819262138013,0.37660186470588186,-0.6470514622021483,0.8292278474449085,10 °C,0,50,0,0,0,11.819999999999999,12.155,12.4,TRUE,TRUE,0.09108819262138013,-0.6470514622021483,0.8292278474449085,0.09108819262138013,-0.6470514622021483,0.8292278474449085
0.7782426778242678,10,0,37,0.08903906559462424,0.37622730879119554,-0.6483664596361189,0.8264445908253675,10 °C,0,50,0,0,0,11.819999999999999,12.155,12.4,TRUE,TRUE,0.08903906559462424,-0.6483664596361189,0.8264445908253675,0.08903906559462424,-0.6483664596361189,0.8264445908253675
0.8301255230125524,10,0,37,0.08698993856786834,0.3758724916988557,-0.6497201451618889,0.8237000222976255,10 °C,0,50,0,0,0,11.819999999999999,12.155,12.4,TRUE,TRUE,0.08698993856786834,-0.6497201451618889,0.8237000222976255,0.08698993856786834,-0.6497201451618889,0.8237000222976255
0.882008368200837,10,0,37,0.08494081154111244,0.3755374693780498,-0.6511126284398652,0.82099425152209,10 °C,0,50,0,0,0,11.819999999999999,12.155,12.4,TRUE,TRUE,0.08494081154111244,-0.6511126284398652,0.82099425152209,0.08494081154111244,-0.6511126284398652,0.82099425152209
0.9338912133891214,10,0,37,0.08289168451435652,0.37522229485087316,-0.6525440133933549,0.8183273824220678,10 °C,0,50,0,0,0,11.819999999999999,12.155,12.4,TRUE,TRUE,0.08289168451435652,-0.6525440133933549,0.8183273824220678,0.08289168451435652,-0.6525440133933549,0.8183273824220678
0.985774058577406,10,0,37,0.08084255748760065,0.3749270181712223,-0.6540143981279951,0.8156995131031963,10 °C,0,50,0,0,0,11.819999999999999,12.155,12.4,TRUE,TRUE,0.08084255748760065,-0.6540143981279951,0.8156995131031963,0.08084255748760065,-0.6540143981279951,0.8156995131031963
1.0376569037656904,10,0,37,0.078793430460844735,0.3746516863857617,-0.6555238748552481,0.8131107357769376,10 °C,0,50,0,0,0,11.819999999999999,12.155,12.4,TRUE,TRUE,0.078793430460844735,-0.6555238748552481,0.8131107357769376,0.078793430460844735,-0.6555238748552481,0.8131107357769376
1.089539748953975,10,0,37,0.07674430343408883,0.37439634349703355,-0.657072529820097,0.8105611366882746,10 °C,0,50,0,0,0,11.819999999999999,12.155,12.4,TRUE,TRUE,0.07674430343408883,-0.657072529820097,0.8105611366882746,0.07674430343408883,-0.657072529820097,0.8105611366882746
1.1414225941422596,10,0,37,0.0746951764073329,0.37416103042877796,-0.6586604432330718,0.8080507960477377,10 °C,0,50,0,0,0,11.819999999999999,12.155,12.4,TRUE,TRUE,0.0746951764073329,-0.6586604432330718,0.8080507960477377,0.0746951764073329,-0.6586604432330718,0.8080507960477377
1.193305439330544,10,0,37,0.07264604938057705,0.373945784993525,-0.6602876892067319,0.805579787967886,10 °C,0,50,0,0,0,11.819999999999999,12.155,12.4,TRUE,TRUE,0.07264604938057705,-0.6602876892067319,0.805579787967886,0.07264604938057705,-0.6602876892067319,0.805579787967886
1.2451882845188287,10,0,37,0.07059692235382115,0.37375064186251905,-0.6619543356967161,0.8031481804043585,10 °C,0,50,0,0,0,11.819999999999999,12.155,12.4,TRUE,TRUE,0.07059692235382115,-0.6619543356967161,0.8031481804043585,0.07059692235382115,-0.6619543356967161,0.8031481804043585
1.2970711297071131,10,0,37,0.06854779532706522,0.37357563253802956,-0.6636604444474727,0.8007560351016032,10 °C,0,50,0,0,0,11.819999999999999,12.155,12.4,TRUE,TRUE,0.06854779532706522,-0.6636604444474727,0.8007560351016032,0.06854779532706522,-0.6636604444474727,0.8007560351016032
1.3489539748953976,10,0,37,0.06649866830030936,0.3734207853281005,-0.6654060709427676,0.7984034075433863,10 °C,0,50,0,0,0,11.819999999999999,12.155,12.4,TRUE,TRUE,0.06649866830030936,-0.6654060709427676,0.7984034075433863,0.06649866830030936,-0.6654060709427676,0.7984034075433863
1.400836820083682,10,0,37,0.0644495412735534,0.37328612532378475,-0.6671912643610647,0.7960903469081715,10 °C,0,50,0,0,0,11.819999999999999,12.155,12.4,TRUE,TRUE,0.0644495412735534,-0.6671912643610647,0.7960903469081715,0.0644495412735534,-0.6671912643610647,0.7960903469081715
1.4527196652719667,10,0,37,0.06240041424679751,0.37317167437890564,-0.6690160675358575,0.7938168960294526,10 °C,0,50,0,0,0,11.819999999999999,12.155,12.4,TRUE,TRUE,0.06240041424679751,-0.6690160675358575,0.7938168960294526,0.06240041424679751,-0.6690160675358575,0.7938168960294526
1.5046025104602512,10,0,37,0.06035128722004164,0.373077451092384,-0.6708805169210309,0.7915830913611143,10 °C,0,50,0,0,0,11.819999999999999,12.155,12.4,TRUE,TRUE,0.06035128722004164,-0.6708805169210309,0.7915830913611143,0.06035128722004164,-0.6708805169210309,0.7915830913611143
1.5564853556485356,10,0,37,0.05830216019328571,0.3730034707931642,-0.6727846425613161,0.7893889629478875,10 °C,0,50,0,0,0,11.819999999999999,12.155,12.4,TRUE,TRUE,0.05830216019328571,-0.6727846425613161,0.7893889629478875,0.05830216019328571,-0.6727846425613161,0.7893889629478875
1.6083682008368203,10,0,37,0.05625303316652982,0.37294974552776705,-0.6747284680678935,0.7872345344009533,10 °C,0,50,0,0,0,11.819999999999999,12.155,12.4,TRUE,TRUE,0.05625303316652982,-0.6747284680678935,0.7872345344009533,0.05625303316652982,-0.6747284680678935,0.7872345344009533
1.6602510460251048,10,0,37,0.054203906139773925,0.3729162840504931,-0.6767120105991926,0.7851198228787404,10 °C,0,50,0,0,0,11.819999999999999,12.155,12.4,TRUE,TRUE,0.054203906139773925,-0.6767120105991926,0.7851198228787404,0.054203906139773925,-0.6767120105991926,0.7851198228787404
1.7121338912133892,10,0,37,0.052154779113018024,0.3729030918162955,-0.6787352808469211,0.7830448390729572,10 °C,0,50,0,0,0,11.819999999999999,12.155,12.4,TRUE,TRUE,0.052154779113018024,-0.6787352808469211,0.7830448390729572,0.052154779113018024,-0.6787352808469211,0.7830448390729572
1.764016736401674,10,0,37,0.05010565208626212,0.3729101709763352,-0.6807982830273549,0.7810095871998792,10 °C,0,50,0,0,0,11.819999999999999,12.155,12.4,TRUE,TRUE,0.05010565208626212,-0.6807982830273549,0.7810095871998792,0.05010565208626212,-0.6807982830273549,0.7810095871998792
1.8158995815899583,10,0,37,0.048056525059506236,0.37293752037622746,-0.6829010148778997,0.7790140649969121,10 °C,0,50,0,0,0,11.819999999999999,12.155,12.4,TRUE,TRUE,0.048056525059506236,-0.6829010148778997,0.7790140649969121,0.048056525059506236,-0.6829010148778997,0.7790140649969121
1.8677824267782428,10,0,37,0.04600739803275029,0.3729851355569834,-0.6850434676589372,0.7770582637244379,10 °C,0,50,0,0,0,11.819999999999999,12.155,12.4,TRUE,TRUE,0.04600739803275029,-0.6850434676589372,0.7770582637244379,0.04600739803275029,-0.6850434676589372,0.7770582637244379
1.9196652719665275,10,0,37,0.043958271005994386,0.3730530087586428,-0.6872256261609455,0.7751421681729342,10 °C,0,50,0,0,0,11.819999999999999,12.155,12.4,TRUE,TRUE,0.043958271005994386,-0.6872256261609455,0.7751421681729342,0.043958271005994386,-0.6872256261609455,0.7751421681729342
1.971548117154812,10,0,37,0.04190914397923854,0.3731411289265943,-0.6894474687168863,0.7732657566753633,10 °C,0,50,0,0,0,11.819999999999999,12.155,12.4,TRUE,TRUE,0.04190914397923854,-0.6894474687168863,0.7732657566753633,0.04190914397923854,-0.6894474687168863,0.7732657566753633
2.0234309623430966,10,0,37,0.03986001695248259,0.37324948172056865,-0.691708967219832,0.7714290011247971,10 °C,0,50,0,0,0,11.819999999999999,12.155,12.4,TRUE,TRUE,0.03986001695248259,-0.691708967219832,0.7714290011247971,0.03986001695248259,-0.691708967219832,0.7714290011247971
2.075313807531381,10,0,37,0.037810889925726704,0.37337804952628856,-0.6940100871457989,0.7696318669972523,10 °C,0,50,0,0,0,11.819999999999999,12.155,12.4,TRUE,TRUE,0.037810889925726704,-0.6940100871457989,0.7696318669972523,0.037810889925726704,-0.6940100871457989,0.7696318669972523
2.1271966527196655,10,0,37,0.0357617628989708,0.37352681146975325,-0.6963507875817455,0.7678743133796871,10 °C,0,50,0,0,0,11.819999999999999,12.155,12.4,TRUE,TRUE,0.0357617628989708,-0.6963507875817455,0.7678743133796871,0.0357617628989708,-0.6963507875817455,0.7678743133796871
2.17907949790795,10,0,37,0.03371263587221485,0.3736957434341314,-0.6987310212586827,0.7661562930031124,10 °C,0,50,0,0,0,11.819999999999999,12.155,12.4,TRUE,TRUE,0.03371263587221485,-0.6987310212586827,0.7661562930031124,0.03371263587221485,-0.6987310212586827,0.7661562930031124
2.2309623430962344,10,0,37,0.031663508845459015,0.37388481807922924,-0.7011507345898303,0.7644777522807483,10 °C,0,50,0,0,0,11.819999999999999,12.155,12.4,TRUE,TRUE,0.031663508845459015,-0.7011507345898303,0.7644777522807483,0.031663508845459015,-0.7011507345898303,0.7644777522807483
2.282845188284519,10,0,37,0.02961438181870306,0.3740940048634982,-0.7036098677137534,0.7628386313511595,10 °C,0,50,0,0,0,11.819999999999999,12.155,12.4,TRUE,TRUE,0.02961438181870306,-0.7036098677137534,0.7628386313511595,0.02961438181870306,-0.7036098677137534,0.7628386313511595
2.3347280334728038,10,0,37,0.027565254791947158,0.3743232700685416,-0.7061083545423944,0.7612388641262887,10 °C,0,50,0,0,0,11.819999999999999,12.155,12.4,TRUE,TRUE,0.027565254791947158,-0.7061083545423944,0.7612388641262887,0.027565254791947158,-0.7061083545423944,0.7612388641262887
2.386610878661088,10,0,37,0.025516127765191323,0.37457257682607276,-0.7086461228139113,0.7596783783442939,10 °C,0,50,0,0,0,11.819999999999999,12.155,12.4,TRUE,TRUE,0.025516127765191323,-0.7086461228139113,0.7596783783442939,0.025516127765191323,-0.7086461228139113,0.7596783783442939
2.4384937238493727,10,0,37,0.023467000738435367,0.37484188514727723,-0.711223094150228,0.7581570956270987,10 °C,0,50,0,0,0,11.819999999999999,12.155,12.4,TRUE,TRUE,0.023467000738435367,-0.711223094150228,0.7581570956270987,0.023467000738435367,-0.711223094150228,0.7581570956270987
2.4903765690376574,10,0,37,0.02141787371167947,0.37513115195452323,-0.713839184119186,0.756674931542545,10 °C,0,50,0,0,0,11.819999999999999,12.155,12.4,TRUE,TRUE,0.02141787371167947,-0.713839184119186,0.756674931542545,0.02141787371167947,-0.713839184119186,0.756674931542545
2.5422594142259416,10,0,37,0.019368746684923575,0.3754403311153627,-0.7164943023011873,0.7552317956710345,10 °C,0,50,0,0,0,11.819999999999999,12.155,12.4,TRUE,TRUE,0.019368746684923575,-0.7164943023011873,0.7552317956710345,0.019368746684923575,-0.7164943023011873,0.7552317956710345
2.5941422594142263,10,0,37,0.017319619658167733,0.3757693734787619,-0.7191883523602055,0.753827591676541,10 °C,0,50,0,0,0,11.819999999999999,12.155,12.4,TRUE,TRUE,0.017319619658167733,-0.7191883523602055,0.753827591676541,0.017319619658167733,-0.7191883523602055,0.753827591676541
2.6460251046025105,10,0,37,0.015270492631411841,0.37611822691349583,-0.7219212321190399,0.7524622173818637,10 °C,0,50,0,0,0,11.819999999999999,12.155,12.4,TRUE,TRUE,0.015270492631411841,-0.7219212321190399,0.7524622173818637,0.015270492631411841,-0.7219212321190399,0.7524622173818637
2.697907949790795,10,0,37,0.013221365604655887,0.3764868363486368,-0.7246928336386721,0.7511355648479839,10 °C,0,50,0,0,0,11.819999999999999,12.155,12.4,TRUE,TRUE,0.013221365604655887,-0.7246928336386721,0.7511355648479839,0.013221365604655887,-0.7246928336386721,0.7511355648479839
2.74979079497908,10,0,37,0.011172238577900041,0.3768751438160668,-0.7275030433015909,0.749847520457391,10 °C,0,50,0,0,0,11.819999999999999,12.155,12.4,TRUE,TRUE,0.011172238577900041,-0.7275030433015909,0.749847520457391,0.011172238577900041,-0.7275030433015909,0.749847520457391
2.801673640167364,10,0,37,0.009123111551144102,0.37728308849493836,-0.730351741898935,0.7485979650012232,10 °C,0,50,0,0,0,11.819999999999999,12.155,12.4,TRUE,TRUE,0.009123111551144102,-0.730351741898935,0.7485979650012232,0.009123111551144102,-0.730351741898935,0.7485979650012232
2.8535564853556488,10,0,37,0.007073984524388148,0.37771060675800516,-0.733238804721302,0.7473867737700782,10 °C,0,50,0,0,0,11.819999999999999,12.155,12.4,TRUE,TRUE,0.007073984524388148,-0.733238804721302,0.7473867737700782,0.007073984524388148,-0.733238804721302,0.7473867737700782
2.9054393305439334,10,0,37,0.005024857497632304,0.3781576322197451,-0.7361641016530681,0.7462138166483326,10 °C,0,50,0,0,0,11.819999999999999,12.155,12.4,TRUE,TRUE,0.005024857497632304,-0.7361641016530681,0.7462138166483326,0.005024857497632304,-0.7361641016530681,0.7462138166483326
2.9573221757322177,10,0,37,0.002975730470876412,0.37862409578619016,-0.7391274972700563,0.7450789582118091,10 °C,0,50,0,0,0,11.819999999999999,12.155,12.4,TRUE,TRUE,0.002975730470876412,-0.7391274972700563,0.7450789582118091,0.002975730470876412,-0.7391274972700563,0.7450789582118091
3.0092050209205023,10,0,37,9.26603444120457e-4,0.37910992570638236,-0.7421288509403889,0.7439820578286298,10 °C,0,50,0,0,0,11.819999999999999,12.155,12.4,TRUE,TRUE,9.26603444120457e-4,-0.7421288509403889,0.7439820578286298,9.26603444120457e-4,-0.7421288509403889,0.7439820578286298
3.061087866108787,10,0,37,-0.001122523582635387,0.37961504762536746,-0.7451680169283557,0.7429229697630848,10 °C,0,50,0,0,0,11.819999999999999,12.155,12.4,TRUE,TRUE,-0.001122523582635387,-0.7451680169283557,0.7429229697630848,-0.001122523582635387,-0.7451680169283557,0.7429229697630848
3.1129707112970713,10,0,37,-0.0031716506093912786,0.38013938463863994,-0.7482448445011256,0.741901543282343,10 °C,0,50,0,0,0,11.819999999999999,12.155,12.4,TRUE,TRUE,-0.0031716506093912786,-0.7482448445011256,0.741901543282343,-0.0031716506093912786,-0.7482448445011256,0.741901543282343
3.164853556485356,10,0,37,-0.005220777636147234,0.38068285734795076,-0.7513591780381308,0.7409176227658363,10 °C,0,50,0,0,0,11.819999999999999,12.155,12.4,TRUE,TRUE,-0.005220777636147234,-0.7513591780381308,0.7409176227658363,-0.005220777636147234,-0.7513591780381308,0.7409176227658363
3.2167364016736406,10,0,37,-0.007269904662903078,0.3812453839183882,-0.754510857142944,0.7399710478171377,10 °C,0,50,0,0,0,11.819999999999999,12.155,12.4,TRUE,TRUE,-0.007269904662903078,-0.754510857142944,0.7399710478171377,-0.007269904662903078,-0.754510857142944,0.7399710478171377
3.268619246861925,10,0,37,-0.009319031689659018,0.3818268801366409,-0.7576997167574752,0.7390616533781572,10 °C,0,50,0,0,0,11.819999999999999,12.155,12.4,TRUE,TRUE,-0.009319031689659018,-0.7576997167574752,0.7390616533781572,-0.009319031689659018,-0.7576997167574752,0.7390616533781572
3.3205020920502095,10,0,37,-0.011368158716414972,0.38242725947035316,-0.7609255872783072,0.7381892698454773,10 °C,0,50,0,0,0,11.819999999999999,12.155,12.4,TRUE,TRUE,-0.011368158716414972,-0.7609255872783072,0.7381892698454773,-0.011368158716414972,-0.7609255872783072,0.7381892698454773
3.372384937238494,10,0,37,-0.013417285743170816,0.3830464331284805,-0.7641882946749926,0.737353723188651,10 °C,0,50,0,0,0,11.819999999999999,12.155,12.4,TRUE,TRUE,-0.013417285743170816,-0.7641882946749926,0.737353723188651,-0.013417285743170816,-0.7641882946749926,0.737353723188651
3.4242677824267784,10,0,37,-0.01546641276992666,0.38368431012255466,-0.7674876606101337,0.7365548350702804,10 °C,0,50,0,0,0,11.819999999999999,12.155,12.4,TRUE,TRUE,-0.01546641276992666,-0.7674876606101337,0.7365548350702804,-0.01546641276992666,-0.7674876606101337,0.7365548350702804
3.476150627615063,10,0,37,-0.017515539796682616,0.38434079732876725,-0.7708235025610665,0.7357924229677012,10 °C,0,50,0,0,0,11.819999999999999,12.155,12.4,TRUE,TRUE,-0.017515539796682616,-0.7708235025610665,0.7357924229677012,-0.017515539796682616,-0.7708235025610665,0.7357924229677012
3.528033472803348,10,0,37,-0.019564666823438458,0.3850157995507807,-0.7741956339429686,0.7350663002960917,10 °C,0,50,0,0,0,11.819999999999999,12.155,12.4,TRUE,TRUE,-0.019564666823438458,-0.7741956339429686,0.7350663002960917,-0.019564666823438458,-0.7741956339429686,0.7350663002960917
3.579916317991632,10,0,37,-0.0216137938501944,0.3857092195831775,-0.7776038642332223,0.7343762765328335,10 °C,0,50,0,0,0,11.819999999999999,12.155,12.4,TRUE,TRUE,-0.0216137938501944,-0.7776038642332223,0.7343762765328335,-0.0216137938501944,-0.7776038642332223,0.7343762765328335
3.6317991631799167,10,0,37,-0.023662920876950353,0.38642095827545814,-0.7810479990968483,0.7337221573429477,10 °C,0,50,0,0,0,11.819999999999999,12.155,12.4,TRUE,TRUE,-0.023662920876950353,-0.7810479990968483,0.7337221573429477,-0.023662920876950353,-0.7810479990968483,0.7337221573429477
3.6836820083682014,10,0,37,-0.0257120479037062,0.38715091459649875,-0.7845278405128437,0.7331037447054314,10 °C,0,50,0,0,0,11.819999999999999,12.155,12.4,TRUE,TRUE,-0.0257120479037062,-0.7845278405128437,0.7331037447054314,-0.0257120479037062,-0.7845278405128437,0.7331037447054314
3.7355648535564856,10,0,37,-0.027761174930462137,0.38789898569938297,-0.7880431869012527,0.7325208370403284,10 °C,0,50,0,0,0,11.819999999999999,12.155,12.4,TRUE,TRUE,-0.027761174930462137,-0.7880431869012527,0.7325208370403284,-0.027761174930462137,-0.7880431869012527,0.7325208370403284
3.7874476987447703,10,0,37,-0.02981030195721809,0.38866506698652165,-0.7915938332508006,0.7319732293363643,10 °C,0,50,0,0,0,11.819999999999999,12.155,12.4,TRUE,TRUE,-0.02981030195721809,-0.7915938332508006,0.7319732293363643,-0.02981030195721809,-0.7915938332508006,0.7319732293363643
3.839330543933055,10,0,37,-0.03185942898397394,0.38944905217497594,-0.7951795712469268,0.7314607132789789,10 °C,0,50,0,0,0,11.819999999999999,12.155,12.4,TRUE,TRUE,-0.03185942898397394,-0.7951795712469268,0.7314607132789789,-0.03185942898397394,-0.7951795712469268,0.7314607132789789
3.891213389121339,10,0,37,-0.03390855601072978,0.39025083336190264,-0.7988001894000589,0.7309830773785995,10 °C,0,50,0,0,0,11.819999999999999,12.155,12.4,TRUE,TRUE,-0.03390855601072978,-0.7988001894000589,0.7309830773785995,-0.03390855601072978,-0.7988001894000589,0.7309830773785995
3.943096234309624,10,0,37,-0.035957683037485734,0.3910703010900399,-0.8024554731739638,0.7305401070989924,10 °C,0,50,0,0,0,11.819999999999999,12.155,12.4,TRUE,TRUE,-0.035957683037485734,-0.8024554731739638,0.7305401070989924,-0.035957683037485734,-0.8024554731739638,0.7305401070989924
3.9949790794979085,10,0,37,-0.03800681006424169,0.3919073444131558,-0.806145205114027,0.7301315849855436,10 °C,0,50,0,0,0,11.819999999999999,12.155,12.4,TRUE,TRUE,-0.03800681006424169,-0.806145205114027,0.7301315849855436,-0.03800681006424169,-0.806145205114027,0.7301315849855436
4.046861924686193,10,0,37,-0.040055937090997536,0.39276185096138344,-0.809869164975309,0.729757290793314,10 °C,0,50,0,0,0,11.819999999999999,12.155,12.4,TRUE,TRUE,-0.040055937090997536,-0.809869164975309,0.729757290793314,-0.040055937090997536,-0.809869164975309,0.729757290793314
4.098744769874477,10,0,37,-0.04210506411775336,0.3936337070063673,-0.8136271298502332,0.7294170016147264,10 °C,0,50,0,0,0,11.819999999999999,12.155,12.4,TRUE,TRUE,-0.04210506411775336,-0.8136271298502332,0.7294170016147264,-0.04210506411775336,-0.8136271298502332,0.7294170016147264
4.150627615062762,10,0,37,-0.044154191144509414,0.39452279752615044,-0.8174188742957642,0.7291104920067455,10 °C,0,50,0,0,0,11.819999999999999,12.155,12.4,TRUE,TRUE,-0.044154191144509414,-0.8174188742957642,0.7291104920067455,-0.044154191144509414,-0.8174188742957642,0.7291104920067455
4.202510460251046,10,0,37,-0.04620331817126516,0.3954290062697319,-0.8212441704599396,0.7288375341174094,10 °C,0,50,0,0,0,11.819999999999999,12.155,12.4,TRUE,TRUE,-0.04620331817126516,-0.8212441704599396,0.7288375341174094,-0.04620331817126516,-0.8212441704599396,0.7288375341174094
4.254393305439331,10,0,37,-0.04825244519802121,0.3963522158212289,-0.8251027882076298,0.7285978978115875,10 °C,0,50,0,0,0,11.819999999999999,12.155,12.4,TRUE,TRUE,-0.04825244519802121,-0.8251027882076298,0.7285978978115875,-0.04825244519802121,-0.8251027882076298,0.7285978978115875
4.306276150627616,10,0,37,-0.050301572224777075,0.39729230766357776,-0.8289944952453895,0.7283913507958354,10 °C,0,50,0,0,0,11.819999999999999,12.155,12.4,TRUE,TRUE,-0.050301572224777075,-0.8289944952453895,0.7283913507958354,-0.050301572224777075,-0.8289944952453895,0.7283913507958354
4.3581589958159,10,0,37,-0.05235069925153301,0.39824916224171325,-0.832919057245291,0.728217658742225,10 °C,0,50,0,0,0,11.819999999999999,12.155,12.4,TRUE,TRUE,-0.05235069925153301,-0.832919057245291,0.728217658742225,-0.05235069925153301,-0.832919057245291,0.728217658742225
4.410041841004184,10,0,37,-0.05439982627828884,0.3992226590251667,-0.8368762379676156,0.7280765854110378,10 °C,0,50,0,0,0,11.819999999999999,12.155,12.4,TRUE,TRUE,-0.05439982627828884,-0.8368762379676156,0.7280765854110378,-0.05439982627828884,-0.8368762379676156,0.7280765854110378
4.461924686192469,10,0,37,-0.05644895330504479,0.4002126765700271,-0.8408657993822979,0.7279678927722084,10 °C,0,50,0,0,0,11.819999999999999,12.155,12.4,TRUE,TRUE,-0.05644895330504479,-0.8408657993822979,0.7279678927722084,-0.05644895330504479,-0.8408657993822979,0.7279678927722084
4.5138075313807535,10,0,37,-0.058498080331800636,0.4012190925802115,-0.8448875017890151,0.7278913411254139,10 °C,0,50,0,0,0,11.819999999999999,12.155,12.4,TRUE,TRUE,-0.058498080331800636,-0.8448875017890151,0.7278913411254139,-0.058498080331800636,-0.8448875017890151,0.7278913411254139
4.565690376569038,10,0,37,-0.06054720735855659,0.40224178396799365,-0.8489411039358241,0.727846689218711,10 °C,0,50,0,0,0,11.819999999999999,12.155,12.4,TRUE,TRUE,-0.06054720735855659,-0.8489411039358241,0.727846689218711,-0.06054720735855659,-0.8489411039358241,0.727846689218711
4.617573221757323,10,0,37,-0.06259633438531255,0.40328062691374394,-0.8530263631362507,0.7278336943656256,10 °C,0,50,0,0,0,11.819999999999999,12.155,12.4,TRUE,TRUE,-0.06259633438531255,-0.8530263631362507,0.7278336943656256,-0.06259633438531255,-0.8530263631362507,0.7278336943656256
4.6694560669456076,10,0,37,-0.0646454614120684,0.404335496924835,-0.857143035384745,0.7278521125606082,10 °C,0,50,0,0,0,11.819999999999999,12.155,12.4,TRUE,TRUE,-0.0646454614120684,-0.857143035384745,0.7278521125606082,-0.0646454614120684,-0.857143035384745,0.7278521125606082
4.721338912133891,10,0,37,-0.06669458843882423,0.40540626889367004,-0.8612908754704175,0.727901698592769,10 °C,0,50,0,0,0,11.819999999999999,12.155,12.4,TRUE,TRUE,-0.06669458843882423,-0.8612908754704175,0.727901698592769,-0.06669458843882423,-0.8612908754704175,0.727901698592769
4.773221757322176,10,0,37,-0.06874371546558018,0.40649281715479646,-0.8654696370889813,0.7279822061578208,10 °C,0,50,0,0,0,11.819999999999999,12.155,12.4,TRUE,TRUE,-0.06874371546558018,-0.8654696370889813,0.7279822061578208,-0.06874371546558018,-0.8654696370889813,0.7279822061578208
4.825104602510461,10,0,37,-0.07079284249233612,0.4075950155410655,-0.8696790729528244,0.7280933879681523,10 °C,0,50,0,0,0,11.819999999999999,12.155,12.4,TRUE,TRUE,-0.07079284249233612,-0.8696790729528244,0.7280933879681523,-0.07079284249233612,-0.8696790729528244,0.7280933879681523
4.876987447698745,10,0,37,-0.07284196951909197,0.40871273743880626,-0.8739189348991522,0.7282349958609683,10 °C,0,50,0,0,0,11.819999999999999,12.155,12.4,TRUE,TRUE,-0.07284196951909197,-0.8739189348991522,0.7282349958609683,-0.07284196951909197,-0.8739189348991522,0.7282349958609683
4.92887029288703,10,0,37,-0.07489109654584793,0.4098458558419816,-0.8781889739961318,0.728406780904436,10 °C,0,50,0,0,0,11.819999999999999,12.155,12.4,TRUE,TRUE,-0.07489109654584793,-0.8781889739961318,0.728406780904436,-0.07489109654584793,-0.8781889739961318,0.728406780904436
4.980753138075315,10,0,37,-0.07694022357260377,0.4109942434052972,-0.8824889406469864,0.7286084935017788,10 °C,0,50,0,0,0,11.819999999999999,12.155,12.4,TRUE,TRUE,-0.07694022357260377,-0.8824889406469864,0.7286084935017788,-0.07694022357260377,-0.8824889406469864,0.7286084935017788
5.0326359832635985,10,0,37,-0.0789893505993596,0.41215777249623903,-0.8868185846919882,0.7288398834932689,10 °C,0,50,0,0,0,11.819999999999999,12.155,12.4,TRUE,TRUE,-0.0789893505993596,-0.8868185846919882,0.7288398834932689,-0.0789893505993596,-0.8868185846919882,0.7288398834932689
5.084518828451883,10,0,37,-0.08103847762611556,0.41333631524601483,-0.8911776555083046,0.7291007002560734,10 °C,0,50,0,0,0,11.819999999999999,12.155,12.4,TRUE,TRUE,-0.08103847762611556,-0.8911776555083046,0.7291007002560734,-0.08103847762611556,-0.8911776555083046,0.7291007002560734
5.136401673640168,10,0,37,-0.08308760465287152,0.41452974359937916,-0.8955659021076547,0.7293906928019116,10 °C,0,50,0,0,0,11.819999999999999,12.155,12.4,TRUE,TRUE,-0.08308760465287152,-0.8955659021076547,0.7293906928019116,-0.08308760465287152,-0.8955659021076547,0.7293906928019116
5.1882845188284525,10,0,37,-0.08513673167962736,0.4157379293633234,-0.8999830732317411,0.7297096098724865,10 °C,0,50,0,0,0,11.819999999999999,12.155,12.4,TRUE,TRUE,-0.08513673167962736,-0.8999830732317411,0.7297096098724865,-0.08513673167962736,-0.8999830732317411,0.7297096098724865
5.240167364016737,10,0,37,-0.08718585870638332,0.4169607442546153,-0.9044289174454293,0.7300572000326627,10 °C,0,50,0,0,0,11.819999999999999,12.155,12.4,TRUE,TRUE,-0.08718585870638332,-0.9044289174454293,0.7300572000326627,-0.08718585870638332,-0.9044289174454293,0.7300572000326627
5.292050209205021,10,0,37,-0.08923498573313914,0.4181980599461749,-0.908903183227642,0.7304332117613637,10 °C,0,50,0,0,0,11.819999999999999,12.155,12.4,TRUE,TRUE,-0.08923498573313914,-0.908903183227642,0.7304332117613637,-0.08923498573313914,-0.908903183227642,0.7304332117613637
5.343933054393306,10,0,37,-0.09128411275989508,0.4194497481122725,-0.9134056190599492,0.730837393540159,10 °C,0,50,0,0,0,11.819999999999999,12.155,12.4,TRUE,TRUE,-0.09128411275989508,-0.9134056190599492,0.730837393540159,-0.09128411275989508,-0.9134056190599492,0.730837393540159
5.39581589958159,10,0,37,-0.09333323978665094,0.420715680472544,-0.9179359735128372,0.7312694939395352,10 °C,0,50,0,0,0,11.819999999999999,12.155,12.4,TRUE,TRUE,-0.09333323978665094,-0.9179359735128372,0.7312694939395352,-0.09333323978665094,-0.9179359735128372,0.7312694939395352
5.447698744769875,10,0,37,-0.09538236681340699,0.42199572883481323,-0.9224939953296408,0.7317292617028269,10 °C,0,50,0,0,0,11.819999999999999,12.155,12.4,TRUE,TRUE,-0.09538236681340699,-0.9224939953296408,0.7317292617028269,-0.09538236681340699,-0.9224939953296408,0.7317292617028269
5.49958158995816,10,0,37,-0.09743149384016285,0.4232897651367172,-0.9270794335081285,0.7322164458278029,10 °C,0,50,0,0,0,11.819999999999999,12.155,12.4,TRUE,TRUE,-0.09743149384016285,-0.9270794335081285,0.7322164458278029,-0.09743149384016285,-0.9270794335081285,0.7322164458278029
5.551464435146444,10,0,37,-0.09948062086691868,0.4245976614861317,-0.9316920373797368,0.7327307956458995,10 °C,0,50,0,0,0,11.819999999999999,12.155,12.4,TRUE,TRUE,-0.09948062086691868,-0.9316920373797368,0.7327307956458995,-0.09948062086691868,-0.9316920373797368,0.7327307956458995
5.603347280334728,10,0,37,-0.1015297478936745,0.4259192902003957,-0.9363315566864501,0.733272060899101,10 °C,0,50,0,0,0,11.819999999999999,12.155,12.4,TRUE,TRUE,-0.1015297478936745,-0.9363315566864501,0.733272060899101,-0.1015297478936745,-0.9363315566864501,0.733272060899101
5.655230125523013,10,0,37,-0.10357887492043046,0.4272545238443341,-0.9409977416553253,0.7338399918144644,10 °C,0,50,0,0,0,11.819999999999999,12.155,12.4,TRUE,TRUE,-0.10357887492043046,-0.9409977416553253,0.7338399918144644,-0.10357887492043046,-0.9409977416553253,0.7338399918144644
5.7071129707112975,10,0,37,-0.10562800194718641,0.42860323526708355,-0.9456903430706702,0.7344343391762973,10 °C,0,50,0,0,0,11.819999999999999,12.155,12.4,TRUE,TRUE,-0.10562800194718641,-0.9456903430706702,0.7344343391762973,-0.10562800194718641,-0.9456903430706702,0.7344343391762973
5.758995815899582,10,0,37,-0.10767712897394237,0.429965297637723,-0.9504091123438794,0.7350548543959947,10 °C,0,50,0,0,0,11.819999999999999,12.155,12.4,TRUE,TRUE,-0.10767712897394237,-0.9504091123438794,0.7350548543959947,-0.10767712897394237,-0.9504091123438794,0.7350548543959947
5.810878661087867,10,0,37,-0.10972625600069832,0.4313405844797163,-0.9551538015809422,0.7357012895795456,10 °C,0,50,0,0,0,11.819999999999999,12.155,12.4,TRUE,TRUE,-0.10972625600069832,-0.9551538015809422,0.7357012895795456,-0.10972625600069832,-0.9551538015809422,0.7357012895795456
5.862761506276152,10,0,37,-0.11177538302745406,0.4327289697041708,-0.9599241636476288,0.7363733975927207,10 °C,0,50,0,0,0,11.819999999999999,12.155,12.4,TRUE,TRUE,-0.11177538302745406,-0.9599241636476288,0.7363733975927207,-0.11177538302745406,-0.9599241636476288,0.7363733975927207
5.914644351464435,10,0,37,-0.11382451005420989,0.4341303276419256,-0.964719952232384,0.7370709321239642,10 °C,0,50,0,0,0,11.819999999999999,12.155,12.4,TRUE,TRUE,-0.11382451005420989,-0.964719952232384,0.7370709321239642,-0.11382451005420989,-0.964719952232384,0.7370709321239642
5.96652719665272,10,0,37,-0.11587363708096585,0.4355445330744733,-0.9695409219069335,0.7377936477450018,10 °C,0,50,0,0,0,11.819999999999999,12.155,12.4,TRUE,TRUE,-0.11587363708096585,-0.9695409219069335,0.7377936477450018,-0.11587363708096585,-0.9695409219069335,0.7377936477450018
6.018410041841005,10,0,37,-0.1179227641077218,0.43697146126372893,-0.9743868281846305,0.7385412999691868,10 °C,0,50,0,0,0,11.819999999999999,12.155,12.4,TRUE,TRUE,-0.1179227641077218,-0.9743868281846305,0.7385412999691868,-0.1179227641077218,-0.9743868281846305,0.7385412999691868
6.070292887029289,10,0,37,-0.11997189113447775,0.43841098798066064,-0.9792574275765725,0.7393136453076171,10 °C,0,50,0,0,0,11.819999999999999,12.155,12.4,TRUE,TRUE,-0.11997189113447775,-0.9792574275765725,0.7393136453076171,-0.11997189113447775,-0.9792574275765725,0.7393136453076171
6.122175732217574,10,0,37,-0.1220210181612337,0.4398629895327883,-0.9841524776454987,0.7401104413230314,10 °C,0,50,0,0,0,11.819999999999999,12.155,12.4,TRUE,TRUE,-0.1220210181612337,-0.9841524776454987,0.7401104413230314,-0.1220210181612337,-0.9841524776454987,0.7401104413230314
6.174058577405859,10,0,37,-0.12407014518798944,0.4413273427905722,-0.9890717370575108,0.740931446681532,10 °C,0,50,0,0,0,11.819999999999999,12.155,12.4,TRUE,TRUE,-0.12407014518798944,-0.9890717370575108,0.740931446681532,-0.12407014518798944,-0.9890717370575108,0.740931446681532
6.2259414225941425,10,0,37,-0.1261192722147455,0.44280392521270084,-0.9940149656316392,0.7417764212021482,10 °C,0,50,0,0,0,11.819999999999999,12.155,12.4,TRUE,TRUE,-0.1261192722147455,-0.9940149656316392,0.7417764212021482,-0.1261192722147455,-0.9940149656316392,0.7417764212021482
6.277824267782427,10,0,37,-0.12816839924150122,0.44429261487029653,-0.9989819243872824,0.7426451259042799,10 °C,0,50,0,0,0,11.819999999999999,12.155,12.4,TRUE,TRUE,-0.12816839924150122,-0.9989819243872824,0.7426451259042799,-0.12816839924150122,-0.9989819243872824,0.7426451259042799
6.329707112970712,10,0,37,-0.13021752626825717,0.44579329047005495,-1.0039723755895649,0.7435373230530504,10 °C,0,50,0,0,0,11.819999999999999,12.155,12.4,TRUE,TRUE,-0.13021752626825717,-1.0039723755895649,0.7435373230530504,-0.13021752626825717,-1.0039723755895649,0.7435373230530504
6.3815899581589965,10,0,37,-0.13226665329501314,0.44730583137633534,-1.0089860827926305,0.7444527762026041,10 °C,0,50,0,0,0,11.819999999999999,12.155,12.4,TRUE,TRUE,-0.13226665329501314,-1.0089860827926305,0.7444527762026041,-0.13226665329501314,-1.0089860827926305,0.7444527762026041
6.433472803347281,10,0,37,-0.13431578032176908,0.4488301176322204,-1.014022810880921,0.745391250237383,10 °C,0,50,0,0,0,11.819999999999999,12.155,12.4,TRUE,TRUE,-0.13431578032176908,-1.014022810880921,0.745391250237383,-0.13431578032176908,-1.014022810880921,0.745391250237383
6.485355648535566,10,0,37,-0.1363649073485249,0.4503660299795642,-1.0190823261084707,0.7463525114114209,10 °C,0,50,0,0,0,11.819999999999999,12.155,12.4,TRUE,TRUE,-0.1363649073485249,-1.0190823261084707,0.7463525114114209,-0.1363649073485249,-1.0190823261084707,0.7463525114114209
6.53723849372385,10,0,37,-0.13841403437528096,0.4519134498780458,-1.0241643961362508,0.7473363273856888,10 °C,0,50,0,0,0,11.819999999999999,12.155,12.4,TRUE,TRUE,-0.13841403437528096,-1.0241643961362508,0.7473363273856888,-0.13841403437528096,-1.0241643961362508,0.7473363273856888
6.589121338912134,10,0,37,-0.1404631614020366,0.4534722595232515,-1.0292687900676094,0.7483424672635363,10 °C,0,50,0,0,0,11.819999999999999,12.155,12.4,TRUE,TRUE,-0.1404631614020366,-1.0292687900676094,0.7483424672635363,-0.1404631614020366,-1.0292687900676094,0.7483424672635363
6.641004184100419,10,0,37,-0.14251228842879266,0.45504234186380005,-1.0343952784818407,0.7493707016242555,10 °C,0,50,0,0,0,11.819999999999999,12.155,12.4,TRUE,TRUE,-0.14251228842879266,-1.0343952784818407,0.7493707016242555,-0.14251228842879266,-1.0343952784818407,0.7493707016242555
6.692887029288704,10,0,37,-0.14456141545554851,0.45662358061753944,-1.0395436334659258,0.7504208025548287,10 °C,0,50,0,0,0,11.819999999999999,12.155,12.4,TRUE,TRUE,-0.14456141545554851,-1.0395436334659258,0.7504208025548287,-0.14456141545554851,-1.0395436334659258,0.7504208025548287
6.744769874476988,10,0,37,-0.14661054248230457,0.4582158602868263,-1.0447136286444842,0.7514925436798751,10 °C,0,50,0,0,0,11.819999999999999,12.155,12.4,TRUE,TRUE,-0.14661054248230457,-1.0447136286444842,0.7514925436798751,-0.14661054248230457,-1.0447136286444842,0.7514925436798751
6.796652719665272,10,0,37,-0.1486596695090604,0.45981906617291607,-1.0499050392079758,0.752585700189855,10 °C,0,50,0,0,0,11.819999999999999,12.155,12.4,TRUE,TRUE,-0.1486596695090604,-1.0499050392079758,0.752585700189855,-0.1486596695090604,-1.0499050392079758,0.752585700189855
6.848535564853557,10,0,37,-0.15070879653581626,0.4614330843894828,-1.0551176419392023,0.7537000488675699,10 °C,0,50,0,0,0,11.819999999999999,12.155,12.4,TRUE,TRUE,-0.15070879653581626,-1.0551176419392023,0.7537000488675699,-0.15070879653581626,-1.0551176419392023,0.7537000488675699
6.9004184100418415,10,0,37,-0.1527579235625721,0.46305780187528733,-1.0603512152381351,0.754835368112991,10 °C,0,50,0,0,0,11.819999999999999,12.155,12.4,TRUE,TRUE,-0.1527579235625721,-1.0603512152381351,0.754835368112991,-0.1527579235625721,-1.0603512152381351,0.754835368112991
6.952301255230126,10,0,37,-0.15480705058932795,0.4646931064060202,-1.0656055391451276,0.7559914379664716,10 °C,0,50,0,0,0,11.819999999999999,12.155,12.4,TRUE,TRUE,-0.15480705058932795,-1.0656055391451276,0.7559914379664716,-0.15480705058932795,-1.0656055391451276,0.7559914379664716
7.004184100418411,10,0,37,-0.156856177616084,0.46633888660533496,-1.0708803953625405,0.7571680401303724,10 °C,0,50,0,0,0,11.819999999999999,12.155,12.4,TRUE,TRUE,-0.156856177616084,-1.0708803953625405,0.7571680401303724,-0.156856177616084,-1.0708803953625405,0.7571680401303724
7.056066945606696,10,0,37,-0.15890530464283986,0.46799503195509706,-1.07617556727483,0.7583649579891503,10 °C,0,50,0,0,0,11.819999999999999,12.155,12.4,TRUE,TRUE,-0.15890530464283986,-1.07617556727483,0.7583649579891503,-0.15890530464283986,-1.07617556727483,0.7583649579891503
7.107949790794979,10,0,37,-0.16095443166959586,0.46966143280487077,-1.0814908399671426,0.7595819766279508,10 °C,0,50,0,0,0,11.819999999999999,12.155,12.4,TRUE,TRUE,-0.16095443166959586,-1.0814908399671426,0.7595819766279508,-0.16095443166959586,-1.0814908399671426,0.7595819766279508
7.159832635983264,10,0,37,-0.16300355869635172,0.47133798038065877,-1.0868260002424428,0.7608188828497394,10 °C,0,50,0,0,0,11.819999999999999,12.155,12.4,TRUE,TRUE,-0.16300355869635172,-1.0868260002424428,0.7608188828497394,-0.16300355869635172,-1.0868260002424428,0.7608188828497394
7.211715481171549,10,0,37,-0.16505268572310736,0.4730245667929256,-1.0921808366372414,0.7620754651910268,10 °C,0,50,0,0,0,11.819999999999999,12.155,12.4,TRUE,TRUE,-0.16505268572310736,-1.0921808366372414,0.7620754651910268,-0.16505268572310736,-1.0921808366372414,0.7620754651910268
7.263598326359833,10,0,37,-0.1671018127498634,0.4747210850439176,-1.0975551394359417,0.763351513936215,10 °C,0,50,0,0,0,11.819999999999999,12.155,12.4,TRUE,TRUE,-0.1671018127498634,-1.0975551394359417,0.763351513936215,-0.1671018127498634,-1.0975551394359417,0.763351513936215
7.315481171548118,10,0,37,-0.16915093977661946,0.47642742903430363,-1.1029487006838545,0.7646468211306157,10 °C,0,50,0,0,0,11.819999999999999,12.155,12.4,TRUE,TRUE,-0.16915093977661946,-1.1029487006838545,0.7646468211306157,-0.16915093977661946,-1.1029487006838545,0.7646468211306157
7.367364016736403,10,0,37,-0.17120006680337532,0.4781434935691596,-1.1083613141989281,0.7659611805921774,10 °C,0,50,0,0,0,11.819999999999999,12.155,12.4,TRUE,TRUE,-0.17120006680337532,-1.1083613141989281,0.7659611805921774,-0.17120006680337532,-1.1083613141989281,0.7659611805921774
7.4192468619246865,10,0,37,-0.17324919383013115,0.47986917436331333,-1.1137927755822252,0.7672943879219629,10 °C,0,50,0,0,0,11.819999999999999,12.155,12.4,TRUE,TRUE,-0.17324919383013115,-1.1137927755822252,0.7672943879219629,-0.17324919383013115,-1.1137927755822252,0.7672943879219629
7.471129707112971,10,0,37,-0.1752983208568872,0.4816043680460732,-1.1192428822271907,0.7686462405134162,10 °C,0,50,0,0,0,11.819999999999999,12.155,12.4,TRUE,TRUE,-0.1752983208568872,-1.1192428822271907,0.7686462405134162,-0.1752983208568872,-1.1192428822271907,0.7686462405134162
7.523012552301256,10,0,37,-0.17734744788364284,0.4833489721653597,-1.124711433327748,0.7700165375604622,10 °C,0,50,0,0,0,11.819999999999999,12.155,12.4,TRUE,TRUE,-0.17734744788364284,-1.124711433327748,0.7700165375604622,-0.17734744788364284,-1.124711433327748,0.7700165375604622
7.5748953974895405,10,0,37,-0.1793965749103989,0.48510288519125994,-1.1301982298852684,0.7714050800644705,10 °C,0,50,0,0,0,11.819999999999999,12.155,12.4,TRUE,TRUE,-0.1793965749103989,-1.1301982298852684,0.7714050800644705,-0.1793965749103989,-1.1301982298852684,0.7714050800644705
7.626778242677825,10,0,37,-0.18144570193715476,0.4868660065190236,-1.135703074714441,0.7728116708401316,10 °C,0,50,0,0,0,11.819999999999999,12.155,12.4,TRUE,TRUE,-0.18144570193715476,-1.135703074714441,0.7728116708401316,-0.18144570193715476,-1.135703074714441,0.7728116708401316
7.67866108786611,10,0,37,-0.1834948289639108,0.48863823647152504,-1.1412257724480999,0.7742361145202783,10 °C,0,50,0,0,0,11.819999999999999,12.155,12.4,TRUE,TRUE,-0.1834948289639108,-1.1412257724480999,0.7742361145202783,-0.1834948289639108,-1.1412257724480999,0.7742361145202783
7.730543933054394,10,0,37,-0.18554395599066664,0.4904194763012012,-1.146766129541021,0.7756782175596877,10 °C,0,50,0,0,0,11.819999999999999,12.155,12.4,TRUE,TRUE,-0.18554395599066664,-1.146766129541021,0.7756782175596877,-0.18554395599066664,-1.146766129541021,0.7756782175596877
7.782426778242678,10,0,37,-0.1875930830174225,0.49220962819149466,-1.152323954272752,0.777137788237907,10 °C,0,50,0,0,0,11.819999999999999,12.155,12.4,TRUE,TRUE,-0.1875930830174225,-1.152323954272752,0.777137788237907,-0.1875930830174225,-1.152323954272752,0.777137788237907
7.834309623430963,10,0,37,-0.18964221004417833,0.4940085952578126,-1.157899056749491,0.7786146366611343,10 °C,0,50,0,0,0,11.819999999999999,12.155,12.4,TRUE,TRUE,-0.18964221004417833,-1.157899056749491,0.7786146366611343,-0.18964221004417833,-1.157899056749491,0.7786146366611343
7.886192468619248,10,0,37,-0.1916913370709342,0.49581628154802165,-1.1634912489050566,0.7801085747631882,10 °C,0,50,0,0,0,11.819999999999999,12.155,12.4,TRUE,TRUE,-0.1916913370709342,-1.1634912489050566,0.7801085747631882,-0.1916913370709342,-1.1634912489050566,0.7801085747631882
7.938075313807532,10,0,37,-0.19374046409769022,0.4976325920425029,-1.1691003445009958,0.7816194163056154,10 °C,0,50,0,0,0,11.819999999999999,12.155,12.4,TRUE,TRUE,-0.19374046409769022,-1.1691003445009958,0.7816194163056154,-0.19374046409769022,-1.1691003445009958,0.7816194163056154
7.989958158995817,10,0,37,-0.19578959112444608,0.4994574326537702,-1.1747261591258356,0.7831469768769435,10 °C,0,50,0,0,0,11.819999999999999,12.155,12.4,TRUE,TRUE,-0.19578959112444608,-1.1747261591258356,0.7831469768769435,-0.19578959112444608,-1.1747261591258356,0.7831469768769435
8.041841004184102,10,0,37,-0.19783871815120213,0.5012907102256867,-1.180368510193548,0.7846910738911438,10 °C,0,50,0,0,0,11.819999999999999,12.155,12.4,TRUE,TRUE,-0.19783871815120213,-1.180368510193548,0.7846910738911438,-0.19783871815120213,-1.180368510193548,0.7846910738911438
8.093723849372386,10,0,37,-0.19988784517795777,0.5031323325322811,-1.1860272169412287,0.786251526585313,10 °C,0,50,0,0,0,11.819999999999999,12.155,12.4,TRUE,TRUE,-0.19988784517795777,-1.1860272169412287,0.786251526585313,-0.19988784517795777,-1.1860272169412287,0.786251526585313
8.145606694560671,10,0,37,-0.20193697220471382,0.5049822082761897,-1.1917021004260455,0.7878281560166179,10 °C,0,50,0,0,0,11.819999999999999,12.155,12.4,TRUE,TRUE,-0.20193697220471382,-1.1917021004260455,0.7878281560166179,-0.20193697220471382,-1.1917021004260455,0.7878281560166179
8.197489539748954,10,0,37,-0.20398609923146965,0.5068402470867348,-1.1973929835214698,0.7894207850585306,10 °C,0,50,0,0,0,11.819999999999999,12.155,12.4,TRUE,TRUE,-0.20398609923146965,-1.1973929835214698,0.7894207850585306,-0.20398609923146965,-1.1973929835214698,0.7894207850585306
8.249372384937239,10,0,37,-0.20603522625822548,0.50870635951766,-1.203099690912839,0.7910292383963881,10 °C,0,50,0,0,0,11.819999999999999,12.155,12.4,TRUE,TRUE,-0.20603522625822548,-1.203099690912839,0.7910292383963881,-0.20603522625822548,-1.203099690912839,0.7910292383963881
8.301255230125523,10,0,37,-0.20808435328498154,0.5105804570445304,-1.208822049092261,0.792653342522298,10 °C,0,50,0,0,0,11.819999999999999,12.155,12.4,TRUE,TRUE,-0.20808435328498154,-1.208822049092261,0.792653342522298,-0.20808435328498154,-1.208822049092261,0.792653342522298
8.353138075313808,10,0,37,-0.2101334803117374,0.5124624520618217,-1.214559886352908,0.7942929257294331,10 °C,0,50,0,0,0,11.819999999999999,12.155,12.4,TRUE,TRUE,-0.2101334803117374,-1.214559886352908,0.7942929257294331,-0.2101334803117374,-1.214559886352908,0.7942929257294331
8.405020920502093,10,0,37,-0.21218260733849326,0.5143522578797051,-1.2203130327827152,0.7959478181057286,10 °C,0,50,0,0,0,11.819999999999999,12.155,12.4,TRUE,TRUE,-0.21218260733849326,-1.2203130327827152,0.7959478181057286,-0.21218260733849326,-1.2203130327827152,0.7959478181057286
8.456903765690377,10,0,37,-0.2142317343652491,0.5162497887205466,-1.2260813202575205,0.7976178515270222,10 °C,0,50,0,0,0,11.819999999999999,12.155,12.4,TRUE,TRUE,-0.2142317343652491,-1.2260813202575205,0.7976178515270222,-0.2142317343652491,-1.2260813202575205,0.7976178515270222
8.508786610878662,10,0,37,-0.21628086139200514,0.5181549597151321,-1.231864582433664,0.7993028596496539,10 °C,0,50,0,0,0,11.819999999999999,12.155,12.4,TRUE,TRUE,-0.21628086139200514,-1.231864582433664,0.7993028596496539,-0.21628086139200514,-1.231864582433664,0.7993028596496539
8.560669456066947,10,0,37,-0.218329988418761,0.5200676868986323,-1.2376626547400802,0.8010026779025581,10 °C,0,50,0,0,0,11.819999999999999,12.155,12.4,TRUE,TRUE,-0.218329988418761,-1.2376626547400802,0.8010026779025581,-0.218329988418761,-1.2376626547400802,0.8010026779025581
8.612552301255231,10,0,37,-0.22037911544551686,0.5219878872063222,-1.2434753743699083,0.8027171434788747,10 °C,0,50,0,0,0,11.819999999999999,12.155,12.4,TRUE,TRUE,-0.22037911544551686,-1.2434753743699083,0.8027171434788747,-0.22037911544551686,-1.2434753743699083,0.8027171434788747
8.664435146443516,10,0,37,-0.2224282424722729,0.5239154784690645,-1.2493025802716393,0.8044460953270934,10 °C,0,50,0,0,0,11.819999999999999,12.155,12.4,TRUE,TRUE,-0.2224282424722729,-1.2493025802716393,0.8044460953270934,-0.2224282424722729,-1.2493025802716393,0.8044460953270934
8.7163179916318,10,0,37,-0.22447736949902874,0.5258503794085729,-1.2551441131398318,0.8061893741417743,10 °C,0,50,0,0,0,11.819999999999999,12.155,12.4,TRUE,TRUE,-0.22447736949902874,-1.2551441131398318,0.8061893741417743,-0.22447736949902874,-1.2551441131398318,0.8061893741417743
8.768200836820084,10,0,37,-0.22652649652578455,0.5277925096324635,-1.260999815405413,0.807946822353844,10 °C,0,50,0,0,0,11.819999999999999,12.155,12.4,TRUE,TRUE,-0.22652649652578455,-1.260999815405413,0.807946822353844,-0.22652649652578455,-1.260999815405413,0.807946822353844
8.820083682008368,10,0,37,-0.2285756235525406,0.5297417896291085,-1.2668695312255933,0.809718284120512,10 °C,0,50,0,0,0,11.819999999999999,12.155,12.4,TRUE,TRUE,-0.2285756235525406,-1.2668695312255933,0.809718284120512,-0.2285756235525406,-1.2668695312255933,0.809718284120512
8.871966527196653,10,0,37,-0.23062475057929624,0.5316981407623025,-1.272753106473409,0.8115036053148166,10 °C,0,50,0,0,0,11.819999999999999,12.155,12.4,TRUE,TRUE,-0.23062475057929624,-1.272753106473409,0.8115036053148166,-0.23062475057929624,-1.272753106473409,0.8115036053148166
8.923849372384938,10,0,37,-0.2326738776060523,0.5336614852657544,-1.278650388726931,0.8133026335148262,10 °C,0,50,0,0,0,11.819999999999999,12.155,12.4,TRUE,TRUE,-0.2326738776060523,-1.278650388726931,0.8133026335148262,-0.2326738776060523,-1.278650388726931,0.8133026335148262
8.975732217573222,10,0,37,-0.23472300463280815,0.5356317462374081,-1.284561227258128,0.8151152179925116,10 °C,0,50,0,0,0,11.819999999999999,12.155,12.4,TRUE,TRUE,-0.23472300463280815,-1.284561227258128,0.8151152179925116,-0.23472300463280815,-1.284561227258128,0.8151152179925116
9.027615062761507,10,0,37,-0.2367721316595642,0.5376088476336136,-1.2904854730214468,0.8169412097023184,10 °C,0,50,0,0,0,11.819999999999999,12.155,12.4,TRUE,TRUE,-0.2367721316595642,-1.2904854730214468,0.8169412097023184,-0.2367721316595642,-1.2904854730214468,0.8169412097023184
9.079497907949792,10,0,37,-0.23882125868631984,0.5395927142631479,-1.2964229786420898,0.81878046126945,10 °C,0,50,0,0,0,11.819999999999999,12.155,12.4,TRUE,TRUE,-0.23882125868631984,-1.2964229786420898,0.81878046126945,-0.23882125868631984,-1.2964229786420898,0.81878046126945
9.131380753138076,10,0,37,-0.2408703857130759,0.5415832717811022,-1.302373598404036,0.8206328269778844,10 °C,0,50,0,0,0,11.819999999999999,12.155,12.4,TRUE,TRUE,-0.2408703857130759,-1.302373598404036,0.8206328269778844,-0.2408703857130759,-1.302373598404036,0.8206328269778844
9.183263598326361,10,0,37,-0.24291951273983176,0.543580446682639,-1.3083371882378043,0.8224981627581407,10 °C,0,50,0,0,0,11.819999999999999,12.155,12.4,TRUE,TRUE,-0.24291951273983176,-1.3083371882378043,0.8224981627581407,-0.24291951273983176,-1.3083371882378043,0.8224981627581407
9.235146443514646,10,0,37,-0.2449686397665878,0.5455841662966352,-1.3143136057079927,0.8243763261748172,10 °C,0,50,0,0,0,11.819999999999999,12.155,12.4,TRUE,TRUE,-0.2449686397665878,-1.3143136057079927,0.8243763261748172,-0.2449686397665878,-1.3143136057079927,0.8243763261748172
9.28702928870293,10,0,37,-0.24701776679334367,0.54759435877921,-1.3203027100005953,0.8262671764139079,10 °C,0,50,0,0,0,11.819999999999999,12.155,12.4,TRUE,TRUE,-0.24701776679334367,-1.3203027100005953,0.8262671764139079,-0.24701776679334367,-1.3203027100005953,0.8262671764139079
9.338912133891215,10,0,37,-0.2490668938200995,0.5496109531071558,-1.326304361910125,0.8281705742699259,10 °C,0,50,0,0,0,11.819999999999999,12.155,12.4,TRUE,TRUE,-0.2490668938200995,-1.326304361910125,0.8281705742699259,-0.2490668938200995,-1.326304361910125,0.8281705742699259
9.390794979079498,10,0,37,-0.2511160208468553,0.5516338790712738,-1.332318423826552,0.8300863821328415,10 °C,0,50,0,0,0,11.819999999999999,12.155,12.4,TRUE,TRUE,-0.2511160208468553,-1.332318423826552,0.8300863821328415,-0.2511160208468553,-1.332318423826552,0.8300863821328415
9.442677824267783,10,0,37,-0.2531651478736114,0.5536630672696242,-1.3383447597220748,0.8320144639748519,10 °C,0,50,0,0,0,11.819999999999999,12.155,12.4,TRUE,TRUE,-0.2531651478736114,-1.3383447597220748,0.8320144639748519,-0.2531651478736114,-1.3383447597220748,0.8320144639748519
9.494560669456067,10,0,37,-0.2552142749003672,0.5556984491006954,-1.3443832351377303,0.8339546853369959,10 °C,0,50,0,0,0,11.819999999999999,12.155,12.4,TRUE,TRUE,-0.2552142749003672,-1.3443832351377303,0.8339546853369959,-0.2552142749003672,-1.3443832351377303,0.8339546853369959
9.546443514644352,10,0,37,-0.25726340192712305,0.5577399567565072,-1.350433717169877,0.835906913315631,10 °C,0,50,0,0,0,11.819999999999999,12.155,12.4,TRUE,TRUE,-0.25726340192712305,-1.350433717169877,0.835906913315631,-0.25726340192712305,-1.350433717169877,0.835906913315631
9.598326359832637,10,0,37,-0.2593125289538789,0.5597875232156445,-1.3564960744565422,0.8378710165487844,10 °C,0,50,0,0,0,11.819999999999999,12.155,12.4,TRUE,TRUE,-0.2593125289538789,-1.3564960744565422,0.8378710165487844,-0.2593125289538789,-1.3564960744565422,0.8378710165487844
9.650209205020921,10,0,37,-0.261361655980635,0.5618410822362344,-1.3625701771636543,0.8398468652023844,10 °C,0,50,0,0,0,11.819999999999999,12.155,12.4,TRUE,TRUE,-0.261361655980635,-1.3625701771636543,0.8398468652023844,-0.261361655980635,-1.3625701771636543,0.8398468652023844
9.702092050209206,10,0,37,-0.263410783007391,0.5639005683488741,-1.3686558969711844,0.8418343309564023,10 °C,0,50,0,0,0,11.819999999999999,12.155,12.4,TRUE,TRUE,-0.263410783007391,-1.3686558969711844,0.8418343309564023,-0.263410783007391,-1.3686558969711844,0.8418343309564023
9.75397489539749,10,0,37,-0.26545991003414665,0.5659659168495094,-1.374753107059185,0.8438332869908918,10 °C,0,50,0,0,0,11.819999999999999,12.155,12.4,TRUE,TRUE,-0.26545991003414665,-1.374753107059185,0.8438332869908918,-0.26545991003414665,-1.374753107059185,0.8438332869908918
9.805857740585775,10,0,37,-0.2675090370609025,0.5680370637922769,-1.3808616820937654,0.8458436079719602,10 °C,0,50,0,0,0,11.819999999999999,12.155,12.4,TRUE,TRUE,-0.2675090370609025,-1.3808616820937654,0.8458436079719602,-0.2675090370609025,-1.3808616820937654,0.8458436079719602
9.85774058577406,10,0,37,-0.2695581640876586,0.570113945982309,-1.3869814982129842,0.8478651700376671,10 °C,0,50,0,0,0,11.819999999999999,12.155,12.4,TRUE,TRUE,-0.2695581640876586,-1.3869814982129842,0.8478651700376671,-0.2695581640876586,-1.3869814982129842,0.8478651700376671
9.909623430962345,10,0,37,-0.2716072911144146,0.5721965009685133,-1.3931124330127007,0.8498978507838714,10 °C,0,50,0,0,0,11.819999999999999,12.155,12.4,TRUE,TRUE,-0.2716072911144146,-1.3931124330127007,0.8498978507838714,-0.2716072911144146,-1.3931124330127007,0.8498978507838714
9.96150627615063,10,0,37,-0.27365641814117025,0.574284667036325,-1.3992543655323673,0.8519415292500268,10 °C,0,50,0,0,0,11.819999999999999,12.155,12.4,TRUE,TRUE,-0.27365641814117025,-1.3992543655323673,0.8519415292500268,-0.27365641814117025,-1.3992543655323673,0.8519415292500268
10.013389121338912,10,0,37,-0.2757055451679263,0.576378383200444,-1.4054071762407965,0.853996085904944,10 °C,0,50,0,0,0,11.819999999999999,12.155,12.4,TRUE,TRUE,-0.2757055451679263,-1.4054071762407965,0.853996085904944,-0.2757055451679263,-1.4054071762407965,0.853996085904944
10.065271966527197,10,0,37,-0.27775467219468214,0.5784775891975559,-1.4115707470218917,0.8560614026325273,10 °C,0,50,0,0,0,11.819999999999999,12.155,12.4,TRUE,TRUE,-0.27775467219468214,-1.4115707470218917,0.8560614026325273,-0.27775467219468214,-1.4115707470218917,0.8560614026325273
10.117154811715482,10,0,37,-0.27980379922143794,0.5805822254790418,-1.4177449611603599,0.858137362717484,10 °C,0,50,0,0,0,11.819999999999999,12.155,12.4,TRUE,TRUE,-0.27980379922143794,-1.4177449611603599,0.858137362717484,-0.27980379922143794,-1.4177449611603599,0.858137362717484
10.169037656903766,10,0,37,-0.2818529262481938,0.582692233203687,-1.4239297033274205,0.8602238508310328,10 °C,0,50,0,0,0,11.819999999999999,12.155,12.4,TRUE,TRUE,-0.2818529262481938,-1.4239297033274205,0.8602238508310328,-0.2818529262481938,-1.4239297033274205,0.8602238508310328
10.220920502092051,10,0,37,-0.2839020532749499,0.584807554230386,-1.4301248595665064,0.8623207530166066,10 °C,0,50,0,0,0,11.819999999999999,12.155,12.4,TRUE,TRUE,-0.2839020532749499,-1.4301248595665064,0.8623207530166066,-0.2839020532749499,-1.4301248595665064,0.8623207530166066
10.272803347280336,10,0,37,-0.28595118030170574,0.5869281311108493,-1.4363303172789705,0.8644279566755589,10 °C,0,50,0,0,0,11.819999999999999,12.155,12.4,TRUE,TRUE,-0.28595118030170574,-1.4363303172789705,0.8644279566755589,-0.28595118030170574,-1.4363303172789705,0.8644279566755589
10.32468619246862,10,0,37,-0.28800030732846177,0.589053907082319,-1.442545965209807,0.8665453505528833,10 °C,0,50,0,0,0,11.819999999999999,12.155,12.4,TRUE,TRUE,-0.28800030732846177,-1.442545965209807,0.8665453505528833,-0.28800030732846177,-1.442545965209807,0.8665453505528833
10.376569037656905,10,0,37,-0.2900494343552174,0.5911848260602931,-1.4487716934333918,0.8686728247229571,10 °C,0,50,0,0,0,11.819999999999999,12.155,12.4,TRUE,TRUE,-0.2900494343552174,-1.4487716934333918,0.8686728247229571,-0.2900494343552174,-1.4487716934333918,0.8686728247229571
10.42845188284519,10,0,37,-0.2920985613819735,0.5933208326312629,-1.4550073933392489,0.8708102705753018,10 °C,0,50,0,0,0,11.819999999999999,12.155,12.4,TRUE,TRUE,-0.2920985613819735,-1.4550073933392489,0.8708102705753018,-0.2920985613819735,-1.4550073933392489,0.8708102705753018
10.480334728033474,10,0,37,-0.29414768840872935,0.5954618720454682,-1.461252957617847,0.8729575808003884,10 °C,0,50,0,0,0,11.819999999999999,12.155,12.4,TRUE,TRUE,-0.29414768840872935,-1.461252957617847,0.8729575808003884,-0.29414768840872935,-1.461252957617847,0.8729575808003884
10.532217573221759,10,0,37,-0.29619681543548537,0.5976078902096715,-1.4675082802464416,0.8751146493754708,10 °C,0,50,0,0,0,11.819999999999999,12.155,12.4,TRUE,TRUE,-0.29619681543548537,-1.4675082802464416,0.8751146493754708,-0.29619681543548537,-1.4675082802464416,0.8751146493754708
10.584100418410042,10,0,37,-0.298245942462241,0.599758833679954,-1.4737732564749508,0.8772813715504688,10 °C,0,50,0,0,0,11.819999999999999,12.155,12.4,TRUE,TRUE,-0.298245942462241,-1.4737732564749508,0.8772813715504688,-0.298245942462241,-1.4737732564749508,0.8772813715504688
10.635983263598327,10,0,37,-0.30029506948899704,0.601914649654538,-1.4800477828118914,0.8794576438338975,10 °C,0,50,0,0,0,11.819999999999999,12.155,12.4,TRUE,TRUE,-0.30029506948899704,-1.4800477828118914,0.8794576438338975,-0.30029506948899704,-1.4800477828118914,0.8794576438338975
10.687866108786611,10,0,37,-0.3023441965157531,0.6040752859666367,-1.4863317570103611,0.8816433639788548,10 °C,0,50,0,0,0,11.819999999999999,12.155,12.4,TRUE,TRUE,-0.3023441965157531,-1.4863317570103611,0.8816433639788548,-0.3023441965157531,-1.4863317570103611,0.8816433639788548
10.739748953974896,10,0,37,-0.30439332354250875,0.6062406910773356,-1.4926250780540864,0.883838430969069,10 °C,0,50,0,0,0,11.819999999999999,12.155,12.4,TRUE,TRUE,-0.30439332354250875,-1.4926250780540864,0.883838430969069,-0.30439332354250875,-1.4926250780540864,0.883838430969069
10.79163179916318,10,0,37,-0.3064424505692646,0.608410814068504,-1.4989276461435324,0.886042745005003,10 °C,0,50,0,0,0,11.819999999999999,12.155,12.4,TRUE,TRUE,-0.3064424505692646,-1.4989276461435324,0.886042745005003,-0.3064424505692646,-1.4989276461435324,0.886042745005003
10.843514644351465,10,0,37,-0.30849157759602064,0.6105856046357433,-1.5052393626820775,0.8882562074900362,10 °C,0,50,0,0,0,11.819999999999999,12.155,12.4,TRUE,TRUE,-0.30849157759602064,-1.5052393626820775,0.8882562074900362,-0.30849157759602064,-1.5052393626820775,0.8882562074900362
10.89539748953975,10,0,37,-0.31054070462277666,0.6127650130813734,-1.5115601302622685,0.8904787210167153,10 °C,0,50,0,0,0,11.819999999999999,12.155,12.4,TRUE,TRUE,-0.31054070462277666,-1.5115601302622685,0.8904787210167153,-0.31054070462277666,-1.5115601302622685,0.8904787210167153
10.947280334728035,10,0,37,-0.3125898316495325,0.6149489903074544,-1.5178898526521432,0.892710189353078,10 °C,0,50,0,0,0,11.819999999999999,12.155,12.4,TRUE,TRUE,-0.3125898316495325,-1.5178898526521432,0.892710189353078,-0.3125898316495325,-1.5178898526521432,0.892710189353078
10.99916317991632,10,0,37,-0.31463895867628816,0.6171374878088526,-1.524228434781639,0.8949505174290628,10 °C,0,50,0,0,0,11.819999999999999,12.155,12.4,TRUE,TRUE,-0.31463895867628816,-1.524228434781639,0.8949505174290628,-0.31463895867628816,-1.524228434781639,0.8949505174290628
11.051046025104604,10,0,37,-0.31668808570304424,0.6193304576663485,-1.5305757827290873,0.8971996113229987,10 °C,0,50,0,0,0,11.819999999999999,12.155,12.4,TRUE,TRUE,-0.31668808570304424,-1.5305757827290873,0.8971996113229987,-0.31668808570304424,-1.5305757827290873,0.8971996113229987
11.102928870292889,10,0,37,-0.31873721272980027,0.6215278525397863,-1.5369318037077813,0.8994573782481807,10 °C,0,50,0,0,0,11.819999999999999,12.155,12.4,TRUE,TRUE,-0.31873721272980027,-1.5369318037077813,0.8994573782481807,-0.31873721272980027,-1.5369318037077813,0.8994573782481807
11.154811715481173,10,0,37,-0.3207863397565559,0.6237296256612719,-1.5432964060526486,0.9017237265395369,10 °C,0,50,0,0,0,11.819999999999999,12.155,12.4,TRUE,TRUE,-0.3207863397565559,-1.5432964060526486,0.9017237265395369,-0.3207863397565559,-1.5432964060526486,0.9017237265395369
11.206694560669456,10,0,37,-0.32283546678331193,0.6259357308284175,-1.5496694992070101,0.9039985656403862,10 °C,0,50,0,0,0,11.819999999999999,12.155,12.4,TRUE,TRUE,-0.32283546678331193,-1.5496694992070101,0.9039985656403862,-0.32283546678331193,-1.5496694992070101,0.9039985656403862
11.258577405857741,10,0,37,-0.32488459381006757,0.6281461223976328,-1.5560509937094278,0.9062818060892928,10 °C,0,50,0,0,0,11.819999999999999,12.155,12.4,TRUE,TRUE,-0.32488459381006757,-1.5560509937094278,0.9062818060892928,-0.32488459381006757,-1.5560509937094278,0.9062818060892928
11.310460251046026,10,0,37,-0.32693372083682387,0.6303607552774696,-1.5624408011806643,0.9085733595070165,10 °C,0,50,0,0,0,11.819999999999999,12.155,12.4,TRUE,TRUE,-0.32693372083682387,-1.5624408011806643,0.9085733595070165,-0.32693372083682387,-1.5624408011806643,0.9085733595070165
11.36234309623431,10,0,37,-0.3289828478635795,0.6325795849220116,-1.5688388343107222,0.9108731385835633,10 °C,0,50,0,0,0,11.819999999999999,12.155,12.4,TRUE,TRUE,-0.3289828478635795,-1.5688388343107222,0.9108731385835633,-0.3289828478635795,-1.5688388343107222,0.9108731385835633
11.414225941422595,10,0,37,-0.33103197489033576,0.6348025673243215,-1.5752450068460058,0.9131810570653344,10 °C,0,50,0,0,0,11.819999999999999,12.155,12.4,TRUE,TRUE,-0.33103197489033576,-1.5752450068460058,0.9131810570653344,-0.33103197489033576,-1.5752450068460058,0.9131810570653344
11.46610878661088,10,0,37,-0.3330811019170914,0.6370296590099372,-1.5816592335765685,0.9154970297423857,10 °C,0,50,0,0,0,11.819999999999999,12.155,12.4,TRUE,TRUE,-0.3330811019170914,-1.5816592335765685,0.9154970297423857,-0.3330811019170914,-1.5816592335765685,0.9154970297423857
11.517991631799164,10,0,37,-0.33513022894384725,0.6392608170304253,-1.5880814303234807,0.9178209724357863,10 °C,0,50,0,0,0,11.819999999999999,12.155,12.4,TRUE,TRUE,-0.33513022894384725,-1.5880814303234807,0.9178209724357863,-0.33513022894384725,-1.5880814303234807,0.9178209724357863
11.569874476987449,10,0,37,-0.33717935597060333,0.6414959989569847,-1.5945115139262933,0.9201528019850866,10 °C,0,50,0,0,0,11.819999999999999,12.155,12.4,TRUE,TRUE,-0.33717935597060333,-1.5945115139262933,0.9201528019850866,-0.33717935597060333,-1.5945115139262933,0.9201528019850866
11.621757322175734,10,0,37,-0.33922848299735914,0.6437351628741083,-1.6009494022306112,0.922492436235893,10 °C,0,50,0,0,0,11.819999999999999,12.155,12.4,TRUE,TRUE,-0.33922848299735914,-1.6009494022306112,0.922492436235893,-0.33922848299735914,-1.6009494022306112,0.922492436235893
11.673640167364018,10,0,37,-0.3412776100241152,0.6459782673733017,-1.6073950140757864,0.9248397940275559,10 °C,0,50,0,0,0,11.819999999999999,12.155,12.4,TRUE,TRUE,-0.3412776100241152,-1.6073950140757864,0.9248397940275559,-0.3412776100241152,-1.6073950140757864,0.9248397940275559
11.725523012552303,10,0,37,-0.343326737050871,0.6482252715468545,-1.6138482692827059,0.9271947951809638,10 °C,0,50,0,0,0,11.819999999999999,12.155,12.4,TRUE,TRUE,-0.343326737050871,-1.6138482692827059,0.9271947951809638,-0.343326737050871,-1.6138482692827059,0.9271947951809638
11.777405857740586,10,0,37,-0.3453758640776269,0.6504761349816729,-1.6203090886417058,0.9295573604864519,10 °C,0,50,0,0,0,11.819999999999999,12.155,12.4,TRUE,TRUE,-0.3453758640776269,-1.6203090886417058,0.9295573604864519,-0.3453758640776269,-1.6203090886417058,0.9295573604864519
11.82928870292887,10,0,37,-0.3474249911043827,0.6527308177531694,-1.6267773939005947,0.9319274116918292,10 °C,0,50,0,0,0,11.819999999999999,12.155,12.4,TRUE,TRUE,-0.3474249911043827,-1.6267773939005947,0.9319274116918292,-0.3474249911043827,-1.6267773939005947,0.9319274116918292
11.881171548117155,10,0,37,-0.349474118131139,0.6549892804192062,-1.6332531077527832,0.9343048714905053,10 °C,0,50,0,0,0,11.819999999999999,12.155,12.4,TRUE,TRUE,-0.349474118131139,-1.6332531077527832,0.9343048714905053,-0.349474118131139,-1.6332531077527832,0.9343048714905053
11.93305439330544,10,0,37,-0.3515232451578946,0.6572514840141024,-1.6397361538255353,0.9366896635097459,10 °C,0,50,0,0,0,11.819999999999999,12.155,12.4,TRUE,TRUE,-0.3515232451578946,-1.6397361538255353,0.9366896635097459,-0.3515232451578946,-1.6397361538255353,0.9366896635097459
11.984937238493725,10,0,37,-0.35357237218465026,0.6595173900426985,-1.6462264566683393,0.9390817122990389,10 °C,0,50,0,0,0,11.819999999999999,12.155,12.4,TRUE,TRUE,-0.35357237218465026,-1.6462264566683393,0.9390817122990389,-0.35357237218465026,-1.6462264566683393,0.9390817122990389
12.03682008368201,10,0,37,-0.3556214992114065,0.6617869604744785,-1.6527239417413844,0.9414809433185712,10 °C,0,50,0,0,0,11.819999999999999,12.155,12.4,TRUE,TRUE,-0.3556214992114065,-1.6527239417413844,0.9414809433185712,-0.3556214992114065,-1.6527239417413844,0.9414809433185712
12.088702928870294,10,0,37,-0.35767062623816237,0.6640601577377515,-1.6592285354041554,0.9438872829278306,10 °C,0,50,0,0,0,11.819999999999999,12.155,12.4,TRUE,TRUE,-0.35767062623816237,-1.6592285354041554,0.9438872829278306,-0.35767062623816237,-1.6592285354041554,0.9438872829278306
12.140585774058579,10,0,37,-0.359719753264918,0.6663369447138948,-1.6657401649041517,0.9463006583743158,10 °C,0,50,0,0,0,11.819999999999999,12.155,12.4,TRUE,TRUE,-0.359719753264918,-1.6657401649041517,0.9463006583743158,-0.359719753264918,-1.6657401649041517,0.9463006583743158
12.192468619246863,10,0,37,-0.3617688802916741,0.6686172847316555,-1.672258758365719,0.9487209977823707,10 °C,0,50,0,0,0,11.819999999999999,12.155,12.4,TRUE,FALSE,-0.3617688802916741,-1.672258758365719,0.9487209977823707,NA,NA,NA
12.244351464435148,10,0,37,-0.3638180073184299,0.6709011415615105,-1.6787842447789905,0.9511482301421308,10 °C,0,50,0,0,0,11.819999999999999,12.155,12.4,TRUE,FALSE,-0.3638180073184299,-1.6787842447789905,0.9511482301421308,NA,NA,NA
12.296234309623433,10,0,37,-0.3658671343451862,0.6731884794100883,-1.6853165539889594,0.9535822852985869,10 °C,0,50,0,0,0,11.819999999999999,12.155,12.4,TRUE,FALSE,-0.3658671343451862,-1.6853165539889594,0.9535822852985869,NA,NA,NA
12.348117154811717,10,0,37,-0.36791626137194183,0.6754792629146492,-1.6918556166846541,0.9560230939407706,10 °C,0,50,0,0,0,11.819999999999999,12.155,12.4,TRUE,FALSE,-0.36791626137194183,-1.6918556166846541,0.9560230939407706,NA,NA,NA
12.4,10,0,37,-0.36996538839869786,0.6777734571376275,-1.698401364388448,0.9584705875910521,10 °C,0,50,0,0,0,11.819999999999999,12.155,12.4,TRUE,FALSE,-0.36996538839869786,-1.698401364388448,0.9584705875910521,NA,NA,NA
0,15,0,37,0.21535188598197613,0.3767684278116433,-0.5231142325288447,0.9538180044927971,15 °C,0,50,0,0,0.3150000000000001,4.9,4.9,5.9,TRUE,TRUE,0.21535188598197613,-0.5231142325288447,0.9538180044927971,0.21535188598197613,-0.5231142325288447,0.9538180044927971
0.051882845188284524,15,0,37,0.2167803520482302,0.3763220994448738,-0.5208109628637225,0.9543716669601829,15 °C,0,50,0,0,0.3150000000000001,4.9,4.9,5.9,TRUE,TRUE,0.2167803520482302,-0.5208109628637225,0.9543716669601829,0.2167803520482302,-0.5208109628637225,0.9543716669601829
0.10376569037656905,15,0,37,0.21820881811448428,0.3758848536753848,-0.5185254950892699,0.9549431313182386,15 °C,0,50,0,0,0.3150000000000001,4.9,4.9,5.9,TRUE,TRUE,0.21820881811448428,-0.5185254950892699,0.9549431313182386,0.21820881811448428,-0.5185254950892699,0.9549431313182386
0.15564853556485359,15,0,37,0.21963728418073838,0.3754567222351485,-0.5162578914001527,0.9555324597616294,15 °C,0,50,0,0,0.3150000000000001,4.9,4.9,5.9,TRUE,TRUE,0.21963728418073838,-0.5162578914001527,0.9555324597616294,0.21963728418073838,-0.5162578914001527,0.9555324597616294
0.2075313807531381,15,0,37,0.22106575024699246,0.37503773633807225,-0.5140082129756292,0.9561397134696141,15 °C,0,50,0,0,0.3150000000000001,4.9,4.9,5.9,TRUE,TRUE,0.22106575024699246,-0.5140082129756292,0.9561397134696141,0.22106575024699246,-0.5140082129756292,0.9561397134696141
0.2594142259414226,15,0,37,0.22249421631324656,0.3746279266694321,-0.5117765199588404,0.9567649525853335,15 °C,0,50,0,0,0.3150000000000001,4.9,4.9,5.9,TRUE,TRUE,0.22249421631324656,-0.5117765199588404,0.9567649525853335,0.22249421631324656,-0.5117765199588404,0.9567649525853335
0.31129707112970717,15,0,37,0.22392268237950064,0.3742273233754016,-0.5095628714362865,0.9574082361952878,15 °C,0,50,0,0,0.3150000000000001,4.9,4.9,5.9,TRUE,TRUE,0.22392268237950064,-0.5095628714362865,0.9574082361952878,0.22392268237950064,-0.5095628714362865,0.9574082361952878
0.3631799163179917,15,0,37,0.22535114844575474,0.3738359560526855,-0.5073673254175087,0.9580696223090183,15 °C,0,50,0,0,0.3150000000000001,4.9,4.9,5.9,TRUE,TRUE,0.22535114844575474,-0.5073673254175087,0.9580696223090183,0.22535114844575474,-0.5073673254175087,0.9580696223090183
0.4150627615062762,15,0,37,0.22677961451200881,0.37345385373826495,-0.5051899388149905,0.9587491678390081,15 °C,0,50,0,0,0.3150000000000001,4.9,4.9,5.9,TRUE,TRUE,0.22677961451200881,-0.5051899388149905,0.9587491678390081,0.22677961451200881,-0.5051899388149905,0.9587491678390081
0.4669456066945607,15,0,37,0.22820808057826292,0.37308104489926225,-0.5030307674242911,0.9594469285808169,15 °C,0,50,0,0,0.3150000000000001,4.9,4.9,5.9,TRUE,TRUE,0.22820808057826292,-0.5030307674242911,0.9594469285808169,0.22820808057826292,-0.5030307674242911,0.9594469285808169
0.5188284518828452,15,0,37,0.229636546644517,0.37271755742293294,-0.5008898659044316,0.9601629591934655,15 °C,0,50,0,0,0.3150000000000001,4.9,4.9,5.9,TRUE,TRUE,0.229636546644517,-0.5008898659044316,0.9601629591934655,0.229636546644517,-0.5008898659044316,0.9601629591934655
0.5707112970711298,15,0,37,0.23106501271077107,0.37236341860679245,-0.4987672877585422,0.9608973131800843,15 °C,0,50,0,0,0.3150000000000001,4.9,4.9,5.9,TRUE,TRUE,0.23106501271077107,-0.4987672877585422,0.9608973131800843,0.23106501271077107,-0.4987672877585422,0.9608973131800843
0.6225941422594143,15,0,37,0.23249347877702514,0.3720186551488854,-0.49666308531479014,0.9616500428688404,15 °C,0,50,0,0,0.3150000000000001,4.9,4.9,5.9,TRUE,TRUE,0.23249347877702514,-0.49666308531479014,0.9616500428688404,0.23249347877702514,-0.49666308531479014,0.9616500428688404
0.6744769874476988,15,0,37,0.23392194484327924,0.37168329313820564,-0.49457730970760383,0.9624211993941623,15 °C,0,50,0,0,0.3150000000000001,4.9,4.9,5.9,TRUE,TRUE,0.23392194484327924,-0.49457730970760383,0.9624211993941623,0.23392194484327924,-0.49457730970760383,0.9624211993941623
0.7263598326359834,15,0,37,0.23535041090953332,0.3713573580452732,-0.4925100108592021,0.9632108326782688,15 °C,0,50,0,0,0.3150000000000001,4.9,4.9,5.9,TRUE,TRUE,0.23535041090953332,-0.4925100108592021,0.9632108326782688,0.23535041090953332,-0.4925100108592021,0.9632108326782688
0.7782426778242678,15,0,37,0.2367788769757874,0.3710408747128775,-0.49046123746145254,0.9640189914130273,15 °C,0,50,0,0,0.3150000000000001,4.9,4.9,5.9,TRUE,TRUE,0.2367788769757874,-0.49046123746145254,0.9640189914130273,0.2367788769757874,-0.49046123746145254,0.9640189914130273
0.8301255230125524,15,0,37,0.2382073430420415,0.37073386734699226,-0.48843103695806334,0.9648457230421463,15 °C,0,50,0,0,0.3150000000000001,4.9,4.9,5.9,TRUE,TRUE,0.2382073430420415,-0.48843103695806334,0.9648457230421463,0.2382073430420415,-0.48843103695806334,0.9648457230421463
0.882008368200837,15,0,37,0.23963580910829557,0.3704363595078718,-0.4864194555271331,0.9656910737437243,15 °C,0,50,0,0,0.3150000000000001,4.9,4.9,5.9,TRUE,TRUE,0.23963580910829557,-0.4864194555271331,0.9656910737437243,0.23963580910829557,-0.4864194555271331,0.9656910737437243
0.9338912133891214,15,0,37,0.24106427517454967,0.37014837410133417,-0.4844265380640653,0.9665550884131646,15 °C,0,50,0,0,0.3150000000000001,4.9,4.9,5.9,TRUE,TRUE,0.24106427517454967,-0.4844265380640653,0.9665550884131646,0.24106427517454967,-0.4844265380640653,0.9665550884131646
0.985774058577406,15,0,37,0.24249274124080378,0.36986993337023927,-0.48245232816486516,0.9674378106464727,15 °C,0,50,0,0,0.3150000000000001,4.9,4.9,5.9,TRUE,TRUE,0.24249274124080378,-0.48245232816486516,0.9674378106464727,0.24249274124080378,-0.48245232816486516,0.9674378106464727
1.0376569037656904,15,0,37,0.24392120730705785,0.3696010588861688,-0.480496868109833,0.9683392827239488,15 °C,0,50,0,0,0.3150000000000001,4.9,4.9,5.9,TRUE,TRUE,0.24392120730705785,-0.480496868109833,0.9683392827239488,0.24392120730705785,-0.480496868109833,0.9683392827239488
1.089539748953975,15,0,37,0.24534967337331196,0.36934177154131537,-0.4785601988476662,0.9692595455942901,15 °C,0,50,0,0,0.3150000000000001,4.9,4.9,5.9,TRUE,TRUE,0.24534967337331196,-0.4785601988476662,0.9692595455942901,0.24534967337331196,-0.4785601988476662,0.9692595455942901
1.1414225941422596,15,0,37,0.246778139439566,0.3690920915405872,-0.4766423599799849,0.9701986388591168,15 °C,0,50,0,0,0.3150000000000001,4.9,4.9,5.9,TRUE,TRUE,0.246778139439566,-0.4766423599799849,0.9701986388591168,0.246778139439566,-0.4766423599799849,0.9701986388591168
1.193305439330544,15,0,37,0.2482066055058201,0.3688520383939353,-0.47474338974629315,0.9711566007579333,15 °C,0,50,0,0,0.3150000000000001,4.9,4.9,5.9,TRUE,TRUE,0.2482066055058201,-0.47474338974629315,0.9711566007579333,0.2482066055058201,-0.47474338974629315,0.9711566007579333
1.2451882845188287,15,0,37,0.2496350715720742,0.3686216309089107,-0.47286332500939077,0.9721334681535392,15 °C,0,50,0,0,0.3150000000000001,4.9,4.9,5.9,TRUE,TRUE,0.2496350715720742,-0.47286332500939077,0.9721334681535392,0.2496350715720742,-0.47286332500939077,0.9721334681535392
1.2970711297071131,15,0,37,0.2510635376383282,0.36840088718345554,-0.4710022012412446,0.973129276517901,15 °C,0,50,0,0,0.3150000000000001,4.9,4.9,5.9,TRUE,TRUE,0.2510635376383282,-0.4710022012412446,0.973129276517901,0.2510635376383282,-0.4710022012412446,0.973129276517901
1.3489539748953976,15,0,37,0.25249200370458236,0.3681898245989385,-0.4691600525093371,0.9741440599185018,15 °C,0,50,0,0,0.3150000000000001,4.9,4.9,5.9,TRUE,TRUE,0.25249200370458236,-0.4691600525093371,0.9741440599185018,0.25249200370458236,-0.4691600525093371,0.9741440599185018
1.400836820083682,15,0,37,0.2539204697708364,0.3679884598134364,-0.467336911463499,0.9751778510051717,15 °C,0,50,0,0,0.3150000000000001,4.9,4.9,5.9,TRUE,TRUE,0.2539204697708364,-0.467336911463499,0.9751778510051717,0.2539204697708364,-0.467336911463499,0.9751778510051717
1.4527196652719667,15,0,37,0.2553489358370905,0.36779680875527065,-0.4655328093232399,0.9762306809974209,15 °C,0,50,0,0,0.3150000000000001,4.9,4.9,5.9,TRUE,TRUE,0.2553489358370905,-0.4655328093232399,0.9762306809974209,0.2553489358370905,-0.4655328093232399,0.9762306809974209
1.5046025104602512,15,0,37,0.2567774019033446,0.36761488661680325,-0.46374777586558974,0.977302579672279,15 °C,0,50,0,0,0.3150000000000001,4.9,4.9,5.9,TRUE,TRUE,0.2567774019033446,-0.46374777586558974,0.977302579672279,0.2567774019033446,-0.46374777586558974,0.977302579672279
1.5564853556485356,15,0,37,0.25820586796959866,0.3674427078484986,-0.4619818394134586,0.9783935753526559,15 °C,0,50,0,0,0.3150000000000001,4.9,4.9,5.9,TRUE,TRUE,0.25820586796959866,-0.4619818394134586,0.9783935753526559,0.25820586796959866,-0.4619818394134586,0.9783935753526559
1.6083682008368203,15,0,37,0.25963433403585273,0.3672802861532553,-0.4602350268245277,0.9795036948962332,15 °C,0,50,0,0,0.3150000000000001,4.9,4.9,5.9,TRUE,TRUE,0.25963433403585273,-0.4602350268245277,0.9795036948962332,0.25963433403585273,-0.4602350268245277,0.9795036948962332
1.6602510460251048,15,0,37,0.26106280010210686,0.36712763448101404,-0.4585073634806806,0.9806329636848943,15 °C,0,50,0,0,0.3150000000000001,4.9,4.9,5.9,TRUE,TRUE,0.26106280010210686,-0.4585073634806806,0.9806329636848943,0.26106280010210686,-0.4585073634806806,0.9806329636848943
1.7121338912133892,15,0,37,0.2624912661683609,0.3669847650236465,-0.45679887327798624,0.9817814056147081,15 °C,0,50,0,0,0.3150000000000001,4.9,4.9,5.9,TRUE,TRUE,0.2624912661683609,-0.45679887327798624,0.9817814056147081,0.2624912661683609,-0.45679887327798624,0.9817814056147081
1.764016736401674,15,0,37,0.263919732234615,0.366851689210129,-0.45510957861723783,0.9829490430864678,15 °C,0,50,0,0,0.3150000000000001,4.9,4.9,5.9,TRUE,TRUE,0.263919732234615,-0.45510957861723783,0.9829490430864678,0.263919732234615,-0.45510957861723783,0.9829490430864678
1.8158995815899583,15,0,37,0.2653481983008691,0.36672841770200604,-0.45343950039506276,0.9841358969968009,15 °C,0,50,0,0,0.3150000000000001,4.9,4.9,5.9,TRUE,TRUE,0.2653481983008691,-0.45343950039506276,0.9841358969968009,0.2653481983008691,-0.45343950039506276,0.9841358969968009
1.8677824267782428,15,0,37,0.2667766643671232,0.36661496038914865,-0.4517886579956081,0.9853419867298545,15 °C,0,50,0,0,0.3150000000000001,4.9,4.9,5.9,TRUE,TRUE,0.2667766643671232,-0.4517886579956081,0.9853419867298545,0.2667766643671232,-0.4517886579956081,0.9853419867298545
1.9196652719665275,15,0,37,0.2682051304333773,0.366511326385809,-0.45015706928280835,0.986567330149563,15 °C,0,50,0,0,0.3150000000000001,4.9,4.9,5.9,TRUE,TRUE,0.2682051304333773,-0.45015706928280835,0.986567330149563,0.2682051304333773,-0.45015706928280835,0.986567330149563
1.971548117154812,15,0,37,0.2696335964996314,0.366417524026978,-0.44854475059324544,0.9878119435925083,15 °C,0,50,0,0,0.3150000000000001,4.9,4.9,5.9,TRUE,TRUE,0.2696335964996314,-0.44854475059324544,0.9878119435925083,0.2696335964996314,-0.44854475059324544,0.9878119435925083
2.0234309623430966,15,0,37,0.27106206256588544,0.3663335608650469,-0.4469517167296065,0.9890758418613774,15 °C,0,50,0,0,0.3150000000000001,4.9,4.9,5.9,TRUE,TRUE,0.27106206256588544,-0.4469517167296065,0.9890758418613774,0.27106206256588544,-0.4469517167296065,0.9890758418613774
2.075313807531381,15,0,37,0.2724905286321396,0.36625944366677704,-0.4453779809547434,0.9903590382190226,15 °C,0,50,0,0,0.3150000000000001,4.9,4.9,5.9,TRUE,TRUE,0.2724905286321396,-0.4453779809547434,0.9903590382190226,0.2724905286321396,-0.4453779809547434,0.9903590382190226
2.1271966527196655,15,0,37,0.2739189946983937,0.3661951784105807,-0.44382355498634446,0.9916615443831318,15 °C,0,50,0,0,0.3150000000000001,4.9,4.9,5.9,TRUE,TRUE,0.2739189946983937,-0.44382355498634446,0.9916615443831318,0.2739189946983937,-0.44382355498634446,0.9916615443831318
2.17907949790795,15,0,37,0.2753474607646477,0.3661407702841149,-0.4422884489922175,0.992983370521513,15 °C,0,50,0,0,0.3150000000000001,4.9,4.9,5.9,TRUE,TRUE,0.2753474607646477,-0.4422884489922175,0.992983370521513,0.2753474607646477,-0.4422884489922175,0.992983370521513
2.2309623430962344,15,0,37,0.2767759268309018,0.3660962236821913,-0.44077267158619315,0.9943245252479967,15 °C,0,50,0,0,0.3150000000000001,4.9,4.9,5.9,TRUE,TRUE,0.2767759268309018,-0.44077267158619315,0.9943245252479967,0.2767759268309018,-0.44077267158619315,0.9943245252479967
2.282845188284519,15,0,37,0.27820439289715587,0.36606154220500275,-0.4392762298246495,0.9956850156189612,15 °C,0,50,0,0,0.3150000000000001,4.9,4.9,5.9,TRUE,TRUE,0.27820439289715587,-0.4392762298246495,0.9956850156189612,0.27820439289715587,-0.4392762298246495,0.9956850156189612
2.3347280334728038,15,0,37,0.27963285896340995,0.3660367286566704,-0.43779912920366404,0.9970648471304839,15 °C,0,50,0,0,0.3150000000000001,4.9,4.9,5.9,TRUE,TRUE,0.27963285896340995,-0.43779912920366404,0.9970648471304839,0.27963285896340995,-0.43779912920366404,0.9970648471304839
2.386610878661088,15,0,37,0.2810613250296641,0.3660217850441104,-0.4363413736567924,0.9984640237161205,15 °C,0,50,0,0,0.3150000000000001,4.9,4.9,5.9,TRUE,TRUE,0.2810613250296641,-0.4363413736567924,0.9984640237161205,0.2810613250296641,-0.4363413736567924,0.9984640237161205
2.4384937238493727,15,0,37,0.2824897910959181,0.3660167125762223,-0.4349029655534776,0.9998825477453138,15 °C,0,50,0,0,0.3150000000000001,4.9,4.9,5.9,TRUE,TRUE,0.2824897910959181,-0.4349029655534776,0.9998825477453138,0.2824897910959181,-0.4349029655534776,0.9998825477453138
2.4903765690376574,15,0,37,0.2839182571621722,0.3660215116634007,-0.43348390569809314,1.0013204200224375,15 °C,0,50,0,0,0.3150000000000001,4.9,4.9,5.9,TRUE,TRUE,0.2839182571621722,-0.43348390569809314,1.0013204200224375,0.2839182571621722,-0.43348390569809314,1.0013204200224375
2.5422594142259416,15,0,37,0.28534672322842636,0.3660361819173686,-0.432084193329616,1.0027776397864687,15 °C,0,50,0,0,0.3150000000000001,4.9,4.9,5.9,TRUE,TRUE,0.28534672322842636,-0.432084193329616,1.0027776397864687,0.28534672322842636,-0.432084193329616,1.0027776397864687
2.5941422594142263,15,0,37,0.28677518929468043,0.3660607221513351,-0.4307038261219364,1.0042542047112972,15 °C,0,50,0,0,0.3150000000000001,4.9,4.9,5.9,TRUE,TRUE,0.28677518929468043,-0.4307038261219364,1.0042542047112972,0.28677518929468043,-0.4307038261219364,1.0042542047112972
2.6460251046025105,15,0,37,0.28820365536093456,0.3660951303804749,-0.42934280018479626,1.0057501109066653,15 °C,0,50,0,0,0.3150000000000001,4.9,4.9,5.9,TRUE,TRUE,0.28820365536093456,-0.42934280018479626,1.0057501109066653,0.28820365536093456,-0.42934280018479626,1.0057501109066653
2.697907949790795,15,0,37,0.2896321214271885,0.36613940382273114,-0.42800111006536445,1.0072653529197415,15 °C,0,50,0,0,0.3150000000000001,4.9,4.9,5.9,TRUE,TRUE,0.2896321214271885,-0.42800111006536445,1.0072653529197415,0.2896321214271885,-0.42800111006536445,1.0072653529197415
2.74979079497908,15,0,37,0.2910605874934427,0.3661935388999387,-0.42667874875043715,1.0087999237373226,15 °C,0,50,0,0,0.3150000000000001,4.9,4.9,5.9,TRUE,TRUE,0.2910605874934427,-0.42667874875043715,1.0087999237373226,0.2910605874934427,-0.42667874875043715,1.0087999237373226
2.801673640167364,15,0,37,0.29248905355969673,0.3662575312392701,-0.42537570766927263,1.0103538147886661,15 °C,0,50,0,0,0.3150000000000001,4.9,4.9,5.9,TRUE,TRUE,0.29248905355969673,-0.42537570766927263,1.0103538147886661,0.29248905355969673,-0.42537570766927263,1.0103538147886661
2.8535564853556488,15,0,37,0.29391751962595086,0.3663313756749986,-0.4240919766970464,1.0119270159489482,15 °C,0,50,0,0,0.3150000000000001,4.9,4.9,5.9,TRUE,TRUE,0.29391751962595086,-0.4240919766970464,1.0119270159489482,0.29391751962595086,-0.4240919766970464,1.0119270159489482
2.9054393305439334,15,0,37,0.29534598569220494,0.36641506625057996,-0.42282754415893176,1.0135195155433416,15 °C,0,50,0,0,0.3150000000000001,4.9,4.9,5.9,TRUE,TRUE,0.29534598569220494,-0.42282754415893176,1.0135195155433416,0.29534598569220494,-0.42282754415893176,1.0135195155433416
2.9573221757322177,15,0,37,0.29677445175845907,0.36650859622105036,-0.4215823968347996,1.0151313003517177,15 °C,0,50,0,0,0.3150000000000001,4.9,4.9,5.9,TRUE,TRUE,0.29677445175845907,-0.4215823968347996,1.0151313003517177,0.29677445175845907,-0.4215823968347996,1.0151313003517177
3.0092050209205023,15,0,37,0.29820291782471303,0.3666119580557363,-0.4203565199645301,1.0167623556139562,15 °C,0,50,0,0,0.3150000000000001,4.9,4.9,5.9,TRUE,TRUE,0.29820291782471303,-0.4203565199645301,1.0167623556139562,0.29820291782471303,-0.4203565199645301,1.0167623556139562
3.061087866108787,15,0,37,0.2996313838909672,0.3667251434412767,-0.41914989725393514,1.0184126650358696,15 °C,0,50,0,0,0.3150000000000001,4.9,4.9,5.9,TRUE,TRUE,0.2996313838909672,-0.41914989725393514,1.0184126650358696,0.2996313838909672,-0.41914989725393514,1.0184126650358696
3.1129707112970713,15,0,37,0.30105984995722124,0.36684814328495235,-0.41796251088128533,1.020082210795728,15 °C,0,50,0,0,0.3150000000000001,4.9,4.9,5.9,TRUE,TRUE,0.30105984995722124,-0.41796251088128533,1.020082210795728,0.30105984995722124,-0.41796251088128533,1.020082210795728
3.164853556485356,15,0,37,0.30248831602347537,0.3669809477183208,-0.4167943415044334,1.021770973551384,15 °C,0,50,0,0,0.3150000000000001,4.9,4.9,5.9,TRUE,TRUE,0.30248831602347537,-0.4167943415044334,1.021770973551384,0.30248831602347537,-0.4167943415044334,1.021770973551384
3.2167364016736406,15,0,37,0.30391678208972944,0.3671235461011524,-0.4156453682685292,1.023478932447988,15 °C,0,50,0,0,0.3150000000000001,4.9,4.9,5.9,TRUE,TRUE,0.30391678208972944,-0.4156453682685292,1.023478932447988,0.30391678208972944,-0.4156453682685292,1.023478932447988
3.268619246861925,15,0,37,0.3053452481559836,0.36727592702566414,-0.4145155688143181,1.0252060651262853,15 °C,0,50,0,0,0.3150000000000001,4.9,4.9,5.9,TRUE,TRUE,0.3053452481559836,-0.4145155688143181,1.0252060651262853,0.3053452481559836,-0.4145155688143181,1.0252060651262853
3.3205020920502095,15,0,37,0.30677371422223754,0.3674380783210484,-0.4134049192870174,1.0269523477314926,15 °C,0,50,0,0,0.3150000000000001,4.9,4.9,5.9,TRUE,TRUE,0.30677371422223754,-0.4134049192870174,1.0269523477314926,0.30677371422223754,-0.4134049192870174,1.0269523477314926
3.372384937238494,15,0,37,0.3082021802884918,0.367609987058291,-0.41231339434575864,1.0287177549227422,15 °C,0,50,0,0,0.3150000000000001,4.9,4.9,5.9,TRUE,TRUE,0.3082021802884918,-0.41231339434575864,1.0287177549227422,0.3082021802884918,-0.41231339434575864,1.0287177549227422
3.4242677824267784,15,0,37,0.30963064635474574,0.36779163955527444,-0.4112409671735921,1.0305022598830835,15 °C,0,50,0,0,0.3150000000000001,4.9,4.9,5.9,TRUE,TRUE,0.30963064635474574,-0.4112409671735921,1.0305022598830835,0.30963064635474574,-0.4112409671735921,1.0305022598830835
3.476150627615063,15,0,37,0.3110591124209999,0.3679830213821624,-0.4101876094880384,1.0323058343300382,15 °C,0,50,0,0,0.3150000000000001,4.9,4.9,5.9,TRUE,TRUE,0.3110591124209999,-0.4101876094880384,1.0323058343300382,0.3110591124209999,-0.4101876094880384,1.0323058343300382
3.528033472803348,15,0,37,0.31248757848725395,0.3681841173670599,-0.4091532915521835,1.0341284485266913,15 °C,0,50,0,0,0.3150000000000001,4.9,4.9,5.9,TRUE,TRUE,0.31248757848725395,-0.4091532915521835,1.0341284485266913,0.31248757848725395,-0.4091532915521835,1.0341284485266913
3.579916317991632,15,0,37,0.3139160445535081,0.36839491160194504,-0.40813798218630415,1.0359700712933204,15 °C,0,50,0,0,0.3150000000000001,4.9,4.9,5.9,TRUE,TRUE,0.3139160445535081,-0.40813798218630415,1.0359700712933204,0.3139160445535081,-0.40813798218630415,1.0359700712933204
3.6317991631799167,15,0,37,0.31534451061976204,0.3686153874488651,-0.4071416487800135,1.0378306700195377,15 °C,0,50,0,0,0.3150000000000001,4.9,4.9,5.9,TRUE,TRUE,0.31534451061976204,-0.4071416487800135,1.0378306700195377,0.31534451061976204,-0.4071416487800135,1.0378306700195377
3.6836820083682014,15,0,37,0.3167729766860163,0.36884552754639305,-0.40616425730491407,1.0397102106769467,15 °C,0,50,0,0,0.3150000000000001,4.9,4.9,5.9,TRUE,TRUE,0.3167729766860163,-0.40616425730491407,1.0397102106769467,0.3167729766860163,-0.40616425730491407,1.0397102106769467
3.7355648535564856,15,0,37,0.31820144275227036,0.36908531381633836,-0.4052057723277528,1.0416086578322936,15 °C,0,50,0,0,0.3150000000000001,4.9,4.9,5.9,TRUE,TRUE,0.31820144275227036,-0.4052057723277528,1.0416086578322936,0.31820144275227036,-0.4052057723277528,1.0416086578322936
3.7874476987447703,15,0,37,0.3196299088185244,0.3693347274707064,-0.4042661570240601,1.043525974661109,15 °C,0,50,0,0,0.3150000000000001,4.9,4.9,5.9,TRUE,TRUE,0.3196299088185244,-0.4042661570240601,1.043525974661109,0.3196299088185244,-0.4042661570240601,1.043525974661109
3.839330543933055,15,0,37,0.32105837488477856,0.3695937490188991,-0.40334537319226366,1.0454621229618208,15 °C,0,50,0,0,0.3150000000000001,4.9,4.9,5.9,TRUE,TRUE,0.32105837488477856,-0.40334537319226366,1.0454621229618208,0.32105837488477856,-0.40334537319226366,1.0454621229618208
3.891213389121339,15,0,37,0.3224868409510326,0.3698623582751521,-0.40244338126826557,1.0474170631703308,15 °C,0,50,0,0,0.3150000000000001,4.9,4.9,5.9,TRUE,TRUE,0.3224868409510326,-0.40244338126826557,1.0474170631703308,0.3224868409510326,-0.40244338126826557,1.0474170631703308
3.943096234309624,15,0,37,0.32391530701728666,0.3701405343662012,-0.4015601403404677,1.049390754375041,15 °C,0,50,0,0,0.3150000000000001,4.9,4.9,5.9,TRUE,TRUE,0.32391530701728666,-0.4015601403404677,1.049390754375041,0.32391530701728666,-0.4015601403404677,1.049390754375041
3.9949790794979085,15,0,37,0.3253437730835407,0.3704282557391714,-0.4006956081652352,1.0513831543323167,15 °C,0,50,0,0,0.3150000000000001,4.9,4.9,5.9,TRUE,TRUE,0.3253437730835407,-0.4006956081652352,1.0513831543323167,0.3253437730835407,-0.4006956081652352,1.0513831543323167
4.046861924686193,15,0,37,0.32677223914979486,0.3707255001696821,-0.399849741182782,1.0533942194823718,15 °C,0,50,0,0,0.3150000000000001,4.9,4.9,5.9,TRUE,TRUE,0.32677223914979486,-0.399849741182782,1.0533942194823718,0.32677223914979486,-0.399849741182782,1.0533942194823718
4.098744769874477,15,0,37,0.3282007052160489,0.3710322447701614,-0.39902249453346744,1.0554239049655652,15 °C,0,50,0,0,0.3150000000000001,4.9,4.9,5.9,TRUE,TRUE,0.3282007052160489,-0.39902249453346744,1.0554239049655652,0.3282007052160489,-0.39902249453346744,1.0554239049655652
4.150627615062762,15,0,37,0.32962917128230296,0.3713484659983625,-0.3982138220744875,1.0574721646390934,15 °C,0,50,0,0,0.3150000000000001,4.9,4.9,5.9,TRUE,TRUE,0.32962917128230296,-0.3982138220744875,1.0574721646390934,0.32962917128230296,-0.3982138220744875,1.0574721646390934
4.202510460251046,15,0,37,0.3310576373485571,0.371674139666075,-0.39742367639694987,1.059538951094064,15 °C,0,50,0,0,0.3150000000000001,4.9,4.9,5.9,TRUE,TRUE,0.3310576373485571,-0.39742367639694987,1.059538951094064,0.3310576373485571,-0.39742367639694987,1.059538951094064
4.254393305439331,15,0,37,0.33248610341481116,0.372009240948024,-0.3966520088433159,1.0616242156729383,15 °C,0,50,0,0,0.3150000000000001,4.9,4.9,5.9,TRUE,TRUE,0.33248610341481116,-0.3966520088433159,1.0616242156729383,0.33248610341481116,-0.3966520088433159,1.0616242156729383
4.306276150627616,15,0,37,0.33391456948106524,0.3723537443909501,-0.395898769525197,1.0637279084873275,15 °C,0,50,0,0,0.3150000000000001,4.9,4.9,5.9,TRUE,TRUE,0.33391456948106524,-0.395898769525197,1.0637279084873275,0.33391456948106524,-0.395898769525197,1.0637279084873275
4.3581589958159,15,0,37,0.33534303554731937,0.37270762392286133,-0.3951639073414889,1.0658499784361277,15 °C,0,50,0,0,0.3150000000000001,4.9,4.9,5.9,TRUE,TRUE,0.33534303554731937,-0.3951639073414889,1.0658499784361277,0.33534303554731937,-0.3951639073414889,1.0658499784361277
4.410041841004184,15,0,37,0.3367715016135734,0.37307085286245156,-0.3944473699968316,1.0679903732239784,15 °C,0,50,0,0,0.3150000000000001,4.9,4.9,5.9,TRUE,TRUE,0.3367715016135734,-0.3944473699968316,1.0679903732239784,0.3367715016135734,-0.3944473699968316,1.0679903732239784
4.461924686192469,15,0,37,0.3381999676798274,0.37344340392867703,-0.39374910402037955,1.0701490393800344,15 °C,0,50,0,0,0.3150000000000001,4.9,4.9,5.9,TRUE,TRUE,0.3381999676798274,-0.39374910402037955,1.0701490393800344,0.3381999676798274,-0.39374910402037955,1.0701490393800344
4.5138075313807535,15,0,37,0.3396284337460817,0.37382524925048205,-0.39306905478486315,1.0723259222770265,15 °C,0,50,0,0,0.3150000000000001,4.9,4.9,5.9,TRUE,TRUE,0.3396284337460817,-0.39306905478486315,1.0723259222770265,0.3396284337460817,-0.39306905478486315,1.0723259222770265
4.565690376569038,15,0,37,0.34105689981233567,0.3742163603766691,-0.39240716652593577,1.0745209661506072,15 °C,0,50,0,0,0.3150000000000001,4.9,4.9,5.9,TRUE,TRUE,0.34105689981233567,-0.39240716652593577,1.0745209661506072,0.34105689981233567,-0.39240716652593577,1.0745209661506072
4.617573221757323,15,0,37,0.3424853658785897,0.37461670828590254,-0.3917633823617793,1.0767341141189588,15 °C,0,50,0,0,0.3150000000000001,4.9,4.9,5.9,TRUE,TRUE,0.3424853658785897,-0.3917633823617793,1.0767341141189588,0.3424853658785897,-0.3917633823617793,1.0767341141189588
4.6694560669456076,15,0,37,0.34391383194484376,0.3750262633968413,-0.3911376443129652,1.0789653082026527,15 °C,0,50,0,0,0.3150000000000001,4.9,4.9,5.9,TRUE,TRUE,0.34391383194484376,-0.3911376443129652,1.0789653082026527,0.34391383194484376,-0.3911376443129652,1.0789653082026527
4.721338912133891,15,0,37,0.345342298011098,0.3754449955783897,-0.3905298933225458,1.0812144893447417,15 °C,0,50,0,0,0.3150000000000001,4.9,4.9,5.9,TRUE,TRUE,0.345342298011098,-0.3905298933225458,1.0812144893447417,0.345342298011098,-0.3905298933225458,1.0812144893447417
4.773221757322176,15,0,37,0.34677076407735197,0.375872874160061,-0.3899400692763676,1.0834815974310716,15 °C,0,50,0,0,0.3150000000000001,4.9,4.9,5.9,TRUE,TRUE,0.34677076407735197,-0.3899400692763676,1.0834815974310716,0.34677076407735197,-0.3899400692763676,1.0834815974310716
4.825104602510461,15,0,37,0.348199230143606,0.37630986794244586,-0.3893681110235879,1.0857665713108,15 °C,0,50,0,0,0.3150000000000001,4.9,4.9,5.9,TRUE,TRUE,0.348199230143606,-0.3893681110235879,1.0857665713108,0.348199230143606,-0.3893681110235879,1.0857665713108
4.876987447698745,15,0,37,0.34962769620986006,0.37675594520777644,-0.38881395639738175,1.0880693488171018,15 °C,0,50,0,0,0.3150000000000001,4.9,4.9,5.9,TRUE,TRUE,0.34962769620986006,-0.38881395639738175,1.0880693488171018,0.34962769620986006,-0.38881395639738175,1.0880693488171018
4.92887029288703,15,0,37,0.35105616227611425,0.37721107373058,-0.38827754223582256,1.0903898667880512,15 °C,0,50,0,0,0.3150000000000001,4.9,4.9,5.9,TRUE,FALSE,0.35105616227611425,-0.38827754223582256,1.0903898667880512,NA,NA,NA
4.980753138075315,15,0,37,0.3524846283423684,0.3776752207884138,-0.38775880440292265,1.0927280610876595,15 °C,0,50,0,0,0.3150000000000001,4.9,4.9,5.9,TRUE,FALSE,0.3524846283423684,-0.38775880440292265,1.0927280610876595,NA,NA,NA
5.0326359832635985,15,0,37,0.3539130944086224,0.3781483531726736,-0.3872576778098178,1.0950838666270626,15 °C,0,50,0,0,0.3150000000000001,4.9,4.9,5.9,TRUE,FALSE,0.3539130944086224,-0.3872576778098178,1.0950838666270626,NA,NA,NA
5.084518828451883,15,0,37,0.3553415604748766,0.378630437199469,-0.38677409643608257,1.0974572173858357,15 °C,0,50,0,0,0.3150000000000001,4.9,4.9,5.9,TRUE,FALSE,0.3553415604748766,-0.38677409643608257,1.0974572173858357,NA,NA,NA
5.136401673640168,15,0,37,0.3567700265411306,0.3791214387205569,-0.386307993351161,1.0998480464334222,15 °C,0,50,0,0,0.3150000000000001,4.9,4.9,5.9,TRUE,FALSE,0.3567700265411306,-0.386307993351161,1.0998480464334222,NA,NA,NA
5.1882845188284525,15,0,37,0.3581984926073847,0.379621323134327,-0.38585930073589625,1.1022562859506655,15 °C,0,50,0,0,0.3150000000000001,4.9,4.9,5.9,TRUE,FALSE,0.3581984926073847,-0.38585930073589625,1.1022562859506655,NA,NA,NA
5.240167364016737,15,0,37,0.3596269586736387,0.38013005539683,-0.3854279499041481,1.1046818672514256,15 °C,0,50,0,0,0.3150000000000001,4.9,4.9,5.9,TRUE,FALSE,0.3596269586736387,-0.3854279499041481,1.1046818672514256,NA,NA,NA
5.292050209205021,15,0,37,0.3610554247398929,0.3806476000328454,-0.3850138713244841,1.1071247208042698,15 °C,0,50,0,0,0.3150000000000001,4.9,4.9,5.9,TRUE,FALSE,0.3610554247398929,-0.3850138713244841,1.1071247208042698,NA,NA,NA
5.343933054393306,15,0,37,0.362483890806147,0.38117392114697607,-0.38461699464192606,1.1095847762542201,15 °C,0,50,0,0,0.3150000000000001,4.9,4.9,5.9,TRUE,FALSE,0.362483890806147,-0.38461699464192606,1.1095847762542201,NA,NA,NA
5.39581589958159,15,0,37,0.363912356872401,0.3817089824347668,-0.38423724869974196,1.1120619624445438,15 °C,0,50,0,0,0.3150000000000001,4.9,4.9,5.9,TRUE,FALSE,0.363912356872401,-0.38423724869974196,1.1120619624445438,NA,NA,NA
5.447698744769875,15,0,37,0.365340822938655,0.3822527471938392,-0.38387456156126987,1.11455620743858,15 °C,0,50,0,0,0.3150000000000001,4.9,4.9,5.9,TRUE,FALSE,0.365340822938655,-0.38387456156126987,1.11455620743858,NA,NA,NA
5.49958158995816,15,0,37,0.3667692890049092,0.3828051783350339,-0.3835288605317572,1.1170674385415755,15 °C,0,50,0,0,0.3150000000000001,4.9,4.9,5.9,TRUE,FALSE,0.3667692890049092,-0.3835288605317572,1.1170674385415755,NA,NA,NA
5.551464435146444,15,0,37,0.36819775507116337,0.3833662383935564,-0.38320007218020713,1.1195955823225339,15 °C,0,50,0,0,0.3150000000000001,4.9,4.9,5.9,TRUE,FALSE,0.36819775507116337,-0.38320007218020713,1.1195955823225339,NA,NA,NA
5.603347280334728,15,0,37,0.36962622113741744,0.3839358895401173,-0.38288812236121245,1.1221405646360474,15 °C,0,50,0,0,0.3150000000000001,4.9,4.9,5.9,TRUE,FALSE,0.36962622113741744,-0.38288812236121245,1.1221405646360474,NA,NA,NA
5.655230125523013,15,0,37,0.3710546872036714,0.3845140935920621,-0.3825929362367704,1.1247023106441132,15 °C,0,50,0,0,0.3150000000000001,4.9,4.9,5.9,TRUE,FALSE,0.3710546872036714,-0.3825929362367704,1.1247023106441132,NA,NA,NA
5.7071129707112975,15,0,37,0.3724831532699256,0.3851008120244844,-0.3823144382980637,1.127280744837915,15 °C,0,50,0,0,0.3150000000000001,4.9,4.9,5.9,TRUE,FALSE,0.3724831532699256,-0.3823144382980637,1.127280744837915,NA,NA,NA
5.758995815899582,15,0,37,0.3739116193361796,0.3856960059813132,-0.3820525523871942,1.1298757910595534,15 °C,0,50,0,0,0.3150000000000001,4.9,4.9,5.9,TRUE,FALSE,0.3739116193361796,-0.3820525523871942,1.1298757910595534,NA,NA,NA
5.810878661087867,15,0,37,0.3753400854024336,0.3862996362863744,-0.3818072017188603,1.1324873725237274,15 °C,0,50,0,0,0.3150000000000001,4.9,4.9,5.9,TRUE,FALSE,0.3753400854024336,-0.3818072017188603,1.1324873725237274,NA,NA,NA
5.862761506276152,15,0,37,0.3767685514686878,0.38691166345441347,-0.38157830890196254,1.135115411839338,15 °C,0,50,0,0,0.3150000000000001,4.9,4.9,5.9,TRUE,FALSE,0.3767685514686878,-0.38157830890196254,1.135115411839338,NA,NA,NA
5.914644351464435,15,0,37,0.378197017534942,0.3875320477020774,-0.3813657959611297,1.1377598310310137,15 °C,0,50,0,0,0.3150000000000001,4.9,4.9,5.9,FALSE,FALSE,NA,NA,NA,NA,NA,NA
5.96652719665272,15,0,37,0.379625483601196,0.38816074895885233,-0.38116958435815457,1.1404205515605466,15 °C,0,50,0,0,0.3150000000000001,4.9,4.9,5.9,FALSE,FALSE,NA,NA,NA,NA,NA,NA
6.018410041841005,15,0,37,0.38105394966745,0.38879772687794534,-0.38098959501332286,1.1430974943482228,15 °C,0,50,0,0,0.3150000000000001,4.9,4.9,5.9,FALSE,FALSE,NA,NA,NA,NA,NA,NA
6.070292887029289,15,0,37,0.382482415733704,0.3894429408471096,-0.38082574832663085,1.1457905797940389,15 °C,0,50,0,0,0.3150000000000001,4.9,4.9,5.9,FALSE,FALSE,NA,NA,NA,NA,NA,NA
6.122175732217574,15,0,37,0.3839108817999582,0.3900963499994091,-0.3806779641988837,1.1484997277988,15 °C,0,50,0,0,0.3150000000000001,4.9,4.9,5.9,FALSE,FALSE,NA,NA,NA,NA,NA,NA
6.174058577405859,15,0,37,0.38533934786621243,0.3907579132239106,-0.3805461620526524,1.1512248577850772,15 °C,0,50,0,0,0.3150000000000001,4.9,4.9,5.9,FALSE,FALSE,NA,NA,NA,NA,NA,NA
6.2259414225941425,15,0,37,0.38676781393246623,0.3914275891763091,-0.38043026085309956,1.153965888718032,15 °C,0,50,0,0,0.3150000000000001,4.9,4.9,5.9,FALSE,FALSE,NA,NA,NA,NA,NA,NA
6.277824267782427,15,0,37,0.38819627999872064,0.39210533628946875,-0.3803301791286381,1.1567227391260793,15 °C,0,50,0,0,0.3150000000000001,4.9,4.9,5.9,FALSE,FALSE,NA,NA,NA,NA,NA,NA
6.329707112970712,15,0,37,0.3896247460649746,0.3927911127838884,-0.38024583499144665,1.159495327121396,15 °C,0,50,0,0,0.3150000000000001,4.9,4.9,5.9,FALSE,FALSE,NA,NA,NA,NA,NA,NA
6.3815899581589965,15,0,37,0.3910532121312286,0.393484876678077,-0.38017714615780235,1.1622835704202596,15 °C,0,50,0,0,0.3150000000000001,4.9,4.9,5.9,FALSE,FALSE,NA,NA,NA,NA,NA,NA
6.433472803347281,15,0,37,0.3924816781974826,0.3941865857988389,-0.3801240299682417,1.165087386363207,15 °C,0,50,0,0,0.3150000000000001,4.9,4.9,5.9,FALSE,FALSE,NA,NA,NA,NA,NA,NA
6.485355648535566,15,0,37,0.393910144263737,0.3948961977914672,-0.3800864034075387,1.1679066919350127,15 °C,0,50,0,0,0.3150000000000001,4.9,4.9,5.9,FALSE,FALSE,NA,NA,NA,NA,NA,NA
6.53723849372385,15,0,37,0.3953386103299908,0.39561367012983456,-0.3800641831244849,1.1707414037844666,15 °C,0,50,0,0,0.3150000000000001,4.9,4.9,5.9,FALSE,FALSE,NA,NA,NA,NA,NA,NA
6.589121338912134,15,0,37,0.39676707639624503,0.3963389601263866,-0.3800572854514727,1.1735914382439627,15 °C,0,50,0,0,0.3150000000000001,4.9,4.9,5.9,FALSE,FALSE,NA,NA,NA,NA,NA,NA
6.641004184100419,15,0,37,0.39819554246249905,0.3970720249420267,-0.38006562642387326,1.1764567113488713,15 °C,0,50,0,0,0.3150000000000001,4.9,4.9,5.9,FALSE,FALSE,NA,NA,NA,NA,NA,NA
6.692887029288704,15,0,37,0.3996240085287532,0.3978128215958926,-0.38008912179919624,1.1793371388567027,15 °C,0,50,0,0,0.3150000000000001,4.9,4.9,5.9,FALSE,FALSE,NA,NA,NA,NA,NA,NA
6.744769874476988,15,0,37,0.4010524745950072,0.3985613069750216,-0.3801276870760351,1.1822326362660496,15 °C,0,50,0,0,0.3150000000000001,4.9,4.9,5.9,FALSE,FALSE,NA,NA,NA,NA,NA,NA
6.796652719665272,15,0,37,0.4024809406612612,0.3993174378439007,-0.38018123751278415,1.1851431188353065,15 °C,0,50,0,0,0.3150000000000001,4.9,4.9,5.9,FALSE,FALSE,NA,NA,NA,NA,NA,NA
6.848535564853557,15,0,37,0.40390940672751524,0.4000811708538975,-0.38024968814612387,1.1880685016011543,15 °C,0,50,0,0,0.3150000000000001,4.9,4.9,5.9,FALSE,FALSE,NA,NA,NA,NA,NA,NA
6.9004184100418415,15,0,37,0.40533787279376965,0.40085246255257245,-0.38033295380927234,1.1910086993968116,15 °C,0,50,0,0,0.3150000000000001,4.9,4.9,5.9,FALSE,FALSE,NA,NA,NA,NA,NA,NA
6.952301255230126,15,0,37,0.4067663388600236,0.401631269392867,-0.3804309491499956,1.1939636268700429,15 °C,0,50,0,0,0.3150000000000001,4.9,4.9,5.9,FALSE,FALSE,NA,NA,NA,NA,NA,NA
7.004184100418411,15,0,37,0.40819480492627763,0.4024175477421652,-0.3805435886483662,1.1969331985009215,15 °C,0,50,0,0,0.3150000000000001,4.9,4.9,5.9,FALSE,FALSE,NA,NA,NA,NA,NA,NA
7.056066945606696,15,0,37,0.4096232709925316,0.4032112538912296,-0.38067078663427834,1.1999173286193416,15 °C,0,50,0,0,0.3150000000000001,4.9,4.9,5.9,FALSE,FALSE,NA,NA,NA,NA,NA,NA
7.107949790794979,15,0,37,0.41105173705878584,0.4040123440630073,-0.3808124573047085,1.2029159314222801,15 °C,0,50,0,0,0.3150000000000001,4.9,4.9,5.9,FALSE,FALSE,NA,NA,NA,NA,NA,NA
7.159832635983264,15,0,37,0.4124802031250398,0.4048207744213009,-0.38096851474070986,1.2059289209907895,15 °C,0,50,0,0,0.3150000000000001,4.9,4.9,5.9,FALSE,FALSE,NA,NA,NA,NA,NA,NA
7.211715481171549,15,0,37,0.41390866919129404,0.40563650107931076,-0.381138872924155,1.2089562113067431,15 °C,0,50,0,0,0.3150000000000001,4.9,4.9,5.9,FALSE,FALSE,NA,NA,NA,NA,NA,NA
7.263598326359833,15,0,37,0.41533713525754806,0.4064594801080394,-0.3813234457542091,1.2119977162693052,15 °C,0,50,0,0,0.3150000000000001,4.9,4.9,5.9,FALSE,FALSE,NA,NA,NA,NA,NA,NA
7.315481171548118,15,0,37,0.41676560132380225,0.40728966754455953,-0.3815221470635344,1.2150533497111389,15 °C,0,50,0,0,0.3150000000000001,4.9,4.9,5.9,FALSE,FALSE,NA,NA,NA,NA,NA,NA
7.367364016736403,15,0,37,0.4181940673900562,0.4081270194001444,-0.3817348906342268,1.2181230254143391,15 °C,0,50,0,0,0.3150000000000001,4.9,4.9,5.9,FALSE,FALSE,NA,NA,NA,NA,NA,NA
7.4192468619246865,15,0,37,0.41962253345631023,0.40897149166826036,-0.38196159021348003,1.2212066571261004,15 °C,0,50,0,0,0.3150000000000001,4.9,4.9,5.9,FALSE,FALSE,NA,NA,NA,NA,NA,NA
7.471129707112971,15,0,37,0.4210509995225644,0.40982304033241673,-0.3822021595289724,1.2243041585741012,15 °C,0,50,0,0,0.3150000000000001,4.9,4.9,5.9,FALSE,FALSE,NA,NA,NA,NA,NA,NA
7.523012552301256,15,0,37,0.42247946558881866,0.4106816213738785,-0.38245651230398314,1.2274154434816205,15 °C,0,50,0,0,0.3150000000000001,4.9,4.9,5.9,FALSE,FALSE,NA,NA,NA,NA,NA,NA
7.5748953974895405,15,0,37,0.4239079316550726,0.4115471907792324,-0.3827245622722229,1.2305404255823682,15 °C,0,50,0,0,0.3150000000000001,4.9,4.9,5.9,FALSE,FALSE,NA,NA,NA,NA,NA,NA
7.626778242677825,15,0,37,0.42533639772132664,0.41241970454781357,-0.3830062231923879,1.2336790186350413,15 °C,0,50,0,0,0.3150000000000001,4.9,4.9,5.9,FALSE,FALSE,NA,NA,NA,NA,NA,NA
7.67866108786611,15,0,37,0.42676486378758083,0.4132991186989902,-0.38330140886244,1.2368311364376017,15 °C,0,50,0,0,0.3150000000000001,4.9,4.9,5.9,FALSE,FALSE,NA,NA,NA,NA,NA,NA
7.730543933054394,15,0,37,0.42819332985383485,0.4141853892793009,-0.3836100331335949,1.2399966928412645,15 °C,0,50,0,0,0.3150000000000001,4.9,4.9,5.9,FALSE,FALSE,NA,NA,NA,NA,NA,NA
7.782426778242678,15,0,37,0.42962179592008887,0.41507847236945206,-0.3839320099240372,1.2431756017642148,15 °C,0,50,0,0,0.3150000000000001,4.9,4.9,5.9,FALSE,FALSE,NA,NA,NA,NA,NA,NA
7.834309623430963,15,0,37,0.43105026198634305,0.4159783240911696,-0.3842672532323493,1.2463677772050354,15 °C,0,50,0,0,0.3150000000000001,4.9,4.9,5.9,FALSE,FALSE,NA,NA,NA,NA,NA,NA
7.886192468619248,15,0,37,0.43247872805259724,0.41688490061390554,-0.3846156771506576,1.249573133255852,15 °C,0,50,0,0,0.3150000000000001,4.9,4.9,5.9,FALSE,FALSE,NA,NA,NA,NA,NA,NA
7.938075313807532,15,0,37,0.43390719411885126,0.41779815816140453,-0.38497719587750157,1.252791584115204,15 °C,0,50,0,0,0.3150000000000001,4.9,4.9,5.9,FALSE,FALSE,NA,NA,NA,NA,NA,NA
7.989958158995817,15,0,37,0.4353356601851052,0.418718053018121,-0.3853517237304119,1.2560230441006224,15 °C,0,50,0,0,0.3150000000000001,4.9,4.9,5.9,FALSE,FALSE,NA,NA,NA,NA,NA,NA
8.041841004184102,15,0,37,0.43676412625135924,0.41964454153549763,-0.38573917515821604,1.2592674276609346,15 °C,0,50,0,0,0.3150000000000001,4.9,4.9,5.9,FALSE,FALSE,NA,NA,NA,NA,NA,NA
8.093723849372386,15,0,37,0.43819259231761365,0.42057758013809793,-0.38613946475305827,1.2625246493882856,15 °C,0,50,0,0,0.3150000000000001,4.9,4.9,5.9,FALSE,FALSE,NA,NA,NA,NA,NA,NA
8.145606694560671,15,0,37,0.4396210583838676,0.4215171253295958,-0.38655250726214013,1.2657946240298754,15 °C,0,50,0,0,0.3150000000000001,4.9,4.9,5.9,FALSE,FALSE,NA,NA,NA,NA,NA,NA
8.197489539748954,15,0,37,0.44104952445012147,0.42246313369862465,-0.38697821759918283,1.2690772664994259,15 °C,0,50,0,0,0.3150000000000001,4.9,4.9,5.9,FALSE,FALSE,NA,NA,NA,NA,NA,NA
8.249372384937239,15,0,37,0.4424779905163759,0.4234155619244836,-0.38741651085561196,1.2723724918883637,15 °C,0,50,0,0,0.3150000000000001,4.9,4.9,5.9,FALSE,FALSE,NA,NA,NA,NA,NA,NA
8.301255230125523,15,0,37,0.44390645658262984,0.42437436678270074,-0.3878673023114636,1.2756802154767233,15 °C,0,50,0,0,0.3150000000000001,4.9,4.9,5.9,FALSE,FALSE,NA,NA,NA,NA,NA,NA
8.353138075313808,15,0,37,0.44533492264888386,0.42533950515046026,-0.38833050744601827,1.279000352743786,15 °C,0,50,0,0,0.3150000000000001,4.9,4.9,5.9,FALSE,FALSE,NA,NA,NA,NA,NA,NA
8.405020920502093,15,0,37,0.4467633887151379,0.42631093401188547,-0.3888060419481576,1.2823328193784334,15 °C,0,50,0,0,0.3150000000000001,4.9,4.9,5.9,FALSE,FALSE,NA,NA,NA,NA,NA,NA
8.456903765690377,15,0,37,0.44819185478139206,0.42728861046318817,-0.3892938217264567,1.2856775312892408,15 °C,0,50,0,0,0.3150000000000001,4.9,4.9,5.9,FALSE,FALSE,NA,NA,NA,NA,NA,NA
8.508786610878662,15,0,37,0.44962032084764625,0.4282724917176754,-0.3897937629189975,1.28903440461429,15 °C,0,50,0,0,0.3150000000000001,4.9,4.9,5.9,FALSE,FALSE,NA,NA,NA,NA,NA,NA
8.560669456066947,15,0,37,0.45104878691390043,0.4292625351106224,-0.3903057819029195,1.2924033557307204,15 °C,0,50,0,0,0.3150000000000001,4.9,4.9,5.9,FALSE,FALSE,NA,NA,NA,NA,NA,NA
8.612552301255231,15,0,37,0.45247725298015445,0.430258698104011,-0.39082979530370715,1.295784301264016,15 °C,0,50,0,0,0.3150000000000001,4.9,4.9,5.9,FALSE,FALSE,NA,NA,NA,NA,NA,NA
8.664435146443516,15,0,37,0.4539057190464084,0.4312609382911307,-0.3913657200042078,1.2991771580970246,15 °C,0,50,0,0,0.3150000000000001,4.9,4.9,5.9,FALSE,FALSE,NA,NA,NA,NA,NA,NA
8.7163179916318,15,0,37,0.45533418511266266,0.4322692134010499,-0.3919134731533951,1.3025818433787204,15 °C,0,50,0,0,0.3150000000000001,4.9,4.9,5.9,FALSE,FALSE,NA,NA,NA,NA,NA,NA
8.768200836820084,15,0,37,0.45676265117891646,0.43328348130295324,-0.39247297217487187,1.3059982745327048,15 °C,0,50,0,0,0.3150000000000001,4.9,4.9,5.9,FALSE,FALSE,NA,NA,NA,NA,NA,NA
8.820083682008368,15,0,37,0.4581911172451705,0.43430370001034824,-0.393044134775112,1.309426369265453,15 °C,0,50,0,0,0.3150000000000001,4.9,4.9,5.9,FALSE,FALSE,NA,NA,NA,NA,NA,NA
8.871966527196653,15,0,37,0.4596195833114247,0.4353298276851453,-0.39362687895146,1.3128660455743093,15 °C,0,50,0,0,0.3150000000000001,4.9,4.9,5.9,FALSE,FALSE,NA,NA,NA,NA,NA,NA
8.923849372384938,15,0,37,0.4610480493776787,0.4363618226416084,-0.3942211229998737,1.316317221755231,15 °C,0,50,0,0,0.3150000000000001,4.9,4.9,5.9,FALSE,FALSE,NA,NA,NA,NA,NA,NA
8.975732217573222,15,0,37,0.4624765154439331,0.4373996433501775,-0.3948267855224148,1.319779816410281,15 °C,0,50,0,0,0.3150000000000001,4.9,4.9,5.9,FALSE,FALSE,NA,NA,NA,NA,NA,NA
9.027615062761507,15,0,37,0.46390498151018705,0.4384432484411714,-0.3954437854345088,1.323253748454883,15 °C,0,50,0,0,0.3150000000000001,4.9,4.9,5.9,FALSE,FALSE,NA,NA,NA,NA,NA,NA
9.079497907949792,15,0,37,0.4653334475764413,0.43949259670836166,-0.3960720419719475,1.3267389371248302,15 °C,0,50,0,0,0.3150000000000001,4.9,4.9,5.9,FALSE,FALSE,NA,NA,NA,NA,NA,NA
9.131380753138076,15,0,37,0.46676191364269526,0.44054764711243083,-0.3967114746976691,1.3302353019830595,15 °C,0,50,0,0,0.3150000000000001,4.9,4.9,5.9,FALSE,FALSE,NA,NA,NA,NA,NA,NA
9.183263598326361,15,0,37,0.4681903797089493,0.441608358784304,-0.39736200350828654,1.333742762926185,15 °C,0,50,0,0,0.3150000000000001,4.9,4.9,5.9,FALSE,FALSE,NA,NA,NA,NA,NA,NA
9.235146443514646,15,0,37,0.46961884577520324,0.44267469102836965,-0.3980235486404013,1.3372612401908077,15 °C,0,50,0,0,0.3150000000000001,4.9,4.9,5.9,FALSE,FALSE,NA,NA,NA,NA,NA,NA
9.28702928870293,15,0,37,0.47104731184145726,0.4437466033255767,-0.3986960306766731,1.3407906543595876,15 °C,0,50,0,0,0.3150000000000001,4.9,4.9,5.9,FALSE,FALSE,NA,NA,NA,NA,NA,NA
9.338912133891215,15,0,37,0.47247577790771145,0.4448240553364203,-0.3993793705516723,1.3443309263670953,15 °C,0,50,0,0,0.3150000000000001,4.9,4.9,5.9,FALSE,FALSE,NA,NA,NA,NA,NA,NA
9.390794979079498,15,0,37,0.4739042439739657,0.44590700690381474,-0.4000734895575112,1.3478819775054425,15 °C,0,50,0,0,0.3150000000000001,4.9,4.9,5.9,FALSE,FALSE,NA,NA,NA,NA,NA,NA
9.442677824267783,15,0,37,0.4753327100402197,0.446995418055853,-0.4007783093492522,1.3514437294296915,15 °C,0,50,0,0,0.3150000000000001,4.9,4.9,5.9,FALSE,FALSE,NA,NA,NA,NA,NA,NA
9.494560669456067,15,0,37,0.4767611761064739,0.44808924900845687,-0.40149375195010156,1.3550161041630493,15 °C,0,50,0,0,0.3150000000000001,4.9,4.9,5.9,FALSE,FALSE,NA,NA,NA,NA,NA,NA
9.546443514644352,15,0,37,0.4781896421727279,0.4491884601679197,-0.40221973975639463,1.3585990241018504,15 °C,0,50,0,0,0.3150000000000001,4.9,4.9,5.9,FALSE,FALSE,NA,NA,NA,NA,NA,NA
9.598326359832637,15,0,37,0.4796181082389819,0.450293012133343,-0.4029561955423704,1.3621924120203341,15 °C,0,50,0,0,0.3150000000000001,4.9,4.9,5.9,FALSE,FALSE,NA,NA,NA,NA,NA,NA
9.650209205020921,15,0,37,0.4810465743052359,0.45140286569896637,-0.4037030424647382,1.3657961910752099,15 °C,0,50,0,0,0.3150000000000001,4.9,4.9,5.9,FALSE,FALSE,NA,NA,NA,NA,NA,NA
9.702092050209206,15,0,37,0.48247504037148986,0.4525179818563976,-0.40446020406704936,1.3694102848100291,15 °C,0,50,0,0,0.3150000000000001,4.9,4.9,5.9,FALSE,FALSE,NA,NA,NA,NA,NA,NA
9.75397489539749,15,0,37,0.4839035064377441,0.45363832179674035,-0.405227604283867,1.3730346171593553,15 °C,0,50,0,0,0.3150000000000001,4.9,4.9,5.9,FALSE,FALSE,NA,NA,NA,NA,NA,NA
9.805857740585775,15,0,37,0.48533197250399845,0.4547638469126225,-0.40600516744474163,1.3766691124527386,15 °C,0,50,0,0,0.3150000000000001,4.9,4.9,5.9,FALSE,FALSE,NA,NA,NA,NA,NA,NA
9.85774058577406,15,0,37,0.4867604385702525,0.45589451880012677,-0.406792818277996,1.380313695418501,15 °C,0,50,0,0,0.3150000000000001,4.9,4.9,5.9,FALSE,FALSE,NA,NA,NA,NA,NA,NA
9.909623430962345,15,0,37,0.48818890463650644,0.45703029926062816,-0.4075904819143248,1.3839682911873377,15 °C,0,50,0,0,0.3150000000000001,4.9,4.9,5.9,FALSE,FALSE,NA,NA,NA,NA,NA,NA
9.96150627615063,15,0,37,0.4896173707027607,0.45817115030253414,-0.40839808389020626,1.3876328252957277,15 °C,0,50,0,0,0.3150000000000001,4.9,4.9,5.9,FALSE,FALSE,NA,NA,NA,NA,NA,NA
10.013389121338912,15,0,37,0.49104583676901453,0.45931703414293623,-0.4092155501511405,1.3913072236891695,15 °C,0,50,0,0,0.3150000000000001,4.9,4.9,5.9,FALSE,FALSE,NA,NA,NA,NA,NA,NA
10.065271966527197,15,0,37,0.4924743028352685,0.4604679132091694,-0.41004280705470353,1.3949914127252405,15 °C,0,50,0,0,0.3150000000000001,4.9,4.9,5.9,FALSE,FALSE,NA,NA,NA,NA,NA,NA
10.117154811715482,15,0,37,0.49390276890152274,0.4616237501402841,-0.41087978137343406,1.3986853191764794,15 °C,0,50,0,0,0.3150000000000001,4.9,4.9,5.9,FALSE,FALSE,NA,NA,NA,NA,NA,NA
10.169037656903766,15,0,37,0.4953312349677771,0.46278450778842967,-0.41172640029754504,1.402388870233099,15 °C,0,50,0,0,0.3150000000000001,4.9,4.9,5.9,FALSE,FALSE,NA,NA,NA,NA,NA,NA
10.220920502092051,15,0,37,0.4967597010340311,0.4639501492201585,-0.41258259143747955,1.4061019935055419,15 °C,0,50,0,0,0.3150000000000001,4.9,4.9,5.9,FALSE,FALSE,NA,NA,NA,NA,NA,NA
10.272803347280336,15,0,37,0.4981881671002851,0.4651206377176391,-0.4134482828262876,1.4098246170268578,15 °C,0,50,0,0,0.3150000000000001,4.9,4.9,5.9,FALSE,FALSE,NA,NA,NA,NA,NA,NA
10.32468619246862,15,0,37,0.4996166331665391,0.46629593677979586,-0.4143234029218608,1.413556669254939,15 °C,0,50,0,0,0.3150000000000001,4.9,4.9,5.9,FALSE,FALSE,NA,NA,NA,NA,NA,NA
10.376569037656905,15,0,37,0.5010450992327933,0.4674760101233641,-0.4152078806090004,1.417298079074587,15 °C,0,50,0,0,0.3150000000000001,4.9,4.9,5.9,FALSE,FALSE,NA,NA,NA,NA,NA,NA
10.42845188284519,15,0,37,0.5024735652990473,0.4686608216838693,-0.4161016452013365,1.4210487757994312,15 °C,0,50,0,0,0.3150000000000001,4.9,4.9,5.9,FALSE,FALSE,NA,NA,NA,NA,NA,NA
10.480334728033474,15,0,37,0.5039020313653013,0.4698503356165314,-0.4170046264431002,1.4248086891737028,15 °C,0,50,0,0,0.3150000000000001,4.9,4.9,5.9,FALSE,FALSE,NA,NA,NA,NA,NA,NA
10.532217573221759,15,0,37,0.5053304974315552,0.47104451629709415,-0.4179167545107493,1.4285777493738596,15 °C,0,50,0,0,0.3150000000000001,4.9,4.9,5.9,FALSE,FALSE,NA,NA,NA,NA,NA,NA
10.584100418410042,15,0,37,0.5067589634978097,0.4722433283225793,-0.41883796001444573,1.4323558870100652,15 °C,0,50,0,0,0.3150000000000001,4.9,4.9,5.9,FALSE,FALSE,NA,NA,NA,NA,NA,NA
10.635983263598327,15,0,37,0.5081874295640637,0.47344673651197516,-0.4197681739994076,1.4361430331275349,15 °C,0,50,0,0,0.3150000000000001,4.9,4.9,5.9,FALSE,FALSE,NA,NA,NA,NA,NA,NA
10.687866108786611,15,0,37,0.5096158956303177,0.47465470590685144,-0.4207073279471111,1.4399391192077466,15 °C,0,50,0,0,0.3150000000000001,4.9,4.9,5.9,FALSE,FALSE,NA,NA,NA,NA,NA,NA
10.739748953974896,15,0,37,0.511044361696572,0.4758672017719095,-0.42165535377637064,1.4437440771695145,15 °C,0,50,0,0,0.3150000000000001,4.9,4.9,5.9,FALSE,FALSE,NA,NA,NA,NA,NA,NA
10.79163179916318,15,0,37,0.5124728277628259,0.477084189595467,-0.42261218384428945,1.4475578393699413,15 °C,0,50,0,0,0.3150000000000001,4.9,4.9,5.9,FALSE,FALSE,NA,NA,NA,NA,NA,NA
10.843514644351465,15,0,37,0.5139012938290799,0.47830563508987395,-0.42357775094707306,1.4513803386052329,15 °C,0,50,0,0,0.3150000000000001,4.9,4.9,5.9,FALSE,FALSE,NA,NA,NA,NA,NA,NA
10.89539748953975,15,0,37,0.5153297598953339,0.4795315041918726,-0.4245519883207364,1.4552115081114043,15 °C,0,50,0,0,0.3150000000000001,4.9,4.9,5.9,FALSE,FALSE,NA,NA,NA,NA,NA,NA
10.947280334728035,15,0,37,0.5167582259615883,0.4807617630628913,-0.42553482964167866,1.459051281564855,15 °C,0,50,0,0,0.3150000000000001,4.9,4.9,5.9,FALSE,FALSE,NA,NA,NA,NA,NA,NA
10.99916317991632,15,0,37,0.5181866920278425,0.4819963780892837,-0.42652620902715355,1.4628995930828386,15 °C,0,50,0,0,0.3150000000000001,4.9,4.9,5.9,FALSE,FALSE,NA,NA,NA,NA,NA,NA
11.051046025104604,15,0,37,0.5196151580940965,0.4832353158825045,-0.4275260610356123,1.4667563772238053,15 °C,0,50,0,0,0.3150000000000001,4.9,4.9,5.9,FALSE,FALSE,NA,NA,NA,NA,NA,NA
11.102928870292889,15,0,37,0.5210436241603504,0.484478543279233,-0.4285343206669462,1.4706215689876472,15 °C,0,50,0,0,0.3150000000000001,4.9,4.9,5.9,FALSE,FALSE,NA,NA,NA,NA,NA,NA
11.154811715481173,15,0,37,0.5224720902266047,0.4857260273414426,-0.4295509233626228,1.474495103815832,15 °C,0,50,0,0,0.3150000000000001,4.9,4.9,5.9,FALSE,FALSE,NA,NA,NA,NA,NA,NA
11.206694560669456,15,0,37,0.5239005562928586,0.4869777353564123,-0.4305758050057096,1.4783769175914268,15 °C,0,50,0,0,0.3150000000000001,4.9,4.9,5.9,FALSE,FALSE,NA,NA,NA,NA,NA,NA
11.258577405857741,15,0,37,0.5253290223591127,0.4882336348366914,-0.4316089019208025,1.482266946639028,15 °C,0,50,0,0,0.3150000000000001,4.9,4.9,5.9,FALSE,FALSE,NA,NA,NA,NA,NA,NA
11.310460251046026,15,0,37,0.5267574884253665,0.4894936935200126,-0.43265015087385816,1.486165127724591,15 °C,0,50,0,0,0.3150000000000001,4.9,4.9,5.9,FALSE,FALSE,NA,NA,NA,NA,NA,NA
11.36234309623431,15,0,37,0.5281859544916211,0.49075787936915316,-0.43369948907191913,1.4900713980551612,15 °C,0,50,0,0,0.3150000000000001,4.9,4.9,5.9,FALSE,FALSE,NA,NA,NA,NA,NA,NA
11.414225941422595,15,0,37,0.5296144205578749,0.4920261605717531,-0.4347568541627611,1.4939856952785109,15 °C,0,50,0,0,0.3150000000000001,4.9,4.9,5.9,FALSE,FALSE,NA,NA,NA,NA,NA,NA
11.46610878661088,15,0,37,0.5310428866241291,0.49329850554008386,-0.4358221842344352,1.4979079574826935,15 °C,0,50,0,0,0.3150000000000001,4.9,4.9,5.9,FALSE,FALSE,NA,NA,NA,NA,NA,NA
11.517991631799164,15,0,37,0.5324713526903834,0.49457488291077634,-0.4368954178147383,1.5018381231955051,15 °C,0,50,0,0,0.3150000000000001,4.9,4.9,5.9,FALSE,FALSE,NA,NA,NA,NA,NA,NA
11.569874476987449,15,0,37,0.5338998187566371,0.4958552615444999,-0.4379764938705827,1.5057761313838567,15 °C,0,50,0,0,0.3150000000000001,4.9,4.9,5.9,FALSE,FALSE,NA,NA,NA,NA,NA,NA
11.621757322175734,15,0,37,0.5353282848228913,0.4971396105256029,-0.43906535180729034,1.5097219214530728,15 °C,0,50,0,0,0.3150000000000001,4.9,4.9,5.9,FALSE,FALSE,NA,NA,NA,NA,NA,NA
11.673640167364018,15,0,37,0.5367567508891451,0.49842789916171465,-0.44016193146781557,1.5136754332461058,15 °C,0,50,0,0,0.3150000000000001,4.9,4.9,5.9,FALSE,FALSE,NA,NA,NA,NA,NA,NA
11.725523012552303,15,0,37,0.5381852169553993,0.4997200969833019,-0.44126617313187233,1.517636607042671,15 °C,0,50,0,0,0.3150000000000001,4.9,4.9,5.9,FALSE,FALSE,NA,NA,NA,NA,NA,NA
11.777405857740586,15,0,37,0.5396136830216536,0.5010161737431919,-0.4423780175150024,1.5216053835583097,15 °C,0,50,0,0,0.3150000000000001,4.9,4.9,5.9,FALSE,FALSE,NA,NA,NA,NA,NA,NA
11.82928870292887,15,0,37,0.5410421490879077,0.5023160994160594,-0.4434974057675687,1.525581703943384,15 °C,0,50,0,0,0.3150000000000001,4.9,4.9,5.9,FALSE,FALSE,NA,NA,NA,NA,NA,NA
11.881171548117155,15,0,37,0.5424706151541615,0.503619844197872,-0.44462427947366756,1.5295655097819907,15 °C,0,50,0,0,0.3150000000000001,4.9,4.9,5.9,FALSE,FALSE,NA,NA,NA,NA,NA,NA
11.93305439330544,15,0,37,0.5438990812204157,0.5049273785053059,-0.44575858064998375,1.5335567430908152,15 °C,0,50,0,0,0.3150000000000001,4.9,4.9,5.9,FALSE,FALSE,NA,NA,NA,NA,NA,NA
11.984937238493725,15,0,37,0.54532754728667,0.5062386729751301,-0.44690025174458503,1.537555346317925,15 °C,0,50,0,0,0.3150000000000001,4.9,4.9,5.9,FALSE,FALSE,NA,NA,NA,NA,NA,NA
12.03682008368201,15,0,37,0.5467560133529237,0.5075536984635507,-0.4480492356356357,1.541561262341483,15 °C,0,50,0,0,0.3150000000000001,4.9,4.9,5.9,FALSE,FALSE,NA,NA,NA,NA,NA,NA
12.088702928870294,15,0,37,0.5481844794191779,0.5088724260455318,-0.4492054756300645,1.5455744344684204,15 °C,0,50,0,0,0.3150000000000001,4.9,4.9,5.9,FALSE,FALSE,NA,NA,NA,NA,NA,NA
12.140585774058579,15,0,37,0.5496129454854322,0.5101948270140819,-0.4503689154621684,1.5495948064330327,15 °C,0,50,0,0,0.3150000000000001,4.9,4.9,5.9,FALSE,FALSE,NA,NA,NA,NA,NA,NA
12.192468619246863,15,0,37,0.5510414115516863,0.5115208728795152,-0.4515394992921634,1.5536223223955359,15 °C,0,50,0,0,0.3150000000000001,4.9,4.9,5.9,FALSE,FALSE,NA,NA,NA,NA,NA,NA
12.244351464435148,15,0,37,0.5524698776179405,0.5128505353686797,-0.45271717170467174,1.557656926940553,15 °C,0,50,0,0,0.3150000000000001,4.9,4.9,5.9,FALSE,FALSE,NA,NA,NA,NA,NA,NA
12.296234309623433,15,0,37,0.5538983436841943,0.514183786424163,-0.45390187770716495,1.5616985650755537,15 °C,0,50,0,0,0.3150000000000001,4.9,4.9,5.9,FALSE,FALSE,NA,NA,NA,NA,NA,NA
12.348117154811717,15,0,37,0.5553268097504486,0.5155205982034712,-0.4550935627283549,1.5657471822292521,15 °C,0,50,0,0,0.3150000000000001,4.9,4.9,5.9,FALSE,FALSE,NA,NA,NA,NA,NA,NA
12.4,15,0,37,0.5567552758167024,0.5168609430781839,-0.456292172616538,1.5698027242499428,15 °C,0,50,0,0,0.3150000000000001,4.9,4.9,5.9,FALSE,FALSE,NA,NA,NA,NA,NA,NA
0,20,0,37,0.3109278009679895,0.40006310543623963,-0.47319588568704013,1.095051487623019,20 °C,0,50,0,0,0.18000000000000008,4.3,4.919999999999998,6.3,TRUE,TRUE,0.3109278009679895,-0.47319588568704013,1.095051487623019,0.3109278009679895,-0.47319588568704013,1.095051487623019
0.051882845188284524,20,0,37,0.31583386012725356,0.3987021183223319,-0.46562229178451686,1.097290012039024,20 °C,0,50,0,0,0.18000000000000008,4.3,4.919999999999998,6.3,TRUE,TRUE,0.31583386012725356,-0.46562229178451686,1.097290012039024,0.31583386012725356,-0.46562229178451686,1.097290012039024
0.10376569037656905,20,0,37,0.3207399192865177,0.3973713917396893,-0.45810800852327327,1.0995878470963087,20 °C,0,50,0,0,0.18000000000000008,4.3,4.919999999999998,6.3,TRUE,TRUE,0.3207399192865177,-0.45810800852327327,1.0995878470963087,0.3207399192865177,-0.45810800852327327,1.0995878470963087
0.15564853556485359,20,0,37,0.3256459784457817,0.3960712306979093,-0.45065363372212053,1.101945590613684,20 °C,0,50,0,0,0.18000000000000008,4.3,4.919999999999998,6.3,TRUE,TRUE,0.3256459784457817,-0.45065363372212053,1.101945590613684,0.3256459784457817,-0.45065363372212053,1.101945590613684
0.2075313807531381,20,0,37,0.33055203760504576,0.3948019371722627,-0.44325975925258915,1.1043638344626807,20 °C,0,50,0,0,0.18000000000000008,4.3,4.919999999999998,6.3,TRUE,TRUE,0.33055203760504576,-0.44325975925258915,1.1043638344626807,0.33055203760504576,-0.44325975925258915,1.1043638344626807
0.2594142259414226,20,0,37,0.3354580967643099,0.39356380981790234,-0.43592697047877865,1.1068431640073984,20 °C,0,50,0,0,0.18000000000000008,4.3,4.919999999999998,6.3,TRUE,TRUE,0.3354580967643099,-0.43592697047877865,1.1068431640073984,0.3354580967643099,-0.43592697047877865,1.1068431640073984
0.31129707112970717,20,0,37,0.34036415592357394,0.39235714368007724,-0.4286558456893774,1.1093841575365253,20 °C,0,50,0,0,0.18000000000000008,4.3,4.919999999999998,6.3,TRUE,TRUE,0.34036415592357394,-0.4286558456893774,1.1093841575365253,0.34036415592357394,-0.4286558456893774,1.1093841575365253
0.3631799163179917,20,0,37,0.345270215082838,0.3911822299008372,-0.4214469555228028,1.1119873856884788,20 °C,0,50,0,0,0.18000000000000008,4.3,4.919999999999998,6.3,TRUE,TRUE,0.345270215082838,-0.4214469555228028,1.1119873856884788,0.345270215082838,-0.4214469555228028,1.1119873856884788
0.4150627615062762,20,0,37,0.350176274242102,0.3900393554227446,-0.4143008623864774,1.1146534108706814,20 °C,0,50,0,0,0.18000000000000008,4.3,4.919999999999998,6.3,TRUE,TRUE,0.350176274242102,-0.4143008623864774,1.1146534108706814,0.350176274242102,-0.4143008623864774,1.1146534108706814
0.4669456066945607,20,0,37,0.35508233340136613,0.3889288026901384,-0.40721811987130513,1.1173827866740373,20 °C,0,50,0,0,0.18000000000000008,4.3,4.919999999999998,6.3,TRUE,TRUE,0.35508233340136613,-0.40721811987130513,1.1173827866740373,0.35508233340136613,-0.40721811987130513,1.1173827866740373
0.5188284518828452,20,0,37,0.3599883925606302,0.3878508493485288,-0.4001992721624863,1.1201760572837467,20 °C,0,50,0,0,0.18000000000000008,4.3,4.919999999999998,6.3,TRUE,TRUE,0.3599883925606302,-0.4001992721624863,1.1201760572837467,0.3599883925606302,-0.4001992721624863,1.1201760572837467
0.5707112970711298,20,0,37,0.36489445171989426,0.3868057679427256,-0.3932448534478478,1.1230337568876363,20 °C,0,50,0,0,0.18000000000000008,4.3,4.919999999999998,6.3,TRUE,TRUE,0.36489445171989426,-0.3932448534478478,1.1230337568876363,0.36489445171989426,-0.3932448534478478,1.1230337568876363
0.6225941422594143,20,0,37,0.3698005108791584,0.38579382561433523,-0.3863553873249386,1.1259564090832554,20 °C,0,50,0,0,0.18000000000000008,4.3,4.919999999999998,6.3,TRUE,TRUE,0.3698005108791584,-0.3863553873249386,1.1259564090832554,0.3698005108791584,-0.3863553873249386,1.1259564090832554
0.6744769874476988,20,0,37,0.37470657003842245,0.3848152837992828,-0.37953138620817184,1.1289445262850166,20 °C,0,50,0,0,0.18000000000000008,4.3,4.919999999999998,6.3,TRUE,TRUE,0.37470657003842245,-0.37953138620817184,1.1289445262850166,0.37470657003842245,-0.37953138620817184,1.1289445262850166
0.7263598326359834,20,0,37,0.37961262919768646,0.3838703979260408,-0.3727733507373534,1.1319986091327263,20 °C,0,50,0,0,0.18000000000000008,4.3,4.919999999999998,6.3,TRUE,TRUE,0.37961262919768646,-0.3727733507373534,1.1319986091327263,0.37961262919768646,-0.3727733507373534,1.1319986091327263
0.7782426778242678,20,0,37,0.3845186883569506,0.3829594171152698,-0.3660817691889783,1.1351191459028795,20 °C,0,50,0,0,0.18000000000000008,4.3,4.919999999999998,6.3,TRUE,TRUE,0.3845186883569506,-0.3660817691889783,1.1351191459028795,0.3845186883569506,-0.3660817691889783,1.1351191459028795
0.8301255230125524,20,0,37,0.38942474751621464,0.38208258388159155,-0.35945711689170484,1.138306611924134,20 °C,0,50,0,0,0.18000000000000008,4.3,4.919999999999998,6.3,TRUE,TRUE,0.38942474751621464,-0.35945711689170484,1.138306611924134,0.38942474751621464,-0.35945711689170484,1.138306611924134
0.882008368200837,20,0,37,0.3943308066754787,0.38124013383823546,-0.35289985564746273,1.1415614689984201,20 °C,0,50,0,0,0.18000000000000008,4.3,4.919999999999998,6.3,TRUE,TRUE,0.3943308066754787,-0.35289985564746273,1.1415614689984201,0.3943308066754787,-0.35289985564746273,1.1415614689984201
0.9338912133891214,20,0,37,0.39923686583474277,0.3804322954053111,-0.34641043315966696,1.1448841648291526,20 °C,0,50,0,0,0.18000000000000008,4.3,4.919999999999998,6.3,TRUE,TRUE,0.39923686583474277,-0.34641043315966696,1.1448841648291526,0.39923686583474277,-0.34641043315966696,1.1448841648291526
0.985774058577406,20,0,37,0.4041429249940069,0.37965928952247174,-0.33998928247003773,1.1482751324580516,20 °C,0,50,0,0,0.18000000000000008,4.3,4.919999999999998,6.3,TRUE,TRUE,0.4041429249940069,-0.33998928247003773,1.1482751324580516,0.4041429249940069,-0.33998928247003773,1.1482751324580516
1.0376569037656904,20,0,37,0.40904898415327096,0.3789213293667409,-0.3336368214055412,1.151734789712083,20 °C,0,50,0,0,0.18000000000000008,4.3,4.919999999999998,6.3,TRUE,TRUE,0.40904898415327096,-0.3336368214055412,1.151734789712083,0.40904898415327096,-0.3336368214055412,1.151734789712083
1.089539748953975,20,0,37,0.413955043312535,0.3782186200762783,-0.32735345203697047,1.1552635386620405,20 °C,0,50,0,0,0.18000000000000008,4.3,4.919999999999998,6.3,TRUE,TRUE,0.413955043312535,-0.32735345203697047,1.1552635386620405,0.413955043312535,-0.32735345203697047,1.1552635386620405
1.1414225941422596,20,0,37,0.41886110247179903,0.37755135848086435,-0.32113956015069506,1.1588617650942932,20 °C,0,50,0,0,0.18000000000000008,4.3,4.919999999999998,6.3,TRUE,TRUE,0.41886110247179903,-0.32113956015069506,1.1588617650942932,0.41886110247179903,-0.32113956015069506,1.1588617650942932
1.193305439330544,20,0,37,0.42376716163106315,0.37691973283987673,-0.3149955147350952,1.1625298379972215,20 °C,0,50,0,0,0.18000000000000008,4.3,4.919999999999998,6.3,TRUE,TRUE,0.42376716163106315,-0.3149955147350952,1.1625298379972215,0.42376716163106315,-0.3149955147350952,1.1625298379972215
1.2451882845188287,20,0,37,0.42867322079032727,0.37632392258853015,-0.3089216674831918,1.1662681090638463,20 °C,0,50,0,0,0.18000000000000008,4.3,4.919999999999998,6.3,TRUE,TRUE,0.42867322079032727,-0.3089216674831918,1.1662681090638463,0.42867322079032727,-0.3089216674831918,1.1662681090638463
1.2970711297071131,20,0,37,0.4335792799495913,0.37576409809313593,-0.3029183523129551,1.1700769122121377,20 °C,0,50,0,0,0.18000000000000008,4.3,4.919999999999998,6.3,TRUE,TRUE,0.4335792799495913,-0.3029183523129551,1.1700769122121377,0.4335792799495913,-0.3029183523129551,1.1700769122121377
1.3489539748953976,20,0,37,0.4384853391088554,0.37524042041612954,-0.29698588490675853,1.1739565631244693,20 °C,0,50,0,0,0.18000000000000008,4.3,4.919999999999998,6.3,TRUE,TRUE,0.4384853391088554,-0.29698588490675853,1.1739565631244693,0.4384853391088554,-0.29698588490675853,1.1739565631244693
1.400836820083682,20,0,37,0.4433913982681194,0.37475304109159063,-0.2911245622713982,1.177907358807637,20 °C,0,50,0,0,0.18000000000000008,4.3,4.919999999999998,6.3,TRUE,TRUE,0.4433913982681194,-0.2911245622713982,1.177907358807637,0.4433913982681194,-0.2911245622713982,1.177907358807637
1.4527196652719667,20,0,37,0.44829745742738347,0.37430210191196256,-0.2853346623200631,1.18192957717483,20 °C,0,50,0,0,0.18000000000000008,4.3,4.919999999999998,6.3,TRUE,TRUE,0.44829745742738347,-0.2853346623200631,1.18192957717483,0.44829745742738347,-0.2853346623200631,1.18192957717483
1.5046025104602512,20,0,37,0.4532035165866476,0.37388773472665143,-0.2796164434775892,1.1860234766508844,20 °C,0,50,0,0,0.18000000000000008,4.3,4.919999999999998,6.3,TRUE,TRUE,0.4532035165866476,-0.2796164434775892,1.1860234766508844,0.4532035165866476,-0.2796164434775892,1.1860234766508844
1.5564853556485356,20,0,37,0.45810957574591166,0.3735100612531562,-0.2739701443102745,1.1901892958020979,20 °C,0,50,0,0,0.18000000000000008,4.3,4.919999999999998,6.3,TRUE,TRUE,0.45810957574591166,-0.2739701443102745,1.1901892958020979,0.45810957574591166,-0.2739701443102745,1.1901892958020979
1.6083682008368203,20,0,37,0.4630156349051757,0.3731691929013462,-0.26839598318146285,1.1944272529918143,20 °C,0,50,0,0,0.18000000000000008,4.3,4.919999999999998,6.3,TRUE,TRUE,0.4630156349051757,-0.26839598318146285,1.1944272529918143,0.4630156349051757,-0.26839598318146285,1.1944272529918143
1.6602510460251048,20,0,37,0.4679216940644398,0.3728652306114686,-0.26289415793403864,1.1987375460629182,20 °C,0,50,0,0,0.18000000000000008,4.3,4.919999999999998,6.3,TRUE,TRUE,0.4679216940644398,-0.26289415793403864,1.1987375460629182,0.4679216940644398,-0.26289415793403864,1.1987375460629182
1.7121338912133892,20,0,37,0.4728277532237039,0.3725982647064277,-0.2574648456008944,1.2031203520483023,20 °C,0,50,0,0,0.18000000000000008,4.3,4.919999999999998,6.3,TRUE,TRUE,0.4728277532237039,-0.2574648456008944,1.2031203520483023,0.4728277532237039,-0.2574648456008944,1.2031203520483023
1.764016736401674,20,0,37,0.47773381238296797,0.3723683747588329,-0.2521082021443445,1.2075758269102805,20 °C,0,50,0,0,0.18000000000000008,4.3,4.919999999999998,6.3,TRUE,TRUE,0.47773381238296797,-0.2521082021443445,1.2075758269102805,0.47773381238296797,-0.2521082021443445,1.2075758269102805
1.8158995815899583,20,0,37,0.48263987154223204,0.37217562947326904,-0.24682436222537524,1.2121041053098394,20 °C,0,50,0,0,0.18000000000000008,4.3,4.919999999999998,6.3,TRUE,TRUE,0.48263987154223204,-0.24682436222537524,1.2121041053098394,0.48263987154223204,-0.24682436222537524,1.2121041053098394
1.8677824267782428,20,0,37,0.48754593070149604,0.3720200865841916,-0.24161343900351945,1.2167053004065116,20 °C,0,50,0,0,0.18000000000000008,4.3,4.919999999999998,6.3,TRUE,TRUE,0.48754593070149604,-0.24161343900351945,1.2167053004065116,0.48754593070149604,-0.24161343900351945,1.2167053004065116
1.9196652719665275,20,0,37,0.49245198986076016,0.37190179276979934,-0.23647552396804655,1.221379503689567,20 °C,0,50,0,0,0.18000000000000008,4.3,4.919999999999998,6.3,TRUE,TRUE,0.49245198986076016,-0.23647552396804655,1.221379503689567,0.49245198986076016,-0.23647552396804655,1.221379503689567
1.971548117154812,20,0,37,0.4973580490200243,0.3718207835821823,-0.23141068680105298,1.2261267848411015,20 °C,0,50,0,0,0.18000000000000008,4.3,4.919999999999998,6.3,TRUE,TRUE,0.4973580490200243,-0.23141068680105298,1.2261267848411015,0.4973580490200243,-0.23141068680105298,1.2261267848411015
2.0234309623430966,20,0,37,0.5022641081792883,0.37177708339398935,-0.22641897527293076,1.2309471916315076,20 °C,0,50,0,0,0.18000000000000008,4.3,4.919999999999998,6.3,TRUE,TRUE,0.5022641081792883,-0.22641897527293076,1.2309471916315076,0.5022641081792883,-0.22641897527293076,1.2309471916315076
2.075313807531381,20,0,37,0.5071701673385524,0.3717707053618002,-0.22150041517057595,1.2358407498476807,20 °C,0,50,0,0,0.18000000000000008,4.3,4.919999999999998,6.3,TRUE,TRUE,0.5071701673385524,-0.22150041517057595,1.2358407498476807,0.5071701673385524,-0.22150041517057595,1.2358407498476807
2.1271966527196655,20,0,37,0.5120762264978165,0.3718016514063319,-0.21665501025859413,1.2408074632542272,20 °C,0,50,0,0,0.18000000000000008,4.3,4.919999999999998,6.3,TRUE,TRUE,0.5120762264978165,-0.21665501025859413,1.2408074632542272,0.5120762264978165,-0.21665501025859413,1.2408074632542272
2.17907949790795,20,0,37,0.5169822856570805,0.3718699122095477,-0.2118827422736329,1.2458473135877939,20 °C,0,50,0,0,0.18000000000000008,4.3,4.919999999999998,6.3,TRUE,TRUE,0.5169822856570805,-0.2118827422736329,1.2458473135877939,0.5169822856570805,-0.2118827422736329,1.2458473135877939
2.2309623430962344,20,0,37,0.5218883448163446,0.37197546722867864,-0.20718357095186546,1.2509602605845547,20 °C,0,50,0,0,0.18000000000000008,4.3,4.919999999999998,6.3,TRUE,TRUE,0.5218883448163446,-0.20718357095186546,1.2509602605845547,0.5218883448163446,-0.20718357095186546,1.2509602605845547
2.282845188284519,20,0,37,0.5267944039756086,0.37211828472711034,-0.20255743408952764,1.256146242040745,20 °C,0,50,0,0,0.18000000000000008,4.3,4.919999999999998,6.3,TRUE,TRUE,0.5267944039756086,-0.20255743408952764,1.256146242040745,0.5267944039756086,-0.20255743408952764,1.256146242040745
2.3347280334728038,20,0,37,0.5317004631348727,0.37229832182202455,-0.19800424763629532,1.2614051739060408,20 °C,0,50,0,0,0.18000000000000008,4.3,4.919999999999998,6.3,TRUE,TRUE,0.5317004631348727,-0.19800424763629532,1.2614051739060408,0.5317004631348727,-0.19800424763629532,1.2614051739060408
2.386610878661088,20,0,37,0.5366065222941369,0.37251552454862963,-0.19352390582117718,1.266736950409451,20 °C,0,50,0,0,0.18000000000000008,4.3,4.919999999999998,6.3,TRUE,TRUE,0.5366065222941369,-0.19352390582117718,1.266736950409451,0.5366065222941369,-0.19352390582117718,1.266736950409451
2.4384937238493727,20,0,37,0.5415125814534009,0.37276982794075697,-0.18911628131048275,1.2721414442172845,20 °C,0,50,0,0,0.18000000000000008,4.3,4.919999999999998,6.3,TRUE,TRUE,0.5415125814534009,-0.18911628131048275,1.2721414442172845,0.5415125814534009,-0.18911628131048275,1.2721414442172845
2.4903765690376574,20,0,37,0.546418640612665,0.3730611561275422,-0.18478122539731767,1.2776185066226478,20 °C,0,50,0,0,0.18000000000000008,4.3,4.919999999999998,6.3,TRUE,TRUE,0.546418640612665,-0.18478122539731767,1.2776185066226478,0.546418640612665,-0.18478122539731767,1.2776185066226478
2.5422594142259416,20,0,37,0.551324699771929,0.37338942244585765,-0.180518568221952,1.2831679677658099,20 °C,0,50,0,0,0.18000000000000008,4.3,4.919999999999998,6.3,TRUE,TRUE,0.551324699771929,-0.180518568221952,1.2831679677658099,0.551324699771929,-0.180518568221952,1.2831679677658099
2.5941422594142263,20,0,37,0.5562307589311932,0.37375452956811084,-0.17632811902230405,1.2887896368846905,20 °C,0,50,0,0,0.18000000000000008,4.3,4.919999999999998,6.3,TRUE,TRUE,0.5562307589311932,-0.17632811902230405,1.2887896368846905,0.5562307589311932,-0.17632811902230405,1.2887896368846905
2.6460251046025105,20,0,37,0.5611368180904572,0.37415636964497156,-0.17220966641368707,1.2944833025946014,20 °C,0,50,0,0,0.18000000000000008,4.3,4.919999999999998,6.3,TRUE,TRUE,0.5611368180904572,-0.17220966641368707,1.2944833025946014,0.5611368180904572,-0.17220966641368707,1.2944833025946014
2.697907949790795,20,0,37,0.5660428772497212,0.37459482446254555,-0.16816297869686803,1.3002487331963106,20 °C,0,50,0,0,0.18000000000000008,4.3,4.919999999999998,6.3,TRUE,TRUE,0.5660428772497212,-0.16816297869686803,1.3002487331963106,0.5660428772497212,-0.16816297869686803,1.3002487331963106
2.74979079497908,20,0,37,0.5709489364089855,0.37506976561346794,-0.16418780419341172,1.3060856770113827,20 °C,0,50,0,0,0.18000000000000008,4.3,4.919999999999998,6.3,TRUE,TRUE,0.5709489364089855,-0.16418780419341172,1.3060856770113827,0.5709489364089855,-0.16418780419341172,1.3060856770113827
2.801673640167364,20,0,37,0.5758549955682494,0.3755810546813489,-0.16028387160719448,1.3119938627436931,20 °C,0,50,0,0,0.18000000000000008,4.3,4.919999999999998,6.3,TRUE,TRUE,0.5758549955682494,-0.16028387160719448,1.3119938627436931,0.5758549955682494,-0.16028387160719448,1.3119938627436931
2.8535564853556488,20,0,37,0.5807610547275134,0.37612854343796215,-0.15645089041089244,1.317972999865919,20 °C,0,50,0,0,0.18000000000000008,4.3,4.919999999999998,6.3,TRUE,TRUE,0.5807610547275134,-0.15645089041089244,1.317972999865919,0.5807610547275134,-0.15645089041089244,1.317972999865919
2.9054393305439334,20,0,37,0.5856671138867776,0.37671207405254137,-0.1526885512562035,1.3240227790297587,20 °C,0,50,0,0,0.18000000000000008,4.3,4.919999999999998,6.3,TRUE,TRUE,0.5856671138867776,-0.1526885512562035,1.3240227790297587,0.5856671138867776,-0.1526885512562035,1.3240227790297587
2.9573221757322177,20,0,37,0.5905731730460416,0.37733147931251093,-0.14899652640647976,1.3301428724985631,20 °C,0,50,0,0,0.18000000000000008,4.3,4.919999999999998,6.3,TRUE,TRUE,0.5905731730460416,-0.14899652640647976,1.3301428724985631,0.5905731730460416,-0.14899652640647976,1.3301428724985631
3.0092050209205023,20,0,37,0.5954792322053056,0.37798658285495296,-0.14537447019040217,1.3363329346010135,20 °C,0,50,0,0,0.18000000000000008,4.3,4.919999999999998,6.3,TRUE,TRUE,0.5954792322053056,-0.14537447019040217,1.3363329346010135,0.5954792322053056,-0.14537447019040217,1.3363329346010135
3.061087866108787,20,0,37,0.6003852913645699,0.3786771994080929,-0.14182201947529227,1.3425926022044319,20 °C,0,50,0,0,0.18000000000000008,4.3,4.919999999999998,6.3,TRUE,TRUE,0.6003852913645699,-0.14182201947529227,1.3425926022044319,0.6003852913645699,-0.14182201947529227,1.3425926022044319
3.1129707112970713,20,0,37,0.6052913505238339,0.3794031350420617,-0.13833879415860706,1.348921495206275,20 °C,0,50,0,0,0.18000000000000008,4.3,4.919999999999998,6.3,TRUE,TRUE,0.6052913505238339,-0.13833879415860706,1.348921495206275,0.6052913505238339,-0.13833879415860706,1.348921495206275
3.164853556485356,20,0,37,0.6101974096830979,0.38016418742818103,-0.13492439767613695,1.3553192170423327,20 °C,0,50,0,0,0.18000000000000008,4.3,4.919999999999998,6.3,TRUE,TRUE,0.6101974096830979,-0.13492439767613695,1.3553192170423327,0.6101974096830979,-0.13492439767613695,1.3553192170423327
3.2167364016736406,20,0,37,0.6151034688423621,0.38096014610600587,-0.13157841752540933,1.3617853552101336,20 °C,0,50,0,0,0.18000000000000008,4.3,4.919999999999998,6.3,TRUE,TRUE,0.6151034688423621,-0.13157841752540933,1.3617853552101336,0.6151034688423621,-0.13157841752540933,1.3617853552101336
3.268619246861925,20,0,37,0.620009528001626,0.3817907927573496,-0.12830042580277923,1.3683194818060311,20 °C,0,50,0,0,0.18000000000000008,4.3,4.919999999999998,6.3,TRUE,TRUE,0.620009528001626,-0.12830042580277923,1.3683194818060311,0.620009528001626,-0.12830042580277923,1.3683194818060311
3.3205020920502095,20,0,37,0.6249155871608901,0.3826559014865151,-0.12508997975267955,1.37492115407446,20 °C,0,50,0,0,0.18000000000000008,4.3,4.919999999999998,6.3,TRUE,TRUE,0.6249155871608901,-0.12508997975267955,1.37492115407446,0.6249155871608901,-0.12508997975267955,1.37492115407446
3.372384937238494,20,0,37,0.6298216463201542,0.3835552391059542,-0.12194662232751596,1.3815899149678246,20 °C,0,50,0,0,0.18000000000000008,4.3,4.919999999999998,6.3,TRUE,TRUE,0.6298216463201542,-0.12194662232751596,1.3815899149678246,0.6298216463201542,-0.12194662232751596,1.3815899149678246
3.4242677824267784,20,0,37,0.6347277054794184,0.38448856542658033,-0.11886988275667909,1.388325293715516,20 °C,0,50,0,0,0.18000000000000008,4.3,4.919999999999998,6.3,TRUE,TRUE,0.6347277054794184,-0.11886988275667909,1.388325293715516,0.6347277054794184,-0.11886988275667909,1.388325293715516
3.476150627615063,20,0,37,0.6396337646386824,0.38545563355196877,-0.11585927712317634,1.395126806400541,20 °C,0,50,0,0,0.18000000000000008,4.3,4.919999999999998,6.3,TRUE,TRUE,0.6396337646386824,-0.11585927712317634,1.395126806400541,0.6396337646386824,-0.11585927712317634,1.395126806400541
3.528033472803348,20,0,37,0.6445398237979466,0.3864561901756855,-0.11291430894639698,1.4019939565422903,20 °C,0,50,0,0,0.18000000000000008,4.3,4.919999999999998,6.3,TRUE,TRUE,0.6445398237979466,-0.11291430894639698,1.4019939565422903,0.6445398237979466,-0.11291430894639698,1.4019939565422903
3.579916317991632,20,0,37,0.6494458829572105,0.3874899758809995,-0.11003446976954845,1.4089262356839694,20 °C,0,50,0,0,0.18000000000000008,4.3,4.919999999999998,6.3,TRUE,TRUE,0.6494458829572105,-0.11003446976954845,1.4089262356839694,0.6494458829572105,-0.11003446976954845,1.4089262356839694
3.6317991631799167,20,0,37,0.6543519421164745,0.3885567254422517,-0.10721923975033887,1.415923123983288,20 °C,0,50,0,0,0.18000000000000008,4.3,4.919999999999998,6.3,TRUE,TRUE,0.6543519421164745,-0.10721923975033887,1.415923123983288,0.6543519421164745,-0.10721923975033887,1.415923123983288
3.6836820083682014,20,0,37,0.6592580012757387,0.38965616812716974,-0.10446808825351395,1.4229840908049916,20 °C,0,50,0,0,0.18000000000000008,4.3,4.919999999999998,6.3,TRUE,TRUE,0.6592580012757387,-0.10446808825351395,1.4229840908049916,0.6592580012757387,-0.10446808825351395,1.4229840908049916
3.7355648535564856,20,0,37,0.6641640604350026,0.3907880279994371,-0.10178047444389415,1.4301085953138994,20 °C,0,50,0,0,0.18000000000000008,4.3,4.919999999999998,6.3,TRUE,TRUE,0.6641640604350026,-0.10178047444389415,1.4301085953138994,0.6641640604350026,-0.10178047444389415,1.4301085953138994
3.7874476987447703,20,0,37,0.6690701195942668,0.3919520242208536,-0.09915584787860632,1.4372960870671398,20 °C,0,50,0,0,0.18000000000000008,4.3,4.919999999999998,6.3,TRUE,TRUE,0.6690701195942668,-0.09915584787860632,1.4372960870671398,0.6690701195942668,-0.09915584787860632,1.4372960870671398
3.839330543933055,20,0,37,0.6739761787535309,0.393147871352442,-0.09659364909725543,1.4445460066043172,20 °C,0,50,0,0,0.18000000000000008,4.3,4.919999999999998,6.3,TRUE,TRUE,0.6739761787535309,-0.09659364909725543,1.4445460066043172,0.6739761787535309,-0.09659364909725543,1.4445460066043172
3.891213389121339,20,0,37,0.678882237912795,0.39437527965389,-0.09409331020882938,1.4518577860344193,20 °C,0,50,0,0,0.18000000000000008,4.3,4.919999999999998,6.3,TRUE,TRUE,0.678882237912795,-0.09409331020882938,1.4518577860344193,0.678882237912795,-0.09409331020882938,1.4518577860344193
3.943096234309624,20,0,37,0.683788297072059,0.39563395538073753,-0.09165425547418649,1.4592308496183044,20 °C,0,50,0,0,0.18000000000000008,4.3,4.919999999999998,6.3,TRUE,TRUE,0.683788297072059,-0.09165425547418649,1.4592308496183044,0.683788297072059,-0.09165425547418649,1.4592308496183044
3.9949790794979085,20,0,37,0.6886943562313231,0.39692360107875546,-0.08927590188303758,1.4666646143456838,20 °C,0,50,0,0,0.18000000000000008,4.3,4.919999999999998,6.3,TRUE,TRUE,0.6886943562313231,-0.08927590188303758,1.4666646143456838,0.6886943562313231,-0.08927590188303758,1.4666646143456838
4.046861924686193,20,0,37,0.6936004153905873,0.3982439158749855,-0.0869576597243843,1.474158490505559,20 °C,0,50,0,0,0.18000000000000008,4.3,4.919999999999998,6.3,TRUE,TRUE,0.6936004153905873,-0.0869576597243843,1.474158490505559,0.6936004153905873,-0.0869576597243843,1.474158490505559
4.098744769874477,20,0,37,0.6985064745498513,0.39959459576495027,-0.0846989331494512,1.4817118822491537,20 °C,0,50,0,0,0.18000000000000008,4.3,4.919999999999998,6.3,TRUE,TRUE,0.6985064745498513,-0.0846989331494512,1.4817118822491537,0.6985064745498513,-0.0846989331494512,1.4817118822491537
4.150627615062762,20,0,37,0.7034125337091152,0.4009753338955668,-0.0824991207261957,1.4893241881444261,20 °C,0,50,0,0,0.18000000000000008,4.3,4.919999999999998,6.3,TRUE,TRUE,0.7034125337091152,-0.0824991207261957,1.4893241881444261,0.7034125337091152,-0.0824991207261957,1.4893241881444261
4.202510460251046,20,0,37,0.7083185928683795,0.40238582084333524,-0.0803576159845576,1.4969948017213166,20 °C,0,50,0,0,0.18000000000000008,4.3,4.919999999999998,6.3,TRUE,TRUE,0.7083185928683795,-0.0803576159845576,1.4969948017213166,0.7083185928683795,-0.0803576159845576,1.4969948017213166
4.254393305439331,20,0,37,0.7132246520276434,0.40382574488740064,-0.07827380795166183,1.5047231120069486,20 °C,0,50,0,0,0.18000000000000008,4.3,4.919999999999998,6.3,TRUE,TRUE,0.7132246520276434,-0.07827380795166183,1.5047231120069486,0.7132246520276434,-0.07827380795166183,1.5047231120069486
4.306276150627616,20,0,37,0.7181307111869076,0.40529479227712667,-0.0762470816762606,1.5125085040500759,20 °C,0,50,0,0,0.18000000000000008,4.3,4.919999999999998,6.3,TRUE,TRUE,0.7181307111869076,-0.0762470816762606,1.5125085040500759,0.7181307111869076,-0.0762470816762606,1.5125085040500759
4.3581589958159,20,0,37,0.7230367703461715,0.40679264749384353,-0.07427681874176173,1.5203503594341048,20 °C,0,50,0,0,0.18000000000000008,4.3,4.919999999999998,6.3,TRUE,TRUE,0.7230367703461715,-0.07427681874176173,1.5203503594341048,0.7230367703461715,-0.07427681874176173,1.5203503594341048
4.410041841004184,20,0,37,0.7279428295054357,0.4083189935064711,-0.07236239776724773,1.5282480567781191,20 °C,0,50,0,0,0.18000000000000008,4.3,4.919999999999998,6.3,TRUE,TRUE,0.7279428295054357,-0.07236239776724773,1.5282480567781191,0.7279428295054357,-0.07236239776724773,1.5282480567781191
4.461924686192469,20,0,37,0.7328488886646997,0.4098735120207462,-0.0705031948959628,1.536200972225362,20 °C,0,50,0,0,0.18000000000000008,4.3,4.919999999999998,6.3,TRUE,TRUE,0.7328488886646997,-0.0705031948959628,1.536200972225362,0.7328488886646997,-0.0705031948959628,1.536200972225362
4.5138075313807535,20,0,37,0.7377549478239638,0.41145588372181513,-0.0686985842707939,1.5442084799187215,20 °C,0,50,0,0,0.18000000000000008,4.3,4.919999999999998,6.3,TRUE,TRUE,0.7377549478239638,-0.0686985842707939,1.5442084799187215,0.7377549478239638,-0.0686985842707939,1.5442084799187215
4.565690376569038,20,0,37,0.7426610069832278,0.4130657885099841,-0.06694793849634106,1.5522699524627965,20 °C,0,50,0,0,0.18000000000000008,4.3,4.919999999999998,6.3,TRUE,TRUE,0.7426610069832278,-0.06694793849634106,1.5522699524627965,0.7426610069832278,-0.06694793849634106,1.5522699524627965
4.617573221757323,20,0,37,0.7475670661424919,0.41470290572944607,-0.06525062908722234,1.5603847613722062,20 °C,0,50,0,0,0.18000000000000008,4.3,4.919999999999998,6.3,TRUE,TRUE,0.7475670661424919,-0.06525062908722234,1.5603847613722062,0.7475670661424919,-0.06525062908722234,1.5603847613722062
4.6694560669456076,20,0,37,0.752473125301756,0.4163669143898358,-0.06360602690232209,1.5685522775058343,20 °C,0,50,0,0,0.18000000000000008,4.3,4.919999999999998,6.3,TRUE,TRUE,0.752473125301756,-0.06360602690232209,1.5685522775058343,0.752473125301756,-0.06360602690232209,1.5685522775058343
4.721338912133891,20,0,37,0.7573791844610201,0.41805749338048676,-0.062013502564733924,1.5767718714867742,20 °C,0,50,0,0,0.18000000000000008,4.3,4.919999999999998,6.3,TRUE,TRUE,0.7573791844610201,-0.062013502564733924,1.5767718714867742,0.7573791844610201,-0.062013502564733924,1.5767718714867742
4.773221757322176,20,0,37,0.7622852436202842,0.41977432167729667,-0.06047242686721732,1.5850429141077855,20 °C,0,50,0,0,0.18000000000000008,4.3,4.919999999999998,6.3,TRUE,TRUE,0.7622852436202842,-0.06047242686721732,1.5850429141077855,0.7622852436202842,-0.06047242686721732,1.5850429141077855
4.825104602510461,20,0,37,0.7671913027795482,0.42151707854212683,-0.0589821711630204,1.5933647767221166,20 °C,0,50,0,0,0.18000000000000008,4.3,4.919999999999998,6.3,TRUE,TRUE,0.7671913027795482,-0.0589821711630204,1.5933647767221166,0.7671913027795482,-0.0589821711630204,1.5933647767221166
4.876987447698745,20,0,37,0.7720973619388123,0.4232854437146878,-0.05754210774197577,1.6017368316196003,20 °C,0,50,0,0,0.18000000000000008,4.3,4.919999999999998,6.3,TRUE,TRUE,0.7720973619388123,-0.05754210774197577,1.6017368316196003,0.7720973619388123,-0.05754210774197577,1.6017368316196003
4.92887029288703,20,0,37,0.7770034210980764,0.4250790975968907,-0.05615161019182935,1.6101584523879822,20 °C,0,50,0,0,0.18000000000000008,4.3,4.919999999999998,6.3,TRUE,FALSE,0.7770034210980764,-0.05615161019182935,1.6101584523879822,NA,NA,NA
4.980753138075315,20,0,37,0.7819094802573405,0.42689772142965304,-0.05481005374477943,1.6186290142594606,20 °C,0,50,0,0,0.18000000000000008,4.3,4.919999999999998,6.3,TRUE,FALSE,0.7819094802573405,-0.05481005374477943,1.6186290142594606,NA,NA,NA
5.0326359832635985,20,0,37,0.7868155394166046,0.42874099746218364,-0.05351681560927524,1.6271478944424844,20 °C,0,50,0,0,0.18000000000000008,4.3,4.919999999999998,6.3,TRUE,FALSE,0.7868155394166046,-0.05351681560927524,1.6271478944424844,NA,NA,NA
5.084518828451883,20,0,37,0.7917215985758687,0.4306086091137784,-0.05227127528713704,1.6357144724388744,20 °C,0,50,0,0,0.18000000000000008,4.3,4.919999999999998,6.3,TRUE,FALSE,0.7917215985758687,-0.05227127528713704,1.6357144724388744,NA,NA,NA
5.136401673640168,20,0,37,0.7966276577351327,0.4325002411281794,-0.05107281487609894,1.6443281303463642,20 °C,0,50,0,0,0.18000000000000008,4.3,4.919999999999998,6.3,TRUE,FALSE,0.7966276577351327,-0.05107281487609894,1.6443281303463642,NA,NA,NA
5.1882845188284525,20,0,37,0.8015337168943968,0.4344155797205712,-0.04992081935792281,1.6529882531467164,20 °C,0,50,0,0,0.18000000000000008,4.3,4.919999999999998,6.3,TRUE,FALSE,0.8015337168943968,-0.04992081935792281,1.6529882531467164,NA,NA,NA
5.240167364016737,20,0,37,0.8064397760536609,0.4363543127172942,-0.04881467687223573,1.6616942289795575,20 °C,0,50,0,0,0.18000000000000008,4.3,4.919999999999998,6.3,TRUE,FALSE,0.8064397760536609,-0.04881467687223573,1.6616942289795575,NA,NA,NA
5.292050209205021,20,0,37,0.8113458352129249,0.43831612968837996,-0.04775377897629984,1.6704454494021497,20 °C,0,50,0,0,0.18000000000000008,4.3,4.919999999999998,6.3,TRUE,FALSE,0.8113458352129249,-0.04775377897629984,1.6704454494021497,NA,NA,NA
5.343933054393306,20,0,37,0.8162518943721889,0.4403007220730111,-0.046737520890912765,1.6792413096352905,20 °C,0,50,0,0,0.18000000000000008,4.3,4.919999999999998,6.3,TRUE,FALSE,0.8162518943721889,-0.046737520890912765,1.6792413096352905,NA,NA,NA
5.39581589958159,20,0,37,0.8211579535314532,0.4423077832980394,-0.04576530173270399,1.6880812087956103,20 °C,0,50,0,0,0.18000000000000008,4.3,4.919999999999998,6.3,TRUE,FALSE,0.8211579535314532,-0.04576530173270399,1.6880812087956103,NA,NA,NA
5.447698744769875,20,0,37,0.8260640126907169,0.4443370088896847,-0.044836524733064986,1.6969645501144988,20 °C,0,50,0,0,0.18000000000000008,4.3,4.919999999999998,6.3,TRUE,FALSE,0.8260640126907169,-0.044836524733064986,1.6969645501144988,NA,NA,NA
5.49958158995816,20,0,37,0.8309700718499812,0.4463880965785646,-0.043950597444005424,1.7058907411439677,20 °C,0,50,0,0,0.18000000000000008,4.3,4.919999999999998,6.3,TRUE,FALSE,0.8309700718499812,-0.043950597444005424,1.7058907411439677,NA,NA,NA
5.551464435146444,20,0,37,0.8358761310092453,0.44846074639820144,-0.0431069319312295,1.71485919394972,20 °C,0,50,0,0,0.18000000000000008,4.3,4.919999999999998,6.3,TRUE,FALSE,0.8358761310092453,-0.0431069319312295,1.71485919394972,NA,NA,NA
5.603347280334728,20,0,37,0.8407821901685093,0.4505546607771651,-0.04230494495473425,1.7238693252917527,20 °C,0,50,0,0,0.18000000000000008,4.3,4.919999999999998,6.3,TRUE,FALSE,0.8407821901685093,-0.04230494495473425,1.7238693252917527,NA,NA,NA
5.655230125523013,20,0,37,0.8456882493277734,0.45266954462501263,-0.04154405813725137,1.732920556792798,20 °C,0,50,0,0,0.18000000000000008,4.3,4.919999999999998,6.3,TRUE,FALSE,0.8456882493277734,-0.04154405813725137,1.732920556792798,NA,NA,NA
5.7071129707112975,20,0,37,0.8505943084870374,0.45480510541220015,-0.04082369812087483,1.7420123150949496,20 °C,0,50,0,0,0.18000000000000008,4.3,4.919999999999998,6.3,TRUE,FALSE,0.8505943084870374,-0.04082369812087483,1.7420123150949496,NA,NA,NA
5.758995815899582,20,0,37,0.8555003676463014,0.4569610532441296,-0.04014329671219263,1.7511440320047955,20 °C,0,50,0,0,0.18000000000000008,4.3,4.919999999999998,6.3,TRUE,FALSE,0.8555003676463014,-0.04014329671219263,1.7511440320047955,NA,NA,NA
5.810878661087867,20,0,37,0.8604064268055654,0.45913710092951776,-0.039502291016289326,1.7603151446274201,20 °C,0,50,0,0,0.18000000000000008,4.3,4.919999999999998,6.3,TRUE,FALSE,0.8604064268055654,-0.039502291016289326,1.7603151446274201,NA,NA,NA
5.862761506276152,20,0,37,0.8653124859648298,0.46133296404325613,-0.038900123559952204,1.7695250954896118,20 °C,0,50,0,0,0.18000000000000008,4.3,4.919999999999998,6.3,TRUE,FALSE,0.8653124859648298,-0.038900123559952204,1.7695250954896118,NA,NA,NA
5.914644351464435,20,0,37,0.8702185451240938,0.4635483609839496,-0.03833624240444733,1.778773332652635,20 °C,0,50,0,0,0.18000000000000008,4.3,4.919999999999998,6.3,TRUE,FALSE,0.8702185451240938,-0.03833624240444733,1.778773332652635,NA,NA,NA
5.96652719665272,20,0,37,0.8751246042833579,0.4657830130263144,-0.037810101248218375,1.7880593098149342,20 °C,0,50,0,0,0.18000000000000008,4.3,4.919999999999998,6.3,TRUE,FALSE,0.8751246042833579,-0.037810101248218375,1.7880593098149342,NA,NA,NA
6.018410041841005,20,0,37,0.8800306634426219,0.4680366443686154,-0.037321159519864255,1.797382486405108,20 °C,0,50,0,0,0.18000000000000008,4.3,4.919999999999998,6.3,TRUE,FALSE,0.8800306634426219,-0.037321159519864255,1.797382486405108,NA,NA,NA
6.070292887029289,20,0,37,0.8849367226018859,0.4703089821753264,-0.036868882461753794,1.8067423276655257,20 °C,0,50,0,0,0.18000000000000008,4.3,4.919999999999998,6.3,TRUE,FALSE,0.8849367226018859,-0.036868882461753794,1.8067423276655257,NA,NA,NA
6.122175732217574,20,0,37,0.88984278176115,0.472599756615199,-0.03645274120464004,1.81613830472694,20 °C,0,50,0,0,0.18000000000000008,4.3,4.919999999999998,6.3,TRUE,FALSE,0.88984278176115,-0.03645274120464004,1.81613830472694,NA,NA,NA
6.174058577405859,20,0,37,0.8947488409204143,0.4749087008949138,-0.036072212833616835,1.8255698946744454,20 °C,0,50,0,0,0.18000000000000008,4.3,4.919999999999998,6.3,TRUE,FALSE,0.8947488409204143,-0.036072212833616835,1.8255698946744454,NA,NA,NA
6.2259414225941425,20,0,37,0.8996549000796781,0.477235551288502,-0.03572678044578581,1.8350365806051419,20 °C,0,50,0,0,0.18000000000000008,4.3,4.919999999999998,6.3,TRUE,FALSE,0.8996549000796781,-0.03572678044578581,1.8350365806051419,NA,NA,NA
6.277824267782427,20,0,37,0.9045609592389424,0.4795800471627045,-0.035415933199958394,1.8445378516778432,20 °C,0,50,0,0,0.18000000000000008,4.3,4.919999999999998,6.3,TRUE,FALSE,0.9045609592389424,-0.035415933199958394,1.8445378516778432,NA,NA,NA
6.329707112970712,20,0,37,0.9094670183982064,0.48194193099845484,-0.03513916635876502,1.8540732031551779,20 °C,0,50,0,0,0.18000000000000008,4.3,4.919999999999998,6.3,FALSE,FALSE,NA,NA,NA,NA,NA,NA
6.3815899581589965,20,0,37,0.9143730775574704,0.4843209484086487,-0.03489598132348104,1.863642136438422,20 °C,0,50,0,0,0.18000000000000008,4.3,4.919999999999998,6.3,FALSE,FALSE,NA,NA,NA,NA,NA,NA
6.433472803347281,20,0,37,0.9192791367167344,0.48671684815237526,-0.03468588566192099,1.8732441590953899,20 °C,0,50,0,0,0.18000000000000008,4.3,4.919999999999998,6.3,FALSE,FALSE,NA,NA,NA,NA,NA,NA
6.485355648535566,20,0,37,0.9241851958759986,0.4891293821457753,-0.03450839312972098,1.8828787848817181,20 °C,0,50,0,0,0.18000000000000008,4.3,4.919999999999998,6.3,FALSE,FALSE,NA,NA,NA,NA,NA,NA
6.53723849372385,20,0,37,0.9290912550352624,0.4915583054696859,-0.03436302368532196,1.8925455337558468,20 °C,0,50,0,0,0.18000000000000008,4.3,4.919999999999998,6.3,FALSE,FALSE,NA,NA,NA,NA,NA,NA
6.589121338912134,20,0,37,0.9339973141945268,0.49400337637423736,-0.03424930349897837,1.902243931888032,20 °C,0,50,0,0,0.18000000000000008,4.3,4.919999999999998,6.3,FALSE,FALSE,NA,NA,NA,NA,NA,NA
6.641004184100419,20,0,37,0.9389033733537907,0.4964643562805487,-0.03416676495608473,1.9119735116636662,20 °C,0,50,0,0,0.18000000000000008,4.3,4.919999999999998,6.3,FALSE,FALSE,NA,NA,NA,NA,NA,NA
6.692887029288704,20,0,37,0.9438094325130549,0.4989410097796821,-0.034114946655121936,1.9217338116812317,20 °C,0,50,0,0,0.18000000000000008,4.3,4.919999999999998,6.3,FALSE,FALSE,NA,NA,NA,NA,NA,NA
6.744769874476988,20,0,37,0.9487154916723188,0.5014331046289962,-0.03409339340051365,1.9315243767451513,20 °C,0,50,0,0,0.18000000000000008,4.3,4.919999999999998,6.3,FALSE,FALSE,NA,NA,NA,NA,NA,NA
6.796652719665272,20,0,37,0.9536215508315828,0.5039404117460466,-0.03410165619066852,1.9413447578538343,20 °C,0,50,0,0,0.18000000000000008,4.3,4.919999999999998,6.3,FALSE,FALSE,NA,NA,NA,NA,NA,NA
6.848535564853557,20,0,37,0.9585276099908471,0.5064627052001679,-0.03413929220148193,1.951194512183176,20 °C,0,50,0,0,0.18000000000000008,4.3,4.919999999999998,6.3,FALSE,FALSE,NA,NA,NA,NA,NA,NA
6.9004184100418415,20,0,37,0.9634336691501112,0.5089997622018747,-0.0342058647655632,1.9610732030657856,20 °C,0,50,0,0,0.18000000000000008,4.3,4.919999999999998,6.3,FALSE,FALSE,NA,NA,NA,NA,NA,NA
6.952301255230126,20,0,37,0.9683397283093754,0.5115513630902123,-0.034300943347440715,1.9709803999661917,20 °C,0,50,0,0,0.18000000000000008,4.3,4.919999999999998,6.3,FALSE,FALSE,NA,NA,NA,NA,NA,NA
7.004184100418411,20,0,37,0.9732457874686392,0.514117291318177,-0.03442410351498759,1.980915678452266,20 °C,0,50,0,0,0.18000000000000008,4.3,4.919999999999998,6.3,FALSE,FALSE,NA,NA,NA,NA,NA,NA
7.056066945606696,20,0,37,0.9781518466279034,0.5166973334363356,-0.03457492690731445,1.9908786201631212,20 °C,0,50,0,0,0.18000000000000008,4.3,4.919999999999998,6.3,FALSE,FALSE,NA,NA,NA,NA,NA,NA
7.107949790794979,20,0,37,0.9830579057871671,0.5192912790747566,-0.03475300119935576,2.0008688127736898,20 °C,0,50,0,0,0.18000000000000008,4.3,4.919999999999998,6.3,FALSE,FALSE,NA,NA,NA,NA,NA,NA
7.159832635983264,20,0,37,0.98796396494643135,0.5218989209233619,-0.03495792006335785,2.0108858499562206,20 °C,0,50,0,0,0.18000000000000008,4.3,4.919999999999998,6.3,FALSE,FALSE,NA,NA,NA,NA,NA,NA
7.211715481171549,20,0,37,0.9928700241056958,0.5245200547108169,-0.03518928312750513,2.0209293313388965,20 °C,0,50,0,0,0.18000000000000008,4.3,4.919999999999998,6.3,FALSE,FALSE,NA,NA,NA,NA,NA,NA
7.263598326359833,20,0,37,0.9977760832649597,0.5271544791820543,-0.035446695931866556,2.030998862461786,20 °C,0,50,0,0,0.18000000000000008,4.3,4.919999999999998,6.3,FALSE,FALSE,NA,NA,NA,NA,NA,NA
7.315481171548118,20,0,37,1.0026821424242236,0.529801996074537,-0.035729769881869045,2.0410940547303165,20 °C,0,50,0,0,0.18000000000000008,4.3,4.919999999999998,6.3,FALSE,FALSE,NA,NA,NA,NA,NA,NA
7.367364016736403,20,0,37,1.0075882015834878,0.5324624100933514,-0.03603812219948077,2.0512145253664564,20 °C,0,50,0,0,0.18000000000000008,4.3,4.919999999999998,6.3,FALSE,FALSE,NA,NA,NA,NA,NA,NA
7.4192468619246865,20,0,37,1.0124942607427518,0.5351355288852283,-0.036371375872295664,2.061359897357799,20 °C,0,50,0,0,0.18000000000000008,4.3,4.919999999999998,6.3,FALSE,FALSE,NA,NA,NA,NA,NA,NA
7.471129707112971,20,0,37,1.0174003199020156,0.5378211630115732,-0.036729159600667804,2.071529799404699,20 °C,0,50,0,0,0.18000000000000008,4.3,4.919999999999998,6.3,FALSE,FALSE,NA,NA,NA,NA,NA,NA
7.523012552301256,20,0,37,1.02230637906128,0.5405191259205965,-0.03711110774308901,2.081723865865649,20 °C,0,50,0,0,0.18000000000000008,4.3,4.919999999999998,6.3,FALSE,FALSE,NA,NA,NA,NA,NA,NA
7.5748953974895405,20,0,37,1.027212438220544,0.5432292339186158,-0.03751686025994272,2.091941736701031,20 °C,0,50,0,0,0.18000000000000008,4.3,4.919999999999998,6.3,FALSE,FALSE,NA,NA,NA,NA,NA,NA
7.626778242677825,20,0,37,1.0321184973798083,0.5459513061406143,-0.0379460626557957,2.102183057415412,20 °C,0,50,0,0,0.18000000000000008,4.3,4.919999999999998,6.3,FALSE,FALSE,NA,NA,NA,NA,NA,NA
7.67866108786611,20,0,37,1.037024556539072,0.5486851645201236,-0.03839836592037016,2.112447478998514,20 °C,0,50,0,0,0.18000000000000008,4.3,4.919999999999998,6.3,FALSE,FALSE,NA,NA,NA,NA,NA,NA
7.730543933054394,20,0,37,1.0419306156983361,0.5514306337585022,-0.03887342646832814,2.122734657865,20 °C,0,50,0,0,0.18000000000000008,4.3,4.919999999999998,6.3,FALSE,FALSE,NA,NA,NA,NA,NA,NA
7.782426778242678,20,0,37,1.0468366748576003,0.554187541293674,-0.039370906078000534,2.1330442557932012,20 °C,0,50,0,0,0.18000000000000008,4.3,4.919999999999998,6.3,FALSE,FALSE,NA,NA,NA,NA,NA,NA
7.834309623430963,20,0,37,1.0517427340168644,0.5569557172683909,-0.039890471829181706,2.1433759398629104,20 °C,0,50,0,0,0.18000000000000008,4.3,4.919999999999998,6.3,FALSE,FALSE,NA,NA,NA,NA,NA,NA
7.886192468619248,20,0,37,1.0566487931761286,0.5597349944980783,-0.04043179604010483,2.153729382392362,20 °C,0,50,0,0,0.18000000000000008,4.3,4.919999999999998,6.3,FALSE,FALSE,NA,NA,NA,NA,NA,NA
7.938075313807532,20,0,37,1.0615548523353926,0.5625252084383205,-0.040994556203715726,2.1641042608745007,20 °C,0,50,0,0,0.18000000000000008,4.3,4.919999999999998,6.3,FALSE,FALSE,NA,NA,NA,NA,NA,NA
7.989958158995817,20,0,37,1.0664609114946568,0.5653261971520372,-0.04157843492333613,2.1745002579126496,20 °C,0,50,0,0,0.18000000000000008,4.3,4.919999999999998,6.3,FALSE,FALSE,NA,NA,NA,NA,NA,NA
8.041841004184102,20,0,37,1.0713669706539206,0.5681378012764052,-0.04218311984783352,2.1849170611556747,20 °C,0,50,0,0,0.18000000000000008,4.3,4.919999999999998,6.3,FALSE,FALSE,NA,NA,NA,NA,NA,NA
8.093723849372386,20,0,37,1.076273029813185,0.5709598639895701,-0.04280830360637222,2.1953543632327426,20 °C,0,50,0,0,0.18000000000000008,4.3,4.919999999999998,6.3,FALSE,FALSE,NA,NA,NA,NA,NA,NA
8.145606694560671,20,0,37,1.0811790889724489,0.5737922309771928,-0.04345368374284897,2.2058118616877467,20 °C,0,50,0,0,0.18000000000000008,4.3,4.919999999999998,6.3,FALSE,FALSE,NA,NA,NA,NA,NA,NA
8.197489539748954,20,0,37,1.0860851481317129,0.5766347503988776,-0.04411896265008708,2.2162892589135126,20 °C,0,50,0,0,0.18000000000000008,4.3,4.919999999999998,6.3,FALSE,FALSE,NA,NA,NA,NA,NA,NA
8.249372384937239,20,0,37,1.090991207290977,0.5794872728545156,-0.04480384750387345,2.2267862620858274,20 °C,0,50,0,0,0.18000000000000008,4.3,4.919999999999998,6.3,FALSE,FALSE,NA,NA,NA,NA,NA,NA
8.301255230125523,20,0,37,1.0958972664502409,0.5823496513505848,-0.0455080501969054,2.237302583097387,20 °C,0,50,0,0,0.18000000000000008,4.3,4.919999999999998,6.3,FALSE,FALSE,NA,NA,NA,NA,NA,NA
8.353138075313808,20,0,37,1.1008033256095051,0.585221741266443,-0.046231287272723076,2.2478379384917333,20 °C,0,50,0,0,0.18000000000000008,4.3,4.919999999999998,6.3,FALSE,FALSE,NA,NA,NA,NA,NA,NA
8.405020920502093,20,0,37,1.1057093847687693,0.5881034003206436,-0.04697327985969202,2.258392049397231,20 °C,0,50,0,0,0.18000000000000008,4.3,4.919999999999998,6.3,FALSE,FALSE,NA,NA,NA,NA,NA,NA
8.456903765690377,20,0,37,1.1106154439280334,0.5909944885373083,-0.0477337536050908,2.2689646414611575,20 °C,0,50,0,0,0.18000000000000008,4.3,4.919999999999998,6.3,FALSE,FALSE,NA,NA,NA,NA,NA,NA
8.508786610878662,20,0,37,1.1155215030872974,0.5938948682125837,-0.048512438609366715,2.2795554447839614,20 °C,0,50,0,0,0.18000000000000008,4.3,4.919999999999998,6.3,FALSE,FALSE,NA,NA,NA,NA,NA,NA
8.560669456066947,20,0,37,1.1204275622465616,0.5968044038812095,-0.04930906936060886,2.290164193853732,20 °C,0,50,0,0,0.18000000000000008,4.3,4.919999999999998,6.3,FALSE,FALSE,NA,NA,NA,NA,NA,NA
8.612552301255231,20,0,37,1.1253336214058258,0.5997229622832245,-0.050123384669294335,2.300790627480946,20 °C,0,50,0,0,0.18000000000000008,4.3,4.919999999999998,6.3,FALSE,FALSE,NA,NA,NA,NA,NA,NA
8.664435146443516,20,0,37,1.1302396805650896,0.6026504123308314,-0.05095512760333998,2.311434488733519,20 °C,0,50,0,0,0.18000000000000008,4.3,4.919999999999998,6.3,FALSE,FALSE,NA,NA,NA,NA,NA,NA
8.7163179916318,20,0,37,1.1351457397243536,0.6055866250754491,-0.05180404542352668,2.3220955248722337,20 °C,0,50,0,0,0.18000000000000008,4.3,4.919999999999998,6.3,FALSE,FALSE,NA,NA,NA,NA,NA,NA
8.768200836820084,20,0,37,1.1400517988836176,0.6085314736749613,-0.05266988951930651,2.3327734872865418,20 °C,0,50,0,0,0.18000000000000008,4.3,4.919999999999998,6.3,FALSE,FALSE,NA,NA,NA,NA,NA,NA
8.820083682008368,20,0,37,1.1449578580428816,0.6114848333611907,-0.05355241534505217,2.3434681314308152,20 °C,0,50,0,0,0.18000000000000008,4.3,4.919999999999998,6.3,FALSE,FALSE,NA,NA,NA,NA,NA,NA
8.871966527196653,20,0,37,1.149863917202146,0.6144465814076129,-0.05445138235677516,2.354179216761067,20 °C,0,50,0,0,0.18000000000000008,4.3,4.919999999999998,6.3,FALSE,FALSE,NA,NA,NA,NA,NA,NA
8.923849372384938,20,0,37,1.1547699763614099,0.6174165970973227,-0.05536655394934242,2.3649065066721624,20 °C,0,50,0,0,0.18000000000000008,4.3,4.919999999999998,6.3,FALSE,FALSE,NA,NA,NA,NA,NA,NA
8.975732217573222,20,0,37,1.159676035520674,0.6203947616912711,-0.05629769739421708,2.375649768435565,20 °C,0,50,0,0,0.18000000000000008,4.3,4.919999999999998,6.3,FALSE,FALSE,NA,NA,NA,NA,NA,NA
9.027615062761507,20,0,37,1.164582094679938,0.6233809583967866,-0.05724458377776398,2.3864087731376395,20 °C,0,50,0,0,0.18000000000000008,4.3,4.919999999999998,6.3,FALSE,FALSE,NA,NA,NA,NA,NA,NA
9.079497907949792,20,0,37,1.1694881538392023,0.6263750723363912,-0.058206987940124355,2.397183295618529,20 °C,0,50,0,0,0.18000000000000008,4.3,4.919999999999998,6.3,FALSE,FALSE,NA,NA,NA,NA,NA,NA
9.131380753138076,20,0,37,1.1743942129984661,0.6293769905169228,-0.05918468841470248,2.407973114411635,20 °C,0,50,0,0,0.18000000000000008,4.3,4.919999999999998,6.3,FALSE,FALSE,NA,NA,NA,NA,NA,NA
9.183263598326361,20,0,37,1.1793002721577304,0.6323866017989735,-0.0601774673682578,2.4187780116837185,20 °C,0,50,0,0,0.18000000000000008,4.3,4.919999999999998,6.3,FALSE,FALSE,NA,NA,NA,NA,NA,NA
9.235146443514646,20,0,37,1.1842063313169944,0.6354037968666573,-0.061185110541653875,2.429597773175643,20 °C,0,50,0,0,0.18000000000000008,4.3,4.919999999999998,6.3,FALSE,FALSE,NA,NA,NA,NA,NA,NA
9.28702928870293,20,0,37,1.1891123904762586,0.6384284681977077,-0.0622074071912484,2.440432188143766,20 °C,0,50,0,0,0.18000000000000008,4.3,4.919999999999998,6.3,FALSE,FALSE,NA,NA,NA,NA,NA,NA
9.338912133891215,20,0,37,1.1940184496355226,0.6414605100339179,-0.0632441500309564,2.4512810493020014,20 °C,0,50,0,0,0.18000000000000008,4.3,4.919999999999998,6.3,FALSE,FALSE,NA,NA,NA,NA,NA,NA
9.390794979079498,20,0,37,1.1989245087947866,0.6444998183519317,-0.06429513517499941,2.462144152764573,20 °C,0,50,0,0,0.18000000000000008,4.3,4.919999999999998,6.3,FALSE,FALSE,NA,NA,NA,NA,NA,NA
9.442677824267783,20,0,37,1.2038305679540506,0.6475462908343836,-0.06536016208134132,2.4730212979894426,20 °C,0,50,0,0,0.18000000000000008,4.3,4.919999999999998,6.3,FALSE,FALSE,NA,NA,NA,NA,NA,NA
9.494560669456067,20,0,37,1.2087366271133146,0.6505998268413992,-0.0664390334958278,2.483912287722457,20 °C,0,50,0,0,0.18000000000000008,4.3,4.919999999999998,6.3,FALSE,FALSE,NA,NA,NA,NA,NA,NA
9.546443514644352,20,0,37,1.2136426862725789,0.6536603273824605,-0.0675315553970437,2.4948169279422014,20 °C,0,50,0,0,0.18000000000000008,4.3,4.919999999999998,6.3,FALSE,FALSE,NA,NA,NA,NA,NA,NA
9.598326359832637,20,0,37,1.218548745431843,0.6567276950886329,-0.06863753694187746,2.5057350278055637,20 °C,0,50,0,0,0.18000000000000008,4.3,4.919999999999998,6.3,FALSE,FALSE,NA,NA,NA,NA,NA,NA
9.650209205020921,20,0,37,1.223454804591107,0.659801834185164,-0.0697567904118146,2.5166663995940284,20 °C,0,50,0,0,0.18000000000000008,4.3,4.919999999999998,6.3,FALSE,FALSE,NA,NA,NA,NA,NA,NA
9.702092050209206,20,0,37,1.2283608637503707,0.6628826504644554,-0.07088913115996176,2.527610858660703,20 °C,0,50,0,0,0.18000000000000008,4.3,4.919999999999998,6.3,FALSE,FALSE,NA,NA,NA,NA,NA,NA
9.75397489539749,20,0,37,1.2332669229096351,0.665970051259403,-0.07203437755879483,2.538568223378065,20 °C,0,50,0,0,0.18000000000000008,4.3,4.919999999999998,6.3,FALSE,FALSE,NA,NA,NA,NA,NA,NA
9.805857740585775,20,0,37,1.2381729820688994,0.6690639454171169,-0.07319235094864962,2.5495383150864486,20 °C,0,50,0,0,0.18000000000000008,4.3,4.919999999999998,6.3,FALSE,FALSE,NA,NA,NA,NA,NA,NA
9.85774058577406,20,0,37,1.2430790412281634,0.6721642432730118,-0.07436287558693988,2.5605209580432664,20 °C,0,50,0,0,0.18000000000000008,4.3,4.919999999999998,6.3,FALSE,FALSE,NA,NA,NA,NA,NA,NA
9.909623430962345,20,0,37,1.2479851003874272,0.6752708566252797,-0.07554577859812106,2.5715159793729754,20 °C,0,50,0,0,0.18000000000000008,4.3,4.919999999999998,6.3,FALSE,FALSE,NA,NA,NA,NA,NA,NA
9.96150627615063,20,0,37,1.2528911595466916,0.6783836987097301,-0.07674088992437955,2.5825232090177628,20 °C,0,50,0,0,0.18000000000000008,4.3,4.919999999999998,6.3,FALSE,FALSE,NA,NA,NA,NA,NA,NA
10.013389121338912,20,0,37,1.2577972187059554,0.68150268417501,-0.0779480422770642,2.593542479688975,20 °C,0,50,0,0,0.18000000000000008,4.3,4.919999999999998,6.3,FALSE,FALSE,NA,NA,NA,NA,NA,NA
10.065271966527197,20,0,37,1.2627032778652196,0.6846277290582016,-0.07916707108885546,2.6045736268192945,20 °C,0,50,0,0,0.18000000000000008,4.3,4.919999999999998,6.3,FALSE,FALSE,NA,NA,NA,NA,NA,NA
10.117154811715482,20,0,37,1.2676093370244836,0.6877587507607829,-0.08039781446665084,2.6156164885156183,20 °C,0,50,0,0,0.18000000000000008,4.3,4.919999999999998,6.3,FALSE,FALSE,NA,NA,NA,NA,NA,NA
10.169037656903766,20,0,37,1.2725153961837479,0.6908956680249706,-0.08164011314519448,2.6266709055126904,20 °C,0,50,0,0,0.18000000000000008,4.3,4.919999999999998,6.3,FALSE,FALSE,NA,NA,NA,NA,NA,NA
10.220920502092051,20,0,37,1.2774214553430117,0.6940384009104283,-0.08289381044142785,2.6377367211274514,20 °C,0,50,0,0,0.18000000000000008,4.3,4.919999999999998,6.3,FALSE,FALSE,NA,NA,NA,NA,NA,NA
10.272803347280336,20,0,37,1.282327514502276,0.6971868707713412,-0.08415875220955282,2.6488137812141046,20 °C,0,50,0,0,0.18000000000000008,4.3,4.919999999999998,6.3,FALSE,FALSE,NA,NA,NA,NA,NA,NA
10.32468619246862,20,0,37,1.2872335736615397,0.7003410002338579,-0.08543478679682193,2.659901934119901,20 °C,0,50,0,0,0.18000000000000008,4.3,4.919999999999998,6.3,FALSE,FALSE,NA,NA,NA,NA,NA,NA
10.376569037656905,20,0,37,1.2921396328208041,0.7035007131738978,-0.08672176500003559,2.671001030641644,20 °C,0,50,0,0,0.18000000000000008,4.3,4.919999999999998,6.3,FALSE,FALSE,NA,NA,NA,NA,NA,NA
10.42845188284519,20,0,37,1.2970456919800681,0.7066659346953132,-0.0880195400227457,2.682110923982882,20 °C,0,50,0,0,0.18000000000000008,4.3,4.919999999999998,6.3,FALSE,FALSE,NA,NA,NA,NA,NA,NA
10.480334728033474,20,0,37,1.3019517511393324,0.7098365911084149,-0.08932796743316085,2.693231469711826,20 °C,0,50,0,0,0.18000000000000008,4.3,4.919999999999998,6.3,FALSE,FALSE,NA,NA,NA,NA,NA,NA
10.532217573221759,20,0,37,1.3068578102985962,0.713012609908846,-0.09064690512274187,2.704362525719934,20 °C,0,50,0,0,0.18000000000000008,4.3,4.919999999999998,6.3,FALSE,FALSE,NA,NA,NA,NA,NA,NA
10.584100418410042,20,0,37,1.3117638694578604,0.7161939197568146,-0.09197621326549621,2.715503952181217,20 °C,0,50,0,0,0.18000000000000008,4.3,4.919999999999998,6.3,FALSE,FALSE,NA,NA,NA,NA,NA,NA
10.635983263598327,20,0,37,1.3166699286171242,0.7193804504566639,-0.09331575427793704,2.7266556115121854,20 °C,0,50,0,0,0.18000000000000008,4.3,4.919999999999998,6.3,FALSE,FALSE,NA,NA,NA,NA,NA,NA
10.687866108786611,20,0,37,1.3215759877763882,0.722572132936795,-0.09466539277973007,2.7378173683325064,20 °C,0,50,0,0,0.18000000000000008,4.3,4.919999999999998,6.3,FALSE,FALSE,NA,NA,NA,NA,NA,NA
10.739748953974896,20,0,37,1.3264820469356526,0.7257688992299294,-0.09602499555500899,2.7489890894263143,20 °C,0,50,0,0,0.18000000000000008,4.3,4.919999999999998,6.3,FALSE,FALSE,NA,NA,NA,NA,NA,NA
10.79163179916318,20,0,37,1.3313881060949169,0.7289706824537006,-0.09739443151433624,2.76017064370417,20 °C,0,50,0,0,0.18000000000000008,4.3,4.919999999999998,6.3,FALSE,FALSE,NA,NA,NA,NA,NA,NA
10.843514644351465,20,0,37,1.3362941652541807,0.7321774167915851,-0.09877357165732614,2.7713619021656877,20 °C,0,50,0,0,0.18000000000000008,4.3,4.919999999999998,6.3,FALSE,FALSE,NA,NA,NA,NA,NA,NA
10.89539748953975,20,0,37,1.3412002244134444,0.7353890374741662,-0.10016228903592128,2.7825627378628104,20 °C,0,50,0,0,0.18000000000000008,4.3,4.919999999999998,6.3,FALSE,FALSE,NA,NA,NA,NA,NA,NA
10.947280334728035,20,0,37,1.3461062835727087,0.7386054807607092,-0.10156045871828123,2.7937730258636986,20 °C,0,50,0,0,0.18000000000000008,4.3,4.919999999999998,6.3,FALSE,FALSE,NA,NA,NA,NA,NA,NA
10.99916317991632,20,0,37,1.3510123427319731,0.7418266839210705,-0.10296795775332512,2.8049926432172714,20 °C,0,50,0,0,0.18000000000000008,4.3,4.919999999999998,6.3,FALSE,FALSE,NA,NA,NA,NA,NA,NA
11.051046025104604,20,0,37,1.3559184018912371,0.7450525852179164,-0.10438466513587907,2.8162214689183536,20 °C,0,50,0,0,0.18000000000000008,4.3,4.919999999999998,6.3,FALSE,FALSE,NA,NA,NA,NA,NA,NA
11.102928870292889,20,0,37,1.360824461050501,0.7482831238892577,-0.10581046177244402,2.827459383873446,20 °C,0,50,0,0,0.18000000000000008,4.3,4.919999999999998,6.3,FALSE,FALSE,NA,NA,NA,NA,NA,NA
11.154811715481173,20,0,37,1.3657305202097654,0.7515182401312879,-0.10724523044755885,2.83870627086709,20 °C,0,50,0,0,0.18000000000000008,4.3,4.919999999999998,6.3,FALSE,FALSE,NA,NA,NA,NA,NA,NA
11.206694560669456,20,0,37,1.370636579369029,0.7547578750815287,-0.10868885579076726,2.849962014528825,20 °C,0,50,0,0,0.18000000000000008,4.3,4.919999999999998,6.3,FALSE,FALSE,NA,NA,NA,NA,NA,NA
11.258577405857741,20,0,37,1.3755426385282934,0.7580019708022784,-0.11014122424417216,2.861226501300759,20 °C,0,50,0,0,0.18000000000000008,4.3,4.919999999999998,6.3,FALSE,FALSE,NA,NA,NA,NA,NA,NA
11.310460251046026,20,0,37,1.3804486976875572,0.7612504702643458,-0.11160222403056053,2.8724996194056747,20 °C,0,50,0,0,0.18000000000000008,4.3,4.919999999999998,6.3,FALSE,FALSE,NA,NA,NA,NA,NA,NA
11.36234309623431,20,0,37,1.3853547568468216,0.7645033173310841,-0.11307174512210327,2.8837812588157465,20 °C,0,50,0,0,0.18000000000000008,4.3,4.919999999999998,6.3,FALSE,FALSE,NA,NA,NA,NA,NA,NA
11.414225941422595,20,0,37,1.3902608160060852,0.7677604567427094,-0.11454967920962522,2.8950713112217956,20 °C,0,50,0,0,0.18000000000000008,4.3,4.919999999999998,6.3,FALSE,FALSE,NA,NA,NA,NA,NA,NA
11.46610878661088,20,0,37,1.3951668751653497,0.771021834100897,-0.11603591967240834,2.906369670003108,20 °C,0,50,0,0,0.18000000000000008,4.3,4.919999999999998,6.3,FALSE,FALSE,NA,NA,NA,NA,NA,NA
11.517991631799164,20,0,37,1.4000729343246137,0.7742873958536606,-0.117530361548561,2.917676230197788,20 °C,0,50,0,0,0.18000000000000008,4.3,4.919999999999998,6.3,FALSE,FALSE,NA,NA,NA,NA,NA,NA
11.569874476987449,20,0,37,1.4049789934838777,0.7775570892805062,-0.11903290150591439,2.9289908884736695,20 °C,0,50,0,0,0.18000000000000008,4.3,4.919999999999998,6.3,FALSE,FALSE,NA,NA,NA,NA,NA,NA
11.621757322175734,20,0,37,1.4098850526431417,0.7808308624778467,-0.12054343781343779,2.9403135430997214,20 °C,0,50,0,0,0.18000000000000008,4.3,4.919999999999998,6.3,FALSE,FALSE,NA,NA,NA,NA,NA,NA
11.673640167364018,20,0,37,1.4147911118024057,0.7841086643446935,-0.12206187031319349,2.951644093918005,20 °C,0,50,0,0,0.18000000000000008,4.3,4.919999999999998,6.3,FALSE,FALSE,NA,NA,NA,NA,NA,NA
11.725523012552303,20,0,37,1.41969717096167,0.7873904445685987,-0.12358810039278367,2.9629824423161235,20 °C,0,50,0,0,0.18000000000000008,4.3,4.919999999999998,6.3,FALSE,FALSE,NA,NA,NA,NA,NA,NA
11.777405857740586,20,0,37,1.424603230120934,0.7906761536118618,-0.1251220309583152,2.974328491200183,20 °C,0,50,0,0,0.18000000000000008,4.3,4.919999999999998,6.3,FALSE,FALSE,NA,NA,NA,NA,NA,NA
11.82928870292887,20,0,37,1.429509289280198,0.7939657426979811,-0.12666356640784504,2.9856821449682407,20 °C,0,50,0,0,0.18000000000000008,4.3,4.919999999999998,6.3,FALSE,FALSE,NA,NA,NA,NA,NA,NA
11.881171548117155,20,0,37,1.4344153484394617,0.7972591637983608,-0.12821261260532535,2.9970433094842486,20 °C,0,50,0,0,0.18000000000000008,4.3,4.919999999999998,6.3,FALSE,FALSE,NA,NA,NA,NA,NA,NA
11.93305439330544,20,0,37,1.4393214075987262,0.8005563696192557,-0.12976907685501504,3.008411892052467,20 °C,0,50,0,0,0.18000000000000008,4.3,4.919999999999998,6.3,FALSE,FALSE,NA,NA,NA,NA,NA,NA
11.984937238493725,20,0,37,1.4442274667579906,0.8038573135889596,-0.1313328678763701,3.0197878013923516,20 °C,0,50,0,0,0.18000000000000008,4.3,4.919999999999998,6.3,FALSE,FALSE,NA,NA,NA,NA,NA,NA
12.03682008368201,20,0,37,1.4491335259172542,0.8071619498452284,-0.13290389577939332,3.0311709476139015,20 °C,0,50,0,0,0.18000000000000008,4.3,4.919999999999998,6.3,FALSE,FALSE,NA,NA,NA,NA,NA,NA
12.088702928870294,20,0,37,1.4540395850765182,0.8104702332229358,-0.13448207204043583,3.0425612421934725,20 °C,0,50,0,0,0.18000000000000008,4.3,4.919999999999998,6.3,FALSE,FALSE,NA,NA,NA,NA,NA,NA
12.140585774058579,20,0,37,1.4589456442357827,0.8137821192419533,-0.13606730947844592,3.053958597950011,20 °C,0,50,0,0,0.18000000000000008,4.3,4.919999999999998,6.3,FALSE,FALSE,NA,NA,NA,NA,NA,NA
12.192468619246863,20,0,37,1.4638517033950467,0.817097564095259,-0.137659522231661,3.065362929021754,20 °C,0,50,0,0,0.18000000000000008,4.3,4.919999999999998,6.3,FALSE,FALSE,NA,NA,NA,NA,NA,NA
12.244351464435148,20,0,37,1.4687577625543107,0.8204165246372609,-0.1392586257347206,3.0767741508433417,20 °C,0,50,0,0,0.18000000000000008,4.3,4.919999999999998,6.3,FALSE,FALSE,NA,NA,NA,NA,NA,NA
12.296234309623433,20,0,37,1.4736638217135745,0.8237389583723437,-0.14086453669621912,3.088192180123368,20 °C,0,50,0,0,0.18000000000000008,4.3,4.919999999999998,6.3,FALSE,FALSE,NA,NA,NA,NA,NA,NA
12.348117154811717,20,0,37,1.478569880872839,0.8270648234436174,-0.1424771730766512,3.099616934822329,20 °C,0,50,0,0,0.18000000000000008,4.3,4.919999999999998,6.3,FALSE,FALSE,NA,NA,NA,NA,NA,NA
12.4,20,0,37,1.4834759400321025,0.8303940786218831,-0.1440964540667884,3.1110483341309934,20 °C,0,50,0,0,0.18000000000000008,4.3,4.919999999999998,6.3,FALSE,FALSE,NA,NA,NA,NA,NA,NA
0,10,7,37,0.33838458282274253,0.3901206672495082,-0.4262519249862936,1.1030210906317786,10 °C,7,50,0,0,0,7.819999999999976,11.91,12.4,TRUE,TRUE,0.33838458282274253,-0.4262519249862936,1.1030210906317786,0.33838458282274253,-0.4262519249862936,1.1030210906317786
0.051882845188284524,10,7,37,0.32694490798710135,0.38918444866985885,-0.43585661140582194,1.0897464273800246,10 °C,7,50,0,0,0,7.819999999999976,11.91,12.4,TRUE,TRUE,0.32694490798710135,-0.43585661140582194,1.0897464273800246,0.32694490798710135,-0.43585661140582194,1.0897464273800246
0.10376569037656905,10,7,37,0.3155052331514598,0.388273530126404,-0.445510885896292,1.0765213521992116,10 °C,7,50,0,0,0,7.819999999999976,11.91,12.4,TRUE,TRUE,0.3155052331514598,-0.445510885896292,1.0765213521992116,0.3155052331514598,-0.445510885896292,1.0765213521992116
0.15564853556485359,10,7,37,0.30406555831581844,0.38738809009347985,-0.4552150982674021,1.063346214899039,10 °C,7,50,0,0,0,7.819999999999976,11.91,12.4,TRUE,TRUE,0.30406555831581844,-0.4552150982674021,1.063346214899039,0.30406555831581844,-0.4552150982674021,1.063346214899039
0.2075313807531381,10,7,37,0.29262588348017704,0.3865283036658837,-0.464969591704955,1.050221358665309,10 °C,7,50,0,0,0,7.819999999999976,11.91,12.4,TRUE,TRUE,0.29262588348017704,-0.464969591704955,1.050221358665309,0.29262588348017704,-0.464969591704955,1.050221358665309
0.2594142259414226,10,7,37,0.28118620864453564,0.38569434240402606,-0.47477470246735537,1.0371471197564266,10 °C,7,50,0,0,0,7.819999999999976,11.91,12.4,TRUE,TRUE,0.28118620864453564,-0.47477470246735537,1.0371471197564266,0.28118620864453564,-0.47477470246735537,1.0371471197564266
0.31129707112970717,10,7,37,0.2697465338088941,0.38488637417973065,-0.48463075958337803,1.0241238272011661,10 °C,7,50,0,0,0,7.819999999999976,11.91,12.4,TRUE,TRUE,0.2697465338088941,-0.48463075958337803,1.0241238272011661,0.2697465338088941,-0.48463075958337803,1.0241238272011661
0.3631799163179917,10,7,37,0.2583068589732529,0.38410456302296403,-0.49453808455175663,1.0111518024982624,10 °C,7,50,0,0,0,7.819999999999976,11.91,12.4,TRUE,TRUE,0.2583068589732529,-0.49453808455175663,1.0111518024982624,0.2583068589732529,-0.49453808455175663,1.0111518024982624
0.4150627615062762,10,7,37,0.24686718413761155,0.383349068969786,-0.5044969910431689,0.998231359318392,10 °C,7,50,0,0,0,7.819999999999976,11.91,12.4,TRUE,TRUE,0.24686718413761155,-0.5044969910431689,0.998231359318392,0.24686718413761155,-0.5044969910431689,0.998231359318392
0.4669456066945607,10,7,37,0.23542750930196993,0.3826200479118132,-0.514507784605184,0.9853628032091237,10 °C,7,50,0,0,0,7.819999999999976,11.91,12.4,TRUE,TRUE,0.23542750930196993,-0.514507784605184,0.9853628032091237,0.23542750930196993,-0.514507784605184,0.9853628032091237
0.5188284518828452,10,7,37,0.22398783446632872,0.3819176514474969,-0.5245707623707652,0.9725464313034227,10 °C,7,50,0,0,0,7.819999999999976,11.91,12.4,TRUE,TRUE,0.22398783446632872,-0.5245707623707652,0.9725464313034227,0.22398783446632872,-0.5245707623707652,0.9725464313034227
0.5707112970711298,10,7,37,0.21254815963068727,0.3812420267355139,-0.5346862127709199,0.9597825320322945,10 °C,7,50,0,0,0,7.819999999999976,11.91,12.4,TRUE,TRUE,0.21254815963068727,-0.5346862127709199,0.9597825320322945,0.21254815963068727,-0.5346862127709199,0.9597825320322945
0.6225941422594143,10,7,37,0.2011084847950458,0.38059331635057625,-0.5448544152520836,0.9470713848421752,10 °C,7,50,0,0,0,7.819999999999976,11.91,12.4,TRUE,TRUE,0.2011084847950458,-0.5448544152520836,0.9470713848421752,0.2011084847950458,-0.5448544152520836,0.9470713848421752
0.6744769874476988,10,7,37,0.18966880995940458,0.37997165814196504,-0.5550756399988469,0.9344132599176561,10 °C,7,50,0,0,0,7.819999999999976,11.91,12.4,TRUE,TRUE,0.18966880995940458,-0.5550756399988469,0.9344132599176561,0.18966880995940458,-0.5550756399988469,0.9344132599176561
0.7263598326359834,10,7,37,0.17822913512376307,0.37937718509509233,-0.5653501476626179,0.921808417910144,10 °C,7,50,0,0,0,7.819999999999976,11.91,12.4,TRUE,TRUE,0.17822913512376307,-0.5653501476626179,0.921808417910144,0.17822913512376307,-0.5653501476626179,0.921808417910144
0.7782426778242678,10,7,37,0.16678946028812155,0.3788100251963964,-0.5756781890968153,0.9092571096730585,10 °C,7,50,0,0,0,7.819999999999976,11.91,12.4,TRUE,TRUE,0.16678946028812155,-0.5756781890968153,0.9092571096730585,0.16678946028812155,-0.5756781890968153,0.9092571096730585
0.8301255230125524,10,7,37,0.1553497854524803,0.3782703013018733,-0.5860600050991913,0.896759576004152,10 °C,7,50,0,0,0,7.819999999999976,11.91,12.4,TRUE,TRUE,0.1553497854524803,-0.5860600050991913,0.896759576004152,0.1553497854524803,-0.5860600050991913,0.896759576004152
0.882008368200837,10,7,37,0.1439101106168388,0.37775813100954236,-0.5964958261618643,0.8843160473955418,10 °C,7,50,0,0,0,7.819999999999976,11.91,12.4,TRUE,TRUE,0.1439101106168388,-0.5964958261618643,0.8843160473955418,0.1439101106168388,-0.5964958261618643,0.8843160473955418
0.9338912133891214,10,7,37,0.13247043578119735,0.37727362653614166,-0.6069858722296403,0.8719267437920349,10 °C,7,50,0,0,0,7.819999999999976,11.91,12.4,TRUE,TRUE,0.13247043578119735,-0.6069858722296403,0.8719267437920349,0.13247043578119735,-0.6069858722296403,0.8719267437920349
0.985774058577406,10,7,37,0.12103076094555622,0.37681689459834294,-0.6175303524671959,0.8595918743583083,10 °C,7,50,0,0,0,7.819999999999976,11.91,12.4,TRUE,TRUE,0.12103076094555622,-0.6175303524671959,0.8595918743583083,0.12103076094555622,-0.6175303524671959,0.8595918743583083
1.0376569037656904,10,7,37,0.10959108610991433,0.3763880362987674,-0.6281294650356698,0.8473116372554984,10 °C,7,50,0,0,0,7.819999999999976,11.91,12.4,TRUE,TRUE,0.10959108610991433,-0.6281294650356698,0.8473116372554984,0.10959108610991433,-0.6281294650356698,0.8473116372554984
1.089539748953975,10,7,37,0.09815141127427308,0.3759871470170793,-0.6387833968792024,0.8350862194277485,10 °C,7,50,0,0,0,7.819999999999976,11.91,12.4,TRUE,TRUE,0.09815141127427308,-0.6387833968792024,0.8350862194277485,0.09815141127427308,-0.6387833968792024,0.8350862194277485
1.1414225941422596,10,7,37,0.08671173643863163,0.37561431630642145,-0.6494923235219544,0.8229157963992176,10 °C,7,50,0,0,0,7.819999999999976,11.91,12.4,TRUE,TRUE,0.08671173643863163,-0.6494923235219544,0.8229157963992176,0.08671173643863163,-0.6494923235219544,0.8229157963992176
1.193305439330544,10,7,37,0.07527206160299027,0.3752696277954492,-0.6602564088760902,0.8108005320820707,10 °C,7,50,0,0,0,7.819999999999976,11.91,12.4,TRUE,TRUE,0.07527206160299027,-0.6602564088760902,0.8108005320820707,0.07527206160299027,-0.6602564088760902,0.8108005320820707
1.2451882845188287,10,7,37,0.06383238676734881,0.37495315909620835,-0.6710758050612196,0.7987405785959172,10 °C,7,50,0,0,0,7.819999999999976,11.91,12.4,TRUE,TRUE,0.06383238676734881,-0.6710758050612196,0.7987405785959172,0.06383238676734881,-0.6710758050612196,0.7987405785959172
1.2970711297071131,10,7,37,0.05239271193170757,0.3746649817180879,-0.6819506522357447,0.7867360760991599,10 °C,7,50,0,0,0,7.819999999999976,11.91,12.4,TRUE,TRUE,0.05239271193170757,-0.6819506522357447,0.7867360760991599,0.05239271193170757,-0.6819506522357447,0.7867360760991599
1.3489539748953976,10,7,37,0.040953037096066215,0.37440516098806736,-0.6928810784405458,0.7747871526326783,10 °C,7,50,0,0,0,7.819999999999976,11.91,12.4,TRUE,TRUE,0.040953037096066215,-0.6928810784405458,0.7747871526326783,0.040953037096066215,-0.6928810784405458,0.7747871526326783
1.400836820083682,10,7,37,0.029513362260424673,0.3741737559774647,-0.7038671994554062,0.7628939239762556,10 °C,7,50,0,0,0,7.819999999999976,11.91,12.4,TRUE,TRUE,0.029513362260424673,-0.7038671994554062,0.7628939239762556,0.029513362260424673,-0.7038671994554062,0.7628939239762556
1.4527196652719667,10,7,37,0.018073687424783415,0.373970819435371,-0.7149091186685438,0.7510564935181107,10 °C,7,50,0,0,0,7.819999999999976,11.91,12.4,TRUE,TRUE,0.018073687424783415,-0.7149091186685438,0.7510564935181107,0.018073687424783415,-0.7149091186685438,0.7510564935181107
1.5046025104602512,10,7,37,0.006634012589142061,0.3737963977289502,-0.7260069269596002,0.7392749521378844,10 °C,7,50,0,0,0,7.819999999999976,11.91,12.4,TRUE,TRUE,0.006634012589142061,-0.7260069269596002,0.7392749521378844,0.006634012589142061,-0.7260069269596002,0.7392749521378844
1.5564853556485356,10,7,37,-0.0048056622464996085,0.3736505307907551,-0.7371607025963796,0.7275493781033804,10 °C,7,50,0,0,0,7.819999999999976,11.91,12.4,TRUE,TRUE,-0.0048056622464996085,-0.7371607025963796,0.7275493781033804,-0.0048056622464996085,-0.7371607025963796,0.7275493781033804
1.6083682008368203,10,7,37,-0.01624533708214087,0.3735332520732038,-0.7483705111456203,0.7158798369813386,10 °C,7,50,0,0,0,7.819999999999976,11.91,12.4,TRUE,TRUE,-0.01624533708214087,-0.7483705111456203,0.7158798369813386,-0.01624533708214087,-0.7483705111456203,0.7158798369813386
1.6602510460251048,10,7,37,-0.027685011917782314,0.37344458851033213,-0.7596364053980332,0.7042663815624687,10 °C,7,50,0,0,0,7.819999999999976,11.91,12.4,TRUE,TRUE,-0.027685011917782314,-0.7596364053980332,0.7042663815624687,-0.027685011917782314,-0.7596364053980332,0.7042663815624687
1.7121338912133892,10,7,37,-0.03912468675342367,0.3733845604869273,-0.7709584253078011,0.6927090518009539,10 °C,7,50,0,0,0,7.819999999999976,11.91,12.4,TRUE,TRUE,-0.03912468675342367,-0.7709584253078011,0.6927090518009539,-0.03912468675342367,-0.7709584253078011,0.6927090518009539
1.764016736401674,10,7,37,-0.05056436158906502,0.3733531818151246,-0.7823365979467092,0.6812078747685792,10 °C,7,50,0,0,0,7.819999999999976,11.91,12.4,TRUE,TRUE,-0.05056436158906502,-0.7823365979467092,0.6812078747685792,-0.05056436158906502,-0.7823365979467092,0.6812078747685792
1.8158995815899583,10,7,37,-0.06200403642470647,0.3733504597185278,-0.793770937473021,0.6697628646236081,10 °C,7,50,0,0,0,7.819999999999976,11.91,12.4,TRUE,TRUE,-0.06200403642470647,-0.793770937473021,0.6697628646236081,-0.06200403642470647,-0.793770937473021,0.6697628646236081
1.8677824267782428,10,7,37,-0.07344371126034792,0.3733763948238984,-0.8052614451151887,0.658374022594493,10 °C,7,50,0,0,0,7.819999999999976,11.91,12.4,TRUE,TRUE,-0.07344371126034792,-0.8052614451151887,0.658374022594493,-0.07344371126034792,-0.8052614451151887,0.658374022594493
1.9196652719665275,10,7,37,-0.08488338609598928,0.3734309811604339,-0.8168081091704398,0.6470413369784611,10 °C,7,50,0,0,0,7.819999999999976,11.91,12.4,TRUE,TRUE,-0.08488338609598928,-0.8168081091704398,0.6470413369784611,-0.08488338609598928,-0.8168081091704398,0.6470413369784611
1.971548117154812,10,7,37,-0.09632306093163055,0.37351420616663816,-0.8284109050182413,0.6357647831549802,10 °C,7,50,0,0,0,7.819999999999976,11.91,12.4,TRUE,TRUE,-0.09632306093163055,-0.8284109050182413,0.6357647831549802,-0.09632306093163055,-0.8284109050182413,0.6357647831549802
2.0234309623430966,10,7,37,-0.10776273576727212,0.37362605070476623,-0.8400697951486139,0.6245443236140696,10 °C,7,50,0,0,0,7.819999999999976,11.91,12.4,TRUE,TRUE,-0.10776273576727212,-0.8400697951486139,0.6245443236140696,-0.10776273576727212,-0.8400697951486139,0.6245443236140696
2.075313807531381,10,7,37,-0.11920241060291363,0.3737664890828018,-0.8517847292052051,0.6133799079993779,10 °C,7,50,0,0,0,7.819999999999976,11.91,12.4,TRUE,TRUE,-0.11920241060291363,-0.8517847292052051,0.6133799079993779,-0.11920241060291363,-0.8517847292052051,0.6133799079993779
2.1271966527196655,10,7,37,-0.13064208543855502,0.37393548908391244,-0.8635556440430234,0.6022714731659133,10 °C,7,50,0,0,0,7.819999999999976,11.91,12.4,TRUE,TRUE,-0.13064208543855502,-0.8635556440430234,0.6022714731659133,-0.13064208543855502,-0.8635556440430234,0.6022714731659133
2.17907949790795,10,7,37,-0.14208176027419636,0.3741330120033013,-0.8753824638006669,0.5912189432522741,10 °C,7,50,0,0,0,7.819999999999976,11.91,12.4,TRUE,TRUE,-0.14208176027419636,-0.8753824638006669,0.5912189432522741,-0.14208176027419636,-0.8753824638006669,0.5912189432522741
2.2309623430962344,10,7,37,-0.1535214351098377,0.37435901269235794,-0.8872650999868593,0.5802222297671839,10 °C,7,50,0,0,0,7.819999999999976,11.91,12.4,TRUE,TRUE,-0.1535214351098377,-0.8872650999868593,0.5802222297671839,-0.1535214351098377,-0.8872650999868593,0.5802222297671839
2.282845188284519,10,7,37,-0.16496110994547927,0.3746134396099914,-0.8992034515810624,0.5692812316901038,10 °C,7,50,0,0,0,7.819999999999976,11.91,12.4,TRUE,TRUE,-0.16496110994547927,-0.8992034515810624,0.5692812316901038,-0.16496110994547927,-0.8992034515810624,0.5692812316901038
2.3347280334728038,10,7,37,-0.17640078478112042,0.37489623488100987,-0.9111974051478997,0.5583958355856589,10 °C,7,50,0,0,0,7.819999999999976,11.91,12.4,TRUE,TRUE,-0.17640078478112042,-0.9111974051478997,0.5583958355856589,-0.17640078478112042,-0.9111974051478997,0.5583958355856589
2.386610878661088,10,7,37,-0.18784045961676177,0.37520733436139403,-0.9232468349650941,0.5475659157315705,10 °C,7,50,0,0,0,7.819999999999976,11.91,12.4,TRUE,TRUE,-0.18784045961676177,-0.9232468349650941,0.5475659157315705,-0.18784045961676177,-0.9232468349650941,0.5475659157315705
2.4384937238493727,10,7,37,-0.19928013445240333,0.3755466677102935,-0.9353516031645785,0.5367913342597719,10 °C,7,50,0,0,0,7.819999999999976,11.91,12.4,TRUE,TRUE,-0.19928013445240333,-0.9353516031645785,0.5367913342597719,-0.19928013445240333,-0.9353516031645785,0.5367913342597719
2.4903765690376574,10,7,37,-0.2107198092880449,0.37591415846855947,-0.9475115598864214,0.5260719413103316,10 °C,7,50,0,0,0,7.819999999999976,11.91,12.4,TRUE,TRUE,-0.2107198092880449,-0.9475115598864214,0.5260719413103316,-0.2107198092880449,-0.9475115598864214,0.5260719413103316
2.5422594142259416,10,7,37,-0.2221594841236858,0.37630972414361274,-0.9597265434451667,0.5154075751977951,10 °C,7,50,0,0,0,7.819999999999976,11.91,12.4,TRUE,TRUE,-0.2221594841236858,-0.9597265434451667,0.5154075751977951,-0.2221594841236858,-0.9597265434451667,0.5154075751977951
2.5941422594142263,10,7,37,-0.2335991589593274,0.3767332763004292,-0.9719963805081686,0.5047980625895139,10 °C,7,50,0,0,0,7.819999999999976,11.91,12.4,TRUE,TRUE,-0.2335991589593274,-0.9719963805081686,0.5047980625895139,-0.2335991589593274,-0.9719963805081686,0.5047980625895139
2.6460251046025105,10,7,37,-0.2450388337949685,0.3771847206584145,-0.9843208862854609,0.4942432186955239,10 °C,7,50,0,0,0,7.819999999999976,11.91,12.4,TRUE,TRUE,-0.2450388337949685,-0.9843208862854609,0.4942432186955239,-0.2450388337949685,-0.9843208862854609,0.4942432186955239
2.697907949790795,10,7,37,-0.2564785086306099,0.3776639571939237,-0.9966998647307004,0.48374284746948054,10 °C,7,50,0,0,0,7.819999999999976,11.91,12.4,TRUE,TRUE,-0.2564785086306099,-0.9966998647307004,0.48374284746948054,-0.2564785086306099,-0.9966998647307004,0.48374284746948054
2.74979079497908,10,7,37,-0.26791818346625146,0.37817088024817364,-1.0091331087526718,0.47329674182016884,10 °C,7,50,0,0,0,7.819999999999976,11.91,12.4,TRUE,TRUE,-0.26791818346625146,-1.0091331087526718,0.47329674182016884,-0.26791818346625146,-1.0091331087526718,0.47329674182016884
2.801673640167364,10,7,37,-0.27935785830189275,0.37870537864028303,-1.0216204004368474,0.46290468383306194,10 °C,7,50,0,0,0,7.819999999999976,11.91,12.4,TRUE,TRUE,-0.27935785830189275,-1.0216204004368474,0.46290468383306194,-0.27935785830189275,-1.0216204004368474,0.46290468383306194
2.8535564853556488,10,7,37,-0.29079753313753415,0.37926733578516736,-1.0341615112764622,0.4525664450013938,10 °C,7,50,0,0,0,7.819999999999976,11.91,12.4,TRUE,TRUE,-0.29079753313753415,-1.0341615112764622,0.4525664450013938,-0.29079753313753415,-1.0341615112764622,0.4525664450013938
2.9054393305439334,10,7,37,-0.3022372079731757,0.3798566298160064,-1.0467562024125483,0.4422817864661968,10 °C,7,50,0,0,0,7.819999999999976,11.91,12.4,TRUE,TRUE,-0.3022372079731757,-1.0467562024125483,0.4422817864661968,-0.3022372079731757,-1.0467562024125483,0.4422817864661968
2.9573221757322177,10,7,37,-0.3136768828088172,0.38047313371099833,-1.0594042248823738,0.4320504592647395,10 °C,7,50,0,0,0,7.819999999999976,11.91,12.4,TRUE,TRUE,-0.3136768828088172,-1.0594042248823738,0.4320504592647395,-0.3136768828088172,-1.0594042248823738,0.4320504592647395
3.0092050209205023,10,7,37,-0.3251165576444582,0.3811167154241032,-1.0721053198757005,0.42187220458678404,10 °C,7,50,0,0,0,7.819999999999976,11.91,12.4,TRUE,TRUE,-0.3251165576444582,-1.0721053198757005,0.42187220458678404,-0.3251165576444582,-1.0721053198757005,0.42187220458678404
3.061087866108787,10,7,37,-0.3365562324801002,0.3817872380194806,-1.0848592189982822,0.41174675403808175,10 °C,7,50,0,0,0,7.819999999999976,11.91,12.4,TRUE,TRUE,-0.3365562324801002,-1.0848592189982822,0.41174675403808175,-0.3365562324801002,-1.0848592189982822,0.41174675403808175
3.1129707112970713,10,7,37,-0.3479959073157413,0.38248455980931734,-1.0976656445420032,0.40167382991052064,10 °C,7,50,0,0,0,7.819999999999976,11.91,12.4,TRUE,TRUE,-0.3479959073157413,-1.0976656445420032,0.40167382991052064,-0.3479959073157413,-1.0976656445420032,0.40167382991052064
3.164853556485356,10,7,37,-0.3594355821513827,0.38320853449474207,-1.110524309761077,0.39165314545831176,10 °C,7,50,0,0,0,7.819999999999976,11.91,12.4,TRUE,TRUE,-0.3594355821513827,-1.110524309761077,0.39165314545831176,-0.3594355821513827,-1.110524309761077,0.39165314545831176
3.2167364016736406,10,7,37,-0.3708752569870243,0.3839590113095219,-1.1234349191536872,0.38168440517963864,10 °C,7,50,0,0,0,7.819999999999976,11.91,12.4,TRUE,TRUE,-0.3708752569870243,-1.1234349191536872,0.38168440517963864,-0.3708752569870243,-1.1234349191536872,0.38168440517963864
3.268619246861925,10,7,37,-0.3823149318226658,0.3847358351662349,-1.1363971687484862,0.37176730510315453,10 °C,7,50,0,0,0,7.819999999999976,11.91,12.4,TRUE,TRUE,-0.3823149318226658,-1.1363971687484862,0.37176730510315453,-0.3823149318226658,-1.1363971687484862,0.37176730510315453
3.3205020920502095,10,7,37,-0.39375460665830714,0.38553884680461453,-1.1494107463953516,0.36190153307873735,10 °C,7,50,0,0,0,7.819999999999976,11.91,12.4,TRUE,TRUE,-0.39375460665830714,-1.1494107463953516,0.36190153307873735,-0.39375460665830714,-1.1494107463953516,0.36190153307873735
3.372384937238494,10,7,37,-0.40519428149394876,0.38636788294176405,-1.1624753320598062,0.3520867690719087,10 °C,7,50,0,0,0,7.819999999999976,11.91,12.4,TRUE,TRUE,-0.40519428149394876,-1.1624753320598062,0.3520867690719087,-0.40519428149394876,-1.1624753320598062,0.3520867690719087
3.4242677824267784,10,7,37,-0.4166339563295892,0.3872227764239422,-1.175590598120516,0.3423226854613375,10 °C,7,50,0,0,0,7.819999999999976,11.91,12.4,TRUE,TRUE,-0.4166339563295892,-1.175590598120516,0.3423226854613375,-0.4166339563295892,-1.175590598120516,0.3423226854613375
3.476150627615063,10,7,37,-0.4280736311652308,0.38810335637962357,-1.188756209669293,0.3326089473388314,10 °C,7,50,0,0,0,7.819999999999976,11.91,12.4,TRUE,TRUE,-0.4280736311652308,-1.188756209669293,0.3326089473388314,-0.4280736311652308,-1.188756209669293,0.3326089473388314
3.528033472803348,10,7,37,-0.43951330600087235,0.3890094483735437,-1.2019718248130178,0.3229452128112732,10 °C,7,50,0,0,0,7.819999999999976,11.91,12.4,TRUE,TRUE,-0.43951330600087235,-1.2019718248130178,0.3229452128112732,-0.43951330600087235,-1.2019718248130178,0.3229452128112732
3.579916317991632,10,7,37,-0.45095298083651414,0.38994087456144605,-1.2152370949769484,0.31333113330392015,10 °C,7,50,0,0,0,7.819999999999976,11.91,12.4,TRUE,TRUE,-0.45095298083651414,-1.2152370949769484,0.31333113330392015,-0.45095298083651414,-1.2152370949769484,0.31333113330392015
3.6317991631799167,10,7,37,-0.46239265567215526,0.39089745384524976,-1.2285516652088448,0.3037663538645342,10 °C,7,50,0,0,0,7.819999999999976,11.91,12.4,TRUE,TRUE,-0.46239265567215526,-1.2285516652088448,0.3037663538645342,-0.46239265567215526,-1.2285516652088448,0.3037663538645342
3.6836820083682014,10,7,37,-0.47383233050779683,0.3918790020283684,-1.241915174483399,0.2942505134678052,10 °C,7,50,0,0,0,7.819999999999976,11.91,12.4,TRUE,TRUE,-0.47383233050779683,-1.241915174483399,0.2942505134678052,-0.47383233050779683,-1.241915174483399,0.2942505134678052
3.7355648535564856,10,7,37,-0.4852720053434381,0.392885331970917,-1.2553272560064355,0.2847832453195592,10 °C,7,50,0,0,0,7.819999999999976,11.91,12.4,TRUE,TRUE,-0.4852720053434381,-1.2553272560064355,0.2847832453195592,-0.4852720053434381,-1.2553272560064355,0.2847832453195592
3.7874476987447703,10,7,37,-0.4967116801790795,0.39391625374455214,-1.2687875375184017,0.27536417716024264,10 °C,7,50,0,0,0,7.819999999999976,11.91,12.4,TRUE,TRUE,-0.4967116801790795,-1.2687875375184017,0.27536417716024264,-0.4967116801790795,-1.2687875375184017,0.27536417716024264
3.839330543933055,10,7,37,-0.5081513550147213,0.3949715747866979,-1.282295641596649,0.2659929315672066,10 °C,7,50,0,0,0,7.819999999999976,11.91,12.4,TRUE,TRUE,-0.5081513550147213,-1.282295641596649,0.2659929315672066,-0.5081513550147213,-1.282295641596649,0.2659929315672066
3.891213389121339,10,7,37,-0.5195910298503622,0.3960511000539233,-1.2958511859560518,0.25666912625532745,10 °C,7,50,0,0,0,7.819999999999976,11.91,12.4,TRUE,TRUE,-0.5195910298503622,-1.2958511859560518,0.25666912625532745,-0.5195910298503622,-1.2958511859560518,0.25666912625532745
3.943096234309624,10,7,37,-0.5310307046860037,0.3971546321742434,-1.3094537837475206,0.24739237437551342,10 °C,7,50,0,0,0,7.819999999999976,11.91,12.4,TRUE,TRUE,-0.5310307046860037,-1.3094537837475206,0.24739237437551342,-0.5310307046860037,-1.3094537837475206,0.24739237437551342
3.9949790794979085,10,7,37,-0.5424703795216449,0.39828197159812695,-1.3231030438539737,0.2381622848106839,10 °C,7,50,0,0,0,7.819999999999976,11.91,12.4,TRUE,TRUE,-0.5424703795216449,-1.3231030438539737,0.2381622848106839,-0.5424703795216449,-1.3231030438539737,0.2381622848106839
4.046861924686193,10,7,37,-0.5539100543572864,0.3994329167480079,-1.3367985711833819,0.22897846246880915,10 °C,7,50,0,0,0,7.819999999999976,11.91,12.4,TRUE,TRUE,-0.5539100543572864,-1.3367985711833819,0.22897846246880915,-0.5539100543572864,-1.3367985711833819,0.22897846246880915
4.098744769874477,10,7,37,-0.5653497291929273,0.40060726416610026,-1.3505399669584839,0.21984050857262927,10 °C,7,50,0,0,0,7.819999999999976,11.91,12.4,TRUE,TRUE,-0.5653497291929273,-1.3505399669584839,0.21984050857262927,-0.5653497291929273,-1.3505399669584839,0.21984050857262927
4.150627615062762,10,7,37,-0.5767894040285698,0.40180480866033885,-1.364326829002834,0.21074802094569434,10 °C,7,50,0,0,0,7.819999999999976,11.91,12.4,TRUE,TRUE,-0.5767894040285698,-1.364326829002834,0.21074802094569434,-0.5767894040285698,-1.364326829002834,0.21074802094569434
4.202510460251046,10,7,37,-0.5882290788642104,0.40302534344826535,-1.3781587520228105,0.2017005942943897,10 °C,7,50,0,0,0,7.819999999999976,11.91,12.4,TRUE,TRUE,-0.5882290788642104,-1.3781587520228105,0.2017005942943897,-0.5882290788642104,-1.3781587520228105,0.2017005942943897
4.254393305439331,10,7,37,-0.5996687536998522,0.40426866029870534,-1.3920353278853146,0.19269782048561024,10 °C,7,50,0,0,0,7.819999999999976,11.91,12.4,TRUE,TRUE,-0.5996687536998522,-1.3920353278853146,0.19269782048561024,-0.5996687536998522,-1.3920353278853146,0.19269782048561024
4.306276150627616,10,7,37,-0.6111084285354935,0.40553454967107894,-1.405956145890808,0.18373928881982116,10 °C,7,50,0,0,0,7.819999999999976,11.91,12.4,TRUE,TRUE,-0.6111084285354935,-1.405956145890808,0.18373928881982116,-0.6111084285354935,-1.405956145890808,0.18373928881982116
4.3581589958159,10,7,37,-0.6225481033711353,0.40682280085220957,-1.4199207930414661,0.1748245862991954,10 °C,7,50,0,0,0,7.819999999999976,11.91,12.4,TRUE,TRUE,-0.6225481033711353,-1.4199207930414661,0.1748245862991954,-0.6225481033711353,-1.4199207930414661,0.1748245862991954
4.410041841004184,10,7,37,-0.6339877782067761,0.40813320209050036,-1.4339288543041566,0.16595329789060453,10 °C,7,50,0,0,0,7.819999999999976,11.91,12.4,TRUE,TRUE,-0.6339877782067761,-1.4339288543041566,0.16595329789060453,-0.6339877782067761,-1.4339288543041566,0.16595329789060453
4.461924686192469,10,7,37,-0.6454274530424179,0.4094655407273621,-1.4479799128680475,0.15712500678321173,10 °C,7,50,0,0,0,7.819999999999976,11.91,12.4,TRUE,TRUE,-0.6454274530424179,-1.4479799128680475,0.15712500678321173,-0.6454274530424179,-1.4479799128680475,0.15712500678321173
4.5138075313807535,10,7,37,-0.6568671278780593,0.41081960332578304,-1.4620735503965943,0.14833929464047546,10 °C,7,50,0,0,0,7.819999999999976,11.91,12.4,TRUE,TRUE,-0.6568671278780593,-1.4620735503965943,0.14833929464047546,-0.6568671278780593,-1.4620735503965943,0.14833929464047546
4.565690376569038,10,7,37,-0.668306802713701,0.41219517579594933,-1.4762093472737616,0.1395957418463597,10 °C,7,50,0,0,0,7.819999999999976,11.91,12.4,TRUE,TRUE,-0.668306802713701,-1.4762093472737616,0.1395957418463597,-0.668306802713701,-1.4762093472737616,0.1395957418463597
4.617573221757323,10,7,37,-0.679746477549342,0.41359204351782475,-1.4903868828442786,0.1308939277455945,10 °C,7,50,0,0,0,7.819999999999976,11.91,12.4,TRUE,TRUE,-0.679746477549342,-1.4903868828442786,0.1308939277455945,-0.679746477549342,-1.4903868828442786,0.1308939277455945
4.6694560669456076,10,7,37,-0.6911861523849834,0.4150099914606201,-1.5046057356477989,0.122233430877832,10 °C,7,50,0,0,0,7.819999999999976,11.91,12.4,TRUE,TRUE,-0.6911861523849834,-1.5046057356477989,0.122233430877832,-0.6911861523849834,-1.5046057356477989,0.122233430877832
4.721338912133891,10,7,37,-0.702625827220625,0.41644880429908165,-1.5188654836468252,0.11361382920557495,10 °C,7,50,0,0,0,7.819999999999976,11.91,12.4,TRUE,TRUE,-0.702625827220625,-1.5188654836468252,0.11361382920557495,-0.702625827220625,-1.5188654836468252,0.11361382920557495
4.773221757322176,10,7,37,-0.7140655020562661,0.41790826652654606,-1.5331657044482965,0.10503470033576423,10 °C,7,50,0,0,0,7.819999999999976,11.91,12.4,TRUE,TRUE,-0.7140655020562661,-1.5331657044482965,0.10503470033576423,-0.7140655020562661,-1.5331657044482965,0.10503470033576423
4.825104602510461,10,7,37,-0.725505176891907,0.41938816256471445,-1.5475059755187472,0.09649562173493331,10 °C,7,50,0,0,0,7.819999999999976,11.91,12.4,TRUE,TRUE,-0.725505176891907,-1.5475059755187472,0.09649562173493331,-0.725505176891907,-1.5475059755187472,0.09649562173493331
4.876987447698745,10,7,37,-0.7369448517275492,0.42088827687010855,-1.5618858743929618,0.0879961709378635,10 °C,7,50,0,0,0,7.819999999999976,11.91,12.4,TRUE,TRUE,-0.7369448517275492,-1.5618858743929618,0.0879961709378635,-0.7369448517275492,-1.5618858743929618,0.0879961709378635
4.92887029288703,10,7,37,-0.748384526563191,0.42240839403717817,-1.5763049788760601,0.07953592574967816,10 °C,7,50,0,0,0,7.819999999999976,11.91,12.4,TRUE,TRUE,-0.748384526563191,-1.5763049788760601,0.07953592574967816,-0.748384526563191,-1.5763049788760601,0.07953592574967816
4.980753138075315,10,7,37,-0.7598242013988323,0.42394829889804225,-1.590762867238995,0.07111446444133052,10 °C,7,50,0,0,0,7.819999999999976,11.91,12.4,TRUE,TRUE,-0.7598242013988323,-1.590762867238995,0.07111446444133052,-0.7598242013988323,-1.590762867238995,0.07111446444133052
5.0326359832635985,10,7,37,-0.7712638762344732,0.4255077766188493,-1.6052591184074179,0.0627313659384714,10 °C,7,50,0,0,0,7.819999999999976,11.91,12.4,TRUE,TRUE,-0.7712638762344732,-1.6052591184074179,0.0627313659384714,-0.7712638762344732,-1.6052591184074179,0.0627313659384714
5.084518828451883,10,7,37,-0.7827035510701146,0.4270866127927522,-1.619793312143909,0.054386210003679714,10 °C,7,50,0,0,0,7.819999999999976,11.91,12.4,TRUE,TRUE,-0.7827035510701146,-1.619793312143909,0.054386210003679714,-0.7827035510701146,-1.619793312143909,0.054386210003679714
5.136401673640168,10,7,37,-0.7941432259057564,0.4286845935295005,-1.6343650292235772,0.04607857741206456,10 °C,7,50,0,0,0,7.819999999999976,11.91,12.4,TRUE,TRUE,-0.7941432259057564,-1.6343650292235772,0.04607857741206456,-0.7941432259057564,-1.6343650292235772,0.04607857741206456
5.1882845188284525,10,7,37,-0.8055829007413973,0.43030150554165725,-1.6489738516030454,0.0378080501202509,10 °C,7,50,0,0,0,7.819999999999976,11.91,12.4,TRUE,TRUE,-0.8055829007413973,-1.6489738516030454,0.0378080501202509,-0.8055829007413973,-1.6489738516030454,0.0378080501202509
5.240167364016737,10,7,37,-0.8170225755770392,0.43193713622745805,-1.6636193625828568,0.029574211428778585,10 °C,7,50,0,0,0,7.819999999999976,11.91,12.4,TRUE,TRUE,-0.8170225755770392,-1.6636193625828568,0.029574211428778585,-0.8170225755770392,-1.6636193625828568,0.029574211428778585
5.292050209205021,10,7,37,-0.82846225041268,0.4335912737503322,-1.678301146963331,0.021376646137971078,10 °C,7,50,0,0,0,7.819999999999976,11.91,12.4,TRUE,TRUE,-0.82846225041268,-1.678301146963331,0.021376646137971078,-0.82846225041268,-1.678301146963331,0.021376646137971078
5.343933054393306,10,7,37,-0.8399019252483222,0.43526370711511236,-1.6930187911939423,0.013214940697298005,10 °C,7,50,0,0,0,7.819999999999976,11.91,12.4,TRUE,TRUE,-0.8399019252483222,-1.6930187911939423,0.013214940697298005,-0.8399019252483222,-1.6930187911939423,0.013214940697298005
5.39581589958159,10,7,37,-0.8513416000839628,0.4369542262409668,-1.7077718835162576,0.005088683348332124,10 °C,7,50,0,0,0,7.819999999999976,11.91,12.4,TRUE,TRUE,-0.8513416000839628,-1.7077718835162576,0.005088683348332124,-0.8513416000839628,-1.7077718835162576,0.005088683348332124
5.447698744769875,10,7,37,-0.8627812749196049,0.43866262203109,-1.7225600141005413,-0.003002535738668488,10 °C,7,50,0,0,0,7.819999999999976,11.91,12.4,TRUE,TRUE,-0.8627812749196049,-1.7225600141005413,-0.003002535738668488,-0.8627812749196049,-1.7225600141005413,-0.003002535738668488
5.49958158995816,10,7,37,-0.8742209497552459,0.44038868643919177,-1.7373827751760618,-0.011059124334430015,10 °C,7,50,0,0,0,7.819999999999976,11.91,12.4,TRUE,TRUE,-0.8742209497552459,-1.7373827751760618,-0.011059124334430015,-0.8742209497552459,-1.7373827751760618,-0.011059124334430015
5.551464435146444,10,7,37,-0.8856606245908877,0.4421322125328346,-1.7522397611552436,-0.019081488026531868,10 °C,7,50,0,0,0,7.819999999999976,11.91,12.4,TRUE,TRUE,-0.8856606245908877,-1.7522397611552436,-0.019081488026531868,-0.8856606245908877,-1.7522397611552436,-0.019081488026531868
5.603347280334728,10,7,37,-0.8971002994265285,0.4438929945536643,-1.7671305687517105,-0.027070030101346454,10 °C,7,50,0,0,0,7.819999999999976,11.91,12.4,TRUE,TRUE,-0.8971002994265285,-1.7671305687517105,-0.027070030101346454,-0.8971002994265285,-1.7671305687517105,-0.027070030101346454
5.655230125523013,10,7,37,-0.9085399742621703,0.44567082797458946,-1.7820547970923655,-0.03502515143197493,10 °C,7,50,0,0,0,7.819999999999976,11.91,12.4,TRUE,TRUE,-0.9085399742621703,-1.7820547970923655,-0.03502515143197493,-0.9085399742621703,-1.7820547970923655,-0.03502515143197493
5.7071129707112975,10,7,37,-0.9199796490978113,0.44746550955396563,-1.7970120478235838,-0.042947250372038615,10 °C,7,50,0,0,0,7.819999999999976,11.91,12.4,TRUE,TRUE,-0.9199796490978113,-1.7970120478235838,-0.042947250372038615,-0.9199796490978113,-1.7970120478235838,-0.042947250372038615
5.758995815899582,10,7,37,-0.9314193239334534,0.44927683738683966,-1.8120019252116593,-0.050836722655247635,10 °C,7,50,0,0,0,7.819999999999976,11.91,12.4,TRUE,TRUE,-0.9314193239334534,-1.8120019252116593,-0.050836722655247635,-0.9314193239334534,-1.8120019252116593,-0.050836722655247635
5.810878661087867,10,7,37,-0.9428589987690944,0.45110461095332277,-1.827024036237607,-0.0586939613005818,10 °C,7,50,0,0,0,7.819999999999976,11.91,12.4,TRUE,TRUE,-0.9428589987690944,-1.827024036237607,-0.0586939613005818,-0.9428589987690944,-1.827024036237607,-0.0586939613005818
5.862761506276152,10,7,37,-0.9542986736047357,0.452948631164146,-1.842077990686462,-0.06651935652300955,10 °C,7,50,0,0,0,7.819999999999976,11.91,12.4,TRUE,TRUE,-0.9542986736047357,-1.842077990686462,-0.06651935652300955,-0.9542986736047357,-1.842077990686462,-0.06651935652300955
5.914644351464435,10,7,37,-0.9657383484403774,0.4548087004034722,-1.8571634012311828,-0.0743132956495719,10 °C,7,50,0,0,0,7.819999999999976,11.91,12.4,TRUE,TRUE,-0.9657383484403774,-1.8571634012311828,-0.0743132956495719,-0.9657383484403774,-1.8571634012311828,-0.0743132956495719
5.96652719665272,10,7,37,-0.9771780232760184,0.4566846225690267,-1.8722798835113108,-0.08207616304072607,10 °C,7,50,0,0,0,7.819999999999976,11.91,12.4,TRUE,TRUE,-0.9771780232760184,-1.8722798835113108,-0.08207616304072607,-0.9771780232760184,-1.8722798835113108,-0.08207616304072607
6.018410041841005,10,7,37,-0.9886176981116593,0.4585762031096141,-1.887427056206503,-0.0898083400168157,10 °C,7,50,0,0,0,7.819999999999976,11.91,12.4,TRUE,TRUE,-0.9886176981116593,-1.887427056206503,-0.0898083400168157,-0.9886176981116593,-1.887427056206503,-0.0898083400168157
6.070292887029289,10,7,37,-1.0000573729473015,0.4604832490600965,-1.9026045411050907,-0.09751020478951233,10 °C,7,50,0,0,0,7.819999999999976,11.91,12.4,TRUE,TRUE,-1.0000573729473015,-1.9026045411050907,-0.09751020478951233,-1.0000573729473015,-1.9026045411050907,-0.09751020478951233
6.122175732217574,10,7,37,-1.011497047782943,0.4624055690738953,-1.917811963167778,-0.10518213239810825,10 °C,7,50,0,0,0,7.819999999999976,11.91,12.4,TRUE,TRUE,-1.011497047782943,-1.917811963167778,-0.10518213239810825,-1.011497047782943,-1.917811963167778,-0.10518213239810825
6.174058577405859,10,7,37,-1.022936722618584,0.46434297345309283,-1.9330489505866457,-0.11282449465052202,10 °C,7,50,0,0,0,7.819999999999976,11.91,12.4,TRUE,TRUE,-1.022936722618584,-1.9330489505866457,-0.11282449465052202,-1.022936722618584,-1.9330489505866457,-0.11282449465052202
6.2259414225941425,10,7,37,-1.034376397454226,0.4662952741762067,-1.948315134839591,-0.12043766006886081,10 °C,7,50,0,0,0,7.819999999999976,11.91,12.4,TRUE,TRUE,-1.034376397454226,-1.948315134839591,-0.12043766006886081,-1.034376397454226,-1.948315134839591,-0.12043766006886081
6.277824267782427,10,7,37,-1.0458160722898666,0.4682622849236998,-1.963610150740318,-0.12802199383941504,10 °C,7,50,0,0,0,7.819999999999976,11.91,12.4,TRUE,TRUE,-1.0458160722898666,-1.963610150740318,-0.12802199383941504,-1.0458160722898666,-1.963610150740318,-0.12802199383941504
6.329707112970712,10,7,37,-1.0572557471255084,0.47024382110131135,-1.9789336364840786,-0.1355778577669382,10 °C,7,50,0,0,0,7.819999999999976,11.91,12.4,TRUE,TRUE,-1.0572557471255084,-1.9789336364840786,-0.1355778577669382,-1.0572557471255084,-1.9789336364840786,-0.1355778577669382
6.3815899581589965,10,7,37,-1.0686954219611493,0.47223969986126446,-1.9942852336892276,-0.143105610233071,10 °C,7,50,0,0,0,7.819999999999976,11.91,12.4,TRUE,TRUE,-1.0686954219611493,-1.9942852336892276,-0.143105610233071,-1.0686954219611493,-1.9942852336892276,-0.143105610233071
6.433472803347281,10,7,37,-1.0801350967967907,0.4742497401214355,-2.0096645874348043,-0.15060560615877705,10 °C,7,50,0,0,0,7.819999999999976,11.91,12.4,TRUE,TRUE,-1.0801350967967907,-2.0096645874348043,-0.15060560615877705,-1.0801350967967907,-2.0096645874348043,-0.15060560615877705
6.485355648535566,10,7,37,-1.0915747716324324,0.4762737625825486,-2.0250713462942276,-0.15807819697063719,10 °C,7,50,0,0,0,7.819999999999976,11.91,12.4,TRUE,TRUE,-1.0915747716324324,-2.0250713462942276,-0.15807819697063719,-1.0915747716324324,-2.0250713462942276,-0.15807819697063719
6.53723849372385,10,7,37,-1.1030144464680744,0.47831158974346805,-2.040505162365272,-0.1655237305708771,10 °C,7,50,0,0,0,7.819999999999976,11.91,12.4,TRUE,TRUE,-1.1030144464680744,-2.040505162365272,-0.1655237305708771,-1.1030144464680744,-2.040505162365272,-0.1655237305708771
6.589121338912134,10,7,37,-1.1144541213037147,0.4803630459146568,-2.055965691296442,-0.17294255131098746,10 °C,7,50,0,0,0,7.819999999999976,11.91,12.4,TRUE,TRUE,-1.1144541213037147,-2.055965691296442,-0.17294255131098746,-1.1144541213037147,-2.055965691296442,-0.17294255131098746
6.641004184100419,10,7,37,-1.1258937961393565,0.4824279572298713,-2.071452592309904,-0.18033499996880875,10 °C,7,50,0,0,0,7.819999999999976,11.91,12.4,TRUE,TRUE,-1.1258937961393565,-2.071452592309904,-0.18033499996880875,-1.1258937961393565,-2.071452592309904,-0.18033499996880875
6.692887029288704,10,7,37,-1.1373334709749978,0.4845061516561613,-2.086965528221074,-0.18770141372892168,10 °C,7,50,0,0,0,7.819999999999976,11.91,12.4,TRUE,TRUE,-1.1373334709749978,-2.086965528221074,-0.18770141372892168,-1.1373334709749978,-2.086965528221074,-0.18770141372892168
6.744769874476988,10,7,37,-1.1487731458106396,0.4865974590022406,-2.102504165455031,-0.19504212616624805,10 °C,7,50,0,0,0,7.819999999999976,11.91,12.4,TRUE,TRUE,-1.1487731458106396,-2.102504165455031,-0.19504212616624805,-1.1487731458106396,-2.102504165455031,-0.19504212616624805
6.796652719665272,10,7,37,-1.1602128206462805,0.48870171092529235,-2.1180681740598537,-0.20235746723270753,10 °C,7,50,0,0,0,7.819999999999976,11.91,12.4,TRUE,TRUE,-1.1602128206462805,-2.1180681740598537,-0.20235746723270753,-1.1602128206462805,-2.1180681740598537,-0.20235746723270753
6.848535564853557,10,7,37,-1.1716524954819219,0.4908187409362809,-2.1336572277170323,-0.20964776324681123,10 °C,7,50,0,0,0,7.819999999999976,11.91,12.4,TRUE,TRUE,-1.1716524954819219,-2.1336572277170323,-0.20964776324681123,-1.1716524954819219,-2.1336572277170323,-0.20964776324681123
6.9004184100418415,10,7,37,-1.1830921703175636,0.49294838440382477,-2.1492710037490603,-0.21691333688606707,10 °C,7,50,0,0,0,7.819999999999976,11.91,12.4,TRUE,TRUE,-1.1830921703175636,-2.1492710037490603,-0.21691333688606707,-1.1830921703175636,-2.1492710037490603,-0.21691333688606707
6.952301255230126,10,7,37,-1.194531845153205,0.4950904785567006,-2.164909183124338,-0.22415450718207186,10 °C,7,50,0,0,0,7.819999999999976,11.91,12.4,TRUE,TRUE,-1.194531845153205,-2.164909183124338,-0.22415450718207186,-1.194531845153205,-2.164909183124338,-0.22415450718207186
7.004184100418411,10,7,37,-1.2059715199888459,0.49724486248503547,-2.1805714504595155,-0.23137158951817638,10 °C,7,50,0,0,0,7.819999999999976,11.91,12.4,TRUE,TRUE,-1.2059715199888459,-2.1805714504595155,-0.23137158951817638,-1.2059715199888459,-2.1805714504595155,-0.23137158951817638
7.056066945606696,10,7,37,-1.2174111948244881,0.4994113771402465,-2.1962574940193713,-0.23856489562960492,10 °C,7,50,0,0,0,7.819999999999976,11.91,12.4,TRUE,TRUE,-1.2174111948244881,-2.1962574940193713,-0.23856489562960492,-1.2174111948244881,-2.1962574940193713,-0.23856489562960492
7.107949790794979,10,7,37,-1.2288508696601295,0.5015898653337911,-2.21196700571436,-0.24573473360589881,10 °C,7,50,0,0,0,7.819999999999976,11.91,12.4,TRUE,TRUE,-1.2288508696601295,-2.21196700571436,-0.24573473360589881,-1.2288508696601295,-2.21196700571436,-0.24573473360589881
7.159832635983264,10,7,37,-1.2402905444957708,0.5037801717347761,-2.227699681095932,-0.25288140789560976,10 °C,7,50,0,0,0,7.819999999999976,11.91,12.4,TRUE,TRUE,-1.2402905444957708,-2.227699681095932,-0.25288140789560976,-1.2402905444957708,-2.227699681095932,-0.25288140789560976
7.211715481171549,10,7,37,-1.2517302193314113,0.505982142866492,-2.2434552193497357,-0.26000521931308695,10 °C,7,50,0,0,0,7.819999999999976,11.91,12.4,TRUE,TRUE,-1.2517302193314113,-2.2434552193497357,-0.26000521931308695,-1.2517302193314113,-2.2434552193497357,-0.26000521931308695
7.263598326359833,10,7,37,-1.263169894167053,0.5081956271019176,-2.2592333232868116,-0.26710646504729463,10 °C,7,50,0,0,0,7.819999999999976,11.91,12.4,TRUE,TRUE,-1.263169894167053,-2.2592333232868116,-0.26710646504729463,-1.263169894167053,-2.2592333232868116,-0.26710646504729463
7.315481171548118,10,7,37,-1.2746095690026957,0.510420474658249,-2.2750336993328637,-0.27418543867252776,10 °C,7,50,0,0,0,7.819999999999976,11.91,12.4,TRUE,TRUE,-1.2746095690026957,-2.2750336993328637,-0.27418543867252776,-1.2746095690026957,-2.2750336993328637,-0.27418543867252776
7.367364016736403,10,7,37,-1.2860492438383362,0.51265653759051,-2.290856057515736,-0.28124243016093664,10 °C,7,50,0,0,0,7.819999999999976,11.91,12.4,TRUE,TRUE,-1.2860492438383362,-2.290856057515736,-0.28124243016093664,-1.2860492438383362,-2.290856057515736,-0.28124243016093664
7.4192468619246865,10,7,37,-1.2974889186739775,0.5149036697842859,-2.306700111451178,-0.28827772589677725,10 °C,7,50,0,0,0,7.819999999999976,11.91,12.4,TRUE,TRUE,-1.2974889186739775,-2.306700111451178,-0.28827772589677725,-1.2974889186739775,-2.306700111451178,-0.28827772589677725
7.471129707112971,10,7,37,-1.3089285935096198,0.5171617269476316,-2.3225655783269774,-0.2952916086922619,10 °C,7,50,0,0,0,7.819999999999976,11.91,12.4,TRUE,TRUE,-1.3089285935096198,-2.3225655783269774,-0.2952916086922619,-1.3089285935096198,-2.3225655783269774,-0.2952916086922619
7.523012552301256,10,7,37,-1.3203682683452602,0.5194305666022032,-2.3384521788855785,-0.3022843578049419,10 °C,7,50,0,0,0,7.819999999999976,11.91,12.4,TRUE,TRUE,-1.3203682683452602,-2.3384521788855785,-0.3022843578049419,-1.3203682683452602,-2.3384521788855785,-0.3022843578049419
7.5748953974895405,10,7,37,-1.3318079431809016,0.5217100480736516,-2.354359637405259,-0.30925624895654447,10 °C,7,50,0,0,0,7.819999999999976,11.91,12.4,TRUE,TRUE,-1.3318079431809016,-2.354359637405259,-0.30925624895654447,-1.3318079431809016,-2.354359637405259,-0.30925624895654447
7.626778242677825,10,7,37,-1.343247618016543,0.5240000324813298,-2.370287681679949,-0.31620755435313663,10 °C,7,50,0,0,0,7.819999999999976,11.91,12.4,TRUE,TRUE,-1.343247618016543,-2.370287681679949,-0.31620755435313663,-1.343247618016543,-2.370287681679949,-0.31620755435313663
7.67866108786611,10,7,37,-1.3546872928521851,0.5263003827273497,-2.3862360429977905,-0.3231385427065798,10 °C,7,50,0,0,0,7.819999999999976,11.91,12.4,TRUE,TRUE,-1.3546872928521851,-2.3862360429977905,-0.3231385427065798,-1.3546872928521851,-2.3862360429977905,-0.3231385427065798
7.730543933054394,10,7,37,-1.3661269676878265,0.5286109634850299,-2.402204456118485,-0.330049479257168,10 °C,7,50,0,0,0,7.819999999999976,11.91,12.4,TRUE,TRUE,-1.3661269676878265,-2.402204456118485,-0.330049479257168,-1.3661269676878265,-2.402204456118485,-0.330049479257168
7.782426778242678,10,7,37,-1.377566642523467,0.5309316411867779,-2.4181926592495517,-0.33694062579738215,10 °C,7,50,0,0,0,7.819999999999976,11.91,12.4,TRUE,TRUE,-1.377566642523467,-2.4181926592495517,-0.33694062579738215,-1.377566642523467,-2.4181926592495517,-0.33694062579738215
7.834309623430963,10,7,37,-1.3890063173591092,0.533262284011439,-2.4342003940215298,-0.3438122406966886,10 °C,7,50,0,0,0,7.819999999999976,11.91,12.4,TRUE,TRUE,-1.3890063173591092,-2.4342003940215298,-0.3438122406966886,-1.3890063173591092,-2.4342003940215298,-0.3438122406966886
7.886192468619248,10,7,37,-1.4004459921947499,0.5356027618711504,-2.4502274054622046,-0.3506645789272951,10 °C,7,50,0,0,0,7.819999999999976,11.91,12.4,TRUE,TRUE,-1.4004459921947499,-2.4502274054622046,-0.3506645789272951,-1.4004459921947499,-2.4502274054622046,-0.3506645789272951
7.938075313807532,10,7,37,-1.4118856670303919,0.5379529463977396,-2.4662734419699612,-0.3574978920908223,10 °C,7,50,0,0,0,7.819999999999976,11.91,12.4,TRUE,TRUE,-1.4118856670303919,-2.4662734419699612,-0.3574978920908223,-1.4118856670303919,-2.4662734419699612,-0.3574978920908223
7.989958158995817,10,7,37,-1.4233253418660332,0.5403127109286912,-2.482338255286268,-0.3643124284457986,10 °C,7,50,0,0,0,7.819999999999976,11.91,12.4,TRUE,TRUE,-1.4233253418660332,-2.482338255286268,-0.3643124284457986,-1.4233253418660332,-2.482338255286268,-0.3643124284457986
8.041841004184102,10,7,37,-1.4347650167016754,0.5426819304927243,-2.498421600467415,-0.37110843293593576,10 °C,7,50,0,0,0,7.819999999999976,11.91,12.4,TRUE,TRUE,-1.4347650167016754,-2.498421600467415,-0.37110843293593576,-1.4347650167016754,-2.498421600467415,-0.37110843293593576
8.093723849372386,10,7,37,-1.4462046915373152,0.545060481795008,-2.514523235855531,-0.3778861472190995,10 °C,7,50,0,0,0,7.819999999999976,11.91,12.4,TRUE,TRUE,-1.4462046915373152,-2.514523235855531,-0.3778861472190995,-1.4462046915373152,-2.514523235855531,-0.3778861472190995
8.145606694560671,10,7,37,-1.4576443663729581,0.5474482432020397,-2.5306429230489558,-0.3846458096969605,10 °C,7,50,0,0,0,7.819999999999976,11.91,12.4,TRUE,TRUE,-1.4576443663729581,-2.5306429230489558,-0.3846458096969605,-1.4576443663729581,-2.5306429230489558,-0.3846458096969605
8.197489539748954,10,7,37,-1.469084041208598,0.5498450947262228,-2.5467804268719947,-0.3913876555452014,10 °C,7,50,0,0,0,7.819999999999976,11.91,12.4,TRUE,TRUE,-1.469084041208598,-2.5467804268719947,-0.3913876555452014,-1.469084041208598,-2.5467804268719947,-0.3913876555452014
8.249372384937239,10,7,37,-1.48052371604424,0.5522509180101706,-2.562935515344174,-0.3981119167443057,10 °C,7,50,0,0,0,7.819999999999976,11.91,12.4,TRUE,TRUE,-1.48052371604424,-2.562935515344174,-0.3981119167443057,-1.48052371604424,-2.562935515344174,-0.3981119167443057
8.301255230125523,10,7,37,-1.4919633908798822,0.5546655963107504,-2.579107959648953,-0.4048188221108113,10 °C,7,50,0,0,0,7.819999999999976,11.91,12.4,TRUE,TRUE,-1.4919633908798822,-2.579107959648953,-0.4048188221108113,-1.4919633908798822,-2.579107959648953,-0.4048188221108113
8.353138075313808,10,7,37,-1.5034030657155235,0.5570890144829114,-2.5952975341020297,-0.41150859732901734,10 °C,7,50,0,0,0,7.819999999999976,11.91,12.4,TRUE,TRUE,-1.5034030657155235,-2.5952975341020297,-0.41150859732901734,-1.5034030657155235,-2.5952975341020297,-0.41150859732901734
8.405020920502093,10,7,37,-1.5148427405511633,0.5595210589633056,-2.611504016119242,-0.4181814649830844,10 °C,7,50,0,0,0,7.819999999999976,11.91,12.4,TRUE,TRUE,-1.5148427405511633,-2.611504016119242,-0.4181814649830844,-1.5148427405511633,-2.611504016119242,-0.4181814649830844
8.456903765690377,10,7,37,-1.5262824153868053,0.5619616177537341,-2.6277271861841243,-0.4248376445894866,10 °C,7,50,0,0,0,7.819999999999976,11.91,12.4,TRUE,TRUE,-1.5262824153868053,-2.6277271861841243,-0.4248376445894866,-1.5262824153868053,-2.6277271861841243,-0.4248376445894866
8.508786610878662,10,7,37,-1.5377220902224478,0.5644105804044307,-2.643966827815132,-0.4314773526297635,10 °C,7,50,0,0,0,7.819999999999976,11.91,12.4,TRUE,TRUE,-1.5377220902224478,-2.643966827815132,-0.4314773526297635,-1.5377220902224478,-2.643966827815132,-0.4314773526297635
8.560669456066947,10,7,37,-1.5491617650580882,0.5668678379972134,-2.6602227275326262,-0.43810080258355,10 °C,7,50,0,0,0,7.819999999999976,11.91,12.4,TRUE,TRUE,-1.5491617650580882,-2.6602227275326262,-0.43810080258355,-1.5491617650580882,-2.6602227275326262,-0.43810080258355
8.612552301255231,10,7,37,-1.5606014398937296,0.5693332831285213,-2.6764946748256313,-0.44470820496182784,10 °C,7,50,0,0,0,7.819999999999976,11.91,12.4,TRUE,TRUE,-1.5606014398937296,-2.6764946748256313,-0.44470820496182784,-1.5606014398937296,-2.6764946748256313,-0.44470820496182784
8.664435146443516,10,7,37,-1.5720411147293718,0.5718068098923484,-2.692782462118375,-0.4512997673403689,10 °C,7,50,0,0,0,7.819999999999976,11.91,12.4,TRUE,TRUE,-1.5720411147293718,-2.692782462118375,-0.4512997673403689,-1.5720411147293718,-2.692782462118375,-0.4512997673403689
8.7163179916318,10,7,37,-1.5834807895650131,0.5742883138631014,-2.709085884736692,-0.4578756943933344,10 °C,7,50,0,0,0,7.819999999999976,11.91,12.4,TRUE,TRUE,-1.5834807895650131,-2.709085884736692,-0.4578756943933344,-1.5834807895650131,-2.709085884736692,-0.4578756943933344
8.768200836820084,10,7,37,-1.5949204644006534,0.5767776920783961,-2.7254047408743096,-0.4644361879269969,10 °C,7,50,0,0,0,7.819999999999976,11.91,12.4,TRUE,TRUE,-1.5949204644006534,-2.7254047408743096,-0.4644361879269969,-1.5949204644006534,-2.7254047408743096,-0.4644361879269969
8.820083682008368,10,7,37,-1.6063601392362956,0.5792748430218037,-2.7417388315590308,-0.4709814469135605,10 °C,7,50,0,0,0,7.819999999999976,11.91,12.4,TRUE,TRUE,-1.6063601392362956,-2.7417388315590308,-0.4709814469135605,-1.6063601392362956,-2.7417388315590308,-0.4709814469135605
8.871966527196653,10,7,37,-1.6177998140719363,0.5817796666055678,-2.758087960618849,-0.4775116675250235,10 °C,7,50,0,0,0,7.819999999999976,11.91,12.4,TRUE,TRUE,-1.6177998140719363,-2.758087960618849,-0.4775116675250235,-1.6177998140719363,-2.758087960618849,-0.4775116675250235
8.923849372384938,10,7,37,-1.6292394889075792,0.5842920641533085,-2.774451934648064,-0.48402704316709455,10 °C,7,50,0,0,0,7.819999999999976,11.91,12.4,TRUE,TRUE,-1.6292394889075792,-2.774451934648064,-0.48402704316709455,-1.6292394889075792,-2.774451934648064,-0.48402704316709455
8.975732217573222,10,7,37,-1.6406791637432196,0.5868119383827147,-2.7908305629733405,-0.49052776451309876,10 °C,7,50,0,0,0,7.819999999999976,11.91,12.4,TRUE,TRUE,-1.6406791637432196,-2.7908305629733405,-0.49052776451309876,-1.6406791637432196,-2.7908305629733405,-0.49052776451309876
9.027615062761507,10,7,37,-1.6521188385788612,0.5893391933882569,-2.807223657619845,-0.4970140195378776,10 °C,7,50,0,0,0,7.819999999999976,11.91,12.4,TRUE,TRUE,-1.6521188385788612,-2.807223657619845,-0.4970140195378776,-1.6521188385788612,-2.807223657619845,-0.4970140195378776
9.079497907949792,10,7,37,-1.6635585134145026,0.5918737346239145,-2.823631033277375,-0.5034859935516303,10 °C,7,50,0,0,0,7.819999999999976,11.91,12.4,TRUE,TRUE,-1.6635585134145026,-2.823631033277375,-0.5034859935516303,-1.6635585134145026,-2.823631033277375,-0.5034859935516303
9.131380753138076,10,7,37,-1.6749981882501446,0.5944154688859438,-2.840052507266594,-0.5099438692336948,10 °C,7,50,0,0,0,7.819999999999976,11.91,12.4,TRUE,TRUE,-1.6749981882501446,-2.840052507266594,-0.5099438692336948,-1.6749981882501446,-2.840052507266594,-0.5099438692336948
9.183263598326361,10,7,37,-1.6864378630857844,0.5969643042956833,-2.8564878995053236,-0.5163878266662452,10 °C,7,50,0,0,0,7.819999999999976,11.91,12.4,TRUE,TRUE,-1.6864378630857844,-2.8564878995053236,-0.5163878266662452,-1.6864378630857844,-2.8564878995053236,-0.5163878266662452
9.235146443514646,10,7,37,-1.6978775379214266,0.5995201502824229,-2.8729370324749754,-0.5228180433678777,10 °C,7,50,0,0,0,7.819999999999976,11.91,12.4,TRUE,TRUE,-1.6978775379214266,-2.8729370324749754,-0.5228180433678777,-1.6978775379214266,-2.8729370324749754,-0.5228180433678777
9.28702928870293,10,7,37,-1.7093172127570688,0.6020829175663317,-2.889399731187079,-0.5292346943270587,10 °C,7,50,0,0,0,7.819999999999976,11.91,12.4,TRUE,TRUE,-1.7093172127570688,-2.889399731187079,-0.5292346943270587,-1.7093172127570688,-2.889399731187079,-0.5292346943270587
9.338912133891215,10,7,37,-1.7207568875927093,0.6046525181414611,-2.905875823149973,-0.5356379520354455,10 °C,7,50,0,0,0,7.819999999999976,11.91,12.4,TRUE,TRUE,-1.7207568875927093,-2.905875823149973,-0.5356379520354455,-1.7207568875927093,-2.905875823149973,-0.5356379520354455
9.390794979079498,10,7,37,-1.7321965624283497,0.6072288652588337,-2.922365138335664,-0.5420279865210358,10 °C,7,50,0,0,0,7.819999999999976,11.91,12.4,TRUE,TRUE,-1.7321965624283497,-2.922365138335664,-0.5420279865210358,-1.7321965624283497,-2.922365138335664,-0.5420279865210358
9.442677824267783,10,7,37,-1.7436362372639935,0.6098118734096192,-2.938867509146847,-0.54840496538114,10 °C,7,50,0,0,0,7.819999999999976,11.91,12.4,TRUE,TRUE,-1.7436362372639935,-2.938867509146847,-0.54840496538114,-1.7436362372639935,-2.938867509146847,-0.54840496538114
9.494560669456067,10,7,37,-1.7550759120996342,0.6124014583084076,-2.955382770384113,-0.5547690538151553,10 °C,7,50,0,0,0,7.819999999999976,11.91,12.4,TRUE,TRUE,-1.7550759120996342,-2.955382770384113,-0.5547690538151553,-1.7550759120996342,-2.955382770384113,-0.5547690538151553
9.546443514644352,10,7,37,-1.7665155869352756,0.614997536876593,-2.9719107592133978,-0.5611204146571533,10 °C,7,50,0,0,0,7.819999999999976,11.91,12.4,TRUE,TRUE,-1.7665155869352756,-2.9719107592133978,-0.5611204146571533,-1.7665155869352756,-2.9719107592133978,-0.5611204146571533
9.598326359832637,10,7,37,-1.777955261770916,0.617600027225862,-2.988451315133606,-0.5674592084082264,10 °C,7,50,0,0,0,7.819999999999976,11.91,12.4,TRUE,TRUE,-1.777955261770916,-2.988451315133606,-0.5674592084082264,-1.777955261770916,-2.988451315133606,-0.5674592084082264
9.650209205020921,10,7,37,-1.7893949366065574,0.6202088486418035,-3.005004279944492,-0.5737855932686227,10 °C,7,50,0,0,0,7.819999999999976,11.91,12.4,TRUE,TRUE,-1.7893949366065574,-3.005004279944492,-0.5737855932686227,-1.7893949366065574,-3.005004279944492,-0.5737855932686227
9.702092050209206,10,7,37,-1.8008346114422005,0.6228239215676407,-3.0215694977147765,-0.5800997251696247,10 °C,7,50,0,0,0,7.819999999999976,11.91,12.4,TRUE,TRUE,-1.8008346114422005,-3.0215694977147765,-0.5800997251696247,-1.8008346114422005,-3.0215694977147765,-0.5800997251696247
9.75397489539749,10,7,37,-1.812274286277841,0.6254451675880903,-3.038146814750498,-0.5864017578051839,10 °C,7,50,0,0,0,7.819999999999976,11.91,12.4,TRUE,TRUE,-1.812274286277841,-3.038146814750498,-0.5864017578051839,-1.812274286277841,-3.038146814750498,-0.5864017578051839
9.805857740585775,10,7,37,-1.8237139611134816,0.6280725094133571,-3.0547360795636616,-0.5926918426633017,10 °C,7,50,0,0,0,7.819999999999976,11.91,12.4,TRUE,TRUE,-1.8237139611134816,-3.0547360795636616,-0.5926918426633017,-1.8237139611134816,-3.0547360795636616,-0.5926918426633017
9.85774058577406,10,7,37,-1.8351536359491245,0.630705870863262,-3.0713371428411183,-0.598970129057131,10 °C,7,50,0,0,0,7.819999999999976,11.91,12.4,TRUE,TRUE,-1.8351536359491245,-3.0713371428411183,-0.598970129057131,-1.8351536359491245,-3.0713371428411183,-0.598970129057131
9.909623430962345,10,7,37,-1.8465933107847667,0.6333451768515155,-3.087949857413737,-0.6052367641557965,10 °C,7,50,0,0,0,7.819999999999976,11.91,12.4,TRUE,TRUE,-1.8465933107847667,-3.087949857413737,-0.6052367641557965,-1.8465933107847667,-3.087949857413737,-0.6052367641557965
9.96150627615063,10,7,37,-1.8580329856204072,0.6359903533701318,-3.1045740782258653,-0.6114918930149489,10 °C,7,50,0,0,0,7.819999999999976,11.91,12.4,TRUE,TRUE,-1.8580329856204072,-3.1045740782258653,-0.6114918930149489,-1.8580329856204072,-3.1045740782258653,-0.6114918930149489
10.013389121338912,10,7,37,-1.8694726604560477,0.6386413274739976,-3.121209662305083,-0.6177356586070124,10 °C,7,50,0,0,0,7.819999999999976,11.91,12.4,TRUE,TRUE,-1.8694726604560477,-3.121209662305083,-0.6177356586070124,-1.8694726604560477,-3.121209662305083,-0.6177356586070124
10.065271966527197,10,7,37,-1.8809123352916899,0.6412980272655858,-3.137856468732238,-0.6239682018511417,10 °C,7,50,0,0,0,7.819999999999976,11.91,12.4,TRUE,TRUE,-1.8809123352916899,-3.137856468732238,-0.6239682018511417,-1.8809123352916899,-3.137856468732238,-0.6239682018511417
10.117154811715482,10,7,37,-1.8923520101273303,0.643960381879826,-3.154514358611789,-0.6301896616428715,10 °C,7,50,0,0,0,7.819999999999976,11.91,12.4,TRUE,TRUE,-1.8923520101273303,-3.154514358611789,-0.6301896616428715,-1.8923520101273303,-3.154514358611789,-0.6301896616428715
10.169037656903766,10,7,37,-1.9037916849629717,0.6466283214691317,-3.17118319504247,-0.6364001748834736,10 °C,7,50,0,0,0,7.819999999999976,11.91,12.4,TRUE,TRUE,-1.9037916849629717,-3.17118319504247,-0.6364001748834736,-1.9037916849629717,-3.17118319504247,-0.6364001748834736
10.220920502092051,10,7,37,-1.915231359798613,0.649301777188589,-3.187862843088247,-0.6425998765089787,10 °C,7,50,0,0,0,7.819999999999976,11.91,12.4,TRUE,TRUE,-1.915231359798613,-3.187862843088247,-0.6425998765089787,-1.915231359798613,-3.187862843088247,-0.6425998765089787
10.272803347280336,10,7,37,-1.9266710346342553,0.6519806811812985,-3.2045531697496004,-0.6487888995189102,10 °C,7,50,0,0,0,7.819999999999976,11.91,12.4,TRUE,TRUE,-1.9266710346342553,-3.2045531697496004,-0.6487888995189102,-1.9266710346342553,-3.2045531697496004,-0.6487888995189102
10.32468619246862,10,7,37,-1.9381107094698966,0.6546649665638888,-3.2212540439351187,-0.6549673750046745,10 °C,7,50,0,0,0,7.819999999999976,11.91,12.4,TRUE,TRUE,-1.9381107094698966,-3.2212540439351187,-0.6549673750046745,-1.9381107094698966,-3.2212540439351187,-0.6549673750046745
10.376569037656905,10,7,37,-1.949550384305537,0.6573545674121858,-3.237965336433421,-0.661135432177653,10 °C,7,50,0,0,0,7.819999999999976,11.91,12.4,TRUE,TRUE,-1.949550384305537,-3.237965336433421,-0.661135432177653,-1.949550384305537,-3.237965336433421,-0.661135432177653
10.42845188284519,10,7,37,-1.9609900591411786,0.6600494187470531,-3.254686919885403,-0.6672931983969546,10 °C,7,50,0,0,0,7.819999999999976,11.91,12.4,TRUE,TRUE,-1.9609900591411786,-3.254686919885403,-0.6672931983969546,-1.9609900591411786,-3.254686919885403,-0.6672931983969546
10.480334728033474,10,7,37,-1.9724297339768209,0.6627494565203962,-3.271418668756797,-0.6734407991968443,10 °C,7,50,0,0,0,7.819999999999976,11.91,12.4,TRUE,TRUE,-1.9724297339768209,-3.271418668756797,-0.6734407991968443,-1.9724297339768209,-3.271418668756797,-0.6734407991968443
10.532217573221759,10,7,37,-1.9838694088124629,0.6654546176013327,-3.288160459311075,-0.6795783583138508,10 °C,7,50,0,0,0,7.819999999999976,11.91,12.4,TRUE,TRUE,-1.9838694088124629,-3.288160459311075,-0.6795783583138508,-1.9838694088124629,-3.288160459311075,-0.6795783583138508
10.584100418410042,10,7,37,-1.9953090836481024,0.6681648397625305,-3.3049121695826624,-0.6857059977135427,10 °C,7,50,0,0,0,7.819999999999976,11.91,12.4,TRUE,TRUE,-1.9953090836481024,-3.3049121695826624,-0.6857059977135427,-1.9953090836481024,-3.3049121695826624,-0.6857059977135427
10.635983263598327,10,7,37,-2.0067487584837456,0.6708800616667164,-3.3216736793505097,-0.6918238376169814,10 °C,7,50,0,0,0,7.819999999999976,11.91,12.4,TRUE,TRUE,-2.0067487584837456,-3.3216736793505097,-0.6918238376169814,-2.0067487584837456,-3.3216736793505097,-0.6918238376169814
10.687866108786611,10,7,37,-2.018188433319387,0.6736002228533504,-3.338444870111954,-0.69793199652682,10 °C,7,50,0,0,0,7.819999999999976,11.91,12.4,TRUE,TRUE,-2.018188433319387,-3.338444870111954,-0.69793199652682,-2.018188433319387,-3.338444870111954,-0.69793199652682
10.739748953974896,10,7,37,-2.0296281081550265,0.6763252637254696,-3.355225625056947,-0.704030591253106,10 °C,7,50,0,0,0,7.819999999999976,11.91,12.4,TRUE,TRUE,-2.0296281081550265,-3.355225625056947,-0.704030591253106,-2.0296281081550265,-3.355225625056947,-0.704030591253106
10.79163179916318,10,7,37,-2.041067782990668,0.6790551255367021,-3.3720158290426037,-0.7101197369387318,10 °C,7,50,0,0,0,7.819999999999976,11.91,12.4,TRUE,TRUE,-2.041067782990668,-3.3720158290426037,-0.7101197369387318,-2.041067782990668,-3.3720158290426037,-0.7101197369387318
10.843514644351465,10,7,37,-2.05250745782631,0.6817897503784457,-3.3888153685680633,-0.7161995470845566,10 °C,7,50,0,0,0,7.819999999999976,11.91,12.4,TRUE,TRUE,-2.05250745782631,-3.3888153685680633,-0.7161995470845566,-2.05250745782631,-3.3888153685680633,-0.7161995470845566
10.89539748953975,10,7,37,-2.063947132661953,0.6845290811672196,-3.4056241317497036,-0.7222701335742028,10 °C,7,50,0,0,0,7.819999999999976,11.91,12.4,TRUE,TRUE,-2.063947132661953,-3.4056241317497036,-0.7222701335742028,-2.063947132661953,-3.4056241317497036,-0.7222701335742028
10.947280334728035,10,7,37,-2.0753868074975927,0.6872730616321788,-3.422442008296663,-0.7283316066985224,10 °C,7,50,0,0,0,7.819999999999976,11.91,12.4,TRUE,TRUE,-2.0753868074975927,-3.422442008296663,-0.7283316066985224,-2.0753868074975927,-3.422442008296663,-0.7283316066985224
10.99916317991632,10,7,37,-2.086826482333233,0.6900216363028023,-3.439268889486726,-0.7343840751797406,10 °C,7,50,0,0,0,7.819999999999976,11.91,12.4,TRUE,TRUE,-2.086826482333233,-3.439268889486726,-0.7343840751797406,-2.086826482333233,-3.439268889486726,-0.7343840751797406
11.051046025104604,10,7,37,-2.098266157168877,0.6927747504967414,-3.4561046681424905,-0.7404276461952641,10 °C,7,50,0,0,0,7.819999999999976,11.91,12.4,TRUE,TRUE,-2.098266157168877,-3.4561046681424905,-0.7404276461952641,-2.098266157168877,-3.4561046681424905,-0.7404276461952641
11.102928870292889,10,7,37,-2.1097058320045177,0.6955323503078373,-3.472949238607879,-0.7464624254011565,10 °C,7,50,0,0,0,7.819999999999976,11.91,12.4,TRUE,TRUE,-2.1097058320045177,-3.472949238607879,-0.7464624254011565,-2.1097058320045177,-3.472949238607879,-0.7464624254011565
11.154811715481173,10,7,37,-2.121145506840158,0.6982943825943061,-3.489802496724998,-0.7524885169553182,10 °C,7,50,0,0,0,7.819999999999976,11.91,12.4,TRUE,TRUE,-2.121145506840158,-3.489802496724998,-0.7524885169553182,-2.121145506840158,-3.489802496724998,-0.7524885169553182
11.206694560669456,10,7,37,-2.1325851816758004,0.701060794967084,-3.5066643398112847,-0.7585060235403158,10 °C,7,50,0,0,0,7.819999999999976,11.91,12.4,TRUE,TRUE,-2.1325851816758004,-3.5066643398112847,-0.7585060235403158,-2.1325851816758004,-3.5066643398112847,-0.7585060235403158
11.258577405857741,10,7,37,-2.144024856511441,0.7038315357783367,-3.523534666636981,-0.764515046385901,10 °C,7,50,0,0,0,7.819999999999976,11.91,12.4,TRUE,TRUE,-2.144024856511441,-3.523534666636981,-0.764515046385901,-2.144024856511441,-3.523534666636981,-0.764515046385901
11.310460251046026,10,7,37,-2.155464531347083,0.7066065541101374,-3.5404133774029525,-0.7705156852912138,10 °C,7,50,0,0,0,7.819999999999976,11.91,12.4,TRUE,TRUE,-2.155464531347083,-3.5404133774029525,-0.7705156852912138,-2.155464531347083,-3.5404133774029525,-0.7705156852912138
11.36234309623431,10,7,37,-2.1669042061827235,0.7093857997632954,-3.5573003737187827,-0.7765080386466645,10 °C,7,50,0,0,0,7.819999999999976,11.91,12.4,TRUE,TRUE,-2.1669042061827235,-3.5573003737187827,-0.7765080386466645,-2.1669042061827235,-3.5573003737187827,-0.7765080386466645
11.414225941422595,10,7,37,-2.178343881018365,0.7121692232463532,-3.5741955585812173,-0.7824922034555126,10 °C,7,50,0,0,0,7.819999999999976,11.91,12.4,TRUE,TRUE,-2.178343881018365,-3.5741955585812173,-0.7824922034555126,-2.178343881018365,-3.5741955585812173,-0.7824922034555126
11.46610878661088,10,7,37,-2.189783555854007,0.7149567757647416,-3.5910988363529004,-0.7884682753551135,10 °C,7,50,0,0,0,7.819999999999976,11.91,12.4,TRUE,TRUE,-2.189783555854007,-3.5910988363529004,-0.7884682753551135,-2.189783555854007,-3.5910988363529004,-0.7884682753551135
11.517991631799164,10,7,37,-2.2012232306896493,0.7177484092100888,-3.6080101127414235,-0.7944363486378754,10 °C,7,50,0,0,0,7.819999999999976,11.91,12.4,TRUE,TRUE,-2.2012232306896493,-3.6080101127414235,-0.7944363486378754,-2.2012232306896493,-3.6080101127414235,-0.7944363486378754
11.569874476987449,10,7,37,-2.2126629055252893,0.7205440761496887,-3.6249292947786795,-0.8003965162718993,10 °C,7,50,0,0,0,7.819999999999976,11.91,12.4,TRUE,TRUE,-2.2126629055252893,-3.6249292947786795,-0.8003965162718993,-2.2126629055252893,-3.6249292947786795,-0.8003965162718993
11.621757322175734,10,7,37,-2.224102580360931,0.7233437298161232,-3.6418562908005327,-0.8063488699213297,10 °C,7,50,0,0,0,7.819999999999976,11.91,12.4,TRUE,TRUE,-2.224102580360931,-3.6418562908005327,-0.8063488699213297,-2.224102580360931,-3.6418562908005327,-0.8063488699213297
11.673640167364018,10,7,37,-2.2355422551965733,0.7261473240970387,-3.6587910104267696,-0.8122934999663773,10 °C,7,50,0,0,0,7.819999999999976,11.91,12.4,TRUE,TRUE,-2.2355422551965733,-3.6587910104267696,-0.8122934999663773,-2.2355422551965733,-3.6587910104267696,-0.8122934999663773
11.725523012552303,10,7,37,-2.2469819300322142,0.7289548135250747,-3.675733364541361,-0.8182304955230677,10 °C,7,50,0,0,0,7.819999999999976,11.91,12.4,TRUE,TRUE,-2.2469819300322142,-3.675733364541361,-0.8182304955230677,-2.2469819300322142,-3.675733364541361,-0.8182304955230677
11.777405857740586,10,7,37,-2.2584216048678543,0.7317661532679405,-3.6926832652730175,-0.824159944462691,10 °C,7,50,0,0,0,7.819999999999976,11.91,12.4,TRUE,TRUE,-2.2584216048678543,-3.6926832652730175,-0.824159944462691,-2.2584216048678543,-3.6926832652730175,-0.824159944462691
11.82928870292887,10,7,37,-2.2698612797034974,0.7345812991186472,-3.709640625976046,-0.8300819334309488,10 °C,7,50,0,0,0,7.819999999999976,11.91,12.4,TRUE,TRUE,-2.2698612797034974,-3.709640625976046,-0.8300819334309488,-2.2698612797034974,-3.709640625976046,-0.8300819334309488
11.881171548117155,10,7,37,-2.2813009545391387,0.7374002074858786,-3.726605361211461,-0.8359965478668165,10 °C,7,50,0,0,0,7.819999999999976,11.91,12.4,TRUE,TRUE,-2.2813009545391387,-3.726605361211461,-0.8359965478668165,-2.2813009545391387,-3.726605361211461,-0.8359965478668165
11.93305439330544,10,7,37,-2.292740629374779,0.7402228353845149,-3.7435773867284285,-0.8419038720211298,10 °C,7,50,0,0,0,7.819999999999976,11.91,12.4,TRUE,FALSE,-2.292740629374779,-3.7435773867284285,-0.8419038720211298,NA,NA,NA
11.984937238493725,10,7,37,-2.3041803042104205,0.7430491404262991,-3.7605566194459668,-0.8478039889748743,10 °C,7,50,0,0,0,7.819999999999976,11.91,12.4,TRUE,FALSE,-2.3041803042104205,-3.7605566194459668,-0.8478039889748743,NA,NA,NA
12.03682008368201,10,7,37,-2.3156199790460623,0.7458790808106435,-3.7775429774349236,-0.8536969806572012,10 °C,7,50,0,0,0,7.819999999999976,11.91,12.4,TRUE,FALSE,-2.3156199790460623,-3.7775429774349236,-0.8536969806572012,NA,NA,NA
12.088702928870294,10,7,37,-2.327059653881705,0.74871261531558,-3.794536379900242,-0.8595829278631684,10 °C,7,50,0,0,0,7.819999999999976,11.91,12.4,TRUE,FALSE,-2.327059653881705,-3.794536379900242,-0.8595829278631684,NA,NA,NA
12.140585774058579,10,7,37,-2.3384993287173454,0.7515497032888493,-3.81153674716349,-0.8654619102712009,10 °C,7,50,0,0,0,7.819999999999976,11.91,12.4,TRUE,FALSE,-2.3384993287173454,-3.81153674716349,-0.8654619102712009,NA,NA,NA
12.192468619246863,10,7,37,-2.3499390035529863,0.7543903046391282,-3.8285440006456772,-0.8713340064602952,10 °C,7,50,0,0,0,7.819999999999976,11.91,12.4,TRUE,FALSE,-2.3499390035529863,-3.8285440006456772,-0.8713340064602952,NA,NA,NA
12.244351464435148,10,7,37,-2.3613786783886286,0.7572343798273911,-3.8455580628503148,-0.8771992939269422,10 °C,7,50,0,0,0,7.819999999999976,11.91,12.4,TRUE,FALSE,-2.3613786783886286,-3.8455580628503148,-0.8771992939269422,NA,NA,NA
12.296234309623433,10,7,37,-2.3728183532242695,0.7600818898584067,-3.8625788573467466,-0.8830578491017922,10 °C,7,50,0,0,0,7.819999999999976,11.91,12.4,TRUE,FALSE,-2.3728183532242695,-3.8625788573467466,-0.8830578491017922,NA,NA,NA
12.348117154811717,10,7,37,-2.3842580280599095,0.7629327962723694,-3.8796063087537536,-0.8889097473660654,10 °C,7,50,0,0,0,7.819999999999976,11.91,12.4,TRUE,FALSE,-2.3842580280599095,-3.8796063087537536,-0.8889097473660654,NA,NA,NA
12.4,10,7,37,-2.3956977028955513,0.7657870611366608,-3.8966403427234066,-0.8947550630676961,10 °C,7,50,0,0,0,7.819999999999976,11.91,12.4,TRUE,FALSE,-2.3956977028955513,-3.8966403427234066,-0.8947550630676961,NA,NA,NA
0,15,7,37,-0.06029626525247874,0.37702217277466943,-0.7992597238908309,0.6786671933858733,15 °C,7,50,0.9,0.9,0.9,3.8,4.962499999999997,7.2,FALSE,FALSE,NA,NA,NA,NA,NA,NA
0.051882845188284524,15,7,37,-0.05624296493525772,0.3765570539689405,-0.7942947907143811,0.6818088608438657,15 °C,7,50,0.9,0.9,0.9,3.8,4.962499999999997,7.2,FALSE,FALSE,NA,NA,NA,NA,NA,NA
0.10376569037656905,15,7,37,-0.052189664618037146,0.3761015183292497,-0.7893486405433665,0.6849693113072923,15 °C,7,50,0.9,0.9,0.9,3.8,4.962499999999997,7.2,FALSE,FALSE,NA,NA,NA,NA,NA,NA
0.15564853556485359,15,7,37,-0.04813636430081635,0.37565560071843856,-0.7844213417089559,0.6881486131073232,15 °C,7,50,0.9,0.9,0.9,3.8,4.962499999999997,7.2,FALSE,FALSE,NA,NA,NA,NA,NA,NA
0.2075313807531381,15,7,37,-0.04408306398359557,0.3752193354272398,-0.7795129614209855,0.6913468334537944,15 °C,7,50,0.9,0.9,0.9,3.8,4.962499999999997,7.2,FALSE,FALSE,NA,NA,NA,NA,NA,NA
0.2594142259414226,15,7,37,-0.04002976366637479,0.37479275616205887,-0.7746235657440101,0.6945640384112606,15 °C,7,50,0.9,0.9,0.9,3.8,4.962499999999997,7.2,FALSE,FALSE,NA,NA,NA,NA,NA,NA
0.31129707112970717,15,7,37,-0.03597646334915416,0.3743758960328644,-0.7697532195735685,0.6978002928752601,15 °C,7,50,0.9,0.9,0.9,3.8,4.962499999999997,7.2,FALSE,FALSE,NA,NA,NA,NA,NA,NA
0.3631799163179917,15,7,37,-0.03192316303193315,0.37396878754119606,-0.7649019866126774,0.7010556605488112,15 °C,7,50,0.9,0.9,0.9,3.8,4.962499999999997,7.2,FALSE,FALSE,NA,NA,NA,NA,NA,NA
0.4150627615062762,15,7,37,-0.027869862714712368,0.37357146256830015,-0.7600699293485806,0.7043302039191559,15 °C,7,50,0.9,0.9,0.9,3.8,4.962499999999997,7.2,FALSE,FALSE,NA,NA,NA,NA,NA,NA
0.4669456066945607,15,7,37,-0.02381656239749181,0.37318395236340224,-0.7552571090297603,0.7076239842347766,15 °C,7,50,0.9,0.9,0.9,3.8,4.962499999999997,7.2,FALSE,FALSE,NA,NA,NA,NA,NA,NA
0.5188284518828452,15,7,37,-0.019763262080270804,0.37280628753212547,-0.7504635856432367,0.7109370614826951,15 °C,7,50,0.9,0.9,0.9,3.8,4.962499999999997,7.2,FALSE,FALSE,NA,NA,NA,NA,NA,NA
0.5707112970711298,15,7,37,-0.015709961763050197,0.3724384980250646,-0.7456894178921768,0.7142694943660765,15 °C,7,50,0.9,0.9,0.9,3.8,4.962499999999997,7.2,FALSE,FALSE,NA,NA,NA,NA,NA,NA
0.6225941422594143,15,7,37,-0.011656661445829369,0.3720806131265251,-0.7409346631738185,0.7176213402821598,15 °C,7,50,0.9,0.9,0.9,3.8,4.962499999999997,7.2,FALSE,FALSE,NA,NA,NA,NA,NA,NA
0.6744769874476988,15,7,37,-0.007603361128608411,0.37173266144343603,-0.736199377557743,0.7209926553005263,15 °C,7,50,0.9,0.9,0.9,3.8,4.962499999999997,7.2,FALSE,FALSE,NA,NA,NA,NA,NA,NA
0.7263598326359834,15,7,37,-0.0035500608113878595,0.3713946708944464,-0.7314836157645028,0.7243834941417271,15 °C,7,50,0.9,0.9,0.9,3.8,4.962499999999997,7.2,FALSE,FALSE,NA,NA,NA,NA,NA,NA
0.7782426778242678,15,7,37,5.032395058325426e-4,0.37106666869921434,-0.7267874311446275,0.7277939101562926,15 °C,7,50,0.9,0.9,0.9,3.8,4.962499999999997,7.2,FALSE,FALSE,NA,NA,NA,NA,NA,NA
0.8301255230125524,15,7,37,0.004556539823053483,0.3707486813678984,-0.7221108756580273,0.7312239553041343,15 °C,7,50,0.9,0.9,0.9,3.8,4.962499999999997,7.2,FALSE,FALSE,NA,NA,NA,NA,NA,NA
0.882008368200837,15,7,37,0.008609840140274107,0.3704407346908584,-0.7174539998538084,0.7346736801343566,15 °C,7,50,0.9,0.9,0.9,3.8,4.962499999999997,7.2,FALSE,FALSE,NA,NA,NA,NA,NA,NA
0.9338912133891214,15,7,37,0.012663140457494936,0.3701428537285773,-0.7128168528505165,0.7381431337655064,15 °C,7,50,0.9,0.9,0.9,3.8,4.962499999999997,7.2,TRUE,TRUE,0.012663140457494936,-0.7128168528505165,0.7381431337655064,0.012663140457494936,-0.7128168528505165,0.7381431337655064
0.985774058577406,15,7,37,0.016716440774715877,0.369855062801811,-0.7081994823168337,0.7416323638662655,15 °C,7,50,0.9,0.9,0.9,3.8,4.962499999999997,7.2,TRUE,TRUE,0.016716440774715877,-0.7081994823168337,0.7416323638662655,0.016716440774715877,-0.7081994823168337,0.7416323638662655
1.0376569037656904,15,7,37,0.0207697410919365,0.36957738548197544,-0.7036019344527353,0.7451414166366084,15 °C,7,50,0.9,0.9,0.9,3.8,4.962499999999997,7.2,TRUE,TRUE,0.0207697410919365,-0.7036019344527353,0.7451414166366084,0.0207697410919365,-0.7036019344527353,0.7451414166366084
1.089539748953975,15,7,37,0.0248230414091572,0.36930984458177973,-0.699024253971131,0.7486703367894455,15 °C,7,50,0.9,0.9,0.9,3.8,4.962499999999997,7.2,TRUE,TRUE,0.0248230414091572,-0.699024253971131,0.7486703367894455,0.0248230414091572,-0.699024253971131,0.7486703367894455
1.1414225941422596,15,7,37,0.02887634172637816,0.3690524621461135,-0.6944664840800042,0.7522191675327606,15 °C,7,50,0.9,0.9,0.9,3.8,4.962499999999997,7.2,TRUE,TRUE,0.02887634172637816,-0.6944664840800042,0.7522191675327606,0.02887634172637816,-0.6944664840800042,0.7522191675327606
1.193305439330544,15,7,37,0.03292964204359889,0.36880525944319614,-0.6899286664650655,0.7557879505522633,15 °C,7,50,0.9,0.9,0.9,3.8,4.962499999999997,7.2,TRUE,TRUE,0.03292964204359889,-0.6899286664650655,0.7557879505522633,0.03292964204359889,-0.6899286664650655,0.7557879505522633
1.2451882845188287,15,7,37,0.036982942360819594,0.368568256955998,-0.6854108412729365,0.7593767259945756,15 °C,7,50,0.9,0.9,0.9,3.8,4.962499999999997,7.2,TRUE,TRUE,0.036982942360819594,-0.6854108412729365,0.7593767259945756,0.036982942360819594,-0.6854108412729365,0.7593767259945756
1.2970711297071131,15,7,37,0.041036242678040555,0.3683414743739378,-0.6809130470948777,0.7629855324509587,15 °C,7,50,0.9,0.9,0.9,3.8,4.962499999999997,7.2,TRUE,TRUE,0.041036242678040555,-0.6809130470948777,0.7629855324509587,0.041036242678040555,-0.6809130470948777,0.7629855324509587
1.3489539748953976,15,7,37,0.045089542995261286,0.368124930584869,-0.6764353209510819,0.7666144069416044,15 °C,7,50,0.9,0.9,0.9,3.8,4.962499999999997,7.2,TRUE,TRUE,0.045089542995261286,-0.6764353209510819,0.7666144069416044,0.045089542995261286,-0.6764353209510819,0.7666144069416044
1.400836820083682,15,7,37,0.049142843312482025,0.3679186436673568,-0.6719776982755374,0.7702633849005014,15 °C,7,50,0.9,0.9,0.9,3.8,4.962499999999997,7.2,TRUE,TRUE,0.049142843312482025,-0.6719776982755374,0.7702633849005014,0.049142843312482025,-0.6719776982755374,0.7702633849005014
1.4527196652719667,15,7,37,0.053196143629702944,0.3677226308832582,-0.6675402129014831,0.773932500160889,15 °C,7,50,0.9,0.9,0.9,3.8,4.962499999999997,7.2,TRUE,TRUE,0.053196143629702944,-0.6675402129014831,0.773932500160889,0.053196143629702944,-0.6675402129014831,0.773932500160889
1.5046025104602512,15,7,37,0.05724944394692368,0.36753690867060806,-0.6631228970474682,0.7776217849413155,15 °C,7,50,0.9,0.9,0.9,3.8,4.962499999999997,7.2,TRUE,TRUE,0.05724944394692368,-0.6631228970474682,0.7776217849413155,0.05724944394692368,-0.6631228970474682,0.7776217849413155
1.5564853556485356,15,7,37,0.0613027442641443,0.3673614926368214,-0.6587257813040256,0.7813312698323142,15 °C,7,50,0.9,0.9,0.9,3.8,4.962499999999997,7.2,TRUE,TRUE,0.0613027442641443,-0.6587257813040256,0.7813312698323142,0.0613027442641443,-0.6587257813040256,0.7813312698323142
1.6083682008368203,15,7,37,0.06535604458136522,0.3671963975522151,-0.6543488946209763,0.7850609837837068,15 °C,7,50,0.9,0.9,0.9,3.8,4.962499999999997,7.2,TRUE,TRUE,0.06535604458136522,-0.6543488946209763,0.7850609837837068,0.06535604458136522,-0.6543488946209763,0.7850609837837068
1.6602510460251048,15,7,37,0.06940934489858597,0.3670416373438577,-0.6499922642953752,0.7888109540925471,15 °C,7,50,0.9,0.9,0.9,3.8,4.962499999999997,7.2,TRUE,TRUE,0.06940934489858597,-0.6499922642953752,0.7888109540925471,0.06940934489858597,-0.6499922642953752,0.7888109540925471
1.7121338912133892,15,7,37,0.07346264521580648,0.366897225089752,-0.6456559159601074,0.7925812063917204,15 °C,7,50,0.9,0.9,0.9,3.8,4.962499999999997,7.2,TRUE,TRUE,0.07346264521580648,-0.6456559159601074,0.7925812063917204,0.07346264521580648,-0.6456559159601074,0.7925812063917204
1.764016736401674,15,7,37,0.07751594553302743,0.3667631730133557,-0.6413398735731497,0.7963717646392046,15 °C,7,50,0.9,0.9,0.9,3.8,4.962499999999997,7.2,TRUE,TRUE,0.07751594553302743,-0.6413398735731497,0.7963717646392046,0.07751594553302743,-0.6413398735731497,0.7963717646392046
1.8158995815899583,15,7,37,0.08156924585024794,0.3666394924784479,-0.6370441594075099,0.8001826511080058,15 °C,7,50,0.9,0.9,0.9,3.8,4.962499999999997,7.2,TRUE,TRUE,0.08156924585024794,-0.6370441594075099,0.8001826511080058,0.08156924585024794,-0.6370441594075099,0.8001826511080058
1.8677824267782428,15,7,37,0.08562254616746887,0.36652619398434216,-0.6327687940418417,0.8040138863767795,15 °C,7,50,0.9,0.9,0.9,3.8,4.962499999999997,7.2,TRUE,TRUE,0.08562254616746887,-0.6327687940418417,0.8040138863767795,0.08562254616746887,-0.6327687940418417,0.8040138863767795
1.9196652719665275,15,7,37,0.08967584648469001,0.36642328716145467,-0.6285137963517611,0.8078654893211412,15 °C,7,50,0.9,0.9,0.9,3.8,4.962499999999997,7.2,TRUE,TRUE,0.08967584648469001,-0.6285137963517611,0.8078654893211412,0.08967584648469001,-0.6285137963517611,0.8078654893211412
1.971548117154812,15,7,37,0.09372914680191052,0.36633078076723047,-0.6242791835018613,0.8117374771056822,15 °C,7,50,0.9,0.9,0.9,3.8,4.962499999999997,7.2,TRUE,TRUE,0.09372914680191052,-0.6242791835018613,0.8117374771056822,0.09372914680191052,-0.6242791835018613,0.8117374771056822
2.0234309623430966,15,7,37,0.09778244711913145,0.366248682682431,-0.6200649709384333,0.8156298651766961,15 °C,7,50,0.9,0.9,0.9,3.8,4.962499999999997,7.2,TRUE,TRUE,0.09778244711913145,-0.6200649709384333,0.8156298651766961,0.09778244711913145,-0.6200649709384333,0.8156298651766961
2.075313807531381,15,7,37,0.101835747436352,0.36617699990778757,-0.6158711723829116,0.8195426672556156,15 °C,7,50,0.9,0.9,0.9,3.8,4.962499999999997,7.2,TRUE,TRUE,0.101835747436352,-0.6158711723829116,0.8195426672556156,0.101835747436352,-0.6158711723829116,0.8195426672556156
2.1271966527196655,15,7,37,0.10588904775357293,0.36611573856102425,-0.6116977998260347,0.8234758953331804,15 °C,7,50,0.9,0.9,0.9,3.8,4.962499999999997,7.2,TRUE,TRUE,0.10588904775357293,-0.6116977998260347,0.8234758953331804,0.10588904775357293,-0.6116977998260347,0.8234758953331804
2.17907949790795,15,7,37,0.10994234807079362,0.36606490387425183,-0.60754486352274,0.8274295596643272,15 °C,7,50,0.9,0.9,0.9,3.8,4.962499999999997,7.2,TRUE,TRUE,0.10994234807079362,-0.60754486352274,0.8274295596643272,0.10994234807079362,-0.60754486352274,0.8274295596643272
2.2309623430962344,15,7,37,0.11399564838801399,0.3660245001917367,-0.60341237198779,0.831403668763818,15 °C,7,50,0.9,0.9,0.9,3.8,4.962499999999997,7.2,TRUE,TRUE,0.11399564838801399,-0.60341237198779,0.831403668763818,0.11399564838801399,-0.60341237198779,0.831403668763818
2.282845188284519,15,7,37,0.1180489487052351,0.365994530968047,-0.5993003319921371,0.8353982294026072,15 °C,7,50,0.9,0.9,0.9,3.8,4.962499999999997,7.2,TRUE,TRUE,0.1180489487052351,-0.5993003319921371,0.8353982294026072,0.1180489487052351,-0.5993003319921371,0.8353982294026072
2.3347280334728038,15,7,37,0.1221022490224556,0.3659749987665759,-0.5952087485600331,0.8394132466049443,15 °C,7,50,0.9,0.9,0.9,3.8,4.962499999999997,7.2,TRUE,TRUE,0.1221022490224556,-0.5952087485600331,0.8394132466049443,0.1221022490224556,-0.5952087485600331,0.8394132466049443
2.386610878661088,15,7,37,0.12615554933967657,0.3659659052584466,-0.5911376249668787,0.8434487236462318,15 °C,7,50,0.9,0.9,0.9,3.8,4.962499999999997,7.2,TRUE,TRUE,0.12615554933967657,-0.5911376249668787,0.8434487236462318,0.12615554933967657,-0.5911376249668787,0.8434487236462318
2.4384937238493727,15,7,37,0.13020884965689708,0.3659672512217971,-0.5870869627378252,0.8475046620516193,15 °C,7,50,0.9,0.9,0.9,3.8,4.962499999999997,7.2,TRUE,TRUE,0.13020884965689708,-0.5870869627378252,0.8475046620516193,0.13020884965689708,-0.5870869627378252,0.8475046620516193
2.4903765690376574,15,7,37,0.13426214997411798,0.3659790365414476,-0.5830567616471193,0.8515810615953553,15 °C,7,50,0.9,0.9,0.9,3.8,4.962499999999997,7.2,TRUE,TRUE,0.13426214997411798,-0.5830567616471193,0.8515810615953553,0.13426214997411798,-0.5830567616471193,0.8515810615953553
2.5422594142259416,15,7,37,0.13831545029133915,0.3660012602089491,-0.5790470197182009,0.8556779203008793,15 °C,7,50,0.9,0.9,0.9,3.8,4.962499999999997,7.2,TRUE,TRUE,0.13831545029133915,-0.5790470197182009,0.8556779203008793,0.13831545029133915,-0.5790470197182009,0.8556779203008793
2.5941422594142263,15,7,37,0.14236875060855966,0.3660339203230161,-0.5750577332245519,0.8597952344416713,15 °C,7,50,0.9,0.9,0.9,3.8,4.962499999999997,7.2,TRUE,TRUE,0.14236875060855966,-0.5750577332245519,0.8597952344416713,0.14236875060855966,-0.5750577332245519,0.8597952344416713
2.6460251046025105,15,7,37,0.14642205092578084,0.36607701409033844,-0.5710888966912825,0.8639329985428442,15 °C,7,50,0.9,0.9,0.9,3.8,4.962499999999997,7.2,TRUE,TRUE,0.14642205092578084,-0.5710888966912825,0.8639329985428442,0.14642205092578084,-0.5710888966912825,0.8639329985428442
2.697907949790795,15,7,37,0.15047535124300135,0.36613053782677596,-0.5671405028974795,0.8680912053834823,15 °C,7,50,0.9,0.9,0.9,3.8,4.962499999999997,7.2,TRUE,TRUE,0.15047535124300135,-0.5671405028974795,0.8680912053834823,0.15047535124300135,-0.5671405028974795,0.8680912053834823
2.74979079497908,15,7,37,0.15452865156022225,0.36619448695893153,-0.5632125428792836,0.872269845999728,15 °C,7,50,0.9,0.9,0.9,3.8,4.962499999999997,7.2,TRUE,TRUE,0.15452865156022225,-0.5632125428792836,0.872269845999728,0.15452865156022225,-0.5632125428792836,0.872269845999728
2.801673640167364,15,7,37,0.15858195187744303,0.3662688560261034,-0.5593050059337196,0.8764689096886057,15 °C,7,50,0.9,0.9,0.9,3.8,4.962499999999997,7.2,TRUE,TRUE,0.15858195187744303,-0.5593050059337196,0.8764689096886057,0.15858195187744303,-0.5593050059337196,0.8764689096886057
2.8535564853556488,15,7,37,0.16263525219466393,0.3663536386826129,-0.5554178796232574,0.8806883840125852,15 °C,7,50,0.9,0.9,0.9,3.8,4.962499999999997,7.2,TRUE,TRUE,0.16263525219466393,-0.5554178796232574,0.8806883840125852,0.16263525219466393,-0.5554178796232574,0.8806883840125852
2.9054393305439334,15,7,37,0.16668855251188444,0.36644882770050563,-0.5515511497811066,0.8849282548048755,15 °C,7,50,0.9,0.9,0.9,3.8,4.962499999999997,7.2,TRUE,TRUE,0.16668855251188444,-0.5515511497811066,0.8849282548048755,0.16668855251188444,-0.5515511497811066,0.8849282548048755
2.9573221757322177,15,7,37,0.17074185282910517,0.36655441497262575,-0.5477048005172414,0.8891885061754516,15 °C,7,50,0.9,0.9,0.9,3.8,4.962499999999997,7.2,TRUE,TRUE,0.17074185282910517,-0.5477048005172414,0.8891885061754516,0.17074185282910517,-0.5477048005172414,0.8891885061754516
3.0092050209205023,15,7,37,0.17479515314632613,0.36667039151605557,-0.5438788142251428,0.893469120517795,15 °C,7,50,0.9,0.9,0.9,3.8,4.962499999999997,7.2,TRUE,TRUE,0.17479515314632613,-0.5438788142251428,0.893469120517795,0.17479515314632613,-0.5438788142251428,0.893469120517795
3.061087866108787,15,7,37,0.17884845346354658,0.36679674747592245,-0.5400731715892614,0.8977700785163546,15 °C,7,50,0.9,0.9,0.9,3.8,4.962499999999997,7.2,TRUE,TRUE,0.17884845346354658,-0.5400731715892614,0.8977700785163546,0.17884845346354658,-0.5400731715892614,0.8977700785163546
3.1129707112970713,15,7,37,0.1829017537807674,0.36693347212956495,-0.5362878515931799,0.9020913591547146,15 °C,7,50,0.9,0.9,0.9,3.8,4.962499999999997,7.2,TRUE,TRUE,0.1829017537807674,-0.5362878515931799,0.9020913591547146,0.1829017537807674,-0.5362878515931799,0.9020913591547146
3.164853556485356,15,7,37,0.18695505409798827,0.3670805538910572,-0.5325228315284838,0.9064329397244604,15 °C,7,50,0.9,0.9,0.9,3.8,4.962499999999997,7.2,TRUE,TRUE,0.18695505409798827,-0.5325228315284838,0.9064329397244604,0.18695505409798827,-0.5325228315284838,0.9064329397244604
3.2167364016736406,15,7,37,0.19100835441520878,0.3672379803160847,-0.5287780870043172,0.9107947958347348,15 °C,7,50,0.9,0.9,0.9,3.8,4.962499999999997,7.2,TRUE,TRUE,0.19100835441520878,-0.5287780870043172,0.9107947958347348,0.19100835441520878,-0.5287780870043172,0.9107947958347348
3.268619246861925,15,7,37,0.19506165473242976,0.36740573810716853,-0.5250535919576206,0.9151769014224801,15 °C,7,50,0.9,0.9,0.9,3.8,4.962499999999997,7.2,TRUE,TRUE,0.19506165473242976,-0.5250535919576206,0.9151769014224801,0.19506165473242976,-0.5250535919576206,0.9151769014224801
3.3205020920502095,15,7,37,0.1991149550496507,0.36758381311923144,-0.5213493186640429,0.9195792287633443,15 °C,7,50,0.9,0.9,0.9,3.8,4.962499999999997,7.2,TRUE,TRUE,0.1991149550496507,-0.5213493186640429,0.9195792287633443,0.1991149550496507,-0.5213493186640429,0.9195792287633443
3.372384937238494,15,7,37,0.20316825536687158,0.3677721903655024,-0.5176652377495131,0.9240017484832562,15 °C,7,50,0.9,0.9,0.9,3.8,4.962499999999997,7.2,TRUE,TRUE,0.20316825536687158,-0.5176652377495131,0.9240017484832562,0.20316825536687158,-0.5176652377495131,0.9240017484832562
3.4242677824267784,15,7,37,0.20722155568409173,0.3679708540237517,-0.5140013182024615,0.928444429570645,15 °C,7,50,0.9,0.9,0.9,3.8,4.962499999999997,7.2,TRUE,TRUE,0.20722155568409173,-0.5140013182024615,0.928444429570645,0.20722155568409173,-0.5140013182024615,0.928444429570645
3.476150627615063,15,7,37,0.21127485600131307,0.3681797874428519,-0.5103575273866767,0.9329072393893028,15 °C,7,50,0.9,0.9,0.9,3.8,4.962499999999997,7.2,TRUE,TRUE,0.21127485600131307,-0.5103575273866767,0.9329072393893028,0.21127485600131307,-0.5103575273866767,0.9329072393893028
3.528033472803348,15,7,37,0.2153281563185332,0.36839897314965825,-0.506733831054797,0.9373901436918634,15 °C,7,50,0.9,0.9,0.9,3.8,4.962499999999997,7.2,TRUE,TRUE,0.2153281563185332,-0.506733831054797,0.9373901436918634,0.2153281563185332,-0.506733831054797,0.9373901436918634
3.579916317991632,15,7,37,0.21938145663575453,0.3686283928562015,-0.5031301933624004,0.9418931066339096,15 °C,7,50,0.9,0.9,0.9,3.8,4.962499999999997,7.2,TRUE,TRUE,0.21938145663575453,-0.5031301933624004,0.9418931066339096,0.21938145663575453,-0.5031301933624004,0.9418931066339096
3.6317991631799167,15,7,37,0.22343475695297466,0.3688680274671878,-0.4995465768827134,0.9464160907886627,15 °C,7,50,0.9,0.9,0.9,3.8,4.962499999999997,7.2,TRUE,TRUE,0.22343475695297466,-0.4995465768827134,0.9464160907886627,0.22343475695297466,-0.4995465768827134,0.9464160907886627
3.6836820083682014,15,7,37,0.227488057270196,0.369117857087796,-0.4959829426218841,0.9509590571622761,15 °C,7,50,0.9,0.9,0.9,3.8,4.962499999999997,7.2,TRUE,TRUE,0.227488057270196,-0.4959829426218841,0.9509590571622761,0.227488057270196,-0.4959829426218841,0.9509590571622761
3.7355648535564856,15,7,37,0.23154135758741695,0.3693778610317673,-0.49243925003484695,0.9555219652096809,15 °C,7,50,0.9,0.9,0.9,3.8,4.962499999999997,7.2,TRUE,TRUE,0.23154135758741695,-0.49243925003484695,0.9555219652096809,0.23154135758741695,-0.49243925003484695,0.9555219652096809
3.7874476987447703,15,7,37,0.23559465790463702,0.36964801782977996,-0.4889154570417317,0.9601047728510057,15 °C,7,50,0.9,0.9,0.9,3.8,4.962499999999997,7.2,TRUE,TRUE,0.23559465790463702,-0.4889154570417317,0.9601047728510057,0.23559465790463702,-0.4889154570417317,0.9601047728510057
3.839330543933055,15,7,37,0.23964795822185836,0.36992830523809805,-0.4854115200448138,0.9647074364885305,15 °C,7,50,0.9,0.9,0.9,3.8,4.962499999999997,7.2,TRUE,TRUE,0.23964795822185836,-0.4854115200448138,0.9647074364885305,0.23964795822185836,-0.4854115200448138,0.9647074364885305
3.891213389121339,15,7,37,0.24370125853907895,0.3702187002474917,-0.4819273939460047,0.9693299110241627,15 °C,7,50,0.9,0.9,0.9,3.8,4.962499999999997,7.2,TRUE,TRUE,0.24370125853907895,-0.4819273939460047,0.9693299110241627,0.24370125853907895,-0.4819273939460047,0.9693299110241627
3.943096234309624,15,7,37,0.24775455885629982,0.3705191790924154,-0.4784630321648343,0.973972149877434,15 °C,7,50,0.9,0.9,0.9,3.8,4.962499999999997,7.2,TRUE,TRUE,0.24775455885629982,-0.4784630321648343,0.973972149877434,0.24775455885629982,-0.4784630321648343,0.973972149877434
3.9949790794979085,15,7,37,0.25180785917352033,0.37082971726043895,-0.47501838665693996,0.9786341050039806,15 °C,7,50,0.9,0.9,0.9,3.8,4.962499999999997,7.2,TRUE,TRUE,0.25180785917352033,-0.47501838665693996,0.9786341050039806,0.25180785917352033,-0.47501838665693996,0.9786341050039806
4.046861924686193,15,7,37,0.2558611594907417,0.37115028950192325,-0.4715934079330279,0.9833157269145112,15 °C,7,50,0.9,0.9,0.9,3.8,4.962499999999997,7.2,TRUE,TRUE,0.2558611594907417,-0.4715934079330279,0.9833157269145112,0.2558611594907417,-0.4715934079330279,0.9833157269145112
4.098744769874477,15,7,37,0.2599144598079619,0.371480869839929,-0.4681880450782989,0.9880169646942227,15 °C,7,50,0.9,0.9,0.9,3.8,4.962499999999997,7.2,TRUE,TRUE,0.2599144598079619,-0.4681880450782989,0.9880169646942227,0.2599144598079619,-0.4681880450782989,0.9880169646942227
4.150627615062762,15,7,37,0.2639677601251823,0.37182143158035375,-0.464802245772311,0.9927377660226756,15 °C,7,50,0.9,0.9,0.9,3.8,4.962499999999997,7.2,TRUE,TRUE,0.2639677601251823,-0.464802245772311,0.9927377660226756,0.2639677601251823,-0.464802245772311,0.9927377660226756
4.202510460251046,15,7,37,0.2680210604424037,0.37217194732228487,-0.4614359563092746,0.997478077194082,15 °C,7,50,0.9,0.9,0.9,3.8,4.962499999999997,7.2,TRUE,TRUE,0.2680210604424037,-0.4614359563092746,0.997478077194082,0.2680210604424037,-0.4614359563092746,0.997478077194082
4.254393305439331,15,7,37,0.27207436075962416,0.37253238896856206,-0.4580891216187574,1.0022378431380057,15 °C,7,50,0.9,0.9,0.9,3.8,4.962499999999997,7.2,TRUE,TRUE,0.27207436075962416,-0.4580891216187574,1.0022378431380057,0.27207436075962416,-0.4580891216187574,1.0022378431380057
4.306276150627616,15,7,37,0.2761276610768455,0.3729027277365387,-0.4547616852867704,1.0070170074404614,15 °C,7,50,0.9,0.9,0.9,3.8,4.962499999999997,7.2,TRUE,TRUE,0.2761276610768455,-0.4547616852867704,1.0070170074404614,0.2761276610768455,-0.4547616852867704,1.0070170074404614
4.3581589958159,15,7,37,0.28018096139406556,0.373282934169033,-0.45145358957723913,1.0118155123653703,15 °C,7,50,0.9,0.9,0.9,3.8,4.962499999999997,7.2,TRUE,TRUE,0.28018096139406556,-0.45145358957723913,1.0118155123653703,0.28018096139406556,-0.45145358957723913,1.0118155123653703
4.410041841004184,15,7,37,0.28423426171128624,0.37367297814546174,-0.4481647754538188,1.0166332988763913,15 °C,7,50,0.9,0.9,0.9,3.8,4.962499999999997,7.2,TRUE,TRUE,0.28423426171128624,-0.4481647754538188,1.0166332988763913,0.28423426171128624,-0.4481647754538188,1.0166332988763913
4.461924686192469,15,7,37,0.28828756202850675,0.37407282889314386,-0.44489518260205524,1.0214703066590687,15 °C,7,50,0.9,0.9,0.9,3.8,4.962499999999997,7.2,TRUE,TRUE,0.28828756202850675,-0.44489518260205524,1.0214703066590687,0.28828756202850675,-0.44489518260205524,1.0214703066590687
4.5138075313807535,15,7,37,0.2923408623457284,0.37448245499876825,-0.4416447494518574,1.0263264741433142,15 °C,7,50,0.9,0.9,0.9,3.8,4.962499999999997,7.2,TRUE,TRUE,0.2923408623457284,-0.4416447494518574,1.0263264741433142,0.2923408623457284,-0.4416447494518574,1.0263264741433142
4.565690376569038,15,7,37,0.29639416266294893,0.3749018244200129,-0.4384134132002764,1.0312017385261742,15 °C,7,50,0.9,0.9,0.9,3.8,4.962499999999997,7.2,TRUE,TRUE,0.29639416266294893,-0.4384134132002764,1.0312017385261742,0.29639416266294893,-0.4384134132002764,1.0312017385261742
4.617573221757323,15,7,37,0.30044746298016994,0.3753309044973092,-0.4352011098345561,1.036096035794896,15 °C,7,50,0.9,0.9,0.9,3.8,4.962499999999997,7.2,TRUE,TRUE,0.30044746298016994,-0.4352011098345561,1.036096035794896,0.30044746298016994,-0.4352011098345561,1.036096035794896
4.6694560669456076,15,7,37,0.30450076329739,0.37576966196574074,-0.4320077741554618,1.041009300750242,15 °C,7,50,0.9,0.9,0.9,3.8,4.962499999999997,7.2,TRUE,TRUE,0.30450076329739,-0.4320077741554618,1.041009300750242,0.30450076329739,-0.4320077741554618,1.041009300750242
4.721338912133891,15,7,37,0.30855406361461096,0.3762180629670649,-0.4288333398008362,1.0459414670300582,15 °C,7,50,0.9,0.9,0.9,3.8,4.962499999999997,7.2,TRUE,TRUE,0.30855406361461096,-0.4288333398008362,1.0459414670300582,0.30855406361461096,-0.4288333398008362,1.0459414670300582
4.773221757322176,15,7,37,0.3126073639318319,0.37667607306185275,-0.4256777392693995,1.0508924671330633,15 °C,7,50,0.9,0.9,0.9,3.8,4.962499999999997,7.2,TRUE,TRUE,0.3126073639318319,-0.4256777392693995,1.0508924671330633,0.3126073639318319,-0.4256777392693995,1.0508924671330633
4.825104602510461,15,7,37,0.31666066424905287,0.37714365724173415,-0.422540903944746,1.0558622324428517,15 °C,7,50,0.9,0.9,0.9,3.8,4.962499999999997,7.2,TRUE,TRUE,0.31666066424905287,-0.422540903944746,1.0558622324428517,0.31666066424905287,-0.422540903944746,1.0558622324428517
4.876987447698745,15,7,37,0.32071396456627294,0.37762077994173926,-0.419422764119536,1.0608506932520818,15 °C,7,50,0.9,0.9,0.9,3.8,4.962499999999997,7.2,TRUE,TRUE,0.32071396456627294,-0.419422764119536,1.0608506932520818,0.32071396456627294,-0.419422764119536,1.0608506932520818
4.92887029288703,15,7,37,0.32476726488349383,0.3781074050527296,-0.4163232490198562,1.0658577787868437,15 °C,7,50,0.9,0.9,0.9,3.8,4.962499999999997,7.2,TRUE,TRUE,0.32476726488349383,-0.4163232490198562,1.0658577787868437,0.32476726488349383,-0.4163232490198562,1.0658577787868437
4.980753138075315,15,7,37,0.3288205652007152,0.3786034959339058,-0.4132422868297401,1.0708834172311705,15 °C,7,50,0.9,0.9,0.9,3.8,4.962499999999997,7.2,TRUE,FALSE,0.3288205652007152,-0.4132422868297401,1.0708834172311705,NA,NA,NA
5.0326359832635985,15,7,37,0.33287386551793496,0.37910901542538594,-0.4101798047158215,1.0759275357516915,15 °C,7,50,0.9,0.9,0.9,3.8,4.962499999999997,7.2,TRUE,FALSE,0.33287386551793496,-0.4101798047158215,1.0759275357516915,NA,NA,NA
5.084518828451883,15,7,37,0.3369271658351571,0.37962392586084537,-0.40713572885209987,1.080990060522414,15 °C,7,50,0.9,0.9,0.9,3.8,4.962499999999997,7.2,TRUE,FALSE,0.3369271658351571,-0.40713572885209987,1.080990060522414,NA,NA,NA
5.136401673640168,15,7,37,0.34098046615237676,0.3801481890802058,-0.4041099844448266,1.0860709167495801,15 °C,7,50,0.9,0.9,0.9,3.8,4.962499999999997,7.2,TRUE,FALSE,0.34098046615237676,-0.4041099844448266,1.0860709167495801,NA,NA,NA
5.1882845188284525,15,7,37,0.34503376646959855,0.3806817664423714,-0.40110249575744933,1.0911700286966464,15 °C,7,50,0.9,0.9,0.9,3.8,4.962499999999997,7.2,TRUE,FALSE,0.34503376646959855,-0.40110249575744933,1.0911700286966464,NA,NA,NA
5.240167364016737,15,7,37,0.3490870667868182,0.38122461883799286,-0.3981131861356477,1.0962873197092842,15 °C,7,50,0.9,0.9,0.9,3.8,4.962499999999997,7.2,TRUE,FALSE,0.3490870667868182,-0.3981131861356477,1.0962873197092842,NA,NA,NA
5.292050209205021,15,7,37,0.35314036710404,0.38177670670226366,-0.39514197803239676,1.1014227122404767,15 °C,7,50,0.9,0.9,0.9,3.8,4.962499999999997,7.2,TRUE,FALSE,0.35314036710404,-0.39514197803239676,1.1014227122404767,NA,NA,NA
5.343933054393306,15,7,37,0.35719366742126013,0.38233799002772934,-0.3921887930330894,1.1065761278756097,15 °C,7,50,0.9,0.9,0.9,3.8,4.962499999999997,7.2,TRUE,FALSE,0.35719366742126013,-0.3921887930330894,1.1065761278756097,NA,NA,NA
5.39581589958159,15,7,37,0.3612469677384815,0.382908428377107,-0.3892535518806482,1.1117474873576112,15 °C,7,50,0.9,0.9,0.9,3.8,4.962499999999997,7.2,TRUE,FALSE,0.3612469677384815,-0.3892535518806482,1.1117474873576112,NA,NA,NA
5.447698744769875,15,7,37,0.36530026805570115,0.3834879808961072,-0.3863361745006689,1.1169367106120713,15 °C,7,50,0.9,0.9,0.9,3.8,4.962499999999997,7.2,TRUE,FALSE,0.36530026805570115,-0.3863361745006689,1.1169367106120713,NA,NA,NA
5.49958158995816,15,7,37,0.36935356837292327,0.384076606326244,-0.383436580026515,1.1221437167723616,15 °C,7,50,0.9,0.9,0.9,3.8,4.962499999999997,7.2,TRUE,FALSE,0.36935356837292327,-0.383436580026515,1.1221437167723616,NA,NA,NA
5.551464435146444,15,7,37,0.3734068686901434,0.38467426301763463,-0.3805546868244205,1.1273684242047073,15 °C,7,50,0.9,0.9,0.9,3.8,4.962499999999997,7.2,TRUE,FALSE,0.3734068686901434,-0.3805546868244205,1.1273684242047073,NA,NA,NA
5.603347280334728,15,7,37,0.3774601690073644,0.3852809089417758,-0.37769041251851615,1.132610750533245,15 °C,7,50,0.9,0.9,0.9,3.8,4.962499999999997,7.2,TRUE,FALSE,0.3774601690073644,-0.37769041251851615,1.132610750533245,NA,NA,NA
5.655230125523013,15,7,37,0.38151346932458413,0.38589650170428563,-0.3748436740158157,1.137870612664984,15 °C,7,50,0.9,0.9,0.9,3.8,4.962499999999997,7.2,TRUE,FALSE,0.38151346932458413,-0.3748436740158157,1.137870612664984,NA,NA,NA
5.7071129707112975,15,7,37,0.38556676964180664,0.3865209985576144,-0.37201438753111754,1.1431479268147309,15 °C,7,50,0.9,0.9,0.9,3.8,4.962499999999997,7.2,TRUE,FALSE,0.38556676964180664,-0.37201438753111754,1.1431479268147309,NA,NA,NA
5.758995815899582,15,7,37,0.38962006995902587,0.38715435641370405,-0.36920246861183403,1.1484426085298858,15 °C,7,50,0.9,0.9,0.9,3.8,4.962499999999997,7.2,TRUE,FALSE,0.38962006995902587,-0.36920246861183403,1.1484426085298858,NA,NA,NA
5.810878661087867,15,7,37,0.3936733702762472,0.3877965318566011,-0.36640783216269096,1.1537545727151854,15 °C,7,50,0.9,0.9,0.9,3.8,4.962499999999997,7.2,TRUE,FALSE,0.3936733702762472,-0.36640783216269096,1.1537545727151854,NA,NA,NA
5.862761506276152,15,7,37,0.39772667059346734,0.388447481155009,-0.36363039247035023,1.159083733657285,15 °C,7,50,0.9,0.9,0.9,3.8,4.962499999999997,7.2,TRUE,FALSE,0.39772667059346734,-0.36363039247035023,1.159083733657285,NA,NA,NA
5.914644351464435,15,7,37,0.4017799709106887,0.389107160274774,-0.36087006322786835,1.1644300050492458,15 °C,7,50,0.9,0.9,0.9,3.8,4.962499999999997,7.2,TRUE,FALSE,0.4017799709106887,-0.36087006322786835,1.1644300050492458,NA,NA,NA
5.96652719665272,15,7,37,0.4058332712279093,0.38977552489130324,-0.35812675755904505,1.1697933000148637,15 °C,7,50,0.9,0.9,0.9,3.8,4.962499999999997,7.2,TRUE,FALSE,0.4058332712279093,-0.35812675755904505,1.1697933000148637,NA,NA,NA
6.018410041841005,15,7,37,0.4098865715451306,0.3904525304019016,-0.3554003880425965,1.1751735311328577,15 °C,7,50,0.9,0.9,0.9,3.8,4.962499999999997,7.2,TRUE,FALSE,0.4098865715451306,-0.3554003880425965,1.1751735311328577,NA,NA,NA
6.070292887029289,15,7,37,0.4139398718623503,0.3911381319380264,-0.3526908667361814,1.180570610460882,15 °C,7,50,0.9,0.9,0.9,3.8,4.962499999999997,7.2,TRUE,FALSE,0.4139398718623503,-0.3526908667361814,1.180570610460882,NA,NA,NA
6.122175732217574,15,7,37,0.41799317217957194,0.39183228437745526,-0.3499981052002404,1.1859844495593843,15 °C,7,50,0.9,0.9,0.9,3.8,4.962499999999997,7.2,TRUE,FALSE,0.41799317217957194,-0.3499981052002404,1.1859844495593843,NA,NA,NA
6.174058577405859,15,7,37,0.4220464724967925,0.39253494235635267,-0.3473220145216587,1.1914149595152437,15 °C,7,50,0.9,0.9,0.9,3.8,4.962499999999997,7.2,TRUE,FALSE,0.4220464724967925,-0.3473220145216587,1.1914149595152437,NA,NA,NA
6.2259414225941425,15,7,37,0.4260997728140127,0.3932460602812445,-0.34466250533722653,1.1968620509652519,15 °C,7,50,0.9,0.9,0.9,3.8,4.962499999999997,7.2,TRUE,FALSE,0.4260997728140127,-0.34466250533722653,1.1968620509652519,NA,NA,NA
6.277824267782427,15,7,37,0.4301530731312344,0.39396559234087886,-0.3420194878568882,1.2023256341193571,15 °C,7,50,0.9,0.9,0.9,3.8,4.962499999999997,7.2,TRUE,FALSE,0.4301530731312344,-0.3420194878568882,1.2023256341193571,NA,NA,NA
6.329707112970712,15,7,37,0.43420637344845486,0.3946934925179834,-0.3393928718867926,1.2078056187837023,15 °C,7,50,0.9,0.9,0.9,3.8,4.962499999999997,7.2,TRUE,FALSE,0.43420637344845486,-0.3393928718867926,1.2078056187837023,NA,NA,NA
6.3815899581589965,15,7,37,0.4382596737656755,0.3954297146009036,-0.33678256685209557,1.2133019143834465,15 °C,7,50,0.9,0.9,0.9,3.8,4.962499999999997,7.2,TRUE,FALSE,0.4382596737656755,-0.33678256685209557,1.2133019143834465,NA,NA,NA
6.433472803347281,15,7,37,0.4423129740828963,0.3961742121951215,-0.3341884818195418,1.2188144299853345,15 °C,7,50,0.9,0.9,0.9,3.8,4.962499999999997,7.2,TRUE,FALSE,0.4423129740828963,-0.3341884818195418,1.2188144299853345,NA,NA,NA
6.485355648535566,15,7,37,0.44636627440011767,0.39692693873465296,-0.3316105255198021,1.2243430743200374,15 °C,7,50,0.9,0.9,0.9,3.8,4.962499999999997,7.2,TRUE,FALSE,0.44636627440011767,-0.3316105255198021,1.2243430743200374,NA,NA,NA
6.53723849372385,15,7,37,0.4504195747173383,0.39768784749331354,-0.32904860636955624,1.2298877558042327,15 °C,7,50,0.9,0.9,0.9,3.8,4.962499999999997,7.2,TRUE,FALSE,0.4504195747173383,-0.32904860636955624,1.2298877558042327,NA,NA,NA
6.589121338912134,15,7,37,0.45447287503455885,0.39845689159585557,-0.32650263249331807,1.2354483825624358,15 °C,7,50,0.9,0.9,0.9,3.8,4.962499999999997,7.2,TRUE,FALSE,0.45447287503455885,-0.32650263249331807,1.2354483825624358,NA,NA,NA
6.641004184100419,15,7,37,0.4585261753517793,0.3992340240289679,-0.32397251174499775,1.2410248624485565,15 °C,7,50,0.9,0.9,0.9,3.8,4.962499999999997,7.2,TRUE,FALSE,0.4585261753517793,-0.32397251174499775,1.2410248624485565,NA,NA,NA
6.692887029288704,15,7,37,0.46257947566900065,0.40001919765213567,-0.3214581517291853,1.2466171030671866,15 °C,7,50,0.9,0.9,0.9,3.8,4.962499999999997,7.2,TRUE,FALSE,0.46257947566900065,-0.3214581517291853,1.2466171030671866,NA,NA,NA
6.744769874476988,15,7,37,0.46663277598622105,0.40081236520835845,-0.3189594598221615,1.2522250117946037,15 °C,7,50,0.9,0.9,0.9,3.8,4.962499999999997,7.2,TRUE,FALSE,0.46663277598622105,-0.3189594598221615,1.2522250117946037,NA,NA,NA
6.796652719665272,15,7,37,0.4706860763034418,0.401613479334725,-0.31647634319261925,1.2578484957995029,15 °C,7,50,0.9,0.9,0.9,3.8,4.962499999999997,7.2,TRUE,FALSE,0.4706860763034418,-0.31647634319261925,1.2578484957995029,NA,NA,NA
6.848535564853557,15,7,37,0.47473937662066223,0.4024224925728341,-0.31400870882209253,1.2634874620634169,15 °C,7,50,0.9,0.9,0.9,3.8,4.962499999999997,7.2,TRUE,FALSE,0.47473937662066223,-0.31400870882209253,1.2634874620634169,NA,NA,NA
6.9004184100418415,15,7,37,0.47879267693788446,0.40323935737907174,-0.3115564635250961,1.269141817400865,15 °C,7,50,0.9,0.9,0.9,3.8,4.962499999999997,7.2,TRUE,FALSE,0.47879267693788446,-0.3115564635250961,1.269141817400865,NA,NA,NA
6.952301255230126,15,7,37,0.4828459772551049,0.4040640261347271,-0.3091195139689602,1.27481146847917,15 °C,7,50,0.9,0.9,0.9,3.8,4.962499999999997,7.2,TRUE,FALSE,0.4828459772551049,-0.3091195139689602,1.27481146847917,NA,NA,NA
7.004184100418411,15,7,37,0.4868992775723255,0.40489645115595735,-0.30669776669335086,1.2804963218380019,15 °C,7,50,0.9,0.9,0.9,3.8,4.962499999999997,7.2,TRUE,FALSE,0.4868992775723255,-0.30669776669335086,1.2804963218380019,NA,NA,NA
7.056066945606696,15,7,37,0.49095257788954516,0.40573658470359253,-0.3042911281294962,1.2861962839085865,15 °C,7,50,0.9,0.9,0.9,3.8,4.962499999999997,7.2,TRUE,FALSE,0.49095257788954516,-0.3042911281294962,1.2861962839085865,NA,NA,NA
7.107949790794979,15,7,37,0.4950058782067665,0.4065843789927839,-0.30189950461908993,1.2919112610326229,15 °C,7,50,0.9,0.9,0.9,3.8,4.962499999999997,7.2,TRUE,FALSE,0.4950058782067665,-0.30189950461908993,1.2919112610326229,NA,NA,NA
7.159832635983264,15,7,37,0.49905917852398785,0.40743978620248195,-0.29952280243287677,1.2976411594808526,15 °C,7,50,0.9,0.9,0.9,3.8,4.962499999999997,7.2,TRUE,FALSE,0.49905917852398785,-0.29952280243287677,1.2976411594808526,NA,NA,NA
7.211715481171549,15,7,37,0.5031124788412085,0.4083027584847614,-0.2971609277889239,1.3033858854713407,15 °C,7,50,0.9,0.9,0.9,3.8,4.962499999999997,7.2,FALSE,FALSE,NA,NA,NA,NA,NA,NA
7.263598326359833,15,7,37,0.5071657791584281,0.4091732479739735,-0.2948137868705599,1.309145345187416,15 °C,7,50,0.9,0.9,0.9,3.8,4.962499999999997,7.2,FALSE,FALSE,NA,NA,NA,NA,NA,NA
7.315481171548118,15,7,37,0.5112190794756493,0.4100512067957381,-0.29248128584399735,1.3149194447952959,15 °C,7,50,0.9,0.9,0.9,3.8,4.962499999999997,7.2,FALSE,FALSE,NA,NA,NA,NA,NA,NA
7.367364016736403,15,7,37,0.5152723797928699,0.410936587075763,-0.2901633308756256,1.3207080904613653,15 °C,7,50,0.9,0.9,0.9,3.8,4.962499999999997,7.2,FALSE,FALSE,NA,NA,NA,NA,NA,NA
7.4192468619246865,15,7,37,0.5193256801100905,0.41182934094849927,-0.28785982814896804,1.3265111883691492,15 °C,7,50,0.9,0.9,0.9,3.8,4.962499999999997,7.2,FALSE,FALSE,NA,NA,NA,NA,NA,NA
7.471129707112971,15,7,37,0.5233789804273118,0.41272942056562806,-0.28557068388131923,1.3323286447359428,15 °C,7,50,0.9,0.9,0.9,3.8,4.962499999999997,7.2,FALSE,FALSE,NA,NA,NA,NA,NA,NA
7.523012552301256,15,7,37,0.5274322807445332,0.41363677810437416,-0.2832958043400402,1.3381603658291066,15 °C,7,50,0.9,0.9,0.9,3.8,4.962499999999997,7.2,FALSE,FALSE,NA,NA,NA,NA,NA,NA
7.5748953974895405,15,7,37,0.5314855810617537,0.41455136577565427,-0.2810350958585287,1.344006257982036,15 °C,7,50,0.9,0.9,0.9,3.8,4.962499999999997,7.2,FALSE,FALSE,NA,NA,NA,NA,NA,NA
7.626778242677825,15,7,37,0.5355388813789742,0.4154731358320508,-0.2787884648518454,1.3498662276097937,15 °C,7,50,0.9,0.9,0.9,3.8,4.962499999999997,7.2,FALSE,FALSE,NA,NA,NA,NA,NA,NA
7.67866108786611,15,7,37,0.5395921816961955,0.41640204057561964,-0.276555817832019,1.35574018122441,15 °C,7,50,0.9,0.9,0.9,3.8,4.962499999999997,7.2,FALSE,FALSE,NA,NA,NA,NA,NA,NA
7.730543933054394,15,7,37,0.5436454820134161,0.41733803236552314,-0.2743370614230092,1.3616280254498414,15 °C,7,50,0.9,0.9,0.9,3.8,4.962499999999997,7.2,FALSE,FALSE,NA,NA,NA,NA,NA,NA
7.782426778242678,15,7,37,0.5476987823306366,0.41828106362549705,-0.2721321023753376,1.3675296670366108,15 °C,7,50,0.9,0.9,0.9,3.8,4.962499999999997,7.2,FALSE,FALSE,NA,NA,NA,NA,NA,NA
7.834309623430963,15,7,37,0.5517520826478571,0.41923108685114574,-0.2699408475803885,1.3734450128761027,15 °C,7,50,0.9,0.9,0.9,3.8,4.962499999999997,7.2,FALSE,FALSE,NA,NA,NA,NA,NA,NA
7.886192468619248,15,7,37,0.5558053829650784,0.42018805461706416,-0.26776320408436727,1.379373970014524,15 °C,7,50,0.9,0.9,0.9,3.8,4.962499999999997,7.2,FALSE,FALSE,NA,NA,NA,NA,NA,NA
7.938075313807532,15,7,37,0.5598586832822989,0.4211519195837979,-0.2655990791019449,1.3853164456665428,15 °C,7,50,0.9,0.9,0.9,3.8,4.962499999999997,7.2,FALSE,FALSE,NA,NA,NA,NA,NA,NA
7.989958158995817,15,7,37,0.5639119835995194,0.4221226345046266,-0.26344838002954873,1.3912723472285875,15 °C,7,50,0.9,0.9,0.9,3.8,4.962499999999997,7.2,FALSE,FALSE,NA,NA,NA,NA,NA,NA
8.041841004184102,15,7,37,0.56796528391674,0.42310015223218783,-0.26131101445834815,1.397241582291828,15 °C,7,50,0.9,0.9,0.9,3.8,4.962499999999997,7.2,FALSE,FALSE,NA,NA,NA,NA,NA,NA
8.093723849372386,15,7,37,0.5720185842339621,0.42408442572492455,-0.25918689018689,1.4032240586548141,15 °C,7,50,0.9,0.9,0.9,3.8,4.962499999999997,7.2,FALSE,FALSE,NA,NA,NA,NA,NA,NA
8.145606694560671,15,7,37,0.5760718845511825,0.42507540805337296,-0.25707591523342843,1.4092196843357936,15 °C,7,50,0.9,0.9,0.9,3.8,4.962499999999997,7.2,FALSE,FALSE,NA,NA,NA,NA,NA,NA
8.197489539748954,15,7,37,0.5801251848684026,0.4260730524062852,-0.2549779978479163,1.4152283675847215,15 °C,7,50,0.9,0.9,0.9,3.8,4.962499999999997,7.2,FALSE,FALSE,NA,NA,NA,NA,NA,NA
8.249372384937239,15,7,37,0.5841784851856238,0.42707731209658173,-0.2528930465236764,1.4212500168949238,15 °C,7,50,0.9,0.9,0.9,3.8,4.962499999999997,7.2,FALSE,FALSE,NA,NA,NA,NA,NA,NA
8.301255230125523,15,7,37,0.5882317855028434,0.4280881405671465,-0.2508209700087638,1.4272845410144506,15 °C,7,50,0.9,0.9,0.9,3.8,4.962499999999997,7.2,FALSE,FALSE,NA,NA,NA,NA,NA,NA
8.353138075313808,15,7,37,0.5922850858200648,0.42910549139646104,-0.24876167731699883,1.4333318489571285,15 °C,7,50,0.9,0.9,0.9,3.8,4.962499999999997,7.2,FALSE,FALSE,NA,NA,NA,NA,NA,NA
8.405020920502093,15,7,37,0.5963383861372853,0.4301293183040696,-0.24671507773869106,1.4393918500132616,15 °C,7,50,0.9,0.9,0.9,3.8,4.962499999999997,7.2,FALSE,FALSE,NA,NA,NA,NA,NA,NA
8.456903765690377,15,7,37,0.6003916864545067,0.4311595751558968,-0.244681080851051,1.4454644537600645,15 °C,7,50,0.9,0.9,0.9,3.8,4.962499999999997,7.2,FALSE,FALSE,NA,NA,NA,NA,NA,NA
8.508786610878662,15,7,37,0.6044449867717271,0.43219621596939983,-0.2426595965282966,1.4515495700717507,15 °C,7,50,0.9,0.9,0.9,3.8,4.962499999999997,7.2,FALSE,FALSE,NA,NA,NA,NA,NA,NA
8.560669456066947,15,7,37,0.6084982870889493,0.43323919491856644,-0.24065053495144095,1.4576471091293395,15 °C,7,50,0.9,0.9,0.9,3.8,4.962499999999997,7.2,FALSE,FALSE,NA,NA,NA,NA,NA,NA
8.612552301255231,15,7,37,0.6125515874061698,0.43428846633875856,-0.238653806617797,1.4637569814301366,15 °C,7,50,0.9,0.9,0.9,3.8,4.962499999999997,7.2,FALSE,FALSE,NA,NA,NA,NA,NA,NA
8.664435146443516,15,7,37,0.6166048877233895,0.4353439847314066,-0.23666932235016747,1.4698790977969465,15 °C,7,50,0.9,0.9,0.9,3.8,4.962499999999997,7.2,FALSE,FALSE,NA,NA,NA,NA,NA,NA
8.7163179916318,15,7,37,0.6206581880406099,0.4364057047685465,-0.23469699330574123,1.476013369386961,15 °C,7,50,0.9,0.9,0.9,3.8,4.962499999999997,7.2,FALSE,FALSE,NA,NA,NA,NA,NA,NA
8.768200836820084,15,7,37,0.6247114883578315,0.4374735812972129,-0.23273673098470582,1.4821597077003688,15 °C,7,50,0.9,0.9,0.9,3.8,4.962499999999997,7.2,FALSE,FALSE,NA,NA,NA,NA,NA,NA
8.820083682008368,15,7,37,0.6287647886750513,0.4385475693436814,-0.2307884472385643,1.4883180245886667,15 °C,7,50,0.9,0.9,0.9,3.8,4.962499999999997,7.2,FALSE,FALSE,NA,NA,NA,NA,NA,NA
8.871966527196653,15,7,37,0.6328180889922725,0.4396276241175674,-0.22885205427815958,1.4944882322627047,15 °C,7,50,0.9,0.9,0.9,3.8,4.962499999999997,7.2,FALSE,FALSE,NA,NA,NA,NA,NA,NA
8.923849372384938,15,7,37,0.6368713893094923,0.4407137010157823,-0.22692746468144098,1.5006702433004255,15 °C,7,50,0.9,0.9,0.9,3.8,4.962499999999997,7.2,FALSE,FALSE,NA,NA,NA,NA,NA,NA
8.975732217573222,15,7,37,0.6409246896267151,0.44180575562634233,-0.22501459140091584,1.506863970654346,15 °C,7,50,0.9,0.9,0.9,3.8,4.962499999999997,7.2,FALSE,FALSE,NA,NA,NA,NA,NA,NA
9.027615062761507,15,7,37,0.6449779899439347,0.44290374373204755,-0.22311334777087843,1.513069327658748,15 °C,7,50,0.9,0.9,0.9,3.8,4.962499999999997,7.2,FALSE,FALSE,NA,NA,NA,NA,NA,NA
9.079497907949792,15,7,37,0.6490312902611554,0.4440076213140133,-0.22122364751431067,1.5192862280366213,15 °C,7,50,0.9,0.9,0.9,3.8,4.962499999999997,7.2,FALSE,FALSE,NA,NA,NA,NA,NA,NA
9.131380753138076,15,7,37,0.6530845905783758,0.44511734455507035,-0.2193454047495621,1.5255145859063135,15 °C,7,50,0.9,0.9,0.9,3.8,4.962499999999997,7.2,FALSE,FALSE,NA,NA,NA,NA,NA,NA
9.183263598326361,15,7,37,0.6571378908955972,0.44623286984303423,-0.21747853399674988,1.531754315787944,15 °C,7,50,0.9,0.9,0.9,3.8,4.962499999999997,7.2,FALSE,FALSE,NA,NA,NA,NA,NA,NA
9.235146443514646,15,7,37,0.6611911912128178,0.44735415377383997,-0.21562295018390853,1.538005332609544,15 °C,7,50,0.9,0.9,0.9,3.8,4.962499999999997,7.2,FALSE,FALSE,NA,NA,NA,NA,NA,NA
9.28702928870293,15,7,37,0.6652444915300374,0.4484811531545463,-0.21377856865287326,1.544267551712948,15 °C,7,50,0.9,0.9,0.9,3.8,4.962499999999997,7.2,FALSE,FALSE,NA,NA,NA,NA,NA,NA
9.338912133891215,15,7,37,0.6692977918472588,0.44961382500621383,-0.21194530516492027,1.5505408888594379,15 °C,7,50,0.9,0.9,0.9,3.8,4.962499999999997,7.2,FALSE,FALSE,NA,NA,NA,NA,NA,NA
9.390794979079498,15,7,37,0.6733510921644819,0.4507521265666644,-0.2101230759061804,1.556825260235144,15 °C,7,50,0.9,0.9,0.9,3.8,4.962499999999997,7.2,FALSE,FALSE,NA,NA,NA,NA,NA,NA
9.442677824267783,15,7,37,0.6774043924817007,0.45189601529310547,-0.20831179749278605,1.5631205824561873,15 °C,7,50,0.9,0.9,0.9,3.8,4.962499999999997,7.2,FALSE,FALSE,NA,NA,NA,NA,NA,NA
9.494560669456067,15,7,37,0.6814576927989212,0.4530454488646444,-0.20651138697578175,1.5694267725736242,15 °C,7,50,0.9,0.9,0.9,3.8,4.962499999999997,7.2,FALSE,FALSE,NA,NA,NA,NA,NA,NA
9.546443514644352,15,7,37,0.6855109931161426,0.45420038518468087,-0.2047217618458319,1.5757437480781171,15 °C,7,50,0.9,0.9,0.9,3.8,4.962499999999997,7.2,FALSE,FALSE,NA,NA,NA,NA,NA,NA
9.598326359832637,15,7,37,0.6895642934333639,0.45536078238318084,-0.2029428400376705,1.5820714269043983,15 °C,7,50,0.9,0.9,0.9,3.8,4.962499999999997,7.2,FALSE,FALSE,NA,NA,NA,NA,NA,NA
9.650209205020921,15,7,37,0.6936175937505845,0.45652659881883834,-0.20117453993433865,1.5884097274355078,15 °C,7,50,0.9,0.9,0.9,3.8,4.962499999999997,7.2,FALSE,FALSE,NA,NA,NA,NA,NA,NA
9.702092050209206,15,7,37,0.6976708940678032,0.45769779308112857,-0.1994167803712087,1.594758568506815,15 °C,7,50,0.9,0.9,0.9,3.8,4.962499999999997,7.2,FALSE,FALSE,NA,NA,NA,NA,NA,NA
9.75397489539749,15,7,37,0.7017241943850246,0.4588743239922443,-0.1976694806397742,1.6011178694098236,15 °C,7,50,0.9,0.9,0.9,3.8,4.962499999999997,7.2,FALSE,FALSE,NA,NA,NA,NA,NA,NA
9.805857740585775,15,7,37,0.7057774947022484,0.46005615060893085,-0.19593256049125607,1.6074875498957528,15 °C,7,50,0.9,0.9,0.9,3.8,4.962499999999997,7.2,FALSE,FALSE,NA,NA,NA,NA,NA,NA
9.85774058577406,15,7,37,0.7098307950194664,0.46124323222421343,-0.19420594013999182,1.6138675301789247,15 °C,7,50,0.9,0.9,0.9,3.8,4.962499999999997,7.2,FALSE,FALSE,NA,NA,NA,NA,NA,NA
9.909623430962345,15,7,37,0.7138840953366877,0.46243552836902224,-0.19248954026659582,1.6202577309399713,15 °C,7,50,0.9,0.9,0.9,3.8,4.962499999999997,7.2,FALSE,FALSE,NA,NA,NA,NA,NA,NA
9.96150627615063,15,7,37,0.7179373956539091,0.46363299881371545,-0.19078328202097317,1.6266580733287914,15 °C,7,50,0.9,0.9,0.9,3.8,4.962499999999997,7.2,FALSE,FALSE,NA,NA,NA,NA,NA,NA
10.013389121338912,15,7,37,0.7219906959711297,0.4648356035695035,-0.18908708702509702,1.6330684789673566,15 °C,7,50,0.9,0.9,0.9,3.8,4.962499999999997,7.2,FALSE,FALSE,NA,NA,NA,NA,NA,NA
10.065271966527197,15,7,37,0.7260439962883478,0.46604330288977996,-0.18740087737562094,1.6394888699523165,15 °C,7,50,0.9,0.9,0.9,3.8,4.962499999999997,7.2,FALSE,FALSE,NA,NA,NA,NA,NA,NA
10.117154811715482,15,7,37,0.7300972966055692,0.46725605727135394,-0.18572457564628453,1.6459191688574228,15 °C,7,50,0.9,0.9,0.9,3.8,4.962499999999997,7.2,FALSE,FALSE,NA,NA,NA,NA,NA,NA
10.169037656903766,15,7,37,0.7341505969227929,0.4684738274555901,-0.1840581048901636,1.6523592987357496,15 °C,7,50,0.9,0.9,0.9,3.8,4.962499999999997,7.2,FALSE,FALSE,NA,NA,NA,NA,NA,NA
10.220920502092051,15,7,37,0.7382038972400142,0.4696965744294656,-0.18240138864173838,1.6588091831217668,15 °C,7,50,0.9,0.9,0.9,3.8,4.962499999999997,7.2,FALSE,FALSE,NA,NA,NA,NA,NA,NA
10.272803347280336,15,7,37,0.7422571975572323,0.47092425942652777,-0.18075435091876213,1.6652687460332267,15 °C,7,50,0.9,0.9,0.9,3.8,4.962499999999997,7.2,FALSE,FALSE,NA,NA,NA,NA,NA,NA
10.32468619246862,15,7,37,0.7463104978744536,0.4721568439277742,-0.17911691622398385,1.671737911972891,15 °C,7,50,0.9,0.9,0.9,3.8,4.962499999999997,7.2,FALSE,FALSE,NA,NA,NA,NA,NA,NA
10.376569037656905,15,7,37,0.750363798191675,0.47339428966244895,-0.17748900954672497,1.678216605930075,15 °C,7,50,0.9,0.9,0.9,3.8,4.962499999999997,7.2,FALSE,FALSE,NA,NA,NA,NA,NA,NA
10.42845188284519,15,7,37,0.7544170985088963,0.47463655860875,-0.17587055636425364,1.684704753382046,15 °C,7,50,0.9,0.9,0.9,3.8,4.962499999999997,7.2,FALSE,FALSE,NA,NA,NA,NA,NA,NA
10.480334728033474,15,7,37,0.7584703988261143,0.47588361299446313,-0.17426148264303343,1.6912022802952622,15 °C,7,50,0.9,0.9,0.9,3.8,4.962499999999997,7.2,FALSE,FALSE,NA,NA,NA,NA,NA,NA
10.532217573221759,15,7,37,0.7625236991433357,0.4771354152975186,-0.17266171483980064,1.697709113126472,15 °C,7,50,0.9,0.9,0.9,3.8,4.962499999999997,7.2,FALSE,FALSE,NA,NA,NA,NA,NA,NA
10.584100418410042,15,7,37,0.7665769994605588,0.47839192824646565,-0.17107117990251386,1.7042251788236316,15 °C,7,50,0.9,0.9,0.9,3.8,4.962499999999997,7.2,FALSE,FALSE,NA,NA,NA,NA,NA,NA
10.635983263598327,15,7,37,0.7706302997777792,0.47965311482088013,-0.16948980527114588,1.7107504048267042,15 °C,7,50,0.9,0.9,0.9,3.8,4.962499999999997,7.2,FALSE,FALSE,NA,NA,NA,NA,NA,NA
10.687866108786611,15,7,37,0.7746836000949981,0.4809189382516951,-0.1679175188783243,1.7172847190683207,15 °C,7,50,0.9,0.9,0.9,3.8,4.962499999999997,7.2,FALSE,FALSE,NA,NA,NA,NA,NA,NA
10.739748953974896,15,7,37,0.7787369004122204,0.4821893620214643,-0.16635424914984953,1.7238280499742904,15 °C,7,50,0.9,0.9,0.9,3.8,4.962499999999997,7.2,FALSE,FALSE,NA,NA,NA,NA,NA,NA
10.79163179916318,15,7,37,0.7827902007294408,0.4834643498645593,-0.16479992500509533,1.730380326463977,15 °C,7,50,0.9,0.9,0.9,3.8,4.962499999999997,7.2,FALSE,FALSE,NA,NA,NA,NA,NA,NA
10.843514644351465,15,7,37,0.7868435010466621,0.48474386576729367,-0.1632544758572334,1.7369414779505576,15 °C,7,50,0.9,0.9,0.9,3.8,4.962499999999997,7.2,FALSE,FALSE,NA,NA,NA,NA,NA,NA
10.89539748953975,15,7,37,0.7908968013638811,0.4860278739679895,-0.16171783161337838,1.7435114343411406,15 °C,7,50,0.9,0.9,0.9,3.8,4.962499999999997,7.2,FALSE,FALSE,NA,NA,NA,NA,NA,NA
10.947280334728035,15,7,37,0.7949501016811039,0.4873163389569768,-0.16018992267457055,1.7500901260367785,15 °C,7,50,0.9,0.9,0.9,3.8,4.962499999999997,7.2,FALSE,FALSE,NA,NA,NA,NA,NA,NA
10.99916317991632,15,7,37,0.7990034019983253,0.4886092254765394,-0.15867067993569184,1.7566774839323425,15 °C,7,50,0.9,0.9,0.9,3.8,4.962499999999997,7.2,FALSE,FALSE,NA,NA,NA,NA,NA,NA
11.051046025104604,15,7,37,0.8030567023155443,0.48990649852079005,-0.15716003478520424,1.7632734394162928,15 °C,7,50,0.9,0.9,0.9,3.8,4.962499999999997,7.2,FALSE,FALSE,NA,NA,NA,NA,NA,NA
11.102928870292889,15,7,37,0.8071100026327647,0.49120812333549796,-0.1556579191048113,1.7698779243703406,15 °C,7,50,0.9,0.9,0.9,3.8,4.962499999999997,7.2,FALSE,FALSE,NA,NA,NA,NA,NA,NA
11.154811715481173,15,7,37,0.811163302949986,0.4925140654178598,-0.15416426526901927,1.776490871168991,15 °C,7,50,0.9,0.9,0.9,3.8,4.962499999999997,7.2,FALSE,FALSE,NA,NA,NA,NA,NA,NA
11.206694560669456,15,7,37,0.8152166032672076,0.49382429051621024,-0.15267900614456453,1.7831122126789798,15 °C,7,50,0.9,0.9,0.9,3.8,4.962499999999997,7.2,FALSE,FALSE,NA,NA,NA,NA,NA,NA
11.258577405857741,15,7,37,0.8192699035844272,0.4951387646296877,-0.1512020750897607,1.789741882258615,15 °C,7,50,0.9,0.9,0.9,3.8,4.962499999999997,7.2,FALSE,FALSE,NA,NA,NA,NA,NA,NA
11.310460251046026,15,7,37,0.823323203901647,0.4964574540078467,-0.1497334059537324,1.7963798137570266,15 °C,7,50,0.9,0.9,0.9,3.8,4.962499999999997,7.2,FALSE,FALSE,NA,NA,NA,NA,NA,NA
11.36234309623431,15,7,37,0.8273765042188708,0.49778032515021864,-0.14827293307555778,1.8030259415132992,15 °C,7,50,0.9,0.9,0.9,3.8,4.962499999999997,7.2,FALSE,FALSE,NA,NA,NA,NA,NA,NA
11.414225941422595,15,7,37,0.8314298045360912,0.4991073448058307,-0.14682059128333702,1.8096802003555195,15 °C,7,50,0.9,0.9,0.9,3.8,4.962499999999997,7.2,FALSE,FALSE,NA,NA,NA,NA,NA,NA
11.46610878661088,15,7,37,0.8354831048533101,0.500438479972673,-0.14537631589312894,1.8163425255997492,15 °C,7,50,0.9,0.9,0.9,3.8,4.962499999999997,7.2,FALSE,FALSE,NA,NA,NA,NA,NA,NA
11.517991631799164,15,7,37,0.8395364051705314,0.501773697897127,-0.14394004270783745,1.8230128530489003,15 °C,7,50,0.9,0.9,0.9,3.8,4.962499999999997,7.2,FALSE,FALSE,NA,NA,NA,NA,NA,NA
11.569874476987449,15,7,37,0.8435897054877519,0.503112966073346,-0.1425117080160062,1.82969111899151,15 °C,7,50,0.9,0.9,0.9,3.8,4.962499999999997,7.2,FALSE,FALSE,NA,NA,NA,NA,NA,NA
11.621757322175734,15,7,37,0.8476430058049741,0.5044562522425966,-0.14109124859051525,1.8363772602004635,15 °C,7,50,0.9,0.9,0.9,3.8,4.962499999999997,7.2,FALSE,FALSE,NA,NA,NA,NA,NA,NA
11.673640167364018,15,7,37,0.8516963061221937,0.5058035243925627,-0.13967860168722923,1.8430712139316165,15 °C,7,50,0.9,0.9,0.9,3.8,4.962499999999997,7.2,FALSE,FALSE,NA,NA,NA,NA,NA,NA
11.725523012552303,15,7,37,0.8557496064394134,0.5071547507566051,-0.13827370504353254,1.8497729179223594,15 °C,7,50,0.9,0.9,0.9,3.8,4.962499999999997,7.2,FALSE,FALSE,NA,NA,NA,NA,NA,NA
11.777405857740586,15,7,37,0.8598029067566366,0.508509899812987,-0.1368764968768179,1.8564823103900912,15 °C,7,50,0.9,0.9,0.9,3.8,4.962499999999997,7.2,FALSE,FALSE,NA,NA,NA,NA,NA,NA
11.82928870292887,15,7,37,0.8638562070738561,0.5098689402840685,-0.13548691588291806,1.8631993300306302,15 °C,7,50,0.9,0.9,0.9,3.8,4.962499999999997,7.2,FALSE,FALSE,NA,NA,NA,NA,NA,NA
11.881171548117155,15,7,37,0.867909507391076,0.5112318411354569,-0.13410490123441965,1.8699239160165715,15 °C,7,50,0.9,0.9,0.9,3.8,4.962499999999997,7.2,FALSE,FALSE,NA,NA,NA,NA,NA,NA
11.93305439330544,15,7,37,0.8719628077082974,0.5125985715751289,-0.13273039257895525,1.87665600799555,15 °C,7,50,0.9,0.9,0.9,3.8,4.962499999999997,7.2,FALSE,FALSE,NA,NA,NA,NA,NA,NA
11.984937238493725,15,7,37,0.8760161080255187,0.5139691010525258,-0.13136333003743195,1.8833955460884693,15 °C,7,50,0.9,0.9,0.9,3.8,4.962499999999997,7.2,FALSE,FALSE,NA,NA,NA,NA,NA,NA
12.03682008368201,15,7,37,0.88006940834274,0.5153433992576064,-0.13000365420216864,1.8901424708876484,15 °C,7,50,0.9,0.9,0.9,3.8,4.962499999999997,7.2,FALSE,FALSE,NA,NA,NA,NA,NA,NA
12.088702928870294,15,7,37,0.8841227086599596,0.5167214361198813,-0.12865130613500775,1.896896723454927,15 °C,7,50,0.9,0.9,0.9,3.8,4.962499999999997,7.2,FALSE,FALSE,NA,NA,NA,NA,NA,NA
12.140585774058579,15,7,37,0.8881760089771794,0.5181031818074123,-0.1273062273653488,1.9036582453197077,15 °C,7,50,0.9,0.9,0.9,3.8,4.962499999999997,7.2,FALSE,FALSE,NA,NA,NA,NA,NA,NA
12.192468619246863,15,7,37,0.8922293092944031,0.5194886067257888,-0.12596835988814292,1.9104269784769492,15 °C,7,50,0.9,0.9,0.9,3.8,4.962499999999997,7.2,FALSE,FALSE,NA,NA,NA,NA,NA,NA
12.244351464435148,15,7,37,0.8962826096116226,0.5208776815170748,-0.12463764616184403,1.9172028653850894,15 °C,7,50,0.9,0.9,0.9,3.8,4.962499999999997,7.2,FALSE,FALSE,NA,NA,NA,NA,NA,NA
12.296234309623433,15,7,37,0.9003359099288425,0.5222703770587306,-0.12331402910626943,1.9239858489639543,15 °C,7,50,0.9,0.9,0.9,3.8,4.962499999999997,7.2,FALSE,FALSE,NA,NA,NA,NA,NA,NA
12.348117154811717,15,7,37,0.9043892102460638,0.523666664462517,-0.12199745210046942,1.930775872592597,15 °C,7,50,0.9,0.9,0.9,3.8,4.962499999999997,7.2,FALSE,FALSE,NA,NA,NA,NA,NA,NA
12.4,15,7,37,0.9084425105632845,0.525066515073371,-0.1206878589805227,1.9375728801070917,15 °C,7,50,0.9,0.9,0.9,3.8,4.962499999999997,7.2,FALSE,FALSE,NA,NA,NA,NA,NA,NA
0,20,7,37,-0.4589771133277,0.39944009355532983,-1.2418796966961465,0.3239254700407464,20 °C,7,50,0,0.5800000000000001,1.2,3.755,4.032499999999999,4.3,TRUE,FALSE,-0.4589771133277,-1.2418796966961465,0.3239254700407464,NA,NA,NA
0.051882845188284524,20,7,37,-0.43943083785761683,0.39809687709374586,-1.2197007169613587,0.3408390412461251,20 °C,7,50,0,0.5800000000000001,1.2,3.755,4.032499999999999,4.3,TRUE,FALSE,-0.43943083785761683,-1.2197007169613587,0.3408390412461251,NA,NA,NA
0.10376569037656905,20,7,37,-0.41988456238753413,0.3967824903788176,-1.1975782435300166,0.35780911875494825,20 °C,7,50,0,0.5800000000000001,1.2,3.755,4.032499999999999,4.3,TRUE,FALSE,-0.41988456238753413,-1.1975782435300166,0.35780911875494825,NA,NA,NA
0.15564853556485359,20,7,37,-0.4003382869174512,0.39549722084707634,-1.1755128397777208,0.3748362659428184,20 °C,7,50,0,0.5800000000000001,1.2,3.755,4.032499999999999,4.3,TRUE,FALSE,-0.4003382869174512,-1.1755128397777208,0.3748362659428184,NA,NA,NA
0.2075313807531381,20,7,37,-0.38079201144736824,0.39424135327414206,-1.1535050638646867,0.39192104096995023,20 °C,7,50,0,0.5800000000000001,1.2,3.755,4.032499999999999,4.3,TRUE,FALSE,-0.38079201144736824,-1.1535050638646867,0.39192104096995023,NA,NA,NA
0.2594142259414226,20,7,37,-0.3612457359772853,0.39301516951921056,-1.131555468234938,0.4090639962803673,20 °C,7,50,0,0.5800000000000001,1.2,3.755,4.032499999999999,4.3,TRUE,FALSE,-0.3612457359772853,-1.131555468234938,0.4090639962803673,NA,NA,NA
0.31129707112970717,20,7,37,-0.3416994605072025,0.39181894826580566,-1.1096645991081815,0.4262656780937765,20 °C,7,50,0,0.5800000000000001,1.2,3.755,4.032499999999999,4.3,TRUE,FALSE,-0.3416994605072025,-1.1096645991081815,0.4262656780937765,NA,NA,NA
0.3631799163179917,20,7,37,-0.3221531850371193,0.3906529647591983,-1.0878329959651478,0.4435266258909093,20 °C,7,50,0,0.5800000000000001,1.2,3.755,4.032499999999999,4.3,TRUE,FALSE,-0.3221531850371193,-1.0878329959651478,0.4435266258909093,NA,NA,NA
0.4150627615062762,20,7,37,-0.30260690956703634,0.389517490540928,-1.0660611910272553,0.46084737189318253,20 °C,7,50,0,0.5800000000000001,1.2,3.755,4.032499999999999,4.3,TRUE,FALSE,-0.30260690956703634,-1.0660611910272553,0.46084737189318253,NA,NA,NA
0.4669456066945607,20,7,37,-0.28306063409695364,0.38841279318088073,-1.04434970873148,0.4782284405375726,20 °C,7,50,0,0.5800000000000001,1.2,3.755,4.032499999999999,4.3,TRUE,FALSE,-0.28306063409695364,-1.04434970873148,0.4782284405375726,NA,NA,NA
0.5188284518828452,20,7,37,-0.2635143586268707,0.38733913600740955,-1.0226990652013934,0.495670347947652,20 °C,7,50,0,0.5800000000000001,1.2,3.755,4.032499999999999,4.3,TRUE,FALSE,-0.2635143586268707,-1.0226990652013934,0.495670347947652,NA,NA,NA
0.5707112970711298,20,7,37,-0.24396808315678795,0.386296777836006,-1.0011097677153598,0.5131736014017838,20 °C,7,50,0,0.5800000000000001,1.2,3.755,4.032499999999999,4.3,TRUE,FALSE,-0.24396808315678795,-1.0011097677153598,0.5131736014017838,NA,NA,NA
0.6225941422594143,20,7,37,-0.22442180768670494,0.385285972697055,-0.9795823141729327,0.5307386987995228,20 °C,7,50,0,0.5800000000000001,1.2,3.755,4.032499999999999,4.3,TRUE,TRUE,-0.22442180768670494,-0.9795823141729327,0.5307386987995228,-0.22442180768670494,-0.9795823141729327,0.5307386987995228
0.6744769874476988,20,7,37,-0.20487553221662172,0.38430696956322846,-0.9581171925605495,0.5483661281273061,20 °C,7,50,0,0.5800000000000001,1.2,3.755,4.032499999999999,4.3,TRUE,TRUE,-0.20487553221662172,-0.9581171925605495,0.5483661281273061,-0.20487553221662172,-0.9581171925605495,0.5483661281273061
0.7263598326359834,20,7,37,-0.18532925674653902,0.3833600120770942,-0.9367148804176436,0.5660563669245656,20 °C,7,50,0,0.5800000000000001,1.2,3.755,4.032499999999999,4.3,TRUE,TRUE,-0.18532925674653902,-0.9367148804176436,0.5660563669245656,-0.18532925674653902,-0.9367148804176436,0.5660563669245656
0.7782426778242678,20,7,37,-0.1657829812764561,0.38244533827953575,-0.9153758443043462,0.583809881751434,20 °C,7,50,0,0.5800000000000001,1.2,3.755,4.032499999999999,4.3,TRUE,TRUE,-0.1657829812764561,-0.9153758443043462,0.583809881751434,-0.1657829812764561,-0.9153758443043462,0.583809881751434
0.8301255230125524,20,7,37,-0.14623670580637307,0.3815631803395979,-0.894100539271985,0.6016271276592389,20 °C,7,50,0,0.5800000000000001,1.2,3.755,4.032499999999999,4.3,TRUE,TRUE,-0.14623670580637307,-0.894100539271985,0.6016271276592389,-0.14623670580637307,-0.894100539271985,0.6016271276592389
0.882008368200837,20,7,37,-0.12669043033629007,0.38071376428638565,-0.872889408337606,0.6195085476650257,20 °C,7,50,0,0.5800000000000001,1.2,3.755,4.032499999999999,4.3,TRUE,TRUE,-0.12669043033629007,-0.872889408337606,0.6195085476650257,-0.12669043033629007,-0.872889408337606,0.6195085476650257
0.9338912133891214,20,7,37,-0.10714415486620725,0.3798973097436621,-0.8517428819637849,0.6374545722313705,20 °C,7,50,0,0.5800000000000001,1.2,3.755,4.032499999999999,4.3,TRUE,TRUE,-0.10714415486620725,-0.8517428819637849,0.6374545722313705,-0.10714415486620725,-0.8517428819637849,0.6374545722313705
0.985774058577406,20,7,37,-0.08759787939612405,0.3791140296677971,-0.8306613775450064,0.6554656187527582,20 °C,7,50,0,0.5800000000000001,1.2,3.755,4.032499999999999,4.3,TRUE,TRUE,-0.08759787939612405,-0.8306613775450064,0.6554656187527582,-0.08759787939612405,-0.8306613775450064,0.6554656187527582
1.0376569037656904,20,7,37,-0.06805160392604141,0.37836413008973246,-0.8096452989019169,0.6735420910498342,20 °C,7,50,0,0.5800000000000001,1.2,3.755,4.032499999999999,4.3,TRUE,TRUE,-0.06805160392604141,-0.8096452989019169,0.6735420910498342,-0.06805160392604141,-0.8096452989019169,0.6735420910498342
1.089539748953975,20,7,37,-0.04850532845595844,0.37764780986163,-0.7886950357847532,0.6916843788728363,20 °C,7,50,0,0.5800000000000001,1.2,3.755,4.032499999999999,4.3,TRUE,TRUE,-0.04850532845595844,-0.7886950357847532,0.6916843788728363,-0.04850532845595844,-0.7886950357847532,0.6916843788728363
1.1414225941422596,20,7,37,-0.02895905298587539,0.37696526040887746,-0.7678109633872752,0.7098928574155243,20 °C,7,50,0,0.5800000000000001,1.2,3.755,4.032499999999999,4.3,TRUE,TRUE,-0.02895905298587539,-0.7678109633872752,0.7098928574155243,-0.02895905298587539,-0.7678109633872752,0.7098928574155243
1.193305439330544,20,7,37,-0.009412777515792378,0.3763166654881244,-0.7469934418725163,0.7281678868409315,20 °C,7,50,0,0.5800000000000001,1.2,3.755,4.032499999999999,4.3,TRUE,TRUE,-0.009412777515792378,-0.7469934418725163,0.7281678868409315,-0.009412777515792378,-0.7469934418725163,0.7281678868409315
1.2451882845188287,20,7,37,0.010133497954290412,0.37570220095201773,-0.7262428159116643,0.7465098118202451,20 °C,7,50,0,0.5800000000000001,1.2,3.755,4.032499999999999,4.3,TRUE,TRUE,0.010133497954290412,-0.7262428159116643,0.7465098118202451,0.010133497954290412,-0.7262428159116643,0.7465098118202451
1.2970711297071131,20,7,37,0.029679773424373647,0.3751220345213019,-0.705559414237378,0.7649189610861253,20 °C,7,50,0,0.5800000000000001,1.2,3.755,4.032499999999999,4.3,TRUE,TRUE,0.029679773424373647,-0.705559414237378,0.7649189610861253,0.029679773424373647,-0.705559414237378,0.7649189610861253
1.3489539748953976,20,7,37,0.049226048894456656,0.37457632556494075,-0.6849435492128272,0.7833956470017406,20 °C,7,50,0,0.5800000000000001,1.2,3.755,4.032499999999999,4.3,TRUE,TRUE,0.049226048894456656,-0.6849435492128272,0.7833956470017406,0.049226048894456656,-0.6849435492128272,0.7833956470017406
1.400836820083682,20,7,37,0.0687723243645393,0.37406522488890265,-0.6643955164177099,0.8019401651467885,20 °C,7,50,0,0.5800000000000001,1.2,3.755,4.032499999999999,4.3,TRUE,TRUE,0.0687723243645393,-0.6643955164177099,0.8019401651467885,0.0687723243645393,-0.6643955164177099,0.8019401651467885
1.4527196652719667,20,7,37,0.0883185998346225,0.37358887453423906,-0.643915594252486,0.8205527939217311,20 °C,7,50,0,0.5800000000000001,1.2,3.755,4.032499999999999,4.3,TRUE,TRUE,0.0883185998346225,-0.643915594252486,0.8205527939217311,0.0883185998346225,-0.643915594252486,0.8205527939217311
1.5046025104602512,20,7,37,0.10786487530470551,0.3731474075850649,-0.6235040435620218,0.8392337941714327,20 °C,7,50,0,0.5800000000000001,1.2,3.755,4.032499999999999,4.3,TRUE,TRUE,0.10786487530470551,-0.6235040435620218,0.8392337941714327,0.10786487530470551,-0.6235040435620218,0.8392337941714327
1.5564853556485356,20,7,37,0.1274111507747881,0.37274094798703167,-0.603161107279794,0.8579834088293701,20 °C,7,50,0,0.5800000000000001,1.2,3.755,4.032499999999999,4.3,TRUE,TRUE,0.1274111507747881,-0.603161107279794,0.8579834088293701,0.1274111507747881,-0.603161107279794,0.8579834088293701
1.6083682008368203,20,7,37,0.14695742624487132,0.372369610376852,-0.5828870100937587,0.8768018625835012,20 °C,7,50,0,0.5800000000000001,1.2,3.755,4.032499999999999,4.3,TRUE,TRUE,0.14695742624487132,-0.5828870100937587,0.8768018625835012,0.14695742624487132,-0.5828870100937587,0.8768018625835012
1.6602510460251048,20,7,37,0.1665037017149539,0.3720334999234173,-0.5626819581349439,0.8956893615648517,20 °C,7,50,0,0.5800000000000001,1.2,3.755,4.032499999999999,4.3,TRUE,TRUE,0.1665037017149539,-0.5626819581349439,0.8956893615648517,0.1665037017149539,-0.5626819581349439,0.8956893615648517
1.7121338912133892,20,7,37,0.18604997718503713,0.3717327121810068,-0.5425461386897361,0.9146460930598104,20 °C,7,50,0,0.5800000000000001,1.2,3.755,4.032499999999999,4.3,TRUE,TRUE,0.18604997718503713,-0.5425461386897361,0.9146460930598104,0.18604997718503713,-0.5425461386897361,0.9146460930598104
1.764016736401674,20,7,37,0.20559625265512016,0.3714673329550639,-0.5224797199368051,0.9336722252470454,20 °C,7,50,0,0.5800000000000001,1.2,3.755,4.032499999999999,4.3,TRUE,TRUE,0.20559625265512016,-0.5224797199368051,0.9336722252470454,0.20559625265512016,-0.5224797199368051,0.9336722252470454
1.8158995815899583,20,7,37,0.22514252812520275,0.37123743818097144,-0.5024828507095013,0.9527679069599068,20 °C,7,50,0,0.5800000000000001,1.2,3.755,4.032499999999999,4.3,TRUE,TRUE,0.22514252812520275,-0.5024828507095013,0.9527679069599068,0.22514252812520275,-0.5024828507095013,0.9527679069599068
1.8677824267782428,20,7,37,0.24468880359528536,0.3710430938162224,-0.4825556602845106,0.9719332674750812,20 °C,7,50,0,0.5800000000000001,1.2,3.755,4.032499999999999,4.3,TRUE,TRUE,0.24468880359528536,-0.4825556602845106,0.9719332674750812,0.24468880359528536,-0.4825556602845106,0.9719332674750812
1.9196652719665275,20,7,37,0.26423507906536836,0.3708843557463414,-0.4626982581974607,0.9911684163281974,20 °C,7,50,0,0.5800000000000001,1.2,3.755,4.032499999999999,4.3,TRUE,TRUE,0.26423507906536836,-0.4626982581974607,0.9911684163281974,0.26423507906536836,-0.4626982581974607,0.9911684163281974
1.971548117154812,20,7,37,0.2837813545354518,0.37076126970486606,-0.44291073408608567,1.0104734431569893,20 °C,7,50,0,0.5800000000000001,1.2,3.755,4.032499999999999,4.3,TRUE,TRUE,0.2837813545354518,-0.44291073408608567,1.0104734431569893,0.2837813545354518,-0.44291073408608567,1.0104734431569893
2.0234309623430966,20,7,37,0.30332763000553453,0.37067387120765793,-0.423193157561475,1.029848417572544,20 °C,7,50,0,0.5800000000000001,1.2,3.755,4.032499999999999,4.3,TRUE,TRUE,0.30332763000553453,-0.423193157561475,1.029848417572544,0.30332763000553453,-0.423193157561475,1.029848417572544
2.075313807531381,20,7,37,0.322873905475617,0.370622185501758,-0.40354557810782865,1.0492933890590628,20 °C,7,50,0,0.5800000000000001,1.2,3.755,4.032499999999999,4.3,TRUE,TRUE,0.322873905475617,-0.40354557810782865,1.0492933890590628,0.322873905475617,-0.40354557810782865,1.0492933890590628
2.1271966527196655,20,7,37,0.3424201809457002,0.37060622752896216,-0.3839680250110656,1.068808386902466,20 °C,7,50,0,0.5800000000000001,1.2,3.755,4.032499999999999,4.3,TRUE,TRUE,0.3424201809457002,-0.3839680250110656,1.068808386902466,0.3424201809457002,-0.3839680250110656,1.068808386902466
2.17907949790795,20,7,37,0.36196645641578323,0.37062600190423683,-0.36446050731652097,1.0883934201480874,20 °C,7,50,0,0.5800000000000001,1.2,3.755,4.032499999999999,4.3,TRUE,TRUE,0.36196645641578323,-0.36446050731652097,1.0883934201480874,0.36196645641578323,-0.36446050731652097,1.0883934201480874
2.2309623430962344,20,7,37,0.38151273188586604,0.3706815029090487,-0.3450230138158695,1.1080484775876016,20 °C,7,50,0,0.5800000000000001,1.2,3.755,4.032499999999999,4.3,TRUE,TRUE,0.38151273188586604,-0.3450230138158695,1.1080484775876016,0.38151273188586604,-0.3450230138158695,1.1080484775876016
2.282845188284519,20,7,37,0.40105900735594885,0.3707727144996297,-0.32565551306332535,1.127773527775223,20 °C,7,50,0,0.5800000000000001,1.2,3.755,4.032499999999999,4.3,TRUE,TRUE,0.40105900735594885,-0.32565551306332535,1.127773527775223,0.40105900735594885,-0.32565551306332535,1.127773527775223
2.3347280334728038,20,7,37,0.42060528282603227,0.37089961033015106,-0.30635795342106376,1.1475685190731282,20 °C,7,50,0,0.5800000000000001,1.2,3.755,4.032499999999999,4.3,TRUE,TRUE,0.42060528282603227,-0.30635795342106376,1.1475685190731282,0.42060528282603227,-0.30635795342106376,1.1475685190731282
2.386610878661088,20,7,37,0.4401515582961151,0.371062153790727,-0.2871302631337098,1.16743337972594,20 °C,7,50,0,0.5800000000000001,1.2,3.755,4.032499999999999,4.3,TRUE,TRUE,0.4401515582961151,-0.2871302631337098,1.16743337972594,0.4401515582961151,-0.2871302631337098,1.16743337972594
2.4384937238493727,20,7,37,0.4596978337661979,0.37126029806012045,-0.26797235043163814,1.187368017964034,20 °C,7,50,0,0.5800000000000001,1.2,3.755,4.032499999999999,4.3,TRUE,TRUE,0.4596978337661979,-0.26797235043163814,1.187368017964034,0.4596978337661979,-0.26797235043163814,1.187368017964034
2.4903765690376574,20,7,37,0.4792441092362807,0.37149398617297574,-0.2488841036627517,1.207372322135313,20 °C,7,50,0,0.5800000000000001,1.2,3.755,4.032499999999999,4.3,TRUE,TRUE,0.4792441092362807,-0.2488841036627517,1.207372322135313,0.4792441092362807,-0.2488841036627517,1.207372322135313
2.5422594142259416,20,7,37,0.49879038470636416,0.37176315110135066,-0.22986539145228313,1.2274461608650116,20 °C,7,50,0,0.5800000000000001,1.2,3.755,4.032499999999999,4.3,TRUE,TRUE,0.49879038470636416,-0.22986539145228313,1.2274461608650116,0.49879038470636416,-0.22986539145228313,1.2274461608650116
2.5941422594142263,20,7,37,0.518336660176447,0.3720677158502812,-0.21091606289010412,1.247589383242998,20 °C,7,50,0,0.5800000000000001,1.2,3.755,4.032499999999999,4.3,TRUE,TRUE,0.518336660176447,-0.21091606289010412,1.247589383242998,0.518336660176447,-0.21091606289010412,1.247589383242998
2.6460251046025105,20,7,37,0.53788293564653,0.37240759356705755,-0.19203594774490274,1.2678018190379627,20 °C,7,50,0,0.5800000000000001,1.2,3.755,4.032499999999999,4.3,TRUE,TRUE,0.53788293564653,-0.19203594774490274,1.2678018190379627,0.53788293564653,-0.19203594774490274,1.2678018190379627
2.697907949790795,20,7,37,0.5574292111166131,0.3727826876638573,-0.17322485670454713,1.2880832789377734,20 °C,7,50,0,0.5800000000000001,1.2,3.755,4.032499999999999,4.3,TRUE,TRUE,0.5574292111166131,-0.17322485670454713,1.2880832789377734,0.5574292111166131,-0.17322485670454713,1.2880832789377734
2.74979079497908,20,7,37,0.576975486586696,0.37319289195333333,-0.15448258164183737,1.3084335548152293,20 °C,7,50,0,0.5800000000000001,1.2,3.755,4.032499999999999,4.3,TRUE,TRUE,0.576975486586696,-0.15448258164183737,1.3084335548152293,0.576975486586696,-0.15448258164183737,1.3084335548152293
2.801673640167364,20,7,37,0.5965217620567784,0.3736380907967186,-0.13580889590479006,1.328852420018347,20 °C,7,50,0,0.5800000000000001,1.2,3.755,4.032499999999999,4.3,TRUE,TRUE,0.5965217620567784,-0.13580889590479006,1.328852420018347,0.5965217620567784,-0.13580889590479006,1.328852420018347
2.8535564853556488,20,7,37,0.6160680375268613,0.3741181592639722,-0.11720355463052412,1.3493396296842468,20 °C,7,50,0,0.5800000000000001,1.2,3.755,4.032499999999999,4.3,TRUE,TRUE,0.6160680375268613,-0.11720355463052412,1.3493396296842468,0.6160680375268613,-0.11720355463052412,1.3493396296842468
2.9054393305439334,20,7,37,0.6356143129969446,0.3746329633054595,-0.09866629508175595,1.369894921075645,20 °C,7,50,0,0.5800000000000001,1.2,3.755,4.032499999999999,4.3,TRUE,TRUE,0.6356143129969446,-0.09866629508175595,1.369894921075645,0.6356143129969446,-0.09866629508175595,1.369894921075645
2.9573221757322177,20,7,37,0.6551605884670271,0.37518235993462945,-0.08019683700484659,1.3905180139389008,20 °C,7,50,0,0.5800000000000001,1.2,3.755,4.032499999999999,4.3,TRUE,TRUE,0.6551605884670271,-0.08019683700484659,1.3905180139389008,0.6551605884670271,-0.08019683700484659,1.3905180139389008
3.0092050209205023,20,7,37,0.6747068639371107,0.3757661974211187,-0.061794883008282064,1.4112086108825035,20 °C,7,50,0,0.5800000000000001,1.2,3.755,4.032499999999999,4.3,TRUE,TRUE,0.6747068639371107,-0.061794883008282064,1.4112086108825035,0.6747068639371107,-0.061794883008282064,1.4112086108825035
3.061087866108787,20,7,37,0.694253139407193,0.3763843154936954,-0.04346011896044988,1.4319663977748358,20 °C,7,50,0,0.5800000000000001,1.2,3.755,4.032499999999999,4.3,TRUE,TRUE,0.694253139407193,-0.04346011896044988,1.4319663977748358,0.694253139407193,-0.04346011896044988,1.4319663977748358
3.1129707112970713,20,7,37,0.7137994148772763,0.37703654555242966,-0.025192214405485802,1.4527910441600382,20 °C,7,50,0,0.5800000000000001,1.2,3.755,4.032499999999999,4.3,TRUE,TRUE,0.7137994148772763,-0.025192214405485802,1.4527910441600382,0.7137994148772763,-0.025192214405485802,1.4527910441600382
3.164853556485356,20,7,37,0.7333456903473594,0.37772271088945947,-0.006990822995981083,1.4736822036907,20 °C,7,50,0,0.5800000000000001,1.2,3.755,4.032499999999999,4.3,TRUE,TRUE,0.7333456903473594,-0.006990822995981083,1.4736822036907,0.7333456903473594,-0.006990822995981083,1.4736822036907
3.2167364016736406,20,7,37,0.7528919658174422,0.37844262691770886,0.011144417058732925,1.4946395145761515,20 °C,7,50,0,0.5800000000000001,1.2,3.755,4.032499999999999,4.3,TRUE,TRUE,0.7528919658174422,0.011144417058732925,1.4946395145761515,0.7528919658174422,0.011144417058732925,1.4946395145761515
3.268619246861925,20,7,37,0.7724382412875247,0.3791961014068991,0.029213882530002566,1.5156626000450468,20 °C,7,50,0,0.5800000000000001,1.2,3.755,4.032499999999999,4.3,TRUE,TRUE,0.7724382412875247,0.029213882530002566,1.5156626000450468,0.7724382412875247,0.029213882530002566,1.5156626000450468
3.3205020920502095,20,7,37,0.791984516757608,0.3799829347261896,0.047217964694276304,1.5367510688209396,20 °C,7,50,0,0.5800000000000001,1.2,3.755,4.032499999999999,4.3,TRUE,TRUE,0.791984516757608,0.047217964694276304,1.5367510688209396,0.791984516757608,0.047217964694276304,1.5367510688209396
3.372384937238494,20,7,37,0.8115307922276906,0.38080292009277616,0.06515706884584938,1.557904515609532,20 °C,7,50,0,0.5800000000000001,1.2,3.755,4.032499999999999,4.3,TRUE,TRUE,0.8115307922276906,0.06515706884584938,1.557904515609532,0.8115307922276906,0.06515706884584938,1.557904515609532
3.4242677824267784,20,7,37,0.8310770676977739,0.38165584382577455,0.08303161379925583,1.5791225215962919,20 °C,7,50,0,0.5800000000000001,1.2,3.755,4.032499999999999,4.3,TRUE,TRUE,0.8310770676977739,0.08303161379925583,1.5791225215962919,0.8310770676977739,0.08303161379925583,1.5791225215962919
3.476150627615063,20,7,37,0.8506233431678567,0.3825414856047168,0.10084203138261183,1.6004046549531017,20 °C,7,50,0,0.5800000000000001,1.2,3.755,4.032499999999999,4.3,TRUE,TRUE,0.8506233431678567,0.10084203138261183,1.6004046549531017,0.8506233431678567,0.10084203138261183,1.6004046549531017
3.528033472803348,20,7,37,0.8701696186379395,0.3834596187319922,0.11858876592323486,1.621750471352644,20 °C,7,50,0,0.5800000000000001,1.2,3.755,4.032499999999999,4.3,TRUE,TRUE,0.8701696186379395,0.11858876592323486,1.621750471352644,0.8701696186379395,0.11858876592323486,1.621750471352644
3.579916317991632,20,7,37,0.8897158941080228,0.38441001039856787,0.1362722737268297,1.643159514489216,20 °C,7,50,0,0.5800000000000001,1.2,3.755,4.032499999999999,4.3,TRUE,TRUE,0.8897158941080228,0.1362722737268297,1.643159514489216,0.8897158941080228,0.1362722737268297,1.643159514489216
3.6317991631799167,20,7,37,0.9092621695781056,0.38539242195234014,0.15389302255151893,1.6646313166046922,20 °C,7,50,0,0.5800000000000001,1.2,3.755,4.032499999999999,4.3,TRUE,TRUE,0.9092621695781056,0.15389302255151893,1.6646313166046922,0.9092621695781056,0.15389302255151893,1.6646313166046922
3.6836820083682014,20,7,37,0.9288084450481884,0.3864066091684705,0.17145149107798618,1.6861653990183907,20 °C,7,50,0,0.5800000000000001,1.2,3.755,4.032499999999999,4.3,TRUE,TRUE,0.9288084450481884,0.17145149107798618,1.6861653990183907,0.9288084450481884,0.17145149107798618,1.6861653990183907
3.7355648535564856,20,7,37,0.9483547205182713,0.3874523225210825,0.1889481683769496,1.707761272659593,20 °C,7,50,0,0.5800000000000001,1.2,3.755,4.032499999999999,4.3,TRUE,TRUE,0.9483547205182713,0.1889481683769496,1.707761272659593,0.9483547205182713,0.1889481683769496,1.707761272659593
3.7874476987447703,20,7,37,0.9679009959883544,0.38852930745570247,0.20638355337517766,1.7294184386015312,20 °C,7,50,0,0.5800000000000001,1.2,3.755,4.032499999999999,4.3,TRUE,TRUE,0.9679009959883544,0.20638355337517766,1.7294184386015312,0.9679009959883544,0.20638355337517766,1.7294184386015312
3.839330543933055,20,7,37,0.9874472714584368,0.3896373046618559,0.22375815432119917,1.7511363885956746,20 °C,7,50,0,0.5800000000000001,1.2,3.755,4.032499999999999,4.3,TRUE,TRUE,0.9874472714584368,0.22375815432119917,1.7511363885956746,0.9874472714584368,0.22375815432119917,1.7511363885956746
3.891213389121339,20,7,37,1.006993546928521,0.39077605034523977,0.241072488251851,1.772914605605191,20 °C,7,50,0,0.5800000000000001,1.2,3.755,4.032499999999999,4.3,TRUE,TRUE,1.006993546928521,0.241072488251851,1.772914605605191,1.006993546928521,0.241072488251851,1.772914605605191
3.943096234309624,20,7,37,1.026539822398604,0.391945276498921,0.25832708046071873,1.7947525643364892,20 °C,7,50,0,0.5800000000000001,1.2,3.755,4.032499999999999,4.3,TRUE,TRUE,1.026539822398604,0.25832708046071873,1.7947525643364892,1.026539822398604,0.25832708046071873,1.7947525643364892
3.9949790794979085,20,7,37,1.0460860978686866,0.39314471117303273,0.2755224639695424,1.8166497317678307,20 °C,7,50,0,0.5800000000000001,1.2,3.755,4.032499999999999,4.3,TRUE,TRUE,1.0460860978686866,0.2755224639695424,1.8166497317678307,1.0460860978686866,0.2755224639695424,1.8166497317678307
4.046861924686193,20,7,37,1.0656323733387696,0.39437407874245506,0.29265917900355765,1.8386055676739814,20 °C,7,50,0,0.5800000000000001,1.2,3.755,4.032499999999999,4.3,TRUE,FALSE,1.0656323733387696,0.29265917900355765,1.8386055676739814,NA,NA,NA
4.098744769874477,20,7,37,1.0851786488088528,0.395633100172008,0.3097377724717172,1.8606195251459885,20 °C,7,50,0,0.5800000000000001,1.2,3.755,4.032499999999999,4.3,TRUE,FALSE,1.0851786488088528,0.3097377724717172,1.8606195251459885,NA,NA,NA
4.150627615062762,20,7,37,1.104724924278934,0.396921493278695,0.3267587974526919,1.8826910511051764,20 °C,7,50,0,0.5800000000000001,1.2,3.755,4.032499999999999,4.3,TRUE,FALSE,1.104724924278934,0.3267587974526919,1.8826910511051764,NA,NA,NA
4.202510460251046,20,7,37,1.124271199749019,0.3982389729905721,0.3437228126874976,1.9048195868105402,20 °C,7,50,0,0.5800000000000001,1.2,3.755,4.032499999999999,4.3,TRUE,FALSE,1.124271199749019,0.3437228126874976,1.9048195868105402,NA,NA,NA
4.254393305439331,20,7,37,1.1438174752191004,0.39958525160183683,0.36063038207950016,1.9270045683587007,20 °C,7,50,0,0.5800000000000001,1.2,3.755,4.032499999999999,4.3,TRUE,FALSE,1.1438174752191004,0.36063038207950016,1.9270045683587007,NA,NA,NA
4.306276150627616,20,7,37,1.1633637506891845,0.40096003902376826,0.3774820742025987,1.9492454271757702,20 °C,7,50,0,0.5800000000000001,1.2,3.755,4.032499999999999,4.3,FALSE,FALSE,NA,NA,NA,NA,NA,NA
4.3581589958159,20,7,37,1.1829100261592664,0.40236304303116827,0.3942784618181766,1.9715415905003564,20 °C,7,50,0,0.5800000000000001,1.2,3.755,4.032499999999999,4.3,FALSE,FALSE,NA,NA,NA,NA,NA,NA
4.410041841004184,20,7,37,1.2024563016293495,0.403793969503982,0.41102012140154476,1.9938924818571542,20 °C,7,50,0,0.5800000000000001,1.2,3.755,4.032499999999999,4.3,FALSE,FALSE,NA,NA,NA,NA,NA,NA
4.461924686192469,20,7,37,1.2220025770994318,0.4052525226638139,0.42770763267835665,2.016297521520507,20 °C,7,50,0,0.5800000000000001,1.2,3.755,4.032499999999999,4.3,FALSE,FALSE,NA,NA,NA,NA,NA,NA
4.5138075313807535,20,7,37,1.2415488525695153,0.4067384053050664,0.44434157817158515,2.0387561269674457,20 °C,7,50,0,0.5800000000000001,1.2,3.755,4.032499999999999,4.3,FALSE,FALSE,NA,NA,NA,NA,NA,NA
4.565690376569038,20,7,37,1.261095128039598,0.40825131902046913,0.4609225427594784,2.0612677133197175,20 °C,7,50,0,0.5800000000000001,1.2,3.755,4.032499999999999,4.3,FALSE,FALSE,NA,NA,NA,NA,NA,NA
4.617573221757323,20,7,37,1.2806414035096814,0.40979096442078694,0.47745111324493894,2.0838316937744237,20 °C,7,50,0,0.5800000000000001,1.2,3.755,4.032499999999999,4.3,FALSE,FALSE,NA,NA,NA,NA,NA,NA
4.6694560669456076,20,7,37,1.3001876789797646,0.41135704134851725,0.4939278779366708,2.1064474800228585,20 °C,7,50,0,0.5800000000000001,1.2,3.755,4.032499999999999,4.3,FALSE,FALSE,NA,NA,NA,NA,NA,NA
4.721338912133891,20,7,37,1.3197339544498463,0.41294924908542174,0.5103534262424197,2.1291144826572728,20 °C,7,50,0,0.5800000000000001,1.2,3.755,4.032499999999999,4.3,FALSE,FALSE,NA,NA,NA,NA,NA,NA
4.773221757322176,20,7,37,1.3392802299199298,0.4145672865537546,0.5267283482745708,2.1518321115652888,20 °C,7,50,0,0.5800000000000001,1.2,3.755,4.032499999999999,4.3,FALSE,FALSE,NA,NA,NA,NA,NA,NA
4.825104602510461,20,7,37,1.358826505390014,0.41621085251107215,0.5430532344683126,2.174599776311715,20 °C,7,50,0,0.5800000000000001,1.2,3.755,4.032499999999999,4.3,FALSE,FALSE,NA,NA,NA,NA,NA,NA
4.876987447698745,20,7,37,1.3783727808600958,0.4178796457385368,0.5593286752125637,2.197416886507628,20 °C,7,50,0,0.5800000000000001,1.2,3.755,4.032499999999999,4.3,FALSE,FALSE,NA,NA,NA,NA,NA,NA
4.92887029288703,20,7,37,1.397919056330179,0.41957336522264854,0.575555260493788,2.2202828521665703,20 °C,7,50,0,0.5800000000000001,1.2,3.755,4.032499999999999,4.3,FALSE,FALSE,NA,NA,NA,NA,NA,NA
4.980753138075315,20,7,37,1.417465331800262,0.42129171033035034,0.5917335795527753,2.2431970840477486,20 °C,7,50,0,0.5800000000000001,1.2,3.755,4.032499999999999,4.3,FALSE,FALSE,NA,NA,NA,NA,NA,NA
5.0326359832635985,20,7,37,1.4370116072703443,0.4230343809774886,0.60786422055446665,2.266158993986222,20 °C,7,50,0,0.5800000000000001,1.2,3.755,4.032499999999999,4.3,FALSE,FALSE,NA,NA,NA,NA,NA,NA
5.084518828451883,20,7,37,1.456557882740428,0.4248010777906093,0.6239477702708337,2.2891679952100223,20 °C,7,50,0,0.5800000000000001,1.2,3.755,4.032499999999999,4.3,FALSE,FALSE,NA,NA,NA,NA,NA,NA
5.136401673640168,20,7,37,1.4761041582105103,0.4265915022621067,0.6399848137767813,2.3122235026442395,20 °C,7,50,0,0.5800000000000001,1.2,3.755,4.032499999999999,4.3,FALSE,FALSE,NA,NA,NA,NA,NA,NA
5.1882845188284525,20,7,37,1.495650433680594,0.42840535689874343,0.655975934159057,2.335324933202131,20 °C,7,50,0,0.5800000000000001,1.2,3.755,4.032499999999999,4.3,FALSE,FALSE,NA,NA,NA,NA,NA,NA
5.240167364016737,20,7,37,1.5151967091506766,0.4302423453635859,0.6719217122380482,2.358471706063305,20 °C,7,50,0,0.5800000000000001,1.2,3.755,4.032499999999999,4.3,FALSE,FALSE,NA,NA,NA,NA,NA,NA
5.292050209205021,20,7,37,1.5347429846207596,0.43210217261140943,0.6878227263023972,2.3816632429391222,20 °C,7,50,0,0.5800000000000001,1.2,3.755,4.032499999999999,4.3,FALSE,FALSE,NA,NA,NA,NA,NA,NA
5.343933054393306,20,7,37,1.5542892600908416,0.4339845450176335,0.70367955185628,2.404898968325403,20 °C,7,50,0,0.5800000000000001,1.2,3.755,4.032499999999999,4.3,FALSE,FALSE,NA,NA,NA,NA,NA,NA
5.39581589958159,20,7,37,1.573835535560926,0.43588917050088094,0.7194927613791993,2.428178309742653,20 °C,7,50,0,0.5800000000000001,1.2,3.755,4.032499999999999,4.3,FALSE,FALSE,NA,NA,NA,NA,NA,NA
5.447698744769875,20,7,37,1.5933818110310072,0.43781575863923694,0.7352629240981028,2.451500697963912,20 °C,7,50,0,0.5800000000000001,1.2,3.755,4.032499999999999,4.3,FALSE,FALSE,NA,NA,NA,NA,NA,NA
5.49958158995816,20,7,37,1.6129280865010915,0.4397640207803227,0.7509906057716591,2.474865567230524,20 °C,7,50,0,0.5800000000000001,1.2,3.755,4.032499999999999,4.3,FALSE,FALSE,NA,NA,NA,NA,NA,NA
5.551464435146444,20,7,37,1.632474361971174,0.4417336701452847,0.766676368486416,2.498272355455932,20 °C,7,50,0,0.5800000000000001,1.2,3.755,4.032499999999999,4.3,FALSE,FALSE,NA,NA,NA,NA,NA,NA
5.603347280334728,20,7,37,1.652020637441257,0.44372442192682066,0.7823207704646885,2.5217205044178255,20 °C,7,50,0,0.5800000000000001,1.2,3.755,4.032499999999999,4.3,FALSE,FALSE,NA,NA,NA,NA,NA,NA
5.655230125523013,20,7,37,1.6715669129113397,0.4457359933813743,0.7979243658838461,2.5452094599388335,20 °C,7,50,0,0.5800000000000001,1.2,3.755,4.032499999999999,4.3,FALSE,FALSE,NA,NA,NA,NA,NA,NA
5.7071129707112975,20,7,37,1.6911131883814232,0.44776810391562194,0.8134877047068042,2.568738672056042,20 °C,7,50,0,0.5800000000000001,1.2,3.755,4.032499999999999,4.3,FALSE,FALSE,NA,NA,NA,NA,NA,NA
5.758995815899582,20,7,37,1.7106594638515054,0.44982047516739637,0.8290113325234085,2.5923075951796024,20 °C,7,50,0,0.5800000000000001,1.2,3.755,4.032499999999999,4.3,FALSE,FALSE,NA,NA,NA,NA,NA,NA
5.810878661087867,20,7,37,1.7302057393215888,0.4518928310811927,0.8444957904024512,2.6159156882407264,20 °C,7,50,0,0.5800000000000001,1.2,3.755,4.032499999999999,4.3,FALSE,FALSE,NA,NA,NA,NA,NA,NA
5.862761506276152,20,7,37,1.749752014791672,0.4539848979783902,0.8599416147540273,2.639562414829317,20 °C,7,50,0,0.5800000000000001,1.2,3.755,4.032499999999999,4.3,FALSE,FALSE,NA,NA,NA,NA,NA,NA
5.914644351464435,20,7,37,1.7692982902617542,0.45609640462236095,0.8753493372019268,2.6632472433215817,20 °C,7,50,0,0.5800000000000001,1.2,3.755,4.032499999999999,4.3,FALSE,FALSE,NA,NA,NA,NA,NA,NA
5.96652719665272,20,7,37,1.7888445657318373,0.4582270822786017,0.890719484465778,2.6869696469978965,20 °C,7,50,0,0.5800000000000001,1.2,3.755,4.032499999999999,4.3,FALSE,FALSE,NA,NA,NA,NA,NA,NA
6.018410041841005,20,7,37,1.8083908412019214,0.46037666477005346,0.9060525782526166,2.710729104151226,20 °C,7,50,0,0.5800000000000001,1.2,3.755,4.032499999999999,4.3,FALSE,FALSE,NA,NA,NA,NA,NA,NA
6.070292887029289,20,7,37,1.8279371166720033,0.46254488852775894,0.9213491351575959,2.7345250981864107,20 °C,7,50,0,0.5800000000000001,1.2,3.755,4.032499999999999,4.3,FALSE,FALSE,NA,NA,NA,NA,NA,NA
6.122175732217574,20,7,37,1.8474833921420861,0.46473149263702473,0.9366096665735176,2.7583571177106547,20 °C,7,50,0,0.5800000000000001,1.2,3.755,4.032499999999999,4.3,FALSE,FALSE,NA,NA,NA,NA,NA,NA
6.174058577405859,20,7,37,1.86702966761217,0.46693621887923564,0.9518346786088682,2.782224656615472,20 °C,7,50,0,0.5800000000000001,1.2,3.755,4.032499999999999,4.3,FALSE,FALSE,NA,NA,NA,NA,NA,NA
6.2259414225941425,20,7,37,1.8865759430822517,0.46915881176949,0.9670246720140514,2.806127214150452,20 °C,7,50,0,0.5800000000000001,1.2,3.755,4.032499999999999,4.3,FALSE,FALSE,NA,NA,NA,NA,NA,NA
6.277824267782427,20,7,37,1.9061222185523354,0.4713990185901994,0.9821801421155446,2.830064294989126,20 °C,7,50,0,0.5800000000000001,1.2,3.755,4.032499999999999,4.3,FALSE,FALSE,NA,NA,NA,NA,NA,NA
6.329707112970712,20,7,37,1.9256684940224185,0.47365658942082484,0.9973015787576018,2.854035409287235,20 °C,7,50,0,0.5800000000000001,1.2,3.755,4.032499999999999,4.3,FALSE,FALSE,NA,NA,NA,NA,NA,NA
6.3815899581589965,20,7,37,1.9452147694925015,0.4759312771638922,1.012389466251273,2.87804007273373,20 °C,7,50,0,0.5800000000000001,1.2,3.755,4.032499999999999,4.3,FALSE,FALSE,NA,NA,NA,NA,NA,NA
6.433472803347281,20,7,37,1.964761044962584,0.4782228375674465,1.027444283330389,2.902077806594779,20 °C,7,50,0,0.5800000000000001,1.2,3.755,4.032499999999999,4.3,FALSE,FALSE,NA,NA,NA,NA,NA,NA
6.485355648535566,20,7,37,1.984307320432667,0.48053102924409424,1.0424665031142424,2.926148137751092,20 °C,7,50,0,0.5800000000000001,1.2,3.755,4.032499999999999,4.3,FALSE,FALSE,NA,NA,NA,NA,NA,NA
6.53723849372385,20,7,37,2.0038535959027497,0.48285561368678076,1.0574565930766595,2.95025059872884,20 °C,7,50,0,0.5800000000000001,1.2,3.755,4.032499999999999,4.3,FALSE,FALSE,NA,NA,NA,NA,NA,NA
6.589121338912134,20,7,37,2.0233998713728334,0.4851963552814555,1.0724150150211806,2.974384727724486,20 °C,7,50,0,0.5800000000000001,1.2,3.755,4.032499999999999,4.3,FALSE,FALSE,NA,NA,NA,NA,NA,NA
6.641004184100419,20,7,37,2.0429461468429158,0.48755302131675893,1.0873422250620681,2.9985500686237634,20 °C,7,50,0,0.5800000000000001,1.2,3.755,4.032499999999999,4.3,FALSE,FALSE,NA,NA,NA,NA,NA,NA
6.692887029288704,20,7,37,2.062492422312999,0.48992538199088276,1.1022386736108687,3.0227461710151293,20 °C,7,50,0,0.5800000000000001,1.2,3.755,4.032499999999999,4.3,FALSE,FALSE,NA,NA,NA,NA,NA,NA
6.744769874476988,20,7,37,2.0820386977830814,0.49231321041573356,1.1171048053682435,3.046972590197919,20 °C,7,50,0,0.5800000000000001,1.2,3.755,4.032499999999999,4.3,FALSE,FALSE,NA,NA,NA,NA,NA,NA
6.796652719665272,20,7,37,2.1015849732531646,0.49471628261853423,1.1319410593208374,3.071228887185492,20 °C,7,50,0,0.5800000000000001,1.2,3.755,4.032499999999999,4.3,FALSE,FALSE,NA,NA,NA,NA,NA,NA
6.848535564853557,20,7,37,2.121131248723248,0.49713437754100065,1.1467478687428865,3.0955146287036093,20 °C,7,50,0,0.5800000000000001,1.2,3.755,4.032499999999999,4.3,FALSE,FALSE,NA,NA,NA,NA,NA,NA
6.9004184100418415,20,7,37,2.140677524193331,0.4995672770362118,1.1615256612023561,3.119829387184306,20 °C,7,50,0,0.5800000000000001,1.2,3.755,4.032499999999999,4.3,FALSE,FALSE,NA,NA,NA,NA,NA,NA
6.952301255230126,20,7,37,2.1602237996634144,0.50201476586331,1.1762748585713267,3.144172740755502,20 °C,7,50,0,0.5800000000000001,1.2,3.755,4.032499999999999,4.3,FALSE,FALSE,NA,NA,NA,NA,NA,NA
7.004184100418411,20,7,37,2.1797700751334967,0.5044766316801346,1.190995877040433,3.1685442732265603,20 °C,7,50,0,0.5800000000000001,1.2,3.755,4.032499999999999,4.3,FALSE,FALSE,NA,NA,NA,NA,NA,NA
7.056066945606696,20,7,37,2.19931635060358,0.506952665033921,1.2056891271370949,3.192943574070065,20 °C,7,50,0,0.5800000000000001,1.2,3.755,4.032499999999999,4.3,FALSE,FALSE,NA,NA,NA,NA,NA,NA
7.107949790794979,20,7,37,2.2188626260736615,0.509442659350174,1.2203550137473205,3.2173702384000027,20 °C,7,50,0,0.5800000000000001,1.2,3.755,4.032499999999999,4.3,FALSE,FALSE,NA,NA,NA,NA,NA,NA
7.159832635983264,20,7,37,2.2384089015437447,0.5119464109198155,1.2349939361409064,3.241823866946583,20 °C,7,50,0,0.5800000000000001,1.2,3.755,4.032499999999999,4.3,FALSE,FALSE,NA,NA,NA,NA,NA,NA
7.211715481171549,20,7,37,2.257955177013829,0.5144637188847284,1.2496062879997611,3.266304066027897,20 °C,7,50,0,0.5800000000000001,1.2,3.755,4.032499999999999,4.3,FALSE,FALSE,NA,NA,NA,NA,NA,NA
7.263598326359833,20,7,37,2.2775014524839112,0.5169943852217842,1.2641924574492143,3.2908104475186084,20 °C,7,50,0,0.5800000000000001,1.2,3.755,4.032499999999999,4.3,FALSE,FALSE,NA,NA,NA,NA,NA,NA
7.315481171548118,20,7,37,2.2970477279539927,0.5195382147254596,1.278752827092092,3.3153426288158934,20 °C,7,50,0,0.5800000000000001,1.2,3.755,4.032499999999999,4.3,FALSE,FALSE,NA,NA,NA,NA,NA,NA
7.367364016736403,20,7,37,2.316594003424077,0.5220950149891355,1.2932877740453714,3.3399002328027825,20 °C,7,50,0,0.5800000000000001,1.2,3.755,4.032499999999999,4.3,FALSE,FALSE,NA,NA,NA,NA,NA,NA
7.4192468619246865,20,7,37,2.33614027889416,0.5246645963851718,1.3077976699792233,3.364482887809097,20 °C,7,50,0,0.5800000000000001,1.2,3.755,4.032499999999999,4.3,FALSE,FALSE,NA,NA,NA,NA,NA,NA
7.471129707112971,20,7,37,2.3556865543642416,0.5272467720438362,1.3222828811583227,3.3890902275701604,20 °C,7,50,0,0.5800000000000001,1.2,3.755,4.032499999999999,4.3,FALSE,FALSE,NA,NA,NA,NA,NA,NA
7.523012552301256,20,7,37,2.3752328298343257,0.5298413578311878,1.3367437684851977,3.413721891183454,20 °C,7,50,0,0.5800000000000001,1.2,3.755,4.032499999999999,4.3,FALSE,FALSE,NA,NA,NA,NA,NA,NA
7.5748953974895405,20,7,37,2.394779105304409,0.5324481723259735,1.3511806875455008,3.438377523063317,20 °C,7,50,0,0.5800000000000001,1.2,3.755,4.032499999999999,4.3,FALSE,FALSE,NA,NA,NA,NA,NA,NA
7.626778242677825,20,7,37,2.414325380774492,0.5350670367956368,1.3655939886550441,3.4630567728939403,20 °C,7,50,0,0.5800000000000001,1.2,3.755,4.032499999999999,4.3,FALSE,FALSE,NA,NA,NA,NA,NA,NA
7.67866108786611,20,7,37,2.4338716562445737,0.5376977751714976,1.3799840169084383,3.487759295580709,20 °C,7,50,0,0.5800000000000001,1.2,3.755,4.032499999999999,4.3,FALSE,FALSE,NA,NA,NA,NA,NA,NA
7.730543933054394,20,7,37,2.453417931714658,0.5403402140231789,1.3943511122292271,3.5124847512000885,20 °C,7,50,0,0.5800000000000001,1.2,3.755,4.032499999999999,4.3,FALSE,FALSE,NA,NA,NA,NA,NA,NA
7.782426778242678,20,7,37,2.472964207184741,0.5429941825323477,1.4086956094213396,3.5372328049481423,20 °C,7,50,0,0.5800000000000001,1.2,3.755,4.032499999999999,4.3,FALSE,FALSE,NA,NA,NA,NA,NA,NA
7.834309623430963,20,7,37,2.4925104826548226,0.5456595124658336,1.4230178382217888,3.5620031270878565,20 °C,7,50,0,0.5800000000000001,1.2,3.755,4.032499999999999,4.3,FALSE,FALSE,NA,NA,NA,NA,NA,NA
7.886192468619248,20,7,37,2.512056758124907,0.5483360381481874,1.4373181233544599,3.5867953928953544,20 °C,7,50,0,0.5800000000000001,1.2,3.755,4.032499999999999,4.3,FALSE,FALSE,NA,NA,NA,NA,NA,NA
7.938075313807532,20,7,37,2.531603033594989,0.5510235964337384,1.4515967845848616,3.6116092826051167,20 °C,7,50,0,0.5800000000000001,1.2,3.755,4.032499999999999,4.3,FALSE,FALSE,NA,NA,NA,NA,NA,NA
7.989958158995817,20,7,37,2.551149309065073,0.5537220266782006,1.4658541367758,3.6364444813543466,20 °C,7,50,0,0.5800000000000001,1.2,3.755,4.032499999999999,4.3,FALSE,FALSE,NA,NA,NA,NA,NA,NA
8.041841004184102,20,7,37,2.570695584535154,0.5564311707098885,1.4800904899437723,3.6613006791265352,20 °C,7,50,0,0.5800000000000001,1.2,3.755,4.032499999999999,4.3,FALSE,FALSE,NA,NA,NA,NA,NA,NA
8.093723849372386,20,7,37,2.5902418600052393,0.5591508728005902,1.4943061493160825,3.686177570694396,20 °C,7,50,0,0.5800000000000001,1.2,3.755,4.032499999999999,4.3,FALSE,FALSE,NA,NA,NA,NA,NA,NA
8.145606694560671,20,7,37,2.609788135475321,0.5618809796361393,1.5085014153884884,3.711074855562154,20 °C,7,50,0,0.5800000000000001,1.2,3.755,4.032499999999999,4.3,FALSE,FALSE,NA,NA,NA,NA,NA,NA
8.197489539748954,20,7,37,2.6293344109454058,0.5646213402867397,1.522676583983396,3.7359922379074155,20 °C,7,50,0,0.5800000000000001,1.2,3.755,4.032499999999999,4.3,FALSE,FALSE,NA,NA,NA,NA,NA,NA
8.249372384937239,20,7,37,2.648880686415487,0.5673718061770799,1.5368319463084101,3.7609294265225635,20 °C,7,50,0,0.5800000000000001,1.2,3.755,4.032499999999999,4.3,FALSE,FALSE,NA,NA,NA,NA,NA,NA
8.301255230125523,20,7,37,2.6684269618855683,0.5701322310562803,1.550967789015259,3.7858861347558777,20 °C,7,50,0,0.5800000000000001,1.2,3.755,4.032499999999999,4.3,FALSE,FALSE,NA,NA,NA,NA,NA,NA
8.353138075313808,20,7,37,2.6879732373556524,0.5729024709677053,1.56508439425895,3.8108620804523547,20 °C,7,50,0,0.5800000000000001,1.2,3.755,4.032499999999999,4.3,FALSE,FALSE,NA,NA,NA,NA,NA,NA
8.405020920502093,20,7,37,2.707519512825737,0.575682384218688,1.5791820397571086,3.8358569858943654,20 °C,7,50,0,0.5800000000000001,1.2,3.755,4.032499999999999,4.3,FALSE,FALSE,NA,NA,NA,NA,NA,NA
8.456903765690377,20,7,37,2.727065788295819,0.578471831350193,1.5932609988494406,3.8608705777421974,20 °C,7,50,0,0.5800000000000001,1.2,3.755,4.032499999999999,4.3,FALSE,FALSE,NA,NA,NA,NA,NA,NA
8.508786610878662,20,7,37,2.746612063765901,0.5812706751064431,1.6073215405572723,3.885902586974529,20 °C,7,50,0,0.5800000000000001,1.2,3.755,4.032499999999999,4.3,FALSE,FALSE,NA,NA,NA,NA,NA,NA
8.560669456066947,20,7,37,2.766158339235985,0.5840787804045573,1.6213639296430526,3.910952748828917,20 °C,7,50,0,0.5800000000000001,1.2,3.755,4.032499999999999,4.3,FALSE,FALSE,NA,NA,NA,NA,NA,NA
8.612552301255231,20,7,37,2.7857046147060682,0.5868960143042135,1.6353884266698098,3.936020802742327,20 °C,7,50,0,0.5800000000000001,1.2,3.755,4.032499999999999,4.3,FALSE,FALSE,NA,NA,NA,NA,NA,NA
8.664435146443516,20,7,37,2.8052508901761497,0.5897222459773661,1.649395288060512,3.9611064922917874,20 °C,7,50,0,0.5800000000000001,1.2,3.755,4.032499999999999,4.3,FALSE,FALSE,NA,NA,NA,NA,NA,NA
8.7163179916318,20,7,37,2.824797165646233,0.5925573466780474,1.66338476615726,3.986209565135206,20 °C,7,50,0,0.5800000000000001,1.2,3.755,4.032499999999999,4.3,FALSE,FALSE,NA,NA,NA,NA,NA,NA
8.768200836820084,20,7,37,2.8443434411163167,0.5954011897122709,1.6773571092802657,4.011329772952368,20 °C,7,50,0,0.5800000000000001,1.2,3.755,4.032499999999999,4.3,FALSE,FALSE,NA,NA,NA,NA,NA,NA
8.820083682008368,20,7,37,2.863889716586399,0.5982536504080591,1.6913125617866032,4.036466871386195,20 °C,7,50,0,0.5800000000000001,1.2,3.755,4.032499999999999,4.3,FALSE,FALSE,NA,NA,NA,NA,NA,NA
8.871966527196653,20,7,37,2.8834359920564827,0.60111460608562,1.7052513641286677,4.061620619984298,20 °C,7,50,0,0.5800000000000001,1.2,3.755,4.032499999999999,4.3,FALSE,FALSE,NA,NA,NA,NA,NA,NA
8.923849372384938,20,7,37,2.9029822675265646,0.6039839360276841,1.719173752912304,4.086790782140826,20 °C,7,50,0,0.5800000000000001,1.2,3.755,4.032499999999999,4.3,FALSE,FALSE,NA,NA,NA,NA,NA,NA
8.975732217573222,20,7,37,2.9225285429966488,0.6068615214500244,1.733079960954601,4.111977125038696,20 °C,7,50,0,0.5800000000000001,1.2,3.755,4.032499999999999,4.3,FALSE,FALSE,NA,NA,NA,NA,NA,NA
9.027615062761507,20,7,37,2.9420748184667307,0.6097472454721745,1.7469702173412687,4.137179419592193,20 °C,7,50,0,0.5800000000000001,1.2,3.755,4.032499999999999,4.3,FALSE,FALSE,NA,NA,NA,NA,NA,NA
9.079497907949792,20,7,37,2.961621093936815,0.6126409930883588,1.7608447474836315,4.162397440389999,20 °C,7,50,0,0.5800000000000001,1.2,3.755,4.032499999999999,4.3,FALSE,FALSE,NA,NA,NA,NA,NA,NA
9.131380753138076,20,7,37,2.981167369406896,0.6155426511386508,1.7747037731751403,4.187630965638651,20 °C,7,50,0,0.5800000000000001,1.2,3.755,4.032499999999999,4.3,FALSE,FALSE,NA,NA,NA,NA,NA,NA
9.183263598326361,20,7,37,3.0007136448769813,0.6184521082803649,1.7885475126474661,4.2128797771064965,20 °C,7,50,0,0.5800000000000001,1.2,3.755,4.032499999999999,4.3,FALSE,FALSE,NA,NA,NA,NA,NA,NA
9.235146443514646,20,7,37,3.020259920347063,0.6213692549597042,1.8023761806260425,4.238143660068083,20 °C,7,50,0,0.5800000000000001,1.2,3.755,4.032499999999999,4.3,FALSE,FALSE,NA,NA,NA,NA,NA,NA
9.28702928870293,20,7,37,3.039806195817145,0.6242939833836698,1.8161899883851524,4.2634224032491375,20 °C,7,50,0,0.5800000000000001,1.2,3.755,4.032499999999999,4.3,FALSE,FALSE,NA,NA,NA,NA,NA,NA
9.338912133891215,20,7,37,3.0593524712872293,0.6272261874922332,1.8299891438024523,4.288715798772007,20 °C,7,50,0,0.5800000000000001,1.2,3.755,4.032499999999999,4.3,FALSE,FALSE,NA,NA,NA,NA,NA,NA
9.390794979079498,20,7,37,3.0788987467573126,0.6301657629307993,1.843773851412946,4.314023642101679,20 °C,7,50,0,0.5800000000000001,1.2,3.755,4.032499999999999,4.3,FALSE,FALSE,NA,NA,NA,NA,NA,NA
9.442677824267783,20,7,37,3.0984450222273927,0.6331126070229461,1.8575443124624182,4.339345731992367,20 °C,7,50,0,0.5800000000000001,1.2,3.755,4.032499999999999,4.3,FALSE,FALSE,NA,NA,NA,NA,NA,NA
9.494560669456067,20,7,37,3.1179912976974764,0.6360666187434677,1.8713007249602798,4.364681870434673,20 °C,7,50,0,0.5800000000000001,1.2,3.755,4.032499999999999,4.3,FALSE,FALSE,NA,NA,NA,NA,NA,NA
9.546443514644352,20,7,37,3.1375375731675605,0.6390276986917117,1.8850432837318056,4.3900318626033155,20 °C,7,50,0,0.5800000000000001,1.2,3.755,4.032499999999999,4.3,FALSE,FALSE,NA,NA,NA,NA,NA,NA
9.598326359832637,20,7,37,3.157083848637644,0.6419957490652286,1.8987721804697957,4.415395516805492,20 °C,7,50,0,0.5800000000000001,1.2,3.755,4.032499999999999,4.3,FALSE,FALSE,NA,NA,NA,NA,NA,NA
9.650209205020921,20,7,37,3.176630124107728,0.644970673633727,1.912487603785623,4.440772644429833,20 °C,7,50,0,0.5800000000000001,1.2,3.755,4.032499999999999,4.3,FALSE,FALSE,NA,NA,NA,NA,NA,NA
9.702092050209206,20,7,37,3.1961763995778076,0.6479523777133506,1.9261897392596405,4.466163059895974,20 °C,7,50,0,0.5800000000000001,1.2,3.755,4.032499999999999,4.3,FALSE,FALSE,NA,NA,NA,NA,NA,NA
9.75397489539749,20,7,37,3.2157226750478918,0.65094076814127,1.9398787694910027,4.491566580604781,20 °C,7,50,0,0.5800000000000001,1.2,3.755,4.032499999999999,4.3,FALSE,FALSE,NA,NA,NA,NA,NA,NA
9.805857740585775,20,7,37,3.2352689505179772,0.6539357532506003,1.9535548741468007,4.516983026889154,20 °C,7,50,0,0.5800000000000001,1.2,3.755,4.032499999999999,4.3,FALSE,FALSE,NA,NA,NA,NA,NA,NA
9.85774058577406,20,7,37,3.2548152259880574,0.656937242845642,1.967218230010599,4.542412221965516,20 °C,7,50,0,0.5800000000000001,1.2,3.755,4.032499999999999,4.3,FALSE,FALSE,NA,NA,NA,NA,NA,NA
9.909623430962345,20,7,37,3.2743615014581398,0.6599451481774526,1.9808690110303326,4.567853991885947,20 °C,7,50,0,0.5800000000000001,1.2,3.755,4.032499999999999,4.3,FALSE,FALSE,NA,NA,NA,NA,NA,NA
9.96150627615063,20,7,37,3.293907776928224,0.6629593819197425,1.9945073883655287,4.593308165490919,20 °C,7,50,0,0.5800000000000001,1.2,3.755,4.032499999999999,4.3,FALSE,FALSE,NA,NA,NA,NA,NA,NA
10.013389121338912,20,7,37,3.3134540523983063,0.6659798581451052,2.0081335304339003,4.618774574362712,20 °C,7,50,0,0.5800000000000001,1.2,3.755,4.032499999999999,4.3,FALSE,FALSE,NA,NA,NA,NA,NA,NA
10.065271966527197,20,7,37,3.3330003278683886,0.6690064923015799,2.021747602957292,4.644253052779485,20 °C,7,50,0,0.5800000000000001,1.2,3.755,4.032499999999999,4.3,FALSE,FALSE,NA,NA,NA,NA,NA,NA
10.117154811715482,20,7,37,3.3525466033384728,0.6720392011895396,2.035349769006975,4.66974343766997,20 °C,7,50,0,0.5800000000000001,1.2,3.755,4.032499999999999,4.3,FALSE,FALSE,NA,NA,NA,NA,NA,NA
10.169037656903766,20,7,37,3.372092878808556,0.6750779029389167,2.0489401890482792,4.695245568568833,20 °C,7,50,0,0.5800000000000001,1.2,3.755,4.032499999999999,4.3,FALSE,FALSE,NA,NA,NA,NA,NA,NA
10.220920502092051,20,7,37,3.3916391542786384,0.6781225169867595,2.06251902098459,4.720759287572687,20 °C,7,50,0,0.5800000000000001,1.2,3.755,4.032499999999999,4.3,FALSE,FALSE,NA,NA,NA,NA,NA,NA
10.272803347280336,20,7,37,3.4111854297487207,0.6811729640551163,2.076086420200693,4.7462844392967485,20 °C,7,50,0,0.5800000000000001,1.2,3.755,4.032499999999999,4.3,FALSE,FALSE,NA,NA,NA,NA,NA,NA
10.32468619246862,20,7,37,3.430731705218804,0.6842291661292489,2.0896425396054763,4.771820870832132,20 °C,7,50,0,0.5800000000000001,1.2,3.755,4.032499999999999,4.3,FALSE,FALSE,NA,NA,NA,NA,NA,NA
10.376569037656905,20,7,37,3.450277980688888,0.6872910464361832,2.103187529673969,4.7973684317038074,20 °C,7,50,0,0.5800000000000001,1.2,3.755,4.032499999999999,4.3,FALSE,FALSE,NA,NA,NA,NA,NA,NA
10.42845188284519,20,7,37,3.469824256158971,0.6903585294235749,2.116721538488764,4.822926973829178,20 °C,7,50,0,0.5800000000000001,1.2,3.755,4.032499999999999,4.3,FALSE,FALSE,NA,NA,NA,NA,NA,NA
10.480334728033474,20,7,37,3.4893705316290533,0.6934315407389111,2.1302447117807874,4.848496351477319,20 °C,7,50,0,0.5800000000000001,1.2,3.755,4.032499999999999,4.3,FALSE,FALSE,NA,NA,NA,NA,NA,NA
10.532217573221759,20,7,37,3.508916807099136,0.696510007209027,2.143757192969443,4.874076421228829,20 °C,7,50,0,0.5800000000000001,1.2,3.755,4.032499999999999,4.3,FALSE,FALSE,NA,NA,NA,NA,NA,NA
10.584100418410042,20,7,37,3.5284630825692194,0.6995938568199553,2.157259123202107,4.899667041936332,20 °C,7,50,0,0.5800000000000001,1.2,3.755,4.032499999999999,4.3,FALSE,FALSE,NA,NA,NA,NA,NA,NA
10.635983263598327,20,7,37,3.548009358039301,0.7026830186970814,2.1707506413930213,4.92526807468558,20 °C,7,50,0,0.5800000000000001,1.2,3.755,4.032499999999999,4.3,FALSE,FALSE,NA,NA,NA,NA,NA,NA
10.687866108786611,20,7,37,3.5675556335093823,0.7057774230856246,2.184231884261558,4.950879382757207,20 °C,7,50,0,0.5800000000000001,1.2,3.755,4.032499999999999,4.3,FALSE,FALSE,NA,NA,NA,NA,NA,NA
10.739748953974896,20,7,37,3.587101908979468,0.7088770013314369,2.197702986369851,4.976500831589084,20 °C,7,50,0,0.5800000000000001,1.2,3.755,4.032499999999999,4.3,FALSE,FALSE,NA,NA,NA,NA,NA,NA
10.79163179916318,20,7,37,3.606648184449552,0.7119816858620988,2.2111640801598385,5.002132288739265,20 °C,7,50,0,0.5800000000000001,1.2,3.755,4.032499999999999,4.3,FALSE,FALSE,NA,NA,NA,NA,NA,NA
10.843514644351465,20,7,37,3.626194459919634,0.7150914101683382,2.224615295989691,5.027773623849576,20 °C,7,50,0,0.5800000000000001,1.2,3.755,4.032499999999999,4.3,FALSE,FALSE,NA,NA,NA,NA,NA,NA
10.89539748953975,20,7,37,3.6457407353897144,0.7182061087857516,2.2380567621696414,5.053424708609787,20 °C,7,50,0,0.5800000000000001,1.2,3.755,4.032499999999999,4.3,FALSE,FALSE,NA,NA,NA,NA,NA,NA
10.947280334728035,20,7,37,3.6652870108598,0.7213257172768208,2.251488604997231,5.079085416722369,20 °C,7,50,0,0.5800000000000001,1.2,3.755,4.032499999999999,4.3,FALSE,FALSE,NA,NA,NA,NA,NA,NA
10.99916317991632,20,7,37,3.684833286329883,0.7244501722132386,2.264910948791935,5.104755623867831,20 °C,7,50,0,0.5800000000000001,1.2,3.755,4.032499999999999,4.3,FALSE,FALSE,NA,NA,NA,NA,NA,NA
11.051046025104604,20,7,37,3.704379561799964,0.7275794111585221,2.2783239159292608,5.130435207670668,20 °C,7,50,0,0.5800000000000001,1.2,3.755,4.032499999999999,4.3,FALSE,FALSE,NA,NA,NA,NA,NA,NA
11.102928870292889,20,7,37,3.723925837270048,0.7307133726509284,2.291727626874228,5.156124047665868,20 °C,7,50,0,0.5800000000000001,1.2,3.755,4.032499999999999,4.3,FALSE,FALSE,NA,NA,NA,NA,NA,NA
11.154811715481173,20,7,37,3.743472112740131,0.7338519961866486,2.3051222002143,5.181822025265962,20 °C,7,50,0,0.5800000000000001,1.2,3.755,4.032499999999999,4.3,FALSE,FALSE,NA,NA,NA,NA,NA,NA
11.206694560669456,20,7,37,3.763018388210213,0.7369952222032944,2.3185077526917564,5.20752902372867,20 °C,7,50,0,0.5800000000000001,1.2,3.755,4.032499999999999,4.3,FALSE,FALSE,NA,NA,NA,NA,NA,NA
11.258577405857741,20,7,37,3.7825646636802968,0.7401429920636686,2.3318843992355065,5.233244928125087,20 °C,7,50,0,0.5800000000000001,1.2,3.755,4.032499999999999,4.3,FALSE,FALSE,NA,NA,NA,NA,NA,NA
11.310460251046026,20,7,37,3.8021109391503787,0.7432952480398065,2.345252252992358,5.258969625308399,20 °C,7,50,0,0.5800000000000001,1.2,3.755,4.032499999999999,4.3,FALSE,FALSE,NA,NA,NA,NA,NA,NA
11.36234309623431,20,7,37,3.821657214620463,0.7464519332972993,2.358611425357756,5.28470300388317,20 °C,7,50,0,0.5800000000000001,1.2,3.755,4.032499999999999,4.3,FALSE,FALSE,NA,NA,NA,NA,NA,NA
11.414225941422595,20,7,37,3.8412034900905456,0.7496129918798874,2.371962026005966,5.310444954175125,20 °C,7,50,0,0.5800000000000001,1.2,3.755,4.032499999999999,4.3,FALSE,FALSE,NA,NA,NA,NA,NA,NA
11.46610878661088,20,7,37,3.860749765560629,0.752778368694317,2.3853041629197675,5.336195368201491,20 °C,7,50,0,0.5800000000000001,1.2,3.755,4.032499999999999,4.3,FALSE,FALSE,NA,NA,NA,NA,NA,NA
11.517991631799164,20,7,37,3.880296041030711,0.7559480094954666,2.3986379424195965,5.361954139641825,20 °C,7,50,0,0.5800000000000001,1.2,3.755,4.032499999999999,4.3,FALSE,FALSE,NA,NA,NA,NA,NA,NA
11.569874476987449,20,7,37,3.8998423165007963,0.7591218608717327,2.4119634691922,5.387721163809393,20 °C,7,50,0,0.5800000000000001,1.2,3.755,4.032499999999999,4.3,FALSE,FALSE,NA,NA,NA,NA,NA,NA
11.621757322175734,20,7,37,3.9193885919708777,0.762299870230664,2.4252808463187763,5.413496337622979,20 °C,7,50,0,0.5800000000000001,1.2,3.755,4.032499999999999,4.3,FALSE,FALSE,NA,NA,NA,NA,NA,NA
11.673640167364018,20,7,37,3.93893486744096,0.76548198578486,2.4385901753026342,5.439279559579286,20 °C,7,50,0,0.5800000000000001,1.2,3.755,4.032499999999999,4.3,FALSE,FALSE,NA,NA,NA,NA,NA,NA
11.725523012552303,20,7,37,3.9584811429110434,0.7686681565381115,2.451891556096345,5.465070729725742,20 °C,7,50,0,0.5800000000000001,1.2,3.755,4.032499999999999,4.3,FALSE,FALSE,NA,NA,NA,NA,NA,NA
11.777405857740586,20,7,37,3.9780274183811266,0.771858332271789,2.46518508712842,5.490869749633833,20 °C,7,50,0,0.5800000000000001,1.2,3.755,4.032499999999999,4.3,FALSE,FALSE,NA,NA,NA,NA,NA,NA
11.82928870292887,20,7,37,3.9975736938512076,0.7750524635314666,2.478470865329533,5.516676522372882,20 °C,7,50,0,0.5800000000000001,1.2,3.755,4.032499999999999,4.3,FALSE,FALSE,NA,NA,NA,NA,NA,NA
11.881171548117155,20,7,37,4.017119969321291,0.7782505016137968,2.491748986158249,5.542490952484332,20 °C,7,50,0,0.5800000000000001,1.2,3.755,4.032499999999999,4.3,FALSE,FALSE,NA,NA,NA,NA,NA,NA
11.93305439330544,20,7,37,4.036666244791375,0.7814523985536023,2.5050195436263145,5.5683129459564356,20 °C,7,50,0,0.5800000000000001,1.2,3.755,4.032499999999999,4.3,FALSE,FALSE,NA,NA,NA,NA,NA,NA
11.984937238493725,20,7,37,4.056212520261459,0.7846581071112121,2.5182826303234833,5.594142410199435,20 °C,7,50,0,0.5800000000000001,1.2,3.755,4.032499999999999,4.3,FALSE,FALSE,NA,NA,NA,NA,NA,NA
12.03682008368201,20,7,37,4.0757587957315415,0.7878675807600184,2.531538337441906,5.619979254021177,20 °C,7,50,0,0.5800000000000001,1.2,3.755,4.032499999999999,4.3,FALSE,FALSE,NA,NA,NA,NA,NA,NA
12.088702928870294,20,7,37,4.095305071201623,0.7910807736742561,2.5447867548000813,5.645823387603165,20 °C,7,50,0,0.5800000000000001,1.2,3.755,4.032499999999999,4.3,FALSE,FALSE,NA,NA,NA,NA,NA,NA
12.140585774058579,20,7,37,4.114851346671707,0.7942976407170022,2.558027970866383,5.671674722477031,20 °C,7,50,0,0.5800000000000001,1.2,3.755,4.032499999999999,4.3,FALSE,FALSE,NA,NA,NA,NA,NA,NA
12.192468619246863,20,7,37,4.13439762214179,0.7975181374283932,2.57126207278214,5.697533171501441,20 °C,7,50,0,0.5800000000000001,1.2,3.755,4.032499999999999,4.3,FALSE,FALSE,NA,NA,NA,NA,NA,NA
12.244351464435148,20,7,37,4.153943897611872,0.8007422200140516,2.584489146384331,5.723398648839413,20 °C,7,50,0,0.5800000000000001,1.2,3.755,4.032499999999999,4.3,FALSE,FALSE,NA,NA,NA,NA,NA,NA
12.296234309623433,20,7,37,4.173490173081954,0.8039698453337233,2.5977092762278566,5.749271069936052,20 °C,7,50,0,0.5800000000000001,1.2,3.755,4.032499999999999,4.3,FALSE,FALSE,NA,NA,NA,NA,NA,NA
12.348117154811717,20,7,37,4.193036448552039,0.8072009708901196,2.610922545607405,5.7751503514966736,20 °C,7,50,0,0.5800000000000001,1.2,3.755,4.032499999999999,4.3,FALSE,FALSE,NA,NA,NA,NA,NA,NA
12.4,20,7,37,4.212582724022122,0.8104355548179595,2.624129036578921,5.801036411465322,20 °C,7,50,0,0.5800000000000001,1.2,3.755,4.032499999999999,4.3,FALSE,FALSE,NA,NA,NA,NA,NA,NA
0,10,20,37,0.7443720047867625,0.456822394642555,-0.15099988871264525,1.63974389828617,10 °C,20,50,0,0,0.2250000000000001,3.4,3.4,3.8,TRUE,TRUE,0.7443720047867625,-0.15099988871264525,1.63974389828617,0.7443720047867625,-0.15099988871264525,1.63974389828617
0.051882845188284524,10,20,37,0.7154927411631912,0.4531935779711109,-0.1727666716601861,1.6037521539865685,10 °C,20,50,0,0,0.2250000000000001,3.4,3.4,3.8,TRUE,TRUE,0.7154927411631912,-0.1727666716601861,1.6037521539865685,0.7154927411631912,-0.1727666716601861,1.6037521539865685
0.10376569037656905,10,20,37,0.6866134775396189,0.4496397405434859,-0.19468041392561342,1.567907369004851,10 °C,20,50,0,0,0.2250000000000001,3.4,3.4,3.8,TRUE,TRUE,0.6866134775396189,-0.19468041392561342,1.567907369004851,0.6866134775396189,-0.19468041392561342,1.567907369004851
0.15564853556485359,10,20,37,0.6577342139160476,0.44616267406880394,-0.21674462725880816,1.5322130550909034,10 °C,20,50,0,0,0.2250000000000001,3.4,3.4,3.8,TRUE,TRUE,0.6577342139160476,-0.21674462725880816,1.5322130550909034,0.6577342139160476,-0.21674462725880816,1.5322130550909034
0.2075313807531381,10,20,37,0.6288549502924762,0.4427641872180891,-0.2389628566549784,1.4966727572399308,10 °C,20,50,0,0,0.2250000000000001,3.4,3.4,3.8,TRUE,TRUE,0.6288549502924762,-0.2389628566549784,1.4966727572399308,0.6288549502924762,-0.2389628566549784,1.4966727572399308
0.2594142259414226,10,20,37,0.5999756866689044,0.43944610309800325,-0.2613386754031819,1.4612900487409908,10 °C,20,50,0,0,0.2250000000000001,3.4,3.4,3.8,TRUE,TRUE,0.5999756866689044,-0.2613386754031819,1.4612900487409908,0.5999756866689044,-0.2613386754031819,1.4612900487409908
0.31129707112970717,10,20,37,0.5710964230453327,0.43621025649060974,-0.28387567967626237,1.4260685257669277,10 °C,20,50,0,0,0.2250000000000001,3.4,3.4,3.8,TRUE,TRUE,0.5710964230453327,-0.28387567967626237,1.4260685257669277,0.5710964230453327,-0.28387567967626237,1.4260685257669277
0.3631799163179917,10,20,37,0.5422171594217614,0.433058490855038,-0.3065774826541131,1.391011801497636,10 °C,20,50,0,0,0.2250000000000001,3.4,3.4,3.8,TRUE,TRUE,0.5422171594217614,-0.3065774826541131,1.391011801497636,0.5422171594217614,-0.3065774826541131,1.391011801497636
0.4150627615062762,10,20,37,0.5133378957981896,0.42999265508859447,-0.32944770817545554,1.3561234997718348,10 °C,20,50,0,0,0.2250000000000001,3.4,3.4,3.8,TRUE,TRUE,0.5133378957981896,-0.32944770817545554,1.3561234997718348,0.5133378957981896,-0.32944770817545554,1.3561234997718348
0.4669456066945607,10,20,37,0.48445863217461776,0.42701460004675695,-0.35248998391702585,1.3214072482662613,10 °C,20,50,0,0,0.2250000000000001,3.4,3.4,3.8,TRUE,TRUE,0.48445863217461776,-0.35248998391702585,1.3214072482662613,0.48445863217461776,-0.35248998391702585,1.3214072482662613
0.5188284518828452,10,20,37,0.45557936855104647,0.42412617482360293,-0.3757079341032153,1.2868666712053083,10 °C,20,50,0,0,0.2250000000000001,3.4,3.4,3.8,TRUE,TRUE,0.45557936855104647,-0.3757079341032153,1.2868666712053083,0.45557936855104647,-0.3757079341032153,1.2868666712053083
0.5707112970711298,10,20,37,0.4267001049274747,0.421329222796577,-0.3991051717538162,1.2525053816087657,10 °C,20,50,0,0,0.2250000000000001,3.4,3.4,3.8,TRUE,TRUE,0.4267001049274747,-0.3991051717538162,1.2525053816087657,0.4267001049274747,-0.3991051717538162,1.2525053816087657
0.6225941422594143,10,20,37,0.39782084130390305,0.4186255774420507,-0.42268529048251635,1.2183269730903223,10 °C,20,50,0,0,0.2250000000000001,3.4,3.4,3.8,TRUE,TRUE,0.39782084130390305,-0.42268529048251635,1.2183269730903223,0.39782084130390305,-0.42268529048251635,1.2183269730903223
0.6744769874476988,10,20,37,0.3689415776803317,0.41601705793088595,-0.4464518558642047,1.184335011224868,10 °C,20,50,0,0,0.2250000000000001,3.4,3.4,3.8,TRUE,TRUE,0.3689415776803317,-0.4464518558642047,1.184335011224868,0.3689415776803317,-0.4464518558642047,1.184335011224868
0.7263598326359834,10,20,37,0.34006231405675996,0.4135054645161372,-0.4704083963948689,1.150533024508389,10 °C,20,50,0,0,0.2250000000000001,3.4,3.4,3.8,TRUE,TRUE,0.34006231405675996,-0.4704083963948689,1.150533024508389,0.34006231405675996,-0.4704083963948689,1.150533024508389
0.7782426778242678,10,20,37,0.31118305043318817,0.4110925737281074,-0.49455839407390234,1.1169244949402786,10 °C,20,50,0,0,0.2250000000000001,3.4,3.4,3.8,TRUE,TRUE,0.31118305043318817,-0.49455839407390234,1.1169244949402786,0.31118305043318817,-0.49455839407390234,1.1169244949402786
0.8301255230125524,10,20,37,0.2823037868096167,0.4087801333951409,-0.5189052746448595,1.0835128482640928,10 °C,20,50,0,0,0.2250000000000001,3.4,3.4,3.8,TRUE,TRUE,0.2823037868096167,-0.5189052746448595,1.0835128482640928,0.2823037868096167,-0.5189052746448595,1.0835128482640928
0.882008368200837,10,20,37,0.25342452318604486,0.4065698575117881,-0.5434523975370598,1.0503014439091496,10 °C,20,50,0,0,0.2250000000000001,3.4,3.4,3.8,TRUE,TRUE,0.25342452318604486,-0.5434523975370598,1.0503014439091496,0.25342452318604486,-0.5434523975370598,1.0503014439091496
0.9338912133891214,10,20,37,0.2245452595624735,0.4044634209792262,-0.5682030455568099,1.017293564681757,10 °C,20,50,0,0,0.2250000000000001,3.4,3.4,3.8,TRUE,TRUE,0.2245452595624735,-0.5682030455568099,1.017293564681757,0.2245452595624735,-0.5682030455568099,1.017293564681757
0.985774058577406,10,20,37,0.19566599593890194,0.402462454246031,-0.5931604143833189,0.9844924062611227,10 °C,20,50,0,0,0.2250000000000001,3.4,3.4,3.8,TRUE,TRUE,0.19566599593890194,-0.5931604143833189,0.9844924062611227,0.19566599593890194,-0.5931604143833189,0.9844924062611227
1.0376569037656904,10,20,37,0.16678673231533023,0.40056853788049207,-0.6183276019304342,0.9519010665610947,10 °C,20,50,0,0,0.2250000000000001,3.4,3.4,3.8,TRUE,TRUE,0.16678673231533023,-0.6183276019304342,0.9519010665610947,0.16678673231533023,-0.6183276019304342,0.9519010665610947
1.089539748953975,10,20,37,0.13790746869175846,0.3987831971085899,-0.6437075976410778,0.9195225350245946,10 °C,20,50,0,0,0.2250000000000001,3.4,3.4,3.8,TRUE,TRUE,0.13790746869175846,-0.6437075976410778,0.9195225350245946,0.13790746869175846,-0.6437075976410778,0.9195225350245946
1.1414225941422596,10,20,37,0.10902820506818695,0.39710789635442717,-0.6693032717864902,0.8873596819228642,10 °C,20,50,0,0,0.2250000000000001,3.4,3.4,3.8,TRUE,TRUE,0.10902820506818695,-0.6693032717864902,0.8873596819228642,0.10902820506818695,-0.6693032717864902,0.8873596819228642
1.193305439330544,10,20,37,0.0801489414446152,0.39554403382226,-0.6951173648470145,0.8554152477362448,10 °C,20,50,0,0,0.2250000000000001,3.4,3.4,3.8,TRUE,TRUE,0.0801489414446152,-0.6951173648470145,0.8554152477362448,0.0801489414446152,-0.6951173648470145,0.8554152477362448
1.2451882845188287,10,20,37,0.05126967782104362,0.39409293616124164,-0.72115247705499,0.8236918326970772,10 °C,20,50,0,0,0.2250000000000001,3.4,3.4,3.8,TRUE,TRUE,0.05126967782104362,-0.72115247705499,0.8236918326970772,0.05126967782104362,-0.72115247705499,0.8236918326970772
1.2970711297071131,10,20,37,0.022390414197472123,0.392755853255491,-0.7474110581832902,0.7921918865782345,10 °C,20,50,0,0,0.2250000000000001,3.4,3.4,3.8,TRUE,TRUE,0.022390414197472123,-0.7474110581832902,0.7921918865782345,0.022390414197472123,-0.7474110581832902,0.7921918865782345
1.3489539748953976,10,20,37,-0.006488849426099409,0.39153395318307394,-0.7738953976649243,0.7609176988127255,10 °C,20,50,0,0,0.2250000000000001,3.4,3.4,3.8,TRUE,TRUE,-0.006488849426099409,-0.7738953976649243,0.7609176988127255,-0.006488849426099409,-0.7738953976649243,0.7609176988127255
1.400836820083682,10,20,37,-0.03536811304967072,0.3904283173878901,-0.8006076151299353,0.7298713890305939,10 °C,20,50,0,0,0.2250000000000001,3.4,3.4,3.8,TRUE,TRUE,-0.03536811304967072,-0.8006076151299353,0.7298713890305939,-0.03536811304967072,-0.8006076151299353,0.7298713890305939
1.4527196652719667,10,20,37,-0.06424737667324247,0.38943993610821337,-0.8275496514453407,0.6990548980988558,10 °C,20,50,0,0,0.2250000000000001,3.4,3.4,3.8,TRUE,TRUE,-0.06424737667324247,-0.8275496514453407,0.6990548980988558,-0.06424737667324247,-0.8275496514453407,0.6990548980988558
1.5046025104602512,10,20,37,-0.09312664029681444,0.388569704104754,-0.8547232603421322,0.6684699797485034,10 °C,20,50,0,0,0.2250000000000001,3.4,3.4,3.8,TRUE,TRUE,-0.09312664029681444,-0.8547232603421322,0.6684699797485034,-0.09312664029681444,-0.8547232603421322,0.6684699797485034
1.5564853556485356,10,20,37,-0.12200590392038575,0.3878184167295305,-0.8821300007102656,0.638118192869494,10 °C,20,50,0,0,0.2250000000000001,3.4,3.4,3.8,TRUE,TRUE,-0.12200590392038575,-0.8821300007102656,0.638118192869494,-0.12200590392038575,-0.8821300007102656,0.638118192869494
1.6083682008368203,10,20,37,-0.1508851675439575,0.3871867663745756,-0.9097712296381257,0.6080008945502107,10 °C,20,50,0,0,0.2250000000000001,3.4,3.4,3.8,TRUE,TRUE,-0.1508851675439575,-0.9097712296381257,0.6080008945502107,-0.1508851675439575,-0.9097712296381257,0.6080008945502107
1.6602510460251048,10,20,37,-0.17976443116752874,0.38667533933657733,-0.9376480962672202,0.5781192339321628,10 °C,20,50,0,0,0.2250000000000001,3.4,3.4,3.8,TRUE,TRUE,-0.17976443116752874,-0.9376480962672202,0.5781192339321628,-0.17976443116752874,-0.9376480962672202,0.5781192339321628
1.7121338912133892,10,20,37,-0.20864369479110056,0.3862846131299706,-0.965761536525843,0.5484741469436418,10 °C,20,50,0,0,0.2250000000000001,3.4,3.4,3.8,TRUE,TRUE,-0.20864369479110056,-0.965761536525843,0.5484741469436418,-0.20864369479110056,-0.965761536525843,0.5484741469436418
1.764016736401674,10,20,37,-0.23752295841467194,0.38601495427682786,-0.9941122687972546,0.5190663519679106,10 °C,20,50,0,0,0.2250000000000001,3.4,3.4,3.8,TRUE,TRUE,-0.23752295841467194,-0.9941122687972546,0.5190663519679106,-0.23752295841467194,-0.9941122687972546,0.5190663519679106
1.8158995815899583,10,20,37,-0.2664022220382441,0.38586661659719756,-1.0227007905687513,0.48989634649226316,10 °C,20,50,0,0,0.2250000000000001,3.4,3.4,3.8,TRUE,TRUE,-0.2664022220382441,-1.0227007905687513,0.48989634649226316,-0.2664022220382441,-1.0227007905687513,0.48989634649226316
1.8677824267782428,10,20,37,-0.29528148566181533,0.385839740018382,-1.051527376097844,0.4609644047742134,10 °C,20,50,0,0,0.2250000000000001,3.4,3.4,3.8,TRUE,TRUE,-0.29528148566181533,-1.051527376097844,0.4609644047742134,-0.29528148566181533,-1.051527376097844,0.4609644047742134
1.9196652719665275,10,20,37,-0.3241607492853867,0.3859343499161396,-1.0805920751210203,0.432270576550247,10 °C,20,50,0,0,0.2250000000000001,3.4,3.4,3.8,TRUE,TRUE,-0.3241607492853867,-1.0805920751210203,0.432270576550247,-0.3241607492853867,-1.0805920751210203,0.432270576550247
1.971548117154812,10,20,37,-0.3530400129089585,0.38615035699503175,-1.1098947126192207,0.4038146868013037,10 °C,20,50,0,0,0.2250000000000001,3.4,3.4,3.8,TRUE,TRUE,-0.3530400129089585,-1.1098947126192207,0.4038146868013037,-0.3530400129089585,-1.1098947126192207,0.4038146868013037
2.0234309623430966,10,20,37,-0.38191927653253066,0.3864875577092287,-1.139434889642619,0.37559633657755764,10 °C,20,50,0,0,0.2250000000000001,3.4,3.4,3.8,TRUE,TRUE,-0.38191927653253066,-1.139434889642619,0.37559633657755764,-0.38191927653253066,-1.139434889642619,0.37559633657755764
2.075313807531381,10,20,37,-0.4107985401561019,0.38694563521915476,-1.1692119851856453,0.34761490487344143,10 °C,20,50,0,0,0.2250000000000001,3.4,3.4,3.8,TRUE,TRUE,-0.4107985401561019,-1.1692119851856453,0.34761490487344143,-0.4107985401561019,-1.1692119851856453,0.34761490487344143
2.1271966527196655,10,20,37,-0.4396778037796741,0.387524160873516,-1.1992251590917653,0.3198695515324172,10 °C,20,50,0,0,0.2250000000000001,3.4,3.4,3.8,TRUE,TRUE,-0.4396778037796741,-1.1992251590917653,0.3198695515324172,-0.4396778037796741,-1.1992251590917653,0.3198695515324172
2.17907949790795,10,20,37,-0.46855706740324543,0.3882225962006163,-1.2294733559564532,0.2923592211499625,10 °C,20,50,0,0,0.2250000000000001,3.4,3.4,3.8,TRUE,TRUE,-0.46855706740324543,-1.2294733559564532,0.2923592211499625,-0.46855706740324543,-1.2294733559564532,0.2923592211499625
2.2309623430962344,10,20,37,-0.49743633102681717,0.38904029538754425,-1.2599553099864038,0.2650826479327696,10 °C,20,50,0,0,0.2250000000000001,3.4,3.4,3.8,TRUE,TRUE,-0.49743633102681717,-1.2599553099864038,0.2650826479327696,-0.49743633102681717,-1.2599553099864038,0.2650826479327696
2.282845188284519,10,20,37,-0.5263155946503889,0.38997650822089935,-1.2906695507633517,0.23803836146257384,10 °C,20,50,0,0,0.2250000000000001,3.4,3.4,3.8,TRUE,TRUE,-0.5263155946503889,-1.2906695507633517,0.23803836146257384,-0.5263155946503889,-1.2906695507633517,0.23803836146257384
2.3347280334728038,10,20,37,-0.5551948582739599,0.39103038345831825,-1.3216144098522635,0.2112246933043439,10 °C,20,50,0,0,0.2250000000000001,3.4,3.4,3.8,TRUE,TRUE,-0.5551948582739599,-1.3216144098522635,0.2112246933043439,-0.5551948582739599,-1.3216144098522635,0.2112246933043439
2.386610878661088,10,20,37,-0.5840741218975319,0.3922009725962067,-1.352788028186097,0.18463978439103312,10 °C,20,50,0,0,0.2250000000000001,3.4,3.4,3.8,TRUE,TRUE,-0.5840741218975319,-1.352788028186097,0.18463978439103312,-0.5840741218975319,-1.352788028186097,0.18463978439103312
2.4384937238493727,10,20,37,-0.6129533855211038,0.39348723399586694,-1.3841883641530028,0.15828159311079537,10 °C,20,50,0,0,0.2250000000000001,3.4,3.4,3.8,TRUE,TRUE,-0.6129533855211038,-1.3841883641530028,0.15828159311079537,-0.6129533855211038,-1.3841883641530028,0.15828159311079537
2.4903765690376574,10,20,37,-0.6418326491446755,0.3948880373276486,-1.4158132023068668,0.13214790401751575,10 °C,20,50,0,0,0.2250000000000001,3.4,3.4,3.8,TRUE,TRUE,-0.6418326491446755,-1.4158132023068668,0.13214790401751575,-0.6418326491446755,-1.4158132023068668,0.13214790401751575
2.5422594142259416,10,20,37,-0.6707119127682468,0.3964021682908705,-1.447660162618353,0.10623633708185931,10 °C,20,50,0,0,0.2250000000000001,3.4,3.4,3.8,TRUE,TRUE,-0.6707119127682468,-1.447660162618353,0.10623633708185931,-0.6707119127682468,-1.447660162618353,0.10623633708185931
2.5941422594142263,10,20,37,-0.699591176391819,0.3980283335660684,-1.4797267101813132,0.08054435739767507,10 °C,20,50,0,0,0.2250000000000001,3.4,3.4,3.8,TRUE,TRUE,-0.699591176391819,-1.4797267101813132,0.08054435739767507,-0.699591176391819,-1.4797267101813132,0.08054435739767507
2.6460251046025105,10,20,37,-0.72847044001539,0.3997651659556094,-1.5120101652883844,0.05506928525760446,10 °C,20,50,0,0,0.2250000000000001,3.4,3.4,3.8,TRUE,TRUE,-0.72847044001539,-1.5120101652883844,0.05506928525760446,-0.72847044001539,-1.5120101652883844,0.05506928525760446
2.697907949790795,10,20,37,-0.7573497036389616,0.40161122966882684,-1.5445077137898622,0.029808306511938998,10 °C,20,50,0,0,0.2250000000000001,3.4,3.4,3.8,TRUE,TRUE,-0.7573497036389616,-1.5445077137898622,0.029808306511938998,-0.7573497036389616,-1.5445077137898622,0.029808306511938998
2.74979079497908,10,20,37,-0.7862289672625334,0.40356502570856534,-1.5772164176513215,0.004758483126254598,10 °C,20,50,0,0,0.2250000000000001,3.4,3.4,3.8,TRUE,TRUE,-0.7862289672625334,-1.5772164176513215,0.004758483126254598,-0.7862289672625334,-1.5772164176513215,0.004758483126254598
2.801673640167364,10,20,37,-0.8151082308861043,0.40562499731729995,-1.610133225628012,-0.02008323614419638,10 °C,20,50,0,0,0.2250000000000001,3.4,3.4,3.8,TRUE,TRUE,-0.8151082308861043,-1.610133225628012,-0.02008323614419638,-0.8151082308861043,-1.610133225628012,-0.02008323614419638
2.8535564853556488,10,20,37,-0.8439874945096768,0.40778953544275875,-1.643254983977484,-0.04472000504186968,10 °C,20,50,0,0,0.2250000000000001,3.4,3.4,3.8,TRUE,TRUE,-0.8439874945096768,-1.643254983977484,-0.04472000504186968,-0.8439874945096768,-1.643254983977484,-0.04472000504186968
2.9054393305439334,10,20,37,-0.8728667581332478,0.4100569841851729,-1.6765784471361866,-0.06915506913030889,10 °C,20,50,0,0,0.2250000000000001,3.4,3.4,3.8,TRUE,TRUE,-0.8728667581332478,-1.6765784471361866,-0.06915506913030889,-0.8728667581332478,-1.6765784471361866,-0.06915506913030889
2.9573221757322177,10,20,37,-0.9017460217568194,0.4124256461908181,-1.710100288290823,-0.09339175522281584,10 °C,20,50,0,0,0.2250000000000001,3.4,3.4,3.8,TRUE,TRUE,-0.9017460217568194,-1.710100288290823,-0.09339175522281584,-0.9017460217568194,-1.710100288290823,-0.09339175522281584
3.0092050209205023,10,20,37,-0.9306252853803912,0.41489378795933457,-1.743817109780687,-0.11743346098009555,10 °C,20,50,0,0,0.2250000000000001,3.4,3.4,3.8,TRUE,TRUE,-0.9306252853803912,-1.743817109780687,-0.11743346098009555,-0.9306252853803912,-1.743817109780687,-0.11743346098009555
3.061087866108787,10,20,37,-0.9595045490039631,0.4174596450353416,-1.7777254532732325,-0.14128364473469357,10 °C,20,50,0,0,0.2250000000000001,3.4,3.4,3.8,TRUE,TRUE,-0.9595045490039631,-1.7777254532732325,-0.14128364473469357,-0.9595045490039631,-1.7777254532732325,-0.14128364473469357
3.1129707112970713,10,20,37,-0.9883838126275338,0.420121427058033,-1.8118218096612786,-0.16494581559378918,10 °C,20,50,0,0,0.2250000000000001,3.4,3.4,3.8,TRUE,TRUE,-0.9883838126275338,-1.8118218096612786,-0.16494581559378918,-0.9883838126275338,-1.8118218096612786,-0.16494581559378918
3.164853556485356,10,20,37,-1.0172630762511063,0.4228773226456816,-1.8461026286366424,-0.18842352386557037,10 °C,20,50,0,0,0.2250000000000001,3.4,3.4,3.8,TRUE,TRUE,-1.0172630762511063,-1.8461026286366424,-0.18842352386557037,-1.0172630762511063,-1.8461026286366424,-0.18842352386557037
3.2167364016736406,10,20,37,-1.0461423398746774,0.4257255040952307,-1.8805643279013295,-0.2117203518480253,10 °C,20,50,0,0,0.2250000000000001,3.4,3.4,3.8,TRUE,TRUE,-1.0461423398746774,-1.8805643279013295,-0.2117203518480253,-1.0461423398746774,-1.8805643279013295,-0.2117203518480253
3.268619246861925,10,20,37,-1.0750216034982492,0.42866413188037217,-1.9152033019837786,-0.23483990501271967,10 °C,20,50,0,0,0.2250000000000001,3.4,3.4,3.8,TRUE,TRUE,-1.0750216034982492,-1.9152033019837786,-0.23483990501271967,-1.0750216034982492,-1.9152033019837786,-0.23483990501271967
3.3205020920502095,10,20,37,-1.1039008671218207,0.4316913589346269,-1.9500159306336893,-0.25778580360995196,10 °C,20,50,0,0,0.2250000000000001,3.4,3.4,3.8,TRUE,TRUE,-1.1039008671218207,-1.9500159306336893,-0.25778580360995196,-1.1039008671218207,-1.9500159306336893,-0.25778580360995196
3.372384937238494,10,20,37,-1.1327801307453926,0.43480533470894006,-1.9849985867749151,-0.2805616747158701,10 °C,20,50,0,0,0.2250000000000001,3.4,3.4,3.8,TRUE,TRUE,-1.1327801307453926,-1.9849985867749151,-0.2805616747158701,-1.1327801307453926,-1.9849985867749151,-0.2805616747158701
3.4242677824267784,10,20,37,-1.1616593943689644,0.43800420899614456,-2.0201476440014074,-0.30317114473652107,10 °C,20,50,0,0,0.2250000000000001,3.4,3.4,3.8,TRUE,FALSE,-1.1616593943689644,-2.0201476440014074,-0.30317114473652107,NA,NA,NA
3.476150627615063,10,20,37,-1.1905386579925352,0.4412861355172856,-2.0554594836064153,-0.3256178323786554,10 °C,20,50,0,0,0.2250000000000001,3.4,3.4,3.8,TRUE,FALSE,-1.1905386579925352,-2.0554594836064153,-0.3256178323786554,NA,NA,NA
3.528033472803348,10,20,37,-1.2194179216161072,0.4446492752672366,-2.0909305011398907,-0.3479053420923235,10 °C,20,50,0,0,0.2250000000000001,3.4,3.4,3.8,TRUE,FALSE,-1.2194179216161072,-2.0909305011398907,-0.3479053420923235,NA,NA,NA
3.579916317991632,10,20,37,-1.2482971852396787,0.4480917996192675,-2.126557112493443,-0.37003725798591447,10 °C,20,50,0,0,0.2250000000000001,3.4,3.4,3.8,TRUE,FALSE,-1.2482971852396787,-2.126557112493443,-0.37003725798591447,NA,NA,NA
3.6317991631799167,10,20,37,-1.2771764488632504,0.45161189319021017,-2.162335759516062,-0.3920171382104385,10 °C,20,50,0,0,0.2250000000000001,3.4,3.4,3.8,TRUE,FALSE,-1.2771764488632504,-2.162335759516062,-0.3920171382104385,NA,NA,NA
3.6836820083682014,10,20,37,-1.3060557124868224,0.45520775646963046,-2.198262915167298,-0.4138485098063467,10 °C,20,50,0,0,0.2250000000000001,3.4,3.4,3.8,TRUE,FALSE,-1.3060557124868224,-2.198262915167298,-0.4138485098063467,NA,NA,NA
3.7355648535564856,10,20,37,-1.334934976110394,0.4588776082179644,-2.234335088217604,-0.43553486400318364,10 °C,20,50,0,0,0.2250000000000001,3.4,3.4,3.8,TRUE,FALSE,-1.334934976110394,-2.234335088217604,-0.43553486400318364,NA,NA,NA
3.7874476987447703,10,20,37,-1.3638142397339648,0.4626196876398821,-2.270548827508134,-0.45707965195979583,10 °C,20,50,0,0,0.2250000000000001,3.4,3.4,3.8,TRUE,FALSE,-1.3638142397339648,-2.270548827508134,-0.45707965195979583,NA,NA,NA
3.839330543933055,10,20,37,-1.3926935033575367,0.4664322563402545,-2.3069007257844354,-0.47848628093063794,10 °C,20,50,0,0,0.2250000000000001,3.4,3.4,3.8,FALSE,FALSE,NA,NA,NA,NA,NA,NA
3.891213389121339,10,20,37,-1.4215727669811091,0.47031360007101247,-2.3433874231202934,-0.4997581108419247,10 °C,20,50,0,0,0.2250000000000001,3.4,3.4,3.8,FALSE,FALSE,NA,NA,NA,NA,NA,NA
3.943096234309624,10,20,37,-1.4504520306046802,0.4742620302778927,-2.38000560994935,-0.5208984512600106,10 °C,20,50,0,0,0.2250000000000001,3.4,3.4,3.8,FALSE,FALSE,NA,NA,NA,NA,NA,NA
3.9949790794979085,10,20,37,-1.479331294228252,0.47827588545662386,-2.4167520297232348,-0.5419105587332692,10 °C,20,50,0,0,0.2250000000000001,3.4,3.4,3.8,FALSE,FALSE,NA,NA,NA,NA,NA,NA
4.046861924686193,10,20,37,-1.5082105578518246,0.4823535323285022,-2.453623481215689,-0.5627976344879603,10 °C,20,50,0,0,0.2250000000000001,3.4,3.4,3.8,FALSE,FALSE,NA,NA,NA,NA,NA,NA
4.098744769874477,10,20,37,-1.5370898214753954,0.486493366845536,-2.490616820492646,-0.5835628224581448,10 °C,20,50,0,0,0.2250000000000001,3.4,3.4,3.8,FALSE,FALSE,NA,NA,NA,NA,NA,NA
4.150627615062762,10,20,37,-1.5659690850989663,0.49069381503549075,-2.527728962568528,-0.6042092076294044,10 °C,20,50,0,0,0.2250000000000001,3.4,3.4,3.8,FALSE,FALSE,NA,NA,NA,NA,NA,NA
4.202510460251046,10,20,37,-1.5948483487225389,0.49495333369714767,-2.564956882768948,-0.6247398146761295,10 °C,20,50,0,0,0.2250000000000001,3.4,3.4,3.8,FALSE,FALSE,NA,NA,NA,NA,NA,NA
4.254393305439331,10,20,37,-1.6237276123461097,0.4992704109560394,-2.602297617819947,-0.6451576068722725,10 °C,20,50,0,0,0.2250000000000001,3.4,3.4,3.8,FALSE,FALSE,NA,NA,NA,NA,NA,NA
4.306276150627616,10,20,37,-1.6526068759696826,0.5036435666907321,-2.6397482666835175,-0.6654654852558477,10 °C,20,50,0,0,0.2250000000000001,3.4,3.4,3.8,FALSE,FALSE,NA,NA,NA,NA,NA,NA
4.3581589958159,10,20,37,-1.681486139593254,0.5080713528395076,-2.677305991158689,-0.6856662880278194,10 °C,20,50,0,0,0.2250000000000001,3.4,3.4,3.8,FALSE,FALSE,NA,NA,NA,NA,NA,NA
4.410041841004184,10,20,37,-1.710365403216825,0.512552353597006,-2.7149680162669565,-0.7057627901666932,10 °C,20,50,0,0,0.2250000000000001,3.4,3.4,3.8,FALSE,FALSE,NA,NA,NA,NA,NA,NA
4.461924686192469,10,20,37,-1.7392446668403958,0.5170851855100369,-2.752731630440068,-0.7257577032407234,10 °C,20,50,0,0,0.2250000000000001,3.4,3.4,3.8,FALSE,FALSE,NA,NA,NA,NA,NA,NA
4.5138075313807535,10,20,37,-1.7681239304639684,0.5216684974814229,-2.7905941855275573,-0.7456536754003797,10 °C,20,50,0,0,0.2250000000000001,3.4,3.4,3.8,FALSE,FALSE,NA,NA,NA,NA,NA,NA
4.565690376569038,10,20,37,-1.7970031940875402,0.5263009706903059,-2.8285530966405394,-0.7654532915345407,10 °C,20,50,0,0,0.2250000000000001,3.4,3.4,3.8,FALSE,FALSE,NA,NA,NA,NA,NA,NA
4.617573221757323,10,20,37,-1.825882457711112,0.5309813184369552,-2.866605841847544,-0.7851590735746798,10 °C,20,50,0,0,0.2250000000000001,3.4,3.4,3.8,FALSE,FALSE,NA,NA,NA,NA,NA,NA
4.6694560669456076,10,20,37,-1.854761721334682,0.5357082859196725,-2.90474996173724,-0.8047734809321241,10 °C,20,50,0,0,0.2250000000000001,3.4,3.4,3.8,FALSE,FALSE,NA,NA,NA,NA,NA,NA
4.721338912133891,10,20,37,-1.8836409849582545,0.5404806499509454,-2.942983058862107,-0.8242989110544017,10 °C,20,50,0,0,0.2250000000000001,3.4,3.4,3.8,FALSE,FALSE,NA,NA,NA,NA,NA,NA
4.773221757322176,10,20,37,-1.9125202485818253,0.5452972186195851,-2.9813027970762125,-0.8437377000874384,10 °C,20,50,0,0,0.2250000000000001,3.4,3.4,3.8,FALSE,FALSE,NA,NA,NA,NA,NA,NA
4.825104602510461,10,20,37,-1.9413995122053964,0.5501568309051265,-3.019706900779444,-0.8630921236313487,10 °C,20,50,0,0,0.2250000000000001,3.4,3.4,3.8,FALSE,FALSE,NA,NA,NA,NA,NA,NA
4.876987447698745,10,20,37,-1.970278775828969,0.555058356250354,-3.058193154079663,-0.8823643975782751,10 °C,20,50,0,0,0.2250000000000001,3.4,3.4,3.8,FALSE,FALSE,NA,NA,NA,NA,NA,NA
4.92887029288703,10,20,37,-1.9991580394525408,0.5600006940974043,-3.096759399883453,-0.9015566790216285,10 °C,20,50,0,0,0.2250000000000001,3.4,3.4,3.8,FALSE,FALSE,NA,NA,NA,NA,NA,NA
4.980753138075315,10,20,37,-2.0280373030761116,0.5649827733924825,-3.1354035389253774,-0.9206710672268459,10 °C,20,50,0,0,0.2250000000000001,3.4,3.4,3.8,FALSE,FALSE,NA,NA,NA,NA,NA,NA
5.0326359832635985,10,20,37,-2.0569165666996834,0.5700035520638481,-3.1741235287448255,-0.939709604654541,10 °C,20,50,0,0,0.2250000000000001,3.4,3.4,3.8,FALSE,FALSE,NA,NA,NA,NA,NA,NA
5.084518828451883,10,20,37,-2.085795830323255,0.575062016477357,-3.212917382618875,-0.9586742780276354,10 °C,20,50,0,0,0.2250000000000001,3.4,3.4,3.8,FALSE,FALSE,NA,NA,NA,NA,NA,NA
5.136401673640168,10,20,37,-2.114675093946827,0.580157180873477,-3.251783168458842,-0.9775670194348118,10 °C,20,50,0,0,0.2250000000000001,3.4,3.4,3.8,FALSE,FALSE,NA,NA,NA,NA,NA,NA
5.1882845188284525,10,20,37,-2.1435543575703995,0.5852880867893809,-3.290719007677586,-0.9963897074632129,10 °C,20,50,0,0,0.2250000000000001,3.4,3.4,3.8,FALSE,FALSE,NA,NA,NA,NA,NA,NA
5.240167364016737,10,20,37,-2.1724336211939703,0.590453802469375,-3.329723074033945,-1.0151441683539955,10 °C,20,50,0,0,0.2250000000000001,3.4,3.4,3.8,FALSE,FALSE,NA,NA,NA,NA,NA,NA
5.292050209205021,10,20,37,-2.201312884817541,0.5956534222666484,-3.3687935924601717,-1.0338321771749104,10 °C,20,50,0,0,0.2250000000000001,3.4,3.4,3.8,FALSE,FALSE,NA,NA,NA,NA,NA,NA
5.343933054393306,10,20,37,-2.230192148441112,0.6008860660390231,-3.407928837877597,-1.052455459004627,10 °C,20,50,0,0,0.2250000000000001,3.4,3.4,3.8,FALSE,FALSE,NA,NA,NA,NA,NA,NA
5.39581589958159,10,20,37,-2.2590714120646846,0.606150878541138,-3.4471271340053153,-1.0710156901240542,10 °C,20,50,0,0,0.2250000000000001,3.4,3.4,3.8,FALSE,FALSE,NA,NA,NA,NA,NA,NA
5.447698744769875,10,20,37,-2.2879506756882555,0.6114470288152445,-3.4863868521661345,-1.0895144992103762,10 °C,20,50,0,0,0.2250000000000001,3.4,3.4,3.8,FALSE,FALSE,NA,NA,NA,NA,NA,NA
5.49958158995816,10,20,37,-2.316829939311828,0.6167737095825694,-3.5257064100936644,-1.107953468529992,10 °C,20,50,0,0,0.2250000000000001,3.4,3.4,3.8,FALSE,FALSE,NA,NA,NA,NA,NA,NA
5.551464435146444,10,20,37,-2.3457092029354008,0.6221301366369851,-3.565084270743892,-1.1263341351269098,10 °C,20,50,0,0,0.2250000000000001,3.4,3.4,3.8,FALSE,FALSE,NA,NA,NA,NA,NA,NA
5.603347280334728,10,20,37,-2.37458846655897,0.627515548242528,-3.604518941114325,-1.144657992003615,10 °C,20,50,0,0,0.2250000000000001,3.4,3.4,3.8,FALSE,FALSE,NA,NA,NA,NA,NA,NA
5.655230125523013,10,20,37,-2.4034677301825442,0.6329292045361343,-3.6440089710733674,-1.162926489291721,10 °C,20,50,0,0,0.2250000000000001,3.4,3.4,3.8,FALSE,FALSE,NA,NA,NA,NA,NA,NA
5.7071129707112975,10,20,37,-2.432346993806115,0.6383703869367882,-3.68355295220222,-1.1811410354100103,10 °C,20,50,0,0,0.2250000000000001,3.4,3.4,3.8,FALSE,FALSE,NA,NA,NA,NA,NA,NA
5.758995815899582,10,20,37,-2.461226257429686,0.6438383975621221,-3.7231495166514454,-1.1993029982079266,10 °C,20,50,0,0,0.2250000000000001,3.4,3.4,3.8,FALSE,FALSE,NA,NA,NA,NA,NA,NA
5.810878661087867,10,20,37,-2.4901055210532586,0.6493325586533878,-3.7627973360138984,-1.2174137060926185,10 °C,20,50,0,0,0.2250000000000001,3.4,3.4,3.8,FALSE,FALSE,NA,NA,NA,NA,NA,NA
5.862761506276152,10,20,37,-2.51898478467683,0.6548522120095535,-3.8024951202155544,-1.2354744491381051,10 °C,20,50,0,0,0.2250000000000001,3.4,3.4,3.8,FALSE,FALSE,NA,NA,NA,NA,NA,NA
5.914644351464435,10,20,37,-2.547864048300402,0.660396718431211,-3.8422416164255755,-1.2534864801752286,10 °C,20,50,0,0,0.2250000000000001,3.4,3.4,3.8,FALSE,FALSE,NA,NA,NA,NA,NA,NA
5.96652719665272,10,20,37,-2.576743311923973,0.6659654571748268,-3.8820356079866336,-1.2714510158613124,10 °C,20,50,0,0,0.2250000000000001,3.4,3.4,3.8,FALSE,FALSE,NA,NA,NA,NA,NA,NA
6.018410041841005,10,20,37,-2.605622575547544,0.6715578254178093,-3.92187591336645,-1.289369237728638,10 °C,20,50,0,0,0.2250000000000001,3.4,3.4,3.8,FALSE,FALSE,NA,NA,NA,NA,NA,NA
6.070292887029289,10,20,37,-2.634501839171115,0.6771732377347573,-3.9617613851312394,-1.3072422932109906,10 °C,20,50,0,0,0.2250000000000001,3.4,3.4,3.8,FALSE,FALSE,NA,NA,NA,NA,NA,NA
6.122175732217574,10,20,37,-2.6633811027946876,0.6828111255851855,-4.001690908941651,-1.325071296647724,10 °C,20,50,0,0,0.2250000000000001,3.4,3.4,3.8,FALSE,FALSE,NA,NA,NA,NA,NA,NA
6.174058577405859,10,20,37,-2.69226036641826,0.6884709368129481,-4.041663402571638,-1.3428573302648814,10 °C,20,50,0,0,0.2250000000000001,3.4,3.4,3.8,FALSE,FALSE,NA,NA,NA,NA,NA,NA
6.2259414225941425,10,20,37,-2.721139630041831,0.6941521351575212,-4.081677814950573,-1.3606014451330897,10 °C,20,50,0,0,0.2250000000000001,3.4,3.4,3.8,FALSE,FALSE,NA,NA,NA,NA,NA,NA
6.277824267782427,10,20,37,-2.750018893665402,0.6998541997772466,-4.121733125228806,-1.3783046621019985,10 °C,20,50,0,0,0.2250000000000001,3.4,3.4,3.8,FALSE,FALSE,NA,NA,NA,NA,NA,NA
6.329707112970712,10,20,37,-2.778898157288974,0.7055766247845877,-4.161828341866766,-1.3959679727111822,10 °C,20,50,0,0,0.2250000000000001,3.4,3.4,3.8,FALSE,FALSE,NA,NA,NA,NA,NA,NA
6.3815899581589965,10,20,37,-2.8077774209125472,0.7113189187934112,-4.201962501747634,-1.4135923400774613,10 °C,20,50,0,0,0.2250000000000001,3.4,3.4,3.8,FALSE,FALSE,NA,NA,NA,NA,NA,NA
6.433472803347281,10,20,37,-2.836656684536118,0.7170806044782566,-4.242134669313501,-1.4311786997587352,10 °C,20,50,0,0,0.2250000000000001,3.4,3.4,3.8,FALSE,FALSE,NA,NA,NA,NA,NA,NA
6.485355648535566,10,20,37,-2.8655359481596903,0.722861218145526,-4.282343935724921,-1.4487279605944594,10 °C,20,50,0,0,0.2250000000000001,3.4,3.4,3.8,FALSE,FALSE,NA,NA,NA,NA,NA,NA
6.53723849372385,10,20,37,-2.8944152117832616,0.7286603093165018,-4.322589418043605,-1.466241005522918,10 °C,20,50,0,0,0.2250000000000001,3.4,3.4,3.8,FALSE,FALSE,NA,NA,NA,NA,NA,NA
6.589121338912134,10,20,37,-2.9232944754068324,0.7344774403220735,-4.362870258438097,-1.4837186923755683,10 °C,20,50,0,0,0.2250000000000001,3.4,3.4,3.8,FALSE,FALSE,NA,NA,NA,NA,NA,NA
6.641004184100419,10,20,37,-2.9521737390304046,0.7403121859090024,-4.40318562341205,-1.50116185464876,10 °C,20,50,0,0,0.2250000000000001,3.4,3.4,3.8,FALSE,FALSE,NA,NA,NA,NA,NA,NA
6.692887029288704,10,20,37,-2.981053002653976,0.7461641328575929,-4.443534703054858,-1.5185713022530938,10 °C,20,50,0,0,0.2250000000000001,3.4,3.4,3.8,FALSE,FALSE,NA,NA,NA,NA,NA,NA
6.744769874476988,10,20,37,-3.0099322662775485,0.752032879610551,-4.483916710314229,-1.5359478222408687,10 °C,20,50,0,0,0.2250000000000001,3.4,3.4,3.8,FALSE,FALSE,NA,NA,NA,NA,NA,NA
6.796652719665272,10,20,37,-3.0388115299011207,0.7579180359128608,-4.524330880290328,-1.5532921795119137,10 °C,20,50,0,0,0.2250000000000001,3.4,3.4,3.8,FALSE,FALSE,NA,NA,NA,NA,NA,NA
6.848535564853557,10,20,37,-3.06769079352469,0.763819222462447,-4.564776469551086,-1.570605117498294,10 °C,20,50,0,0,0.2250000000000001,3.4,3.4,3.8,FALSE,FALSE,NA,NA,NA,NA,NA,NA
6.9004184100418415,10,20,37,-3.096570057148263,0.7697360705714139,-4.605252755468234,-1.5878873588282916,10 °C,20,50,0,0,0.2250000000000001,3.4,3.4,3.8,FALSE,FALSE,NA,NA,NA,NA,NA,NA
6.952301255230126,10,20,37,-3.1254493207718337,0.7756682218376375,-4.645759035573603,-1.6051396059700642,10 °C,20,50,0,0,0.2250000000000001,3.4,3.4,3.8,FALSE,FALSE,NA,NA,NA,NA,NA,NA
7.004184100418411,10,20,37,-3.1543285843954063,0.7816153278264574,-4.686294626935263,-1.6223625418555498,10 °C,20,50,0,0,0.2250000000000001,3.4,3.4,3.8,FALSE,FALSE,NA,NA,NA,NA,NA,NA
7.056066945606696,10,20,37,-3.1832078480189776,0.7875770497622535,-4.726858865552995,-1.6395568304849608,10 °C,20,50,0,0,0.2250000000000001,3.4,3.4,3.8,FALSE,FALSE,NA,NA,NA,NA,NA,NA
7.107949790794979,10,20,37,-3.2120871116425493,0.7935530582296473,-4.767451105772658,-1.6567231175124406,10 °C,20,50,0,0,0.2250000000000001,3.4,3.4,3.8,FALSE,FALSE,NA,NA,NA,NA,NA,NA
7.159832635983264,10,20,37,-3.2409663752661206,0.7995430328840931,-4.808070719718943,-1.673862030813298,10 °C,20,50,0,0,0.2250000000000001,3.4,3.4,3.8,FALSE,FALSE,NA,NA,NA,NA,NA,NA
7.211715481171549,10,20,37,-3.269845638889692,0.8055466621716084,-4.848717096746045,-1.6909741810333394,10 °C,20,50,0,0,0.2250000000000001,3.4,3.4,3.8,FALSE,FALSE,NA,NA,NA,NA,NA,NA
7.263598326359833,10,20,37,-3.2987249025132623,0.8115636430574008,-4.889389642905768,-1.7080601621207567,10 °C,20,50,0,0,0.2250000000000001,3.4,3.4,3.8,FALSE,FALSE,NA,NA,NA,NA,NA,NA
7.315481171548118,10,20,37,-3.327604166136835,0.8175936807631521,-4.930087780432613,-1.7251205518410568,10 °C,20,50,0,0,0.2250000000000001,3.4,3.4,3.8,FALSE,FALSE,NA,NA,NA,NA,NA,NA
7.367364016736403,10,20,37,-3.3564834297604063,0.8236364885127018,-4.970810947245302,-1.7421559122755108,10 °C,20,50,0,0,0.2250000000000001,3.4,3.4,3.8,FALSE,FALSE,NA,NA,NA,NA,NA,NA
7.4192468619246865,10,20,37,-3.3853626933839784,0.8296917872859086,-5.01155859646436,-1.7591667903035975,10 °C,20,50,0,0,0.2250000000000001,3.4,3.4,3.8,FALSE,FALSE,NA,NA,NA,NA,NA,NA
7.471129707112971,10,20,37,-3.4142419570075493,0.8357593055804367,-5.052330195945205,-1.7761537180698934,10 °C,20,50,0,0,0.2250000000000001,3.4,3.4,3.8,FALSE,FALSE,NA,NA,NA,NA,NA,NA
7.523012552301256,10,20,37,-3.4431212206311206,0.8418387791812388,-5.093125227826349,-1.7931172134358926,10 °C,20,50,0,0,0.2250000000000001,3.4,3.4,3.8,FALSE,FALSE,NA,NA,NA,NA,NA,NA
7.5748953974895405,10,20,37,-3.4720004842546928,0.8479299509375057,-5.1339431880922035,-1.8100577804171816,10 °C,20,50,0,0,0.2250000000000001,3.4,3.4,3.8,FALSE,FALSE,NA,NA,NA,NA,NA,NA
7.626778242677825,10,20,37,-3.5008797478782654,0.8540325705468497,-5.174783586150091,-1.82697590960644,10 °C,20,50,0,0,0.2250000000000001,3.4,3.4,3.8,FALSE,FALSE,NA,NA,NA,NA,NA,NA
7.67866108786611,10,20,37,-3.5297590115018367,0.8601463943465057,-5.215645944420988,-1.8438720785826854,10 °C,20,50,0,0,0.2250000000000001,3.4,3.4,3.8,FALSE,FALSE,NA,NA,NA,NA,NA,NA
7.730543933054394,10,20,37,-3.558638275125407,0.8662711851113292,-5.256529797943612,-1.8607467523072019,10 °C,20,50,0,0,0.2250000000000001,3.4,3.4,3.8,FALSE,FALSE,NA,NA,NA,NA,NA,NA
7.782426778242678,10,20,37,-3.5875175387489797,0.8724067118583709,-5.297434693991387,-1.8776003835065727,10 °C,20,50,0,0,0.2250000000000001,3.4,3.4,3.8,FALSE,FALSE,NA,NA,NA,NA,NA,NA
7.834309623430963,10,20,37,-3.616396802372551,0.8785527496578339,-5.338360191701906,-1.8944334130431966,10 °C,20,50,0,0,0.2250000000000001,3.4,3.4,3.8,FALSE,FALSE,NA,NA,NA,NA,NA,NA
7.886192468619248,10,20,37,-3.6452760659961236,0.8847090794501898,-5.379305861718496,-1.9112462702737516,10 °C,20,50,0,0,0.2250000000000001,3.4,3.4,3.8,FALSE,FALSE,NA,NA,NA,NA,NA,NA
7.938075313807532,10,20,37,-3.674155329619696,0.8908754878692763,-5.420271285843477,-1.9280393733959142,10 °C,20,50,0,0,0.2250000000000001,3.4,3.4,3.8,FALSE,FALSE,NA,NA,NA,NA,NA,NA
7.989958158995817,10,20,37,-3.703034593243267,0.8970517670711632,-5.461256056702747,-1.9448131297837874,10 °C,20,50,0,0,0.2250000000000001,3.4,3.4,3.8,FALSE,FALSE,NA,NA,NA,NA,NA,NA
8.041841004184102,10,20,37,-3.731913856866838,0.9032377145686116,-5.502259777421317,-1.9615679363123593,10 °C,20,50,0,0,0.2250000000000001,3.4,3.4,3.8,FALSE,FALSE,NA,NA,NA,NA,NA,NA
8.093723849372386,10,20,37,-3.7607931204904106,0.9094331330709354,-5.543282061309444,-1.9783041796713772,10 °C,20,50,0,0,0.2250000000000001,3.4,3.4,3.8,FALSE,FALSE,NA,NA,NA,NA,NA,NA
8.145606694560671,10,20,37,-3.7896723841139814,0.9156378303290893,-5.584322531558996,-1.9950222366689665,10 °C,20,50,0,0,0.2250000000000001,3.4,3.4,3.8,FALSE,FALSE,NA,NA,NA,NA,NA,NA
8.197489539748954,10,20,37,-3.8185516477375523,0.9218516189858134,-5.625380820949746,-2.0117224745253584,10 °C,20,50,0,0,0.2250000000000001,3.4,3.4,3.8,FALSE,FALSE,NA,NA,NA,NA,NA,NA
8.249372384937239,10,20,37,-3.8474309113611245,0.9280743164306527,-5.666456571565204,-2.028405251157045,10 °C,20,50,0,0,0.2250000000000001,3.4,3.4,3.8,FALSE,FALSE,NA,NA,NA,NA,NA,NA
8.301255230125523,10,20,37,-3.8763101749846958,0.9343057446597121,-5.707549434517731,-2.04507091545166,10 °C,20,50,0,0,0.2250000000000001,3.4,3.4,3.8,FALSE,FALSE,NA,NA,NA,NA,NA,NA
8.353138075313808,10,20,37,-3.9051894386082684,0.9405457301399607,-5.748659069682591,-2.0617198075339456,10 °C,20,50,0,0,0.2250000000000001,3.4,3.4,3.8,FALSE,FALSE,NA,NA,NA,NA,NA,NA
8.405020920502093,10,20,37,-3.934068702231841,0.9467941036779537,-5.78978514544063,-2.0783522590230517,10 °C,20,50,0,0,0.2250000000000001,3.4,3.4,3.8,FALSE,FALSE,NA,NA,NA,NA,NA,NA
8.456903765690377,10,20,37,-3.96294796585541,0.953050700292815,-5.830927338429327,-2.094968593281493,10 °C,20,50,0,0,0.2250000000000001,3.4,3.4,3.8,FALSE,FALSE,NA,NA,NA,NA,NA,NA
8.508786610878662,10,20,37,-3.9918272294789827,0.9593153590933322,-5.872085333301914,-2.1115691256560516,10 °C,20,50,0,0,0.2250000000000001,3.4,3.4,3.8,FALSE,FALSE,NA,NA,NA,NA,NA,NA
8.560669456066947,10,20,37,-4.020706493102555,0.9655879231590299,-5.913258822494253,-2.1281541637108563,10 °C,20,50,0,0,0.2250000000000001,3.4,3.4,3.8,FALSE,FALSE,NA,NA,NA,NA,NA,NA
8.612552301255231,10,20,37,-4.049585756726127,0.9718682394250906,-5.954447505999305,-2.144724007452949,10 °C,20,50,0,0,0.2250000000000001,3.4,3.4,3.8,FALSE,FALSE,NA,NA,NA,NA,NA,NA
8.664435146443516,10,20,37,-4.078465020349699,0.9781561585709803,-5.9956510911488206,-2.161278949550578,10 °C,20,50,0,0,0.2250000000000001,3.4,3.4,3.8,FALSE,FALSE,NA,NA,NA,NA,NA,NA
8.7163179916318,10,20,37,-4.107344283973269,0.9844515349126673,-6.0368692924020975,-2.177819275544441,10 °C,20,50,0,0,0.2250000000000001,3.4,3.4,3.8,FALSE,FALSE,NA,NA,NA,NA,NA,NA
8.768200836820084,10,20,37,-4.13622354759684,0.9907542262982946,-6.078101831141497,-2.194345264052183,10 °C,20,50,0,0,0.2250000000000001,3.4,3.4,3.8,FALSE,FALSE,NA,NA,NA,NA,NA,NA
8.820083682008368,10,20,37,-4.165102811220411,0.9970640940072083,-6.119348435474539,-2.2108571869662828,10 °C,20,50,0,0,0.2250000000000001,3.4,3.4,3.8,FALSE,FALSE,NA,NA,NA,NA,NA,NA
8.871966527196653,10,20,37,-4.1939820748439836,1.0033810026522094,-6.160608840042314,-2.2273553096456533,10 °C,20,50,0,0,0.2250000000000001,3.4,3.4,3.8,FALSE,FALSE,NA,NA,NA,NA,NA,NA
8.923849372384938,10,20,37,-4.222861338467553,1.009704820084934,-6.201882785834023,-2.243839891101082,10 °C,20,50,0,0,0.2250000000000001,3.4,3.4,3.8,FALSE,FALSE,NA,NA,NA,NA,NA,NA
8.975732217573222,10,20,37,-4.251740602091126,1.0160354173042407,-6.2431700200074385,-2.2603111841748142,10 °C,20,50,0,0,0.2250000000000001,3.4,3.4,3.8,FALSE,FALSE,NA,NA,NA,NA,NA,NA
9.027615062761507,10,20,37,-4.2806198657147,1.0223726683675152,-6.284470295715029,-2.27676943571437,10 °C,20,50,0,0,0.2250000000000001,3.4,3.4,3.8,FALSE,FALSE,NA,NA,NA,NA,NA,NA
9.079497907949792,10,20,37,-4.309499129338271,1.0287164503047856,-6.3257833719356515,-2.2932148867408917,10 °C,20,50,0,0,0.2250000000000001,3.4,3.4,3.8,FALSE,FALSE,NA,NA,NA,NA,NA,NA
9.131380753138076,10,20,37,-4.338378392961842,1.0350666430355593,-6.367109013311538,-2.3096477726121463,10 °C,20,50,0,0,0.2250000000000001,3.4,3.4,3.8,FALSE,FALSE,NA,NA,NA,NA,NA,NA
9.183263598326361,10,20,37,-4.367257656585413,1.0414231292882734,-6.408446989990429,-2.3260683231803974,10 °C,20,50,0,0,0.2250000000000001,3.4,3.4,3.8,FALSE,FALSE,NA,NA,NA,NA,NA,NA
9.235146443514646,10,20,37,-4.396136920208984,1.0477857945222953,-6.449797077472683,-2.342476762945285,10 °C,20,50,0,0,0.2250000000000001,3.4,3.4,3.8,FALSE,FALSE,NA,NA,NA,NA,NA,NA
9.28702928870293,10,20,37,-4.425016183832555,1.0541545268523544,-6.49115905646317,-2.35887331120194,10 °C,20,50,0,0,0.2250000000000001,3.4,3.4,3.8,FALSE,FALSE,NA,NA,NA,NA,NA,NA
9.338912133891215,10,20,37,-4.453895447456129,1.0605292169753553,-6.532532712727825,-2.375258182184433,10 °C,20,50,0,0,0.2250000000000001,3.4,3.4,3.8,FALSE,FALSE,NA,NA,NA,NA,NA,NA
9.390794979079498,10,20,37,-4.4827747110797,1.0669097580994686,-6.573917836954658,-2.3916315852047414,10 °C,20,50,0,0,0.2250000000000001,3.4,3.4,3.8,FALSE,FALSE,NA,NA,NA,NA,NA,NA
9.442677824267783,10,20,37,-4.51165397470327,1.0732960458754284,-6.61531422461911,-2.4079937247874303,10 °C,20,50,0,0,0.2250000000000001,3.4,3.4,3.8,FALSE,FALSE,NA,NA,NA,NA,NA,NA
9.494560669456067,10,20,37,-4.540533238326841,1.0796879783299664,-6.656721675853575,-2.4243448008001067,10 °C,20,50,0,0,0.2250000000000001,3.4,3.4,3.8,FALSE,FALSE,NA,NA,NA,NA,NA,NA
9.546443514644352,10,20,37,-4.569412501950413,1.0860854558013044,-6.69813999532097,-2.4406850085798557,10 °C,20,50,0,0,0.2250000000000001,3.4,3.4,3.8,FALSE,FALSE,NA,NA,NA,NA,NA,NA
9.598326359832637,10,20,37,-4.5982917655739834,1.0924883808766388,-6.739568992092195,-2.4570145390557716,10 °C,20,50,0,0,0.2250000000000001,3.4,3.4,3.8,FALSE,FALSE,NA,NA,NA,NA,NA,NA
9.650209205020921,10,20,37,-4.627171029197558,1.0988966583315514,-6.781008479527399,-2.473333578867717,10 °C,20,50,0,0,0.2250000000000001,3.4,3.4,3.8,FALSE,FALSE,NA,NA,NA,NA,NA,NA
9.702092050209206,10,20,37,-4.656050292821129,1.1053101950712734,-6.822458275160825,-2.489642310481433,10 °C,20,50,0,0,0.2250000000000001,3.4,3.4,3.8,FALSE,FALSE,NA,NA,NA,NA,NA,NA
9.75397489539749,10,20,37,-4.6849295564446995,1.1117289000737542,-6.863918200589257,-2.5059409123001415,10 °C,20,50,0,0,0.2250000000000001,3.4,3.4,3.8,FALSE,FALSE,NA,NA,NA,NA,NA,NA
9.805857740585775,10,20,37,-4.713808820068272,1.1181526843344605,-6.905388081363815,-2.5222295587727297,10 °C,20,50,0,0,0.2250000000000001,3.4,3.4,3.8,FALSE,FALSE,NA,NA,NA,NA,NA,NA
9.85774058577406,10,20,37,-4.742688083691843,1.1245814608128561,-6.946867746885041,-2.538508420498645,10 °C,20,50,0,0,0.2250000000000001,3.4,3.4,3.8,FALSE,FALSE,NA,NA,NA,NA,NA,NA
9.909623430962345,10,20,37,-4.771567347315416,1.1310151443805039,-6.988357030301203,-2.5547776643296283,10 °C,20,50,0,0,0.2250000000000001,3.4,3.4,3.8,FALSE,FALSE,NA,NA,NA,NA,NA,NA
9.96150627615063,10,20,37,-4.800446610938988,1.1374536517707352,-7.029855768409629,-2.5710374534683473,10 °C,20,50,0,0,0.2250000000000001,3.4,3.4,3.8,FALSE,FALSE,NA,NA,NA,NA,NA,NA
10.013389121338912,10,20,37,-4.829325874562557,1.1438969015298397,-7.071363801561043,-2.5872879475640715,10 °C,20,50,0,0,0.2250000000000001,3.4,3.4,3.8,FALSE,FALSE,NA,NA,NA,NA,NA,NA
10.065271966527197,10,20,37,-4.858205138186128,1.1503448139697128,-7.1128809735667655,-2.6035293028054913,10 °C,20,50,0,0,0.2250000000000001,3.4,3.4,3.8,FALSE,FALSE,NA,NA,NA,NA,NA,NA
10.117154811715482,10,20,37,-4.887084401809703,1.1567973111219239,-7.154407131608673,-2.619761672010732,10 °C,20,50,0,0,0.2250000000000001,3.4,3.4,3.8,FALSE,FALSE,NA,NA,NA,NA,NA,NA
10.169037656903766,10,20,37,-4.915963665433275,1.1632543166931597,-7.195942126151868,-2.6359852047146823,10 °C,20,50,0,0,0.2250000000000001,3.4,3.4,3.8,FALSE,FALSE,NA,NA,NA,NA,NA,NA
10.220920502092051,10,20,37,-4.944842929056844,1.1697157560219842,-7.237485810859933,-2.6522000472537552,10 °C,20,50,0,0,0.2250000000000001,3.4,3.4,3.8,FALSE,FALSE,NA,NA,NA,NA,NA,NA
10.272803347280336,10,20,37,-4.973722192680415,1.1761815560368876,-7.279038042512715,-2.6684063428481157,10 °C,20,50,0,0,0.2250000000000001,3.4,3.4,3.8,FALSE,FALSE,NA,NA,NA,NA,NA,NA
10.32468619246862,10,20,37,-5.002601456303986,1.1826516452155642,-7.3205986809264925,-2.68460423168148,10 °C,20,50,0,0,0.2250000000000001,3.4,3.4,3.8,FALSE,FALSE,NA,NA,NA,NA,NA,NA
10.376569037656905,10,20,37,-5.03148071992756,1.1891259535454037,-7.362167588876552,-2.700793850978569,10 °C,20,50,0,0,0.2250000000000001,3.4,3.4,3.8,FALSE,FALSE,NA,NA,NA,NA,NA,NA
10.42845188284519,10,20,37,-5.060359983551135,1.195604412485128,-7.4037446320219855,-2.716975335080284,10 °C,20,50,0,0,0.2250000000000001,3.4,3.4,3.8,FALSE,FALSE,NA,NA,NA,NA,NA,NA
10.480334728033474,10,20,37,-5.089239247174706,1.2020869549275557,-7.445329678832715,-2.7331488155166968,10 °C,20,50,0,0,0.2250000000000001,3.4,3.4,3.8,FALSE,FALSE,NA,NA,NA,NA,NA,NA
10.532217573221759,10,20,37,-5.1181185107982765,1.208573515163458,-7.486922600518654,-2.749314421077899,10 °C,20,50,0,0,0.2250000000000001,3.4,3.4,3.8,FALSE,FALSE,NA,NA,NA,NA,NA,NA
10.584100418410042,10,20,37,-5.146997774421844,1.2150640288464507,-7.528523270960887,-2.7654722778828003,10 °C,20,50,0,0,0.2250000000000001,3.4,3.4,3.8,FALSE,FALSE,NA,NA,NA,NA,NA,NA
10.635983263598327,10,20,37,-5.175877038045418,1.2215584329589129,-7.570131566644887,-2.781622509445949,10 °C,20,50,0,0,0.2250000000000001,3.4,3.4,3.8,FALSE,FALSE,NA,NA,NA,NA,NA,NA
10.687866108786611,10,20,37,-5.204756301668989,1.2280566657788874,-7.611747366595608,-2.7977652367423698,10 °C,20,50,0,0,0.2250000000000001,3.4,3.4,3.8,FALSE,FALSE,NA,NA,NA,NA,NA,NA
10.739748953974896,10,20,37,-5.2336355652925635,1.2345586668479311,-7.653370552314509,-2.8139005782706183,10 °C,20,50,0,0,0.2250000000000001,3.4,3.4,3.8,FALSE,FALSE,NA,NA,NA,NA,NA,NA
10.79163179916318,10,20,37,-5.262514828916134,1.2410643769398824,-7.695001007718304,-2.830028650113965,10 °C,20,50,0,0,0.2250000000000001,3.4,3.4,3.8,FALSE,FALSE,NA,NA,NA,NA,NA,NA
10.843514644351465,10,20,37,-5.291394092539705,1.2475737380305312,-7.736638619079546,-2.846149565999864,10 °C,20,50,0,0,0.2250000000000001,3.4,3.4,3.8,FALSE,FALSE,NA,NA,NA,NA,NA,NA
10.89539748953975,10,20,37,-5.320273356163276,1.2540866932681416,-7.7782832749688335,-2.8622634373577185,10 °C,20,50,0,0,0.2250000000000001,3.4,3.4,3.8,FALSE,FALSE,NA,NA,NA,NA,NA,NA
10.947280334728035,10,20,37,-5.34915261978685,1.2606031869448178,-7.819934866198693,-2.8783703733750077,10 °C,20,50,0,0,0.2250000000000001,3.4,3.4,3.8,FALSE,FALSE,NA,NA,NA,NA,NA,NA
10.99916317991632,10,20,37,-5.378031883410421,1.2671231644686705,-7.861593285769015,-2.8944704810518274,10 °C,20,50,0,0,0.2250000000000001,3.4,3.4,3.8,FALSE,FALSE,NA,NA,NA,NA,NA,NA
11.051046025104604,10,20,37,-5.406911147033992,1.2736465723367751,-7.9032584288140715,-2.9105638652539128,10 °C,20,50,0,0,0.2250000000000001,3.4,3.4,3.8,FALSE,FALSE,NA,NA,NA,NA,NA,NA
11.102928870292889,10,20,37,-5.435790410657563,1.280173358108891,-7.94493019255099,-2.9266506287641367,10 °C,20,50,0,0,0.2250000000000001,3.4,3.4,3.8,FALSE,FALSE,NA,NA,NA,NA,NA,NA
11.154811715481173,10,20,37,-5.464669674281134,1.286703470381902,-7.986608476229662,-2.9427308723326058,10 °C,20,50,0,0,0.2250000000000001,3.4,3.4,3.8,FALSE,FALSE,NA,NA,NA,NA,NA,NA
11.206694560669456,10,20,37,-5.493548937904705,1.2932368587649827,-8.02829318108407,-2.9588046947253384,10 °C,20,50,0,0,0.2250000000000001,3.4,3.4,3.8,FALSE,FALSE,NA,NA,NA,NA,NA,NA
11.258577405857741,10,20,37,-5.522428201528279,1.2997734738554512,-8.069984210284964,-2.9748721927715946,10 °C,20,50,0,0,0.2250000000000001,3.4,3.4,3.8,FALSE,FALSE,NA,NA,NA,NA,NA,NA
11.310460251046026,10,20,37,-5.55130746515185,1.3063132672152855,-8.11168146889381,-2.9909334614098904,10 °C,20,50,0,0,0.2250000000000001,3.4,3.4,3.8,FALSE,FALSE,NA,NA,NA,NA,NA,NA
11.36234309623431,10,20,37,-5.580186728775421,1.3128561913482892,-8.153384863818069,-3.006988593732774,10 °C,20,50,0,0,0.2250000000000001,3.4,3.4,3.8,FALSE,FALSE,NA,NA,NA,NA,NA,NA
11.414225941422595,10,20,37,-5.609065992398995,1.3194021996778895,-8.19509430376766,-3.0230376810303317,10 °C,20,50,0,0,0.2250000000000001,3.4,3.4,3.8,FALSE,FALSE,NA,NA,NA,NA,NA,NA
11.46610878661088,10,20,37,-5.637945256022566,1.3259512465255374,-8.23680969921262,-3.0390808128325126,10 °C,20,50,0,0,0.2250000000000001,3.4,3.4,3.8,FALSE,FALSE,NA,NA,NA,NA,NA,NA
11.517991631799164,10,20,37,-5.666824519646137,1.3325032870897011,-8.27853096234195,-3.055118076950323,10 °C,20,50,0,0,0.2250000000000001,3.4,3.4,3.8,FALSE,FALSE,NA,NA,NA,NA,NA,NA
11.569874476987449,10,20,37,-5.695703783269709,1.3390582774254254,-8.320258007023542,-3.071149559515875,10 °C,20,50,0,0,0.2250000000000001,3.4,3.4,3.8,FALSE,FALSE,NA,NA,NA,NA,NA,NA
11.621757322175734,10,20,37,-5.724583046893279,1.3456161744244495,-8.3619907487652,-3.0871753450213575,10 °C,20,50,0,0,0.2250000000000001,3.4,3.4,3.8,FALSE,FALSE,NA,NA,NA,NA,NA,NA
11.673640167364018,10,20,37,-5.75346231051685,1.3521769357958648,-8.403729104676746,-3.1031955163569553,10 °C,20,50,0,0,0.2250000000000001,3.4,3.4,3.8,FALSE,FALSE,NA,NA,NA,NA,NA,NA
11.725523012552303,10,20,37,-5.782341574140425,1.3587405200472795,-8.445472993433093,-3.119210154847757,10 °C,20,50,0,0,0.2250000000000001,3.4,3.4,3.8,FALSE,FALSE,NA,NA,NA,NA,NA,NA
11.777405857740586,10,20,37,-5.811220837763995,1.365306886466506,-8.487222335238346,-3.135219340289643,10 °C,20,50,0,0,0.2250000000000001,3.4,3.4,3.8,FALSE,FALSE,NA,NA,NA,NA,NA,NA
11.82928870292887,10,20,37,-5.8401001013875655,1.3718759951037263,-8.528977051790868,-3.1512231509842623,10 °C,20,50,0,0,0.2250000000000001,3.4,3.4,3.8,FALSE,FALSE,NA,NA,NA,NA,NA,NA
11.881171548117155,10,20,37,-5.86897936501114,1.3784478067541284,-8.570737066249231,-3.1672216637730486,10 °C,20,50,0,0,0.2250000000000001,3.4,3.4,3.8,FALSE,FALSE,NA,NA,NA,NA,NA,NA
11.93305439330544,10,20,37,-5.897858628634707,1.3850222829410188,-8.612502303199104,-3.1832149540703103,10 °C,20,50,0,0,0.2250000000000001,3.4,3.4,3.8,FALSE,FALSE,NA,NA,NA,NA,NA,NA
11.984937238493725,10,20,37,-5.926737892258279,1.391599385899366,-8.654272688621036,-3.1992030958955215,10 °C,20,50,0,0,0.2250000000000001,3.4,3.4,3.8,FALSE,FALSE,NA,NA,NA,NA,NA,NA
12.03682008368201,10,20,37,-5.955617155881853,1.3981790785597852,-8.696048149859031,-3.2151861619046747,10 °C,20,50,0,0,0.2250000000000001,3.4,3.4,3.8,FALSE,FALSE,NA,NA,NA,NA,NA,NA
12.088702928870294,10,20,37,-5.984496419505423,1.4047613245329422,-8.73782861558999,-3.2311642234208566,10 °C,20,50,0,0,0.2250000000000001,3.4,3.4,3.8,FALSE,FALSE,NA,NA,NA,NA,NA,NA
12.140585774058579,10,20,37,-6.013375683128995,1.4113460880943618,-8.779614015793944,-3.247137350464046,10 °C,20,50,0,0,0.2250000000000001,3.4,3.4,3.8,FALSE,FALSE,NA,NA,NA,NA,NA,NA
12.192468619246863,10,20,37,-6.042254946752566,1.417933334169639,-8.821404281725059,-3.2631056117800736,10 °C,20,50,0,0,0.2250000000000001,3.4,3.4,3.8,FALSE,FALSE,NA,NA,NA,NA,NA,NA
12.244351464435148,10,20,37,-6.071134210376137,1.4245230283200239,-8.863199345883384,-3.27906907486889,10 °C,20,50,0,0,0.2250000000000001,3.4,3.4,3.8,FALSE,FALSE,NA,NA,NA,NA,NA,NA
12.296234309623433,10,20,37,-6.100013473999711,1.4311151367283954,-8.904999141987366,-3.2950278060120564,10 °C,20,50,0,0,0.2250000000000001,3.4,3.4,3.8,FALSE,FALSE,NA,NA,NA,NA,NA,NA
12.348117154811717,10,20,37,-6.128892737623285,1.4377096261855784,-8.946803604947018,-3.310981870299551,10 °C,20,50,0,0,0.2250000000000001,3.4,3.4,3.8,FALSE,FALSE,NA,NA,NA,NA,NA,NA
12.4,10,20,37,-6.157772001246852,1.444306464077022,-8.988612670837815,-3.326931331655889,10 °C,20,50,0,0,0.2250000000000001,3.4,3.4,3.8,FALSE,FALSE,NA,NA,NA,NA,NA,NA
0,15,20,37,-0.5722142604021804,0.4003950054504833,-1.3569884710851277,0.2125599502807669,15 °C,20,50,0,0,0,3.4,3.709999999999999,4.5,TRUE,TRUE,-0.5722142604021804,-1.3569884710851277,0.2125599502807669,-0.5722142604021804,-1.3569884710851277,0.2125599502807669
0.051882845188284524,15,20,37,-0.5632862679045926,0.39904529203040023,-1.345415040284177,0.21884250447499187,15 °C,20,50,0,0,0,3.4,3.709999999999999,4.5,TRUE,TRUE,-0.5632862679045926,-1.345415040284177,0.21884250447499187,-0.5632862679045926,-1.345415040284177,0.21884250447499187
0.10376569037656905,15,20,37,-0.5543582754070058,0.39772154462426934,-1.3338925028705737,0.22517595205656216,15 °C,20,50,0,0,0,3.4,3.709999999999999,4.5,TRUE,TRUE,-0.5543582754070058,-1.3338925028705737,0.22517595205656216,-0.5543582754070058,-1.3338925028705737,0.22517595205656216
0.15564853556485359,15,20,37,-0.545430282909418,0.39642402335094906,-1.322421368677278,0.23156080285844216,15 °C,20,50,0,0,0,3.4,3.709999999999999,4.5,TRUE,TRUE,-0.545430282909418,-1.322421368677278,0.23156080285844216,-0.545430282909418,-1.322421368677278,0.23156080285844216
0.2075313807531381,15,20,37,-0.5365022904118303,0.39515298655830167,-1.3110021440661015,0.23799756324244092,15 °C,20,50,0,0,0,3.4,3.709999999999999,4.5,TRUE,TRUE,-0.5365022904118303,-1.3110021440661015,0.23799756324244092,-0.5365022904118303,-1.3110021440661015,0.23799756324244092
0.2594142259414226,15,20,37,-0.527574297914243,0.3939086906211756,-1.2996353315317473,0.24448673570326118,15 °C,20,50,0,0,0,3.4,3.709999999999999,4.5,TRUE,TRUE,-0.527574297914243,-1.2996353315317473,0.24448673570326118,-0.527574297914243,-1.2996353315317473,0.24448673570326118
0.31129707112970717,15,20,37,-0.5186463054166557,0.3926913897357374,-1.2883214292987009,0.2510288184653896,15 °C,20,50,0,0,0,3.4,3.709999999999999,4.5,TRUE,TRUE,-0.5186463054166557,-1.2883214292987009,0.2510288184653896,-0.5186463054166557,-1.2883214292987009,0.2510288184653896
0.3631799163179917,15,20,37,-0.509718312919068,0.3915013357104075,-1.2770609309114667,0.2576243050733307,15 °C,20,50,0,0,0,3.4,3.709999999999999,4.5,TRUE,TRUE,-0.509718312919068,-1.2770609309114667,0.2576243050733307,-0.509718312919068,-1.2770609309114667,0.2576243050733307
0.4150627615062762,15,20,37,-0.5007903204214806,0.3903387777536756,-1.2658543248186849,0.2642736839757235,15 °C,20,50,0,0,0,3.4,3.709999999999999,4.5,TRUE,TRUE,-0.5007903204214806,-1.2658543248186849,0.2642736839757235,-0.5007903204214806,-1.2658543248186849,0.2642736839757235
0.4669456066945607,15,20,37,-0.49186232792389334,0.3892039622591039,-1.254702093951737,0.2709774381039503,15 °C,20,50,0,0,0,3.4,3.709999999999999,4.5,TRUE,TRUE,-0.49186232792389334,-1.254702093951737,0.2709774381039503,-0.49186232792389334,-1.254702093951737,0.2709774381039503
0.5188284518828452,15,20,37,-0.4829343354263056,0.3880971325878236,-1.2436047152984397,0.27773604444582856,15 °C,20,50,0,0,0,3.4,3.709999999999999,4.5,TRUE,TRUE,-0.4829343354263056,-1.2436047152984397,0.27773604444582856,-0.4829343354263056,-1.2436047152984397,0.27773604444582856
0.5707112970711298,15,20,37,-0.47400634292871824,0.3870185288488752,-1.2325626594725136,0.28454997361507717,15 °C,20,50,0,0,0,3.4,3.709999999999999,4.5,TRUE,TRUE,-0.47400634292871824,-1.2325626594725136,0.28454997361507717,-0.47400634292871824,-1.2325626594725136,0.28454997361507717
0.6225941422594143,15,20,37,-0.46507835043113094,0.38596838767774355,-1.2215763902795083,0.29141968941724644,15 °C,20,50,0,0,0,3.4,3.709999999999999,4.5,TRUE,TRUE,-0.46507835043113094,-1.2215763902795083,0.29141968941724644,-0.46507835043113094,-1.2215763902795083,0.29141968941724644
0.6744769874476988,15,20,37,-0.4561503579335433,0.3849469420134653,-1.2106463642799352,0.2983456484128487,15 °C,20,50,0,0,0,3.4,3.709999999999999,4.5,TRUE,TRUE,-0.4561503579335433,-1.2106463642799352,0.2983456484128487,-0.4561503579335433,-1.2106463642799352,0.2983456484128487
0.7263598326359834,15,20,37,-0.447222365435956,0.38395442087470727,-1.1997730303503822,0.30532829947847023,15 °C,20,50,0,0,0,3.4,3.709999999999999,4.5,TRUE,TRUE,-0.447222365435956,-1.1997730303503822,0.30532829947847023,-0.447222365435956,-1.1997730303503822,0.30532829947847023
0.7782426778242678,15,20,37,-0.43829437293836887,0.3829910491352215,-1.188956829243403,0.31236808336666516,15 °C,20,50,0,0,0,3.4,3.709999999999999,4.5,TRUE,TRUE,-0.43829437293836887,-1.188956829243403,0.31236808336666516,-0.43829437293836887,-1.188956829243403,0.31236808336666516
0.8301255230125524,15,20,37,-0.4293663804407809,0.3820570472991118,-1.17819819314704,0.3194654322654782,15 °C,20,50,0,0,0,3.4,3.709999999999999,4.5,TRUE,TRUE,-0.4293663804407809,-1.17819819314704,0.3194654322654782,-0.4293663804407809,-1.17819819314704,0.3194654322654782
0.882008368200837,15,20,37,-0.4204383879431938,0.3811526312763509,-1.1674975452448415,0.3266207693584539,15 °C,20,50,0,0,0,3.4,3.709999999999999,4.5,TRUE,TRUE,-0.4204383879431938,-1.1674975452448415,0.3266207693584539,-0.4204383879431938,-1.1674975452448415,0.3266207693584539
0.9338912133891214,15,20,37,-0.4115103954456058,0.3802780121590101,-1.1568552992772656,0.33383450838605394,15 °C,20,50,0,0,0,3.4,3.709999999999999,4.5,TRUE,TRUE,-0.4115103954456058,-1.1568552992772656,0.33383450838605394,-0.4115103954456058,-1.1568552992772656,0.33383450838605394
0.985774058577406,15,20,37,-0.4025824029480183,0.3794333959986693,-1.1462718591054102,0.3411070532093736,15 °C,20,50,0,0,0,3.4,3.709999999999999,4.5,TRUE,TRUE,-0.4025824029480183,-1.1462718591054102,0.3411070532093736,-0.4025824029480183,-1.1462718591054102,0.3411070532093736
1.0376569037656904,15,20,37,-0.39365441045043065,0.3786189835854903,-1.1357476182779915,0.3484387973771303,15 °C,20,50,0,0,0,3.4,3.709999999999999,4.5,TRUE,TRUE,-0.39365441045043065,-1.1357476182779915,0.3484387973771303,-0.39365441045043065,-1.1357476182779915,0.3484387973771303
1.089539748953975,15,20,37,-0.3847264179528431,0.3778349702294494,-1.125282959602564,0.3558301236968777,15 °C,20,50,0,0,0,3.4,3.709999999999999,4.5,TRUE,TRUE,-0.3847264179528431,-1.125282959602564,0.3558301236968777,-0.3847264179528431,-1.125282959602564,0.3558301236968777
1.1414225941422596,15,20,37,-0.375798425455256,0.3770815455442234,-1.1148782547219338,0.3632814038114218,15 °C,20,50,0,0,0,3.4,3.709999999999999,4.5,TRUE,TRUE,-0.375798425455256,-1.1148782547219338,0.3632814038114218,-0.375798425455256,-1.1148782547219338,0.3632814038114218
1.193305439330544,15,20,37,-0.36687043295766886,0.3763588932342421,-1.1045338636967834,0.3707929977814456,15 °C,20,50,0,0,0,3.4,3.709999999999999,4.5,TRUE,TRUE,-0.36687043295766886,-1.1045338636967834,0.3707929977814456,-0.36687043295766886,-1.1045338636967834,0.3707929977814456
1.2451882845188287,15,20,37,-0.35794244046008133,0.3756671908854156,-1.094250134595496,0.3783652536753333,15 °C,20,50,0,0,0,3.4,3.709999999999999,4.5,TRUE,TRUE,-0.35794244046008133,-1.094250134595496,0.3783652536753333,-0.35794244046008133,-1.094250134595496,0.3783652536753333
1.2970711297071131,15,20,37,-0.34901444796249376,0.3750066097600511,-1.084027403092194,0.38599850716720646,15 °C,20,50,0,0,0,3.4,3.709999999999999,4.5,TRUE,TRUE,-0.34901444796249376,-1.084027403092194,0.38599850716720646,-0.34901444796249376,-1.084027403092194,0.38599850716720646
1.3489539748953976,15,20,37,-0.3400864554649066,0.37437731459647416,-1.073865992073996,0.3936930811441827,15 °C,20,50,0,0,0,3.4,3.709999999999999,4.5,TRUE,TRUE,-0.3400864554649066,-1.073865992073996,0.3936930811441827,-0.3400864554649066,-1.073865992073996,0.3936930811441827
1.400836820083682,15,20,37,-0.3311584629673195,0.37377946341386864,-1.063766211258502,0.401449285323863,15 °C,20,50,0,0,0,3.4,3.709999999999999,4.5,TRUE,TRUE,-0.3311584629673195,-1.063766211258502,0.401449285323863,-0.3311584629673195,-1.063766211258502,0.401449285323863
1.4527196652719667,15,20,37,-0.3222304704697315,0.3732132073228443,-1.0537283568225062,0.4092674158830433,15 °C,20,50,0,0,0,3.4,3.709999999999999,4.5,TRUE,TRUE,-0.3222304704697315,-1.0537283568225062,0.4092674158830433,-0.3222304704697315,-1.0537283568225062,0.4092674158830433
1.5046025104602512,15,20,37,-0.3133024779721448,0.37267869034223167,-1.0437527110429188,0.4171477550986293,15 °C,20,50,0,0,0,3.4,3.709999999999999,4.5,TRUE,TRUE,-0.3133024779721448,-1.0437527110429188,0.4171477550986293,-0.3133024779721448,-1.0437527110429188,0.4171477550986293
1.5564853556485356,15,20,37,-0.3043744854745572,0.372176049222609,-1.0338395419508708,0.42509057100175646,15 °C,20,50,0,0,0,3.4,3.709999999999999,4.5,TRUE,TRUE,-0.3043744854745572,-1.0338395419508708,0.42509057100175646,-0.3043744854745572,-1.0338395419508708,0.42509057100175646
1.6083682008368203,15,20,37,-0.2954464929769693,0.3717054132770348,-1.0239891029999575,0.43309611704601897,15 °C,20,50,0,0,0,3.4,3.709999999999999,4.5,TRUE,TRUE,-0.2954464929769693,-1.0239891029999575,0.43309611704601897,-0.2954464929769693,-1.0239891029999575,0.43309611704601897
1.6602510460251048,15,20,37,-0.2865185004793817,0.3712669042194638,-1.0142016327495307,0.4411646317907673,15 °C,20,50,0,0,0,3.4,3.709999999999999,4.5,TRUE,TRUE,-0.2865185004793817,-1.0142016327495307,0.4411646317907673,-0.2865185004793817,-1.0142016327495307,0.4411646317907673
1.7121338912133892,15,20,37,-0.2775905079817946,0.37086063601130553,-1.0044773545639534,0.4492963386003643,15 °C,20,50,0,0,0,3.4,3.709999999999999,4.5,TRUE,TRUE,-0.2775905079817946,-1.0044773545639534,0.4492963386003643,-0.2775905079817946,-1.0044773545639534,0.4492963386003643
1.764016736401674,15,20,37,-0.26866251548420667,0.37048671471655753,-0.9948164763286593,0.45749144536024605,15 °C,20,50,0,0,0,3.4,3.709999999999999,4.5,TRUE,TRUE,-0.26866251548420667,-0.9948164763286593,0.45749144536024605,-0.26866251548420667,-0.9948164763286593,0.45749144536024605
1.8158995815899583,15,20,37,-0.25973452298661953,0.37014523836593904,-0.9852191901838601,0.46575014421062094,15 °C,20,50,0,0,0,3.4,3.709999999999999,4.5,TRUE,TRUE,-0.25973452298661953,-0.9852191901838601,0.46575014421062094,-0.25973452298661953,-0.9852191901838601,0.46575014421062094
1.8677824267782428,15,20,37,-0.2508065304890315,0.369836296830422,-0.9756856722766587,0.4740726112985956,15 °C,20,50,0,0,0,3.4,3.709999999999999,4.5,TRUE,TRUE,-0.2508065304890315,-0.9756856722766587,0.4740726112985956,-0.2508065304890315,-0.9756856722766587,0.4740726112985956
1.9196652719665275,15,20,37,-0.24187853799144407,0.3695599717045321,-0.9662160825323269,0.48245900654943874,15 °C,20,50,0,0,0,3.4,3.709999999999999,4.5,TRUE,TRUE,-0.24187853799144407,-0.9662160825323269,0.48245900654943874,-0.24187853799144407,-0.9662160825323269,0.48245900654943874
1.971548117154812,15,20,37,-0.2329505454938569,0.36931633619976945,-0.956810564445405,0.49090947345769115,15 °C,20,50,0,0,0,3.4,3.709999999999999,4.5,TRUE,TRUE,-0.2329505454938569,-0.956810564445405,0.49090947345769115,-0.2329505454938569,-0.956810564445405,0.49090947345769115
2.0234309623430966,15,20,37,-0.22402255299626977,0.36910545504847253,-0.9474692448912758,0.4994241388987363,15 °C,20,50,0,0,0,3.4,3.709999999999999,4.5,TRUE,TRUE,-0.22402255299626977,-0.9474692448912758,0.4994241388987363,-0.22402255299626977,-0.9474692448912758,0.4994241388987363
2.075313807531381,15,20,37,-0.21509456049868173,0.36892738441841244,-0.93819223395877,0.5080031129614067,15 °C,20,50,0,0,0,3.4,3.709999999999999,4.5,TRUE,TRUE,-0.21509456049868173,-0.93819223395877,0.5080031129614067,-0.21509456049868173,-0.93819223395877,0.5080031129614067
2.1271966527196655,15,20,37,-0.2061665680010946,0.3687821718383825,-0.9289796248043243,0.5166464888021352,15 °C,20,50,0,0,0,3.4,3.709999999999999,4.5,TRUE,TRUE,-0.2061665680010946,-0.9289796248043243,0.5166464888021352,-0.2061665680010946,-0.9289796248043243,0.5166464888021352
2.17907949790795,15,20,37,-0.1972385755035067,0.3686698561350111,-0.9198314935281284,0.5253543425211149,15 °C,20,50,0,0,0,3.4,3.709999999999999,4.5,TRUE,TRUE,-0.1972385755035067,-0.9198314935281284,0.5253543425211149,-0.1972385755035067,-0.9198314935281284,0.5253543425211149
2.2309623430962344,15,20,37,-0.1883105830059194,0.3685904673809911,-0.910747899072662,0.5341267330608231,15 °C,20,50,0,0,0,3.4,3.709999999999999,4.5,TRUE,TRUE,-0.1883105830059194,-0.910747899072662,0.5341267330608231,-0.1883105830059194,-0.910747899072662,0.5341267330608231
2.282845188284519,15,20,37,-0.1793825905083324,0.3685440268548895,-0.9017288831439159,0.5429637021272511,15 °C,20,50,0,0,0,3.4,3.709999999999999,4.5,TRUE,TRUE,-0.1793825905083324,-0.9017288831439159,0.5429637021272511,-0.1793825905083324,-0.9017288831439159,0.5429637021272511
2.3347280334728038,15,20,37,-0.17045459801074528,0.36853054701265864,-0.8927744701555562,0.5518652741340657,15 °C,20,50,0,0,0,3.4,3.709999999999999,4.5,TRUE,TRUE,-0.17045459801074528,-0.8927744701555562,0.5518652741340657,-0.17045459801074528,-0.8927744701555562,0.5518652741340657
2.386610878661088,15,20,37,-0.16152660551315723,0.36855003147094395,-0.8838846671962074,0.5608314561698929,15 °C,20,50,0,0,0,3.4,3.709999999999999,4.5,TRUE,TRUE,-0.16152660551315723,-0.8838846671962074,0.5608314561698929,-0.16152660551315723,-0.8838846671962074,0.5608314561698929
2.4384937238493727,15,20,37,-0.1525986130155701,0.36860247500223103,-0.875059464019943,0.5698622379888028,15 °C,20,50,0,0,0,3.4,3.709999999999999,4.5,TRUE,TRUE,-0.1525986130155701,-0.875059464019943,0.5698622379888028,-0.1525986130155701,-0.875059464019943,0.5698622379888028
2.4903765690376574,15,20,37,-0.14367062051798218,0.3686878635418571,-0.8662988330600221,0.5789575920240577,15 °C,20,50,0,0,0,3.4,3.709999999999999,4.5,TRUE,TRUE,-0.14367062051798218,-0.8662988330600221,0.5789575920240577,-0.14367062051798218,-0.8662988330600221,0.5789575920240577
2.5422594142259416,15,20,37,-0.13474262802039505,0.3688061742068594,-0.8576027294658395,0.5881174734250494,15 °C,20,50,0,0,0,3.4,3.709999999999999,4.5,TRUE,TRUE,-0.13474262802039505,-0.8576027294658395,0.5881174734250494,-0.13474262802039505,-0.8576027294658395,0.5881174734250494
2.5941422594142263,15,20,37,-0.12581463552280792,0.36895737532659945,-0.8489710911629428,0.597341820117327,15 °C,20,50,0,0,0,3.4,3.709999999999999,4.5,TRUE,TRUE,-0.12581463552280792,-0.8489710911629428,0.597341820117327,-0.12581463552280792,-0.8489710911629428,0.597341820117327
2.6460251046025105,15,20,37,-0.11688664302521987,0.3691414264850784,-0.8404038389359736,0.6066305528855338,15 °C,20,50,0,0,0,3.4,3.709999999999999,4.5,TRUE,TRUE,-0.11688664302521987,-0.8404038389359736,0.6066305528855338,-0.11688664302521987,-0.8404038389359736,0.6066305528855338
2.697907949790795,15,20,37,-0.10795865052763273,0.3693582785747953,-0.8319008765342315,0.615983575478966,15 °C,20,50,0,0,0,3.4,3.709999999999999,4.5,TRUE,TRUE,-0.10795865052763273,-0.8319008765342315,0.615983575478966,-0.10795865052763273,-0.8319008765342315,0.615983575478966
2.74979079497908,15,20,37,-0.09903065803004572,0.36960787386199684,-0.8234620907995596,0.6254007747394681,15 °C,20,50,0,0,0,3.4,3.709999999999999,4.5,TRUE,TRUE,-0.09903065803004572,-0.8234620907995596,0.6254007747394681,-0.09903065803004572,-0.8234620907995596,0.6254007747394681
2.801673640167364,15,20,37,-0.09010266553245755,0.36989014606310877,-0.8150873518161508,0.6348820207512356,15 °C,20,50,0,0,0,3.4,3.709999999999999,4.5,TRUE,TRUE,-0.09010266553245755,-0.8150873518161508,0.6348820207512356,-0.09010266553245755,-0.8150873518161508,0.6348820207512356
2.8535564853556488,15,20,37,-0.08117467303486965,0.37020502043211423,-0.8067765130818135,0.6444271670120741,15 °C,20,50,0,0,0,3.4,3.709999999999999,4.5,TRUE,TRUE,-0.08117467303486965,-0.8067765130818135,0.6444271670120741,-0.08117467303486965,-0.8067765130818135,0.6444271670120741
2.9054393305439334,15,20,37,-0.07224668053728252,0.3705524138586182,-0.7985294117001742,0.6540360506256091,15 °C,20,50,0,0,0,3.4,3.709999999999999,4.5,TRUE,TRUE,-0.07224668053728252,-0.7985294117001742,0.6540360506256091,-0.07224668053728252,-0.7985294117001742,0.6540360506256091
2.9573221757322177,15,20,37,-0.06331868803969537,0.3709322349762917,-0.790345868593227,0.6637084925138363,15 °C,20,50,0,0,0,3.4,3.709999999999999,4.5,TRUE,TRUE,-0.06331868803969537,-0.790345868593227,0.6637084925138363,-0.06331868803969537,-0.790345868593227,0.6637084925138363
3.0092050209205023,15,20,37,-0.05439069554210822,0.37134438428138095,-0.7822256887336149,0.6734442976493985,15 °C,20,50,0,0,0,3.4,3.709999999999999,4.5,TRUE,TRUE,-0.05439069554210822,-0.7822256887336149,0.6734442976493985,-0.05439069554210822,-0.7822256887336149,0.6734442976493985
3.061087866108787,15,20,37,-0.045462703044519576,0.3717887542609121,-0.7741686613959073,0.6832432553068681,15 °C,20,50,0,0,0,3.4,3.709999999999999,4.5,TRUE,TRUE,-0.045462703044519576,-0.7741686613959073,0.6832432553068681,-0.045462703044519576,-0.7741686613959073,0.6832432553068681
3.1129707112970713,15,20,37,-0.036534710546933934,0.3722652295302318,-0.7661745604261881,0.6931051393323203,15 °C,20,50,0,0,0,3.4,3.709999999999999,4.5,TRUE,TRUE,-0.036534710546933934,-0.7661745604261881,0.6931051393323203,-0.036534710546933934,-0.7661745604261881,0.6931051393323203
3.164853556485356,15,20,37,-0.0276067180493444,0.37277368697946456,-0.7582431445290949,0.703029708430406,15 °C,20,50,0,0,0,3.4,3.709999999999999,4.5,TRUE,TRUE,-0.0276067180493444,-0.7582431445290949,0.703029708430406,-0.0276067180493444,-0.7582431445290949,0.703029708430406
3.2167364016736406,15,20,37,-0.018678725551757255,0.3733139959284722,-0.7503741575715627,0.7130167064680483,15 °C,20,50,0,0,0,3.4,3.709999999999999,4.5,TRUE,TRUE,-0.018678725551757255,-0.7503741575715627,0.7130167064680483,-0.018678725551757255,-0.7503741575715627,0.7130167064680483
3.268619246861925,15,20,37,-0.009750733054169224,0.3738860182898731,-0.7425673289023205,0.7230658627939821,15 °C,20,50,0,0,0,3.4,3.709999999999999,4.5,TRUE,TRUE,-0.009750733054169224,-0.7425673289023205,0.7230658627939821,-0.009750733054169224,-0.7425673289023205,0.7230658627939821
3.3205020920502095,15,20,37,-8.227405565820791e-4,0.3744896087396543,-0.7348223736863044,0.7331768925731403,15 °C,20,50,0,0,0,3.4,3.709999999999999,4.5,TRUE,TRUE,-8.227405565820791e-4,-0.7348223736863044,0.7331768925731403,-8.227405565820791e-4,-0.7348223736863044,0.7331768925731403
3.372384937238494,15,20,37,0.00810525194100493,0.37512461489491133,-0.7271389932530212,0.7433494971350312,15 °C,20,50,0,0,0,3.4,3.709999999999999,4.5,TRUE,TRUE,0.00810525194100493,-0.7271389932530212,0.7433494971350312,0.00810525194100493,-0.7271389932530212,0.7433494971350312
3.4242677824267784,15,20,37,0.017033244438591322,0.37579087749822254,-0.7195168754579249,0.7535833643351075,15 °C,20,50,0,0,0,3.4,3.709999999999999,4.5,TRUE,TRUE,0.017033244438591322,-0.7195168754579249,0.7535833643351075,0.017033244438591322,-0.7195168754579249,0.7535833643351075
3.476150627615063,15,20,37,0.025961236936178463,0.3764882306081623,-0.7119556950558196,0.7638781689281765,15 °C,20,50,0,0,0,3.4,3.709999999999999,4.5,TRUE,TRUE,0.025961236936178463,-0.7119556950558196,0.7638781689281765,0.025961236936178463,-0.7119556950558196,0.7638781689281765
3.528033472803348,15,20,37,0.03488922943376711,0.377216501795451,-0.7044551140853168,0.7742335729528511,15 °C,20,50,0,0,0,3.4,3.709999999999999,4.5,TRUE,TRUE,0.03488922943376711,-0.7044551140853168,0.7742335729528511,0.03488922943376711,-0.7044551140853168,0.7742335729528511
3.579916317991632,15,20,37,0.043817221931353643,0.3779755123442292,-0.6970147822633356,0.7846492261260428,15 °C,20,50,0,0,0,3.4,3.709999999999999,4.5,TRUE,TRUE,0.043817221931353643,-0.6970147822633356,0.7846492261260428,0.043817221931353643,-0.6970147822633356,0.7846492261260428
3.6317991631799167,15,20,37,0.05274521442894229,0.3787650774579413,-0.6896343373886227,0.7951247662465073,15 °C,20,50,0,0,0,3.4,3.709999999999999,4.5,TRUE,TRUE,0.05274521442894229,-0.6896343373886227,0.7951247662465073,0.05274521442894229,-0.6896343373886227,0.7951247662465073
3.6836820083682014,15,20,37,0.06167320692652943,0.37958500646931487,-0.6823134057533277,0.8056598196063866,15 °C,20,50,0,0,0,3.4,3.709999999999999,4.5,TRUE,TRUE,0.06167320692652943,-0.6823134057533277,0.8056598196063866,0.06167320692652943,-0.6823134057533277,0.8056598196063866
3.7355648535564856,15,20,37,0.07060119942411747,0.38043510305392636,-0.6750516025615781,0.8162540014098131,15 °C,20,50,0,0,0,3.4,3.709999999999999,4.5,TRUE,FALSE,0.07060119942411747,-0.6750516025615781,0.8162540014098131,NA,NA,NA
3.7874476987447703,15,20,37,0.07952919192170461,0.3813151654468329,-0.6678485323540879,0.8269069161974971,15 °C,20,50,0,0,0,3.4,3.709999999999999,4.5,TRUE,FALSE,0.07952919192170461,-0.6678485323540879,0.8269069161974971,NA,NA,NA
3.839330543933055,15,20,37,0.08845718441929326,0.3822249866617717,-0.6607037894377792,0.8376181582763658,15 °C,20,50,0,0,0,3.4,3.709999999999999,4.5,TRUE,FALSE,0.08845718441929326,-0.6607037894377792,0.8376181582763658,NA,NA,NA
3.891213389121339,15,20,37,0.0973851769168789,0.3831643547124263,-0.6536169583194767,0.8483873121532345,15 °C,20,50,0,0,0,3.4,3.709999999999999,4.5,TRUE,FALSE,0.0973851769168789,-0.6536169583194767,0.8483873121532345,NA,NA,NA
3.943096234309624,15,20,37,0.10631316941446754,0.3841330528352656,-0.646587614142653,0.8592139529715881,15 °C,20,50,0,0,0,3.4,3.709999999999999,4.5,TRUE,FALSE,0.10631316941446754,-0.646587614142653,0.8592139529715881,NA,NA,NA
3.9949790794979085,15,20,37,0.1152411619120538,0.3851308597134791,-0.6396153231263653,0.8700976469504729,15 °C,20,50,0,0,0,3.4,3.709999999999999,4.5,TRUE,FALSE,0.1152411619120538,-0.6396153231263653,0.8700976469504729,NA,NA,NA
4.046861924686193,15,20,37,0.12416915440964095,0.38615754970154165,-0.6326996430053807,0.8810379518246626,15 °C,20,50,0,0,0,3.4,3.709999999999999,4.5,TRUE,FALSE,0.12416915440964095,-0.6326996430053807,0.8810379518246626,NA,NA,NA
4.098744769874477,15,20,37,0.13309714690722838,0.3872128930499421,-0.6258401234706581,0.8920344172851149,15 °C,20,50,0,0,0,3.4,3.709999999999999,4.5,TRUE,FALSE,0.13309714690722838,-0.6258401234706581,0.8920344172851149,NA,NA,NA
4.150627615062762,15,20,37,0.14202513940481878,0.38829665612964703,-0.6190363066092894,0.903086585418927,15 °C,20,50,0,0,0,3.4,3.709999999999999,4.5,TRUE,FALSE,0.14202513940481878,-0.6190363066092894,0.903086585418927,NA,NA,NA
4.202510460251046,15,20,37,0.15095313190240414,0.389408601655866,-0.6122877273430932,0.9141939911479015,15 °C,20,50,0,0,0,3.4,3.709999999999999,4.5,TRUE,FALSE,0.15095313190240414,-0.6122877273430932,0.9141939911479015,NA,NA,NA
4.254393305439331,15,20,37,0.15988112439999308,0.3905484889107126,-0.6055939138650035,0.9253561626649898,15 °C,20,50,0,0,0,3.4,3.709999999999999,4.5,TRUE,FALSE,0.15988112439999308,-0.6055939138650035,0.9253561626649898,NA,NA,NA
4.306276150627616,15,20,37,0.16880911689757994,0.3917160739643661,-0.5989543880725776,0.9365726218677375,15 °C,20,50,0,0,0,3.4,3.709999999999999,4.5,TRUE,FALSE,0.16880911689757994,-0.5989543880725776,0.9365726218677375,NA,NA,NA
4.3581589958159,15,20,37,0.1777371093951671,0.3929111098943698,-0.5923686659977977,0.9478428847881318,15 °C,20,50,0,0,0,3.4,3.709999999999999,4.5,TRUE,FALSE,0.1777371093951671,-0.5923686659977977,0.9478428847881318,NA,NA,NA
4.410041841004184,15,20,37,0.1866651018927545,0.3941333470026936,-0.5858362582325248,0.9591664620180339,15 °C,20,50,0,0,0,3.4,3.709999999999999,4.5,TRUE,FALSE,0.1866651018927545,-0.5858362582325248,0.9591664620180339,NA,NA,NA
4.461924686192469,15,20,37,0.19559309439034164,0.3953825330302521,-0.5793566703489524,0.9705428591296358,15 °C,20,50,0,0,0,3.4,3.709999999999999,4.5,TRUE,FALSE,0.19559309439034164,-0.5793566703489524,0.9705428591296358,NA,NA,NA
4.5138075313807535,15,20,37,0.2045210868879303,0.3966584133685343,-0.572929403314397,0.9819715770902575,15 °C,20,50,0,0,0,3.4,3.709999999999999,4.5,FALSE,FALSE,NA,NA,NA,NA,NA,NA
4.565690376569038,15,20,37,0.21344907938551744,0.39796073126807424,-0.566553953899908,0.993452112670943,15 °C,20,50,0,0,0,3.4,3.709999999999999,4.5,FALSE,FALSE,NA,NA,NA,NA,NA,NA
4.617573221757323,15,20,37,0.22237707188310282,0.39928922804346956,-0.5602298150820975,1.0049839588483032,15 °C,20,50,0,0,0,3.4,3.709999999999999,4.5,FALSE,FALSE,NA,NA,NA,NA,NA,NA
4.6694560669456076,15,20,37,0.23130506438068996,0.40064364327470764,-0.5539564764377369,1.016566605199117,15 °C,20,50,0,0,0,3.4,3.709999999999999,4.5,FALSE,FALSE,NA,NA,NA,NA,NA,NA
4.721338912133891,15,20,37,0.24023305687827887,0.40202371500455664,-0.5477334245306521,1.0281995382872098,15 °C,20,50,0,0,0,3.4,3.709999999999999,4.5,FALSE,FALSE,NA,NA,NA,NA,NA,NA
4.773221757322176,15,20,37,0.24916104937586603,0.4034291799318077,-0.5415601432904771,1.0398822420422091,15 °C,20,50,0,0,0,3.4,3.709999999999999,4.5,FALSE,FALSE,NA,NA,NA,NA,NA,NA
4.825104602510461,15,20,37,0.25808904187345316,0.4048597736001807,-0.5354361143829011,1.0516141981298075,15 °C,20,50,0,0,0,3.4,3.709999999999999,4.5,FALSE,FALSE,NA,NA,NA,NA,NA,NA
4.876987447698745,15,20,37,0.2670170343710403,0.40631523058270863,-0.5293608175710686,1.0633948863131493,15 °C,20,50,0,0,0,3.4,3.709999999999999,4.5,FALSE,FALSE,NA,NA,NA,NA,NA,NA
4.92887029288703,15,20,37,0.27594502686862893,0.4077952846614608,-0.5233337310678343,1.075223784805092,15 °C,20,50,0,0,0,3.4,3.709999999999999,4.5,FALSE,FALSE,NA,NA,NA,NA,NA,NA
4.980753138075315,15,20,37,0.2848730193662161,0.40929966900245235,-0.5173543318785905,1.0871003706110227,15 °C,20,50,0,0,0,3.4,3.709999999999999,4.5,FALSE,FALSE,NA,NA,NA,NA,NA,NA
5.0326359832635985,15,20,37,0.29380101186380353,0.41082811632562855,-0.5114220961344285,1.0990241198620354,15 °C,20,50,0,0,0,3.4,3.709999999999999,4.5,FALSE,FALSE,NA,NA,NA,NA,NA,NA
5.084518828451883,15,20,37,0.30272900436139216,0.41238035906983206,-0.5055364994154786,1.1109945081382628,15 °C,20,50,0,0,0,3.4,3.709999999999999,4.5,FALSE,FALSE,NA,NA,NA,NA,NA,NA
5.136401673640168,15,20,37,0.3116569968589775,0.41395612955265526,-0.49969701706422676,1.1230110107821818,15 °C,20,50,0,0,0,3.4,3.709999999999999,4.5,FALSE,FALSE,NA,NA,NA,NA,NA,NA
5.1882845188284525,15,20,37,0.32058498935656465,0.4155551601251257,-0.4939031244886818,1.135073103201811,15 °C,20,50,0,0,0,3.4,3.709999999999999,4.5,FALSE,FALSE,NA,NA,NA,NA,NA,NA
5.240167364016737,15,20,37,0.32951298185415184,0.41717718332115705,-0.48815429745531597,1.1471802611636197,15 °C,20,50,0,0,0,3.4,3.709999999999999,4.5,FALSE,FALSE,NA,NA,NA,NA,NA,NA
5.292050209205021,15,20,37,0.33844097435174075,0.41882193200175427,-0.48245001237169766,1.159331961075179,15 °C,20,50,0,0,0,3.4,3.709999999999999,4.5,FALSE,FALSE,NA,NA,NA,NA,NA,NA
5.343933054393306,15,20,37,0.34736896684932966,0.4204891394939267,-0.47678974655876666,1.171527680257426,15 °C,20,50,0,0,0,3.4,3.709999999999999,4.5,FALSE,FALSE,NA,NA,NA,NA,NA,NA
5.39581589958159,15,20,37,0.356296959346915,0.4221785397243147,-0.4711729785127417,1.1837668972065718,15 °C,20,50,0,0,0,3.4,3.709999999999999,4.5,FALSE,FALSE,NA,NA,NA,NA,NA,NA
5.447698744769875,15,20,37,0.36522495184450215,0.42388986734754563,-0.46559918815668727,1.1960490918456916,15 °C,20,50,0,0,0,3.4,3.709999999999999,4.5,FALSE,FALSE,NA,NA,NA,NA,NA,NA
5.49958158995816,15,20,37,0.37415294434208907,0.42562285786930754,-0.46006785708175374,1.2083737457659318,15 °C,20,50,0,0,0,3.4,3.709999999999999,4.5,FALSE,FALSE,NA,NA,NA,NA,NA,NA
5.551464435146444,15,20,37,0.3830809368396795,0.42737724776420355,-0.45457846877815944,1.2207403424575185,15 °C,20,50,0,0,0,3.4,3.709999999999999,4.5,FALSE,FALSE,NA,NA,NA,NA,NA,NA
5.603347280334728,15,20,37,0.3920089293372654,0.42915277458840573,-0.4491305088560098,1.2331483675305406,15 °C,20,50,0,0,0,3.4,3.709999999999999,4.5,FALSE,FALSE,NA,NA,NA,NA,NA,NA
5.655230125523013,15,20,37,0.4009369218348525,0.4309491770871599,-0.44372346525598083,1.245597308925686,15 °C,20,50,0,0,0,3.4,3.709999999999999,4.5,FALSE,FALSE,NA,NA,NA,NA,NA,NA
5.7071129707112975,15,20,37,0.40986491433244115,0.4327661952972137,-0.43835682845009777,1.25808665711498,15 °C,20,50,0,0,0,3.4,3.709999999999999,4.5,FALSE,FALSE,NA,NA,NA,NA,NA,NA
5.758995815899582,15,20,37,0.41879290683002984,0.43460357064421845,-0.43303009163263834,1.270615905292698,15 °C,20,50,0,0,0,3.4,3.709999999999999,4.5,FALSE,FALSE,NA,NA,NA,NA,NA,NA
5.810878661087867,15,20,37,0.4277208993276137,0.4364610460351914,-0.4277427509013615,1.283184549556589,15 °C,20,50,0,0,0,3.4,3.709999999999999,4.5,FALSE,FALSE,NA,NA,NA,NA,NA,NA
5.862761506276152,15,20,37,0.43664889182520233,0.43833836594612224,-0.42249430542919725,1.295792089079602,15 °C,20,50,0,0,0,3.4,3.709999999999999,4.5,FALSE,FALSE,NA,NA,NA,NA,NA,NA
5.914644351464435,15,20,37,0.44557688432278975,0.4402352765047926,-0.4172842576266037,1.3084380262721833,15 °C,20,50,0,0,0,3.4,3.709999999999999,4.5,FALSE,FALSE,NA,NA,NA,NA,NA,NA
5.96652719665272,15,20,37,0.4545048768203784,0.4421515255689364,-0.4121121132947369,1.3211218669354936,15 °C,20,50,0,0,0,3.4,3.709999999999999,4.5,FALSE,FALSE,NA,NA,NA,NA,NA,NA
6.018410041841005,15,20,37,0.463432869317964,0.44408686279981013,-0.4069773817696638,1.3338431204055918,15 °C,20,50,0,0,0,3.4,3.709999999999999,4.5,FALSE,FALSE,NA,NA,NA,NA,NA,NA
6.070292887029289,15,20,37,0.4723608618155527,0.44604103973128684,-0.40187957605776947,1.3466012996888748,15 °C,20,50,0,0,0,3.4,3.709999999999999,4.5,FALSE,FALSE,NA,NA,NA,NA,NA,NA
6.122175732217574,15,20,37,0.48128885431314133,0.44801380983459804,-0.3968182129626708,1.3593959215889535,15 °C,20,50,0,0,0,3.4,3.709999999999999,4.5,FALSE,FALSE,NA,NA,NA,NA,NA,NA
6.174058577405859,15,20,37,0.49021684681072847,0.4500049285787957,-0.3917928132037111,1.372226506825168,15 °C,20,50,0,0,0,3.4,3.709999999999999,4.5,FALSE,FALSE,NA,NA,NA,NA,NA,NA
6.2259414225941425,15,20,37,0.4991448393083144,0.4520141534870955,-0.3868029015263928,1.3850925801430216,15 °C,20,50,0,0,0,3.4,3.709999999999999,4.5,FALSE,FALSE,NA,NA,NA,NA,NA,NA
6.277824267782427,15,20,37,0.5080728318059046,0.45404124418917613,-0.3818480068048806,1.3979936704166898,15 °C,20,50,0,0,0,3.4,3.709999999999999,4.5,FALSE,FALSE,NA,NA,NA,NA,NA,NA
6.329707112970712,15,20,37,0.5170008243034917,0.4560859624695836,-0.3769276621368921,1.4109293107438754,15 °C,20,50,0,0,0,3.4,3.709999999999999,4.5,FALSE,FALSE,NA,NA,NA,NA,NA,NA
6.3815899581589965,15,20,37,0.5259288168010771,0.4581480723123384,-0.37204140493110616,1.4238990385332602,15 °C,20,50,0,0,0,3.4,3.709999999999999,4.5,FALSE,FALSE,NA,NA,NA,NA,NA,NA
6.433472803347281,15,20,37,0.5348568092986642,0.4602273399418693,-0.3671887769873996,1.436902395584728,15 °C,20,50,0,0,0,3.4,3.709999999999999,4.5,FALSE,FALSE,NA,NA,NA,NA,NA,NA
6.485355648535566,15,20,37,0.5437848017962547,0.4623235338604101,-0.36236932457014914,1.4499389281626585,15 °C,20,50,0,0,0,3.4,3.709999999999999,4.5,FALSE,FALSE,NA,NA,NA,NA,NA,NA
6.53723849372385,15,20,37,0.5527127942938402,0.4644364248819623,-0.3575825984748059,1.4630081870624863,15 °C,20,50,0,0,0,3.4,3.709999999999999,4.5,FALSE,FALSE,NA,NA,NA,NA,NA,NA
6.589121338912134,15,20,37,0.5616407867914274,0.46656578616294997,-0.35282815408795454,1.4761097276708093,15 °C,20,50,0,0,0,3.4,3.709999999999999,4.5,FALSE,FALSE,NA,NA,NA,NA,NA,NA
6.641004184100419,15,20,37,0.5705687792890145,0.46871139322969063,-0.34810555144117916,1.489243110019208,15 °C,20,50,0,0,0,3.4,3.709999999999999,4.5,FALSE,FALSE,NA,NA,NA,NA,NA,NA
6.692887029288704,15,20,37,0.5794967717866014,0.4708730240027934,-0.34341435525887365,1.5024078988320766,15 °C,20,50,0,0,0,3.4,3.709999999999999,4.5,FALSE,FALSE,NA,NA,NA,NA,NA,NA
6.744769874476988,15,20,37,0.5884247642841903,0.473050458818617,-0.33875413500029905,1.5156036635686796,15 °C,20,50,0,0,0,3.4,3.709999999999999,4.5,FALSE,FALSE,NA,NA,NA,NA,NA,NA
6.796652719665272,15,20,37,0.597352756781776,0.47524348044789305,-0.3341244648960944,1.5288299784596464,15 °C,20,50,0,0,0,3.4,3.709999999999999,4.5,FALSE,FALSE,NA,NA,NA,NA,NA,NA
6.848535564853557,15,20,37,0.6062807492793632,0.4774518741116241,-0.32952492397942,1.5420864225381463,15 °C,20,50,0,0,0,3.4,3.709999999999999,4.5,FALSE,FALSE,NA,NA,NA,NA,NA,NA
6.9004184100418415,15,20,37,0.6152087417769535,0.47967542749439235,-0.32495509611205553,1.5553725796659625,15 °C,20,50,0,0,0,3.4,3.709999999999999,4.5,FALSE,FALSE,NA,NA,NA,NA,NA,NA
6.952301255230126,15,20,37,0.6241367342745374,0.4819139307551787,-0.3204145700056128,1.5686880385546877,15 °C,20,50,0,0,0,3.4,3.709999999999999,4.5,FALSE,FALSE,NA,NA,NA,NA,NA,NA
7.004184100418411,15,20,37,0.6330647267721261,0.48416717653578895,-0.31590293923802026,1.5820323927822724,15 °C,20,50,0,0,0,3.4,3.709999999999999,4.5,FALSE,FALSE,NA,NA,NA,NA,NA,NA
7.056066945606696,15,20,37,0.6419927192697129,0.48643495996702474,-0.3114198022656556,1.5954052408050814,15 °C,20,50,0,0,0,3.4,3.709999999999999,4.5,FALSE,FALSE,NA,NA,NA,NA,NA,NA
7.107949790794979,15,20,37,0.6509207117673022,0.4887170786726775,-0.3069647624311457,1.6088061859657499,15 °C,20,50,0,0,0,3.4,3.709999999999999,4.5,FALSE,FALSE,NA,NA,NA,NA,NA,NA
7.159832635983264,15,20,37,0.6598487042648877,0.49101333277146814,-0.30253742796718985,1.6222348364969652,15 °C,20,50,0,0,0,3.4,3.709999999999999,4.5,FALSE,FALSE,NA,NA,NA,NA,NA,NA
7.211715481171549,15,20,37,0.6687766967624746,0.493323524877016,-0.2981374119964767,1.6356908055214259,15 °C,20,50,0,0,0,3.4,3.709999999999999,4.5,FALSE,FALSE,NA,NA,NA,NA,NA,NA
7.263598326359833,15,20,37,0.6777046892600651,0.49564746009595945,-0.29376433252801537,1.6491737110481455,15 °C,20,50,0,0,0,3.4,3.709999999999999,4.5,FALSE,FALSE,NA,NA,NA,NA,NA,NA
7.315481171548118,15,20,37,0.6866326817576555,0.4979849460242954,-0.28941781244996345,1.6626831759652743,15 °C,20,50,0,0,0,3.4,3.709999999999999,4.5,FALSE,FALSE,NA,NA,NA,NA,NA,NA
7.367364016736403,15,20,37,0.6955606742552394,0.5003357927420514,-0.2850974795191814,1.6762188280296602,15 °C,20,50,0,0,0,3.4,3.709999999999999,4.5,FALSE,FALSE,NA,NA,NA,NA,NA,NA
7.4192468619246865,15,20,37,0.704488666752825,0.5026998128063761,-0.2808029663476722,1.689780299853322,15 °C,20,50,0,0,0,3.4,3.709999999999999,4.5,FALSE,FALSE,NA,NA,NA,NA,NA,NA
7.471129707112971,15,20,37,0.7134166592504154,0.5050768212431324,-0.27653391038612396,1.7033672288869548,15 °C,20,50,0,0,0,3.4,3.709999999999999,4.5,FALSE,FALSE,NA,NA,NA,NA,NA,NA
7.523012552301256,15,20,37,0.7223446517480023,0.5074666355370759,-0.2722899539046665,1.7169792574006713,15 °C,20,50,0,0,0,3.4,3.709999999999999,4.5,FALSE,FALSE,NA,NA,NA,NA,NA,NA
7.5748953974895405,15,20,37,0.7312726442455897,0.5098690756207171,-0.26807074397101593,1.7306160324621953,15 °C,20,50,0,0,0,3.4,3.709999999999999,4.5,FALSE,FALSE,NA,NA,NA,NA,NA,NA
7.626778242677825,15,20,37,0.7402006367431766,0.5122839638619211,-0.2638759324261888,1.744277205912542,15 °C,20,50,0,0,0,3.4,3.709999999999999,4.5,FALSE,FALSE,NA,NA,NA,NA,NA,NA
7.67866108786611,15,20,37,0.749128629240767,0.514711125050344,-0.2597051758579073,1.7579624343394413,15 °C,20,50,0,0,0,3.4,3.709999999999999,4.5,FALSE,FALSE,NA,NA,NA,NA,NA,NA
7.730543933054394,15,20,37,0.7580566217383526,0.5171503863827761,-0.25555813557188856,1.7716713790485938,15 °C,20,50,0,0,0,3.4,3.709999999999999,4.5,FALSE,FALSE,NA,NA,NA,NA,NA,NA
7.782426778242678,15,20,37,0.7669846142359366,0.5196015774474393,-0.25143447756104453,1.7854037060329175,15 °C,20,50,0,0,0,3.4,3.709999999999999,4.5,FALSE,FALSE,NA,NA,NA,NA,NA,NA
7.834309623430963,15,20,37,0.7759126067335269,0.5220645302073625,-0.24733387247290373,1.7991590859399575,15 °C,20,50,0,0,0,3.4,3.709999999999999,4.5,FALSE,FALSE,NA,NA,NA,NA,NA,NA
7.886192468619248,15,20,37,0.7848405992311156,0.5245390789828279,-0.24325599557522715,1.8129371940374583,15 °C,20,50,0,0,0,3.4,3.709999999999999,4.5,FALSE,FALSE,NA,NA,NA,NA,NA,NA
7.938075313807532,15,20,37,0.7937685917287012,0.527025060433016,-0.23920052672001013,1.8267377101774125,15 °C,20,50,0,0,0,3.4,3.709999999999999,4.5,FALSE,FALSE,NA,NA,NA,NA,NA,NA
7.989958158995817,15,20,37,0.8026965842262881,0.5295223135368773,-0.23516715030599133,1.8405603187585675,15 °C,20,50,0,0,0,3.4,3.709999999999999,4.5,FALSE,FALSE,NA,NA,NA,NA,NA,NA
8.041841004184102,15,20,37,0.8116245767238756,0.5320306795732945,-0.2311555552397816,1.8544047086875328,15 °C,20,50,0,0,0,3.4,3.709999999999999,4.5,FALSE,FALSE,NA,NA,NA,NA,NA,NA
8.093723849372386,15,20,37,0.8205525692214624,0.5345500021005977,-0.22716543489570906,1.8682705733386338,15 °C,20,50,0,0,0,3.4,3.709999999999999,4.5,FALSE,FALSE,NA,NA,NA,NA,NA,NA
8.145606694560671,15,20,37,0.8294805617190528,0.5370801269354782,-0.22319648707448447,1.8821576105125901,15 °C,20,50,0,0,0,3.4,3.709999999999999,4.5,FALSE,FALSE,NA,NA,NA,NA,NA,NA
8.197489539748954,15,20,37,0.8384085542166354,0.539620902131357,-0.21924841396082428,1.8960655223940952,15 °C,20,50,0,0,0,3.4,3.709999999999999,4.5,FALSE,FALSE,NA,NA,NA,NA,NA,NA
8.249372384937239,15,20,37,0.8473365467142259,0.5421721779562692,-0.2153209220800617,1.9099940155085133,15 °C,20,50,0,0,0,3.4,3.709999999999999,4.5,FALSE,FALSE,NA,NA,NA,NA,NA,NA
8.301255230125523,15,20,37,0.8562645392118163,0.5447338068702736,-0.21141372225391997,1.9239428006775525,15 °C,20,50,0,0,0,3.4,3.709999999999999,4.5,FALSE,FALSE,NA,NA,NA,NA,NA,NA
8.353138075313808,15,20,37,0.8651925317094001,0.5473056435024848,-0.20752652955547013,1.9379115929742703,15 °C,20,50,0,0,0,3.4,3.709999999999999,4.5,FALSE,FALSE,NA,NA,NA,NA,NA,NA
8.405020920502093,15,20,37,0.874120524206987,0.549887544627726,-0.20365906326335603,1.9519001116773302,15 °C,20,50,0,0,0,3.4,3.709999999999999,4.5,FALSE,FALSE,NA,NA,NA,NA,NA,NA
8.456903765690377,15,20,37,0.8830485167045744,0.5524793691428683,-0.1998110468154476,1.9659080802245965,15 °C,20,50,0,0,0,3.4,3.709999999999999,4.5,FALSE,FALSE,NA,NA,NA,NA,NA,NA
8.508786610878662,15,20,37,0.8919765092021649,0.5550809780428867,-0.195982207761893,1.9799352261662229,15 °C,20,50,0,0,0,3.4,3.709999999999999,4.5,FALSE,FALSE,NA,NA,NA,NA,NA,NA
8.560669456066947,15,20,37,0.9009045016997536,0.5576922343966648,-0.1921722777177094,1.9939812811172164,15 °C,20,50,0,0,0,3.4,3.709999999999999,4.5,FALSE,FALSE,NA,NA,NA,NA,NA,NA
8.612552301255231,15,20,37,0.9098324941973404,0.5603130033226018,-0.18838099231495908,2.00804598070964,15 °C,20,50,0,0,0,3.4,3.709999999999999,4.5,FALSE,FALSE,NA,NA,NA,NA,NA,NA
8.664435146443516,15,20,37,0.9187604866949308,0.5629431519640294,-0.1846080911545669,2.0221290645444285,15 °C,20,50,0,0,0,3.4,3.709999999999999,4.5,FALSE,FALSE,NA,NA,NA,NA,NA,NA
8.7163179916318,15,20,37,0.9276884791925146,0.5655825494644884,-0.1808533177578826,2.036230276142912,15 °C,20,50,0,0,0,3.4,3.709999999999999,4.5,FALSE,FALSE,NA,NA,NA,NA,NA,NA
8.768200836820084,15,20,37,0.9366164716900991,0.5682310669428908,-0.17711641951796686,2.050349362898165,15 °C,20,50,0,0,0,3.4,3.709999999999999,4.5,FALSE,FALSE,NA,NA,NA,NA,NA,NA
8.820083682008368,15,20,37,0.9455444641876894,0.5708885774685936,-0.17339714765075398,2.064486076026133,15 °C,20,50,0,0,0,3.4,3.709999999999999,4.5,FALSE,FALSE,NA,NA,NA,NA,NA,NA
8.871966527196653,15,20,37,0.9544724566852734,0.5735549560364074,-0.16969525714608502,2.078640170516632,15 °C,20,50,0,0,0,3.4,3.709999999999999,4.5,FALSE,FALSE,NA,NA,NA,NA,NA,NA
8.923849372384938,15,20,37,0.9634004491828638,0.5762300795415732,-0.16601050671861972,2.0928114050843476,15 °C,20,50,0,0,0,3.4,3.709999999999999,4.5,FALSE,FALSE,NA,NA,NA,NA,NA,NA
8.975732217573222,15,20,37,0.9723284416804506,0.5789138267547287,-0.1623426587588176,2.106999542119719,15 °C,20,50,0,0,0,3.4,3.709999999999999,4.5,FALSE,FALSE,NA,NA,NA,NA,NA,NA
9.027615062761507,15,20,37,0.9812564341780411,0.5816060782968752,-0.1586914792838342,2.1212043476399165,15 °C,20,50,0,0,0,3.4,3.709999999999999,4.5,FALSE,FALSE,NA,NA,NA,NA,NA,NA
9.079497907949792,15,20,37,0.990184426675628,0.5843067166143908,-0.155056737888578,2.135425591239834,15 °C,20,50,0,0,0,3.4,3.709999999999999,4.5,FALSE,FALSE,NA,NA,NA,NA,NA,NA
9.131380753138076,15,20,37,0.9991124191732154,0.5870156259540809,-0.15143820769678318,2.149663046043214,15 °C,20,50,0,0,0,3.4,3.709999999999999,4.5,FALSE,FALSE,NA,NA,NA,NA,NA,NA
9.183263598326361,15,20,37,1.0080404116707993,0.5897326923383039,-0.14783566531227654,2.163916488653875,15 °C,20,50,0,0,0,3.4,3.709999999999999,4.5,FALSE,FALSE,NA,NA,NA,NA,NA,NA
9.235146443514646,15,20,37,1.0169684041683897,0.5924578035401838,-0.1442488907703705,2.17818569910715,15 °C,20,50,0,0,0,3.4,3.709999999999999,4.5,FALSE,FALSE,NA,NA,NA,NA,NA,NA
9.28702928870293,15,20,37,1.0258963966659764,0.5951908490589297,-0.14067766748952582,2.192470460821479,15 °C,20,50,0,0,0,3.4,3.709999999999999,4.5,FALSE,FALSE,NA,NA,NA,NA,NA,NA
9.338912133891215,15,20,37,1.034824389163564,0.5979317200952545,-0.13712178222313476,2.2067705605502628,15 °C,20,50,0,0,0,3.4,3.709999999999999,4.5,FALSE,FALSE,NA,NA,NA,NA,NA,NA
9.390794979079498,15,20,37,1.0437523816611478,0.6006803095269578,-0.13358102501168956,2.221085788333985,15 °C,20,50,0,0,0,3.4,3.709999999999999,4.5,FALSE,FALSE,NA,NA,NA,NA,NA,NA
9.442677824267783,15,20,37,1.0526803741587383,0.6034365118846273,-0.13005518913513137,2.2354159374526077,15 °C,20,50,0,0,0,3.4,3.709999999999999,4.5,FALSE,FALSE,NA,NA,NA,NA,NA,NA
9.494560669456067,15,20,37,1.0616083666563287,0.6062002233275102,-0.12654407106559118,2.2497608043782487,15 °C,20,50,0,0,0,3.4,3.709999999999999,4.5,FALSE,FALSE,NA,NA,NA,NA,NA,NA
9.546443514644352,15,20,37,1.0705363591539125,0.608971341619549,-0.12304747042040343,2.2641201887282287,15 °C,20,50,0,0,0,3.4,3.709999999999999,4.5,FALSE,FALSE,NA,NA,NA,NA,NA,NA
9.598326359832637,15,20,37,1.0794643516514963,0.6117497661055992,-0.11956518991547793,2.278493893218471,15 °C,20,50,0,0,0,3.4,3.709999999999999,4.5,FALSE,FALSE,NA,NA,NA,NA,NA,NA
9.650209205020921,15,20,37,1.0883923441490868,0.6145353976878372,-0.116097035319074,2.2928817236172474,15 °C,20,50,0,0,0,3.4,3.709999999999999,4.5,FALSE,FALSE,NA,NA,NA,NA,NA,NA
9.702092050209206,15,20,37,1.0973203366466773,0.6173281388023661,-0.11264281540596044,2.3072834886993148,15 °C,20,50,0,0,0,3.4,3.709999999999999,4.5,FALSE,FALSE,NA,NA,NA,NA,NA,NA
9.75397489539749,15,20,37,1.106248329144261,0.6201278933960258,-0.10920234191194944,2.3216990002004714,15 °C,20,50,0,0,0,3.4,3.709999999999999,4.5,FALSE,FALSE,NA,NA,NA,NA,NA,NA
9.805857740585775,15,20,37,1.1151763216418509,0.6229345669034132,-0.10577542948883889,2.3361280727725404,15 °C,20,50,0,0,0,3.4,3.709999999999999,4.5,FALSE,FALSE,NA,NA,NA,NA,NA,NA
9.85774058577406,15,20,37,1.1241043141394385,0.6257480662241359,-0.10236189565986797,2.350570523938745,15 °C,20,50,0,0,0,3.4,3.709999999999999,4.5,FALSE,FALSE,NA,NA,NA,NA,NA,NA
9.909623430962345,15,20,37,1.133032306637029,0.6285682997002789,-0.09896156077551788,2.365026174049576,15 °C,20,50,0,0,0,3.4,3.709999999999999,4.5,FALSE,FALSE,NA,NA,NA,NA,NA,NA
9.96150627615063,15,20,37,1.1419602991346127,0.6313951770941132,-0.09557424796984915,2.3794948462390746,15 °C,20,50,0,0,0,3.4,3.709999999999999,4.5,FALSE,FALSE,NA,NA,NA,NA,NA,NA
10.013389121338912,15,20,37,1.1508882916321972,0.6342286095660341,-0.09219978311722965,2.393976366381624,15 °C,20,50,0,0,0,3.4,3.709999999999999,4.5,FALSE,FALSE,NA,NA,NA,NA,NA,NA
10.065271966527197,15,20,37,1.1598162841297874,0.6370685096527513,-0.08883799478960519,2.40847056304918,15 °C,20,50,0,0,0,3.4,3.709999999999999,4.5,FALSE,FALSE,NA,NA,NA,NA,NA,NA
10.117154811715482,15,20,37,1.1687442766273743,0.6399147912457103,-0.08548871421421778,2.4229772674689665,15 °C,20,50,0,0,0,3.4,3.709999999999999,4.5,FALSE,FALSE,NA,NA,NA,NA,NA,NA
10.169037656903766,15,20,37,1.1776722691249648,0.6427673695697814,-0.08215177523180683,2.4374963134817365,15 °C,20,50,0,0,0,3.4,3.709999999999999,4.5,FALSE,FALSE,NA,NA,NA,NA,NA,NA
10.220920502092051,15,20,37,1.1866002616225517,0.6456261611621891,-0.07882701425533889,2.4520275375004426,15 °C,20,50,0,0,0,3.4,3.709999999999999,4.5,FALSE,FALSE,NA,NA,NA,NA,NA,NA
10.272803347280336,15,20,37,1.1955282541201355,0.648491083851694,-0.07551427022918467,2.466570778469456,15 °C,20,50,0,0,0,3.4,3.709999999999999,4.5,FALSE,FALSE,NA,NA,NA,NA,NA,NA
10.32468619246862,15,20,37,1.204456246617726,0.6513620567380457,-0.07221338458884352,2.4811258778242955,15 °C,20,50,0,0,0,3.4,3.709999999999999,4.5,FALSE,FALSE,NA,NA,NA,NA,NA,NA
10.376569037656905,15,20,37,1.2133842391153098,0.6542390001716814,-0.0689242012211857,2.495692679451805,15 °C,20,50,0,0,0,3.4,3.709999999999999,4.5,FALSE,FALSE,NA,NA,NA,NA,NA,NA
10.42845188284519,15,20,37,1.2223122316129003,0.6571218357336936,-0.06564656642513933,2.51027102965094,15 °C,20,50,0,0,0,3.4,3.709999999999999,4.5,FALSE,FALSE,NA,NA,NA,NA,NA,NA
10.480334728033474,15,20,37,1.231240224110484,0.6600104862160497,-0.0623803288729734,2.5248607770939415,15 °C,20,50,0,0,0,3.4,3.709999999999999,4.5,FALSE,FALSE,NA,NA,NA,NA,NA,NA
10.532217573221759,15,20,37,1.2401682166080745,0.662904875602096,-0.0591253395720337,2.539461772788183,15 °C,20,50,0,0,0,3.4,3.709999999999999,4.5,FALSE,FALSE,NA,NA,NA,NA,NA,NA
10.584100418410042,15,20,37,1.2490962091056619,0.6658049290472876,-0.055881451827021866,2.5540738700383456,15 °C,20,50,0,0,0,3.4,3.709999999999999,4.5,FALSE,FALSE,NA,NA,NA,NA,NA,NA
10.635983263598327,15,20,37,1.2580242016032523,0.6687105728602242,-0.05264852120278696,2.5686969244092914,15 °C,20,50,0,0,0,3.4,3.709999999999999,4.5,FALSE,FALSE,NA,NA,NA,NA,NA,NA
10.687866108786611,15,20,37,1.2669521941008397,0.6716217344839177,-0.04942640548763899,2.5833307936893184,15 °C,20,50,0,0,0,3.4,3.709999999999999,4.5,FALSE,FALSE,NA,NA,NA,NA,NA,NA
10.739748953974896,15,20,37,1.2758801865984266,0.6745383424773399,-0.04621496465715946,2.5979753378540127,15 °C,20,50,0,0,0,3.4,3.709999999999999,4.5,FALSE,FALSE,NA,NA,NA,NA,NA,NA
10.79163179916318,15,20,37,1.2848081790960106,0.6774603264972187,-0.04301406083853787,2.612630419030559,15 °C,20,50,0,0,0,3.4,3.709999999999999,4.5,FALSE,FALSE,NA,NA,NA,NA,NA,NA
10.843514644351465,15,20,37,1.2937361715936009,0.680387617280116,-0.039823558275426496,2.6272959014626283,15 °C,20,50,0,0,0,3.4,3.709999999999999,4.5,FALSE,FALSE,NA,NA,NA,NA,NA,NA
10.89539748953975,15,20,37,1.302664164091185,0.6833201466247433,-0.03664332329331188,2.6419716514756817,15 °C,20,50,0,0,0,3.4,3.709999999999999,4.5,FALSE,FALSE,NA,NA,NA,NA,NA,NA
10.947280334728035,15,20,37,1.3115921565887747,0.6862578473745542,-0.03347322426535149,2.656657537442901,15 °C,20,50,0,0,0,3.4,3.709999999999999,4.5,FALSE,FALSE,NA,NA,NA,NA,NA,NA
10.99916317991632,15,20,37,1.3205201490863585,0.6892006534005979,-0.030313131578813213,2.6713534297515302,15 °C,20,50,0,0,0,3.4,3.709999999999999,4.5,FALSE,FALSE,NA,NA,NA,NA,NA,NA
11.051046025104604,15,20,37,1.329448141583949,0.6921484995846012,-0.027162917601869507,2.6860592007697672,15 °C,20,50,0,0,0,3.4,3.709999999999999,4.5,FALSE,FALSE,NA,NA,NA,NA,NA,NA
11.102928870292889,15,20,37,1.3383761340815394,0.6951013218023476,-0.02402245665106184,2.7007747248141407,15 °C,20,50,0,0,0,3.4,3.709999999999999,4.5,FALSE,FALSE,NA,NA,NA,NA,NA,NA
11.154811715481173,15,20,37,1.3473041265791232,0.698059056907277,-0.020891624959139543,2.7154998781173862,15 °C,20,50,0,0,0,3.4,3.709999999999999,4.5,FALSE,FALSE,NA,NA,NA,NA,NA,NA
11.206694560669456,15,20,37,1.3562321190767113,0.7010216427143587,-0.01777030064343177,2.7302345387968545,15 °C,20,50,0,0,0,3.4,3.709999999999999,4.5,FALSE,FALSE,NA,NA,NA,NA,NA,NA
11.258577405857741,15,20,37,1.3651601115742982,0.7039890179841927,-0.01465836367471951,2.744978586823316,15 °C,20,50,0,0,0,3.4,3.709999999999999,4.5,FALSE,FALSE,NA,NA,NA,NA,NA,NA
11.310460251046026,15,20,37,1.3740881040718855,0.7069611224073881,-0.011555695846594993,2.759731903990366,15 °C,20,50,0,0,0,3.4,3.709999999999999,4.5,FALSE,FALSE,NA,NA,NA,NA,NA,NA
11.36234309623431,15,20,37,1.3830160965694753,0.7099378965891535,-0.008462180745265613,2.7744943738842163,15 °C,20,50,0,0,0,3.4,3.709999999999999,4.5,FALSE,FALSE,NA,NA,NA,NA,NA,NA
11.414225941422595,15,20,37,1.391944089067063,0.7129192820341578,-0.005377703719886329,2.7892658818540124,15 °C,20,50,0,0,0,3.4,3.709999999999999,4.5,FALSE,FALSE,NA,NA,NA,NA,NA,NA
11.46610878661088,15,20,37,1.4008720815646496,0.7159052211316251,-0.00230215185333571,2.804046314982635,15 °C,20,50,0,0,0,3.4,3.709999999999999,4.5,FALSE,FALSE,NA,NA,NA,NA,NA,NA
11.517991631799164,15,20,37,1.40980007406224,0.7188956571406534,7.645860665594917e-4,2.8188355620579206,15 °C,20,50,0,0,0,3.4,3.709999999999999,4.5,FALSE,FALSE,NA,NA,NA,NA,NA,NA
11.569874476987449,15,20,37,1.418728066559824,0.7218905341757976,0.003822619575260866,2.8336335135443873,15 °C,20,50,0,0,0,3.4,3.709999999999999,4.5,FALSE,FALSE,NA,NA,NA,NA,NA,NA
11.621757322175734,15,20,37,1.4276560590574079,0.7248897971928542,0.006872056559413808,2.8484400615554017,15 °C,20,50,0,0,0,3.4,3.709999999999999,4.5,FALSE,FALSE,NA,NA,NA,NA,NA,NA
11.673640167364018,15,20,37,1.4365840515549948,0.7278933919749,0.009913003284190758,2.863255099825799,15 °C,20,50,0,0,0,3.4,3.709999999999999,4.5,FALSE,FALSE,NA,NA,NA,NA,NA,NA
11.725523012552303,15,20,37,1.445512044052585,0.7309012651185584,0.012945564420210776,2.8780785236849593,15 °C,20,50,0,0,0,3.4,3.709999999999999,4.5,FALSE,FALSE,NA,NA,NA,NA,NA,NA
11.777405857740586,15,20,37,1.4544400365501726,0.7339133640204689,0.01596984307005367,2.8929102300302914,15 °C,20,50,0,0,0,3.4,3.709999999999999,4.5,FALSE,FALSE,NA,NA,NA,NA,NA,NA
11.82928870292887,15,20,37,1.46336802904776,0.7369296368640146,0.01898594079429139,2.9077501173012283,15 °C,20,50,0,0,0,3.4,3.709999999999999,4.5,FALSE,FALSE,NA,NA,NA,NA,NA,NA
11.881171548117155,15,20,37,1.4722960215453504,0.7399500326062333,0.0219939576371333,2.9225980854535676,15 °C,20,50,0,0,0,3.4,3.709999999999999,4.5,FALSE,FALSE,NA,NA,NA,NA,NA,NA
11.93305439330544,15,20,37,1.4812240140429374,0.7429745009649773,0.024993992151581823,2.9374540359342927,15 °C,20,50,0,0,0,3.4,3.709999999999999,4.5,FALSE,FALSE,NA,NA,NA,NA,NA,NA
11.984937238493725,15,20,37,1.4901520065405212,0.7460029924062658,0.027986141424240163,2.952317871656802,15 °C,20,50,0,0,0,3.4,3.709999999999999,4.5,FALSE,FALSE,NA,NA,NA,NA,NA,NA
12.03682008368201,15,20,37,1.4990799990381085,0.7490354581318555,0.03097050109967192,2.967189496976545,15 °C,20,50,0,0,0,3.4,3.709999999999999,4.5,FALSE,FALSE,NA,NA,NA,NA,NA,NA
12.088702928870294,15,20,37,1.508007991535699,0.7520718500670318,0.03394716540431664,2.9820688176670815,15 °C,20,50,0,0,0,3.4,3.709999999999999,4.5,FALSE,FALSE,NA,NA,NA,NA,NA,NA
12.140585774058579,15,20,37,1.5169359840332859,0.755112120848583,0.036916227170063154,2.9969557408965084,15 °C,20,50,0,0,0,3.4,3.709999999999999,4.5,FALSE,FALSE,NA,NA,NA,NA,NA,NA
12.192468619246863,15,20,37,1.5258639765308728,0.7581562238130051,0.03987777785738289,3.011850175204363,15 °C,20,50,0,0,0,3.4,3.709999999999999,4.5,FALSE,FALSE,NA,NA,NA,NA,NA,NA
12.244351464435148,15,20,37,1.5347919690284633,0.7612041129848796,0.042831907578099404,3.026752030478827,15 °C,20,50,0,0,0,3.4,3.709999999999999,4.5,FALSE,FALSE,NA,NA,NA,NA,NA,NA
12.296234309623433,15,20,37,1.5437199615260506,0.7642557430654733,0.04577870511772297,3.0416612179343785,15 °C,20,50,0,0,0,3.4,3.709999999999999,4.5,FALSE,FALSE,NA,NA,NA,NA,NA,NA
12.348117154811717,15,20,37,1.5526479540236375,0.7673110694214991,0.0487182579574994,3.0565776500897757,15 °C,20,50,0,0,0,3.4,3.709999999999999,4.5,FALSE,FALSE,NA,NA,NA,NA,NA,NA
12.4,15,20,37,1.5615759465212218,0.770370048074123,0.05165065229594079,3.0715012407465028,15 °C,20,50,0,0,0,3.4,3.709999999999999,4.5,FALSE,FALSE,NA,NA,NA,NA,NA,NA
0,20,20,37,-1.888800525591123,0.4737523068994179,-2.817355047113982,-0.9602460040682641,20 °C,20,50,0,0.15750000000000006,0.9700000000000002,3.755,3.8,4.1,TRUE,FALSE,-1.888800525591123,-2.817355047113982,-0.9602460040682641,NA,NA,NA
0.051882845188284524,20,20,37,-1.8420652769723762,0.47005809452275593,-2.763379142236978,-0.9207514117077746,20 °C,20,50,0,0.15750000000000006,0.9700000000000002,3.755,3.8,4.1,TRUE,FALSE,-1.8420652769723762,-2.763379142236978,-0.9207514117077746,NA,NA,NA
0.10376569037656905,20,20,37,-1.7953300283536302,0.4664174433603203,-2.709508217339858,-0.8811518393674024,20 °C,20,50,0,0.15750000000000006,0.9700000000000002,3.755,3.8,4.1,TRUE,FALSE,-1.7953300283536302,-2.709508217339858,-0.8811518393674024,NA,NA,NA
0.15564853556485359,20,20,37,-1.7485947797348838,0.4628316173575011,-2.655744749755586,-0.8414448097141816,20 °C,20,50,0,0.15750000000000006,0.9700000000000002,3.755,3.8,4.1,TRUE,FALSE,-1.7485947797348838,-2.655744749755586,-0.8414448097141816,NA,NA,NA
0.2075313807531381,20,20,37,-1.7018595311161369,0.4593019005962334,-2.602091256284754,-0.8016278059475195,20 °C,20,50,0,0.15750000000000006,0.9700000000000002,3.755,3.8,4.1,TRUE,TRUE,-1.7018595311161369,-2.602091256284754,-0.8016278059475195,-1.7018595311161369,-2.602091256284754,-0.8016278059475195
0.2594142259414226,20,20,37,-1.6551242824973906,0.4558295965242207,-2.5485502916848635,-0.761698273309918,20 °C,20,50,0,0.15750000000000006,0.9700000000000002,3.755,3.8,4.1,TRUE,TRUE,-1.6551242824973906,-2.5485502916848635,-0.761698273309918,-1.6551242824973906,-2.5485502916848635,-0.761698273309918
0.31129707112970717,20,20,37,-1.608389033878644,0.4524160270747763,-2.4951244469452054,-0.7216536208120824,20 °C,20,50,0,0.15750000000000006,0.9700000000000002,3.755,3.8,4.1,TRUE,TRUE,-1.608389033878644,-2.4951244469452054,-0.7216536208120824,-1.608389033878644,-2.4951244469452054,-0.7216536208120824
0.3631799163179917,20,20,37,-1.5616537852598973,0.4490625316716873,-2.4418163473364043,-0.6814912231833902,20 °C,20,50,0,0.15750000000000006,0.9700000000000002,3.755,3.8,4.1,TRUE,TRUE,-1.5616537852598973,-2.4418163473364043,-0.6814912231833902,-1.5616537852598973,-2.4418163473364043,-0.6814912231833902
0.4150627615062762,20,20,37,-1.514918536641151,0.4457704661136882,-2.38862865022398,-0.6412084230583222,20 °C,20,50,0,0.15750000000000006,0.9700000000000002,3.755,3.8,4.1,TRUE,TRUE,-1.514918536641151,-2.38862865022398,-0.6412084230583222,-1.514918536641151,-2.38862865022398,-0.6412084230583222
0.4669456066945607,20,20,37,-1.4681832880224046,0.44254120133340563,-2.3355640426358795,-0.6008025334089296,20 °C,20,50,0,0.15750000000000006,0.9700000000000002,3.755,3.8,4.1,TRUE,TRUE,-1.4681832880224046,-2.3355640426358795,-0.6008025334089296,-1.4681832880224046,-2.3355640426358795,-0.6008025334089296
0.5188284518828452,20,20,37,-1.4214480394036577,0.43937612202597265,-2.282625238574564,-0.5602708402327513,20 °C,20,50,0,0.15750000000000006,0.9700000000000002,3.755,3.8,4.1,TRUE,TRUE,-1.4214480394036577,-2.282625238574564,-0.5602708402327513,-1.4214480394036577,-2.282625238574564,-0.5602708402327513
0.5707112970711298,20,20,37,-1.3747127907849113,0.4362766251429479,-2.2298149760650894,-0.5196106055047334,20 °C,20,50,0,0.15750000000000006,0.9700000000000002,3.755,3.8,4.1,TRUE,TRUE,-1.3747127907849113,-2.2298149760650894,-0.5196106055047334,-1.3747127907849113,-2.2298149760650894,-0.5196106055047334
0.6225941422594143,20,20,37,-1.3279775421661648,0.43324411824770054,-2.177136013931658,-0.47881907040067173,20 °C,20,50,0,0.15750000000000006,0.9700000000000002,3.755,3.8,4.1,TRUE,TRUE,-1.3279775421661648,-2.177136013931658,-0.47881907040067173,-1.3279775421661648,-2.177136013931658,-0.47881907040067173
0.6744769874476988,20,20,37,-1.2812422935474181,0.4302800177290414,-2.1245911282963394,-0.43789345879849706,20 °C,20,50,0,0.15750000000000006,0.9700000000000002,3.755,3.8,4.1,TRUE,TRUE,-1.2812422935474181,-2.1245911282963394,-0.43789345879849706,-1.2812422935474181,-2.1245911282963394,-0.43789345879849706
0.7263598326359834,20,20,37,-1.2345070449286717,0.4273857468706112,-2.0721831087950697,-0.39683098106227377,20 °C,20,50,0,0.15750000000000006,0.9700000000000002,3.755,3.8,4.1,TRUE,TRUE,-1.2345070449286717,-2.0721831087950697,-0.39683098106227377,-1.2345070449286717,-2.0721831087950697,-0.39683098106227377
0.7782426778242678,20,20,37,-1.1877717963099252,0.42456273377436893,-2.0199147545076883,-0.35562883811216217,20 °C,20,50,0,0.15750000000000006,0.9700000000000002,3.755,3.8,4.1,TRUE,TRUE,-1.1877717963099252,-2.0199147545076883,-0.35562883811216217,-1.1877717963099252,-2.0199147545076883,-0.35562883811216217
0.8301255230125524,20,20,37,-1.1410365476911788,0.42181240913746315,-1.9677888696006065,-0.3142842257817511,20 °C,20,50,0,0.15750000000000006,0.9700000000000002,3.755,3.8,4.1,TRUE,TRUE,-1.1410365476911788,-1.9677888696006065,-0.3142842257817511,-1.1410365476911788,-1.9677888696006065,-0.3142842257817511
0.882008368200837,20,20,37,-1.094301299072432,0.41913620388282485,-1.9158082586827687,-0.2727943394620952,20 °C,20,50,0,0.15750000000000006,0.9700000000000002,3.755,3.8,4.1,TRUE,TRUE,-1.094301299072432,-1.9158082586827687,-0.2727943394620952,-1.094301299072432,-1.9158082586827687,-0.2727943394620952
0.9338912133891214,20,20,37,-1.0475660504536854,0.41653554664497555,-1.8639757218778374,-0.23115637902953334,20 °C,20,50,0,0.15750000000000006,0.9700000000000002,3.755,3.8,4.1,TRUE,TRUE,-1.0475660504536854,-1.8639757218778374,-0.23115637902953334,-1.0475660504536854,-1.8639757218778374,-0.23115637902953334
0.985774058577406,20,20,37,-1.0008308018349386,0.41401186111381105,-1.8122940496180082,-0.1893675540518689,20 °C,20,50,0,0.15750000000000006,0.9700000000000002,3.755,3.8,4.1,TRUE,TRUE,-1.0008308018349386,-1.8122940496180082,-0.1893675540518689,-1.0008308018349386,-1.8122940496180082,-0.1893675540518689
1.0376569037656904,20,20,37,-0.9540955532161922,0.41156656324048485,-1.7607660171675426,-0.14742508926484188,20 °C,20,50,0,0.15750000000000006,0.9700000000000002,3.755,3.8,4.1,TRUE,TRUE,-0.9540955532161922,-1.7607660171675426,-0.14742508926484188,-0.9540955532161922,-1.7607660171675426,-0.14742508926484188
1.089539748953975,20,20,37,-0.9073603045974458,0.40920105831096754,-1.7093943788869421,-0.10532623030794941,20 °C,20,50,0,0.15750000000000006,0.9700000000000002,3.755,3.8,4.1,TRUE,TRUE,-0.9073603045974458,-1.7093943788869421,-0.10532623030794941,-0.9073603045974458,-1.7093943788869421,-0.10532623030794941
1.1414225941422596,20,20,37,-0.8606250559786998,0.40691673789439675,-1.6581818622517175,-0.06306824970568214,20 °C,20,50,0,0.15750000000000006,0.9700000000000002,3.755,3.8,4.1,TRUE,TRUE,-0.8606250559786998,-1.6581818622517175,-0.06306824970568214,-0.8606250559786998,-1.6581818622517175,-0.06306824970568214
1.193305439330544,20,20,37,-0.8138898073599533,0.40471497667492834,-1.6071311616428128,-0.02064845307709373,20 °C,20,50,0,0.15750000000000006,0.9700000000000002,3.755,3.8,4.1,TRUE,TRUE,-0.8138898073599533,-1.6071311616428128,-0.02064845307709373,-0.8138898073599533,-1.6071311616428128,-0.02064845307709373
1.2451882845188287,20,20,37,-0.7671545587412061,0.402597129177454,-1.556244931929016,0.021935814446603752,20 °C,20,50,0,0.15750000000000006,0.9700000000000002,3.755,3.8,4.1,TRUE,TRUE,-0.7671545587412061,-1.556244931929016,0.021935814446603752,-0.7671545587412061,-1.556244931929016,0.021935814446603752
1.2970711297071131,20,20,37,-0.7204193101224596,0.40056452639922724,-1.505525781864945,0.06468716162002575,20 °C,20,50,0,0.15750000000000006,0.9700000000000002,3.755,3.8,4.1,TRUE,TRUE,-0.7204193101224596,-1.505525781864945,0.06468716162002575,-0.7204193101224596,-1.505525781864945,0.06468716162002575
1.3489539748953976,20,20,37,-0.6736840615037136,0.3986184723611238,-1.4549762673315163,0.10760814432408905,20 °C,20,50,0,0.15750000000000006,0.9700000000000002,3.755,3.8,4.1,TRUE,TRUE,-0.6736840615037136,-1.4549762673315163,0.10760814432408905,-0.6736840615037136,-1.4549762673315163,0.10760814432408905
1.400836820083682,20,20,37,-0.6269488128849668,0.3967602405939439,-1.4045988844490969,0.15070125867916317,20 °C,20,50,0,0.15750000000000006,0.9700000000000002,3.755,3.8,4.1,TRUE,TRUE,-0.6269488128849668,-1.4045988844490969,0.15070125867916317,-0.6269488128849668,-1.4045988844490969,0.15070125867916317
1.4527196652719667,20,20,37,-0.58021356426622,0.39499107057676885,-1.3543960625966869,0.19396893406424698,20 °C,20,50,0,0.15750000000000006,0.9700000000000002,3.755,3.8,4.1,TRUE,TRUE,-0.58021356426622,-1.3543960625966869,0.19396893406424698,-0.58021356426622,-1.3543960625966869,0.19396893406424698
1.5046025104602512,20,20,37,-0.5334783156474739,0.39331216414594755,-1.3043701573735311,0.23741352607858324,20 °C,20,50,0,0.15750000000000006,0.9700000000000002,3.755,3.8,4.1,TRUE,TRUE,-0.5334783156474739,-1.3043701573735311,0.23741352607858324,-0.5334783156474739,-1.3043701573735311,0.23741352607858324
1.5564853556485356,20,20,37,-0.4867430670287271,0.39172468189472714,-1.2545234435423922,0.28103730948493805,20 °C,20,50,0,0.15750000000000006,0.9700000000000002,3.755,3.8,4.1,TRUE,TRUE,-0.4867430670287271,-1.2545234435423922,0.28103730948493805,-0.4867430670287271,-1.2545234435423922,0.28103730948493805
1.6083682008368203,20,20,37,-0.4400078184099802,0.3902297395848388,-1.2048581079962644,0.3248424711763039,20 °C,20,50,0,0.15750000000000006,0.9700000000000002,3.755,3.8,4.1,TRUE,TRUE,-0.4400078184099802,-1.2048581079962644,0.3248424711763039,-0.4400078184099802,-1.2048581079962644,0.3248424711763039
1.6602510460251048,20,20,37,-0.393272569791235,0.3888284045924965,-1.155376242792528,0.36883110321005813,20 °C,20,50,0,0.15750000000000006,0.9700000000000002,3.755,3.8,4.1,TRUE,TRUE,-0.393272569791235,-1.155376242792528,0.36883110321005813,-0.393272569791235,-1.155376242792528,0.36883110321005813
1.7121338912133892,20,20,37,-0.34653732117248737,0.3875216924121938,-1.1060798383003871,0.4130051959554125,20 °C,20,50,0,0.15750000000000006,0.9700000000000002,3.755,3.8,4.1,TRUE,TRUE,-0.34653732117248737,-1.1060798383003871,0.4130051959554125,-0.34653732117248737,-1.1060798383003871,0.4130051959554125
1.764016736401674,20,20,37,-0.29980207255374064,0.38631056324237967,-1.0569707765088048,0.45736663140132344,20 °C,20,50,0,0.15750000000000006,0.9700000000000002,3.755,3.8,4.1,TRUE,TRUE,-0.29980207255374064,-1.0569707765088048,0.45736663140132344,-0.29980207255374064,-1.0569707765088048,0.45736663140132344
1.8158995815899583,20,20,37,-0.2530668239349946,0.38519591867755826,-1.0080508245430089,0.5019171766730196,20 °C,20,50,0,0.15750000000000006,0.9700000000000002,3.755,3.8,4.1,TRUE,TRUE,-0.2530668239349946,-1.0080508245430089,0.5019171766730196,-0.2530668239349946,-1.0080508245430089,0.5019171766730196
1.8677824267782428,20,20,37,-0.20633157531624843,0.3841785985314916,-0.959321628437972,0.546658477805475,20 °C,20,50,0,0.15750000000000006,0.9700000000000002,3.755,3.8,4.1,TRUE,TRUE,-0.20633157531624843,-0.959321628437972,0.546658477805475,-0.20633157531624843,-0.959321628437972,0.546658477805475
1.9196652719665275,20,20,37,-0.15959632669750082,0.3832593778160729,-0.9107847072170037,0.5915920538220021,20 °C,20,50,0,0.15750000000000006,0.9700000000000002,3.755,3.8,4.1,TRUE,TRUE,-0.15959632669750082,-0.9107847072170037,0.5915920538220021,-0.15959632669750082,-0.9107847072170037,0.5915920538220021
1.971548117154812,20,20,37,-0.11286107807875485,0.38243896389995974,-0.8624414473226759,0.6367192911651661,20 °C,20,50,0,0.15750000000000006,0.9700000000000002,3.755,3.8,4.1,TRUE,TRUE,-0.11286107807875485,-0.8624414473226759,0.6367192911651661,-0.11286107807875485,-0.8624414473226759,0.6367192911651661
2.0234309623430966,20,20,37,-0.06612582946000889,0.38171799387028577,-0.8142930974457689,0.6820414385257512,20 °C,20,50,0,0.15750000000000006,0.9700000000000002,3.755,3.8,4.1,TRUE,TRUE,-0.06612582946000889,-0.8142930974457689,0.6820414385257512,-0.06612582946000889,-0.8142930974457689,0.6820414385257512
2.075313807531381,20,20,37,-0.019390580841261884,0.3810970321196508,-0.7663407637957774,0.7275596021132537,20 °C,20,50,0,0.15750000000000006,0.9700000000000002,3.755,3.8,4.1,TRUE,TRUE,-0.019390580841261884,-0.7663407637957774,0.7275596021132537,-0.019390580841261884,-0.7663407637957774,0.7275596021132537
2.1271966527196655,20,20,37,0.02734466777748498,0.3805765681791587,-0.718585405853666,0.7732747414086361,20 °C,20,50,0,0.15750000000000006,0.9700000000000002,3.755,3.8,4.1,TRUE,TRUE,0.02734466777748498,-0.718585405853666,0.7732747414086361,0.02734466777748498,-0.718585405853666,0.7732747414086361
2.17907949790795,20,20,37,0.07407991639623095,0.3801570148165291,-0.6710278326441661,0.8191876654366279,20 °C,20,50,0,0.15750000000000006,0.9700000000000002,3.755,3.8,4.1,TRUE,TRUE,0.07407991639623095,-0.6710278326441661,0.8191876654366279,0.07407991639623095,-0.6710278326441661,0.8191876654366279
2.2309623430962344,20,20,37,0.12081516501497781,0.37983870641625417,-0.6236686995608803,0.8652990295908359,20 °C,20,50,0,0.15750000000000006,0.9700000000000002,3.755,3.8,4.1,TRUE,TRUE,0.12081516501497781,-0.6236686995608803,0.8652990295908359,0.12081516501497781,-0.6236686995608803,0.8652990295908359
2.282845188284519,20,20,37,0.16755041363372378,0.37962189765647275,-0.5765085057729628,0.9116093330404104,20 °C,20,50,0,0.15750000000000006,0.9700000000000002,3.755,3.8,4.1,TRUE,TRUE,0.16755041363372378,-0.5765085057729628,0.9116093330404104,0.16755041363372378,-0.5765085057729628,0.9116093330404104
2.3347280334728038,20,20,37,0.2142856622524714,0.379506762494687,-0.5295475922371151,0.9581189167420578,20 °C,20,50,0,0.15750000000000006,0.9700000000000002,3.755,3.8,4.1,TRUE,TRUE,0.2142856622524714,-0.5295475922371151,0.9581189167420578,0.2142856622524714,-0.5295475922371151,0.9581189167420578
2.386610878661088,20,20,37,0.26102091087121754,0.3794933934716986,-0.48278614033331163,1.0048279620757468,20 °C,20,50,0,0.15750000000000006,0.9700000000000002,3.755,3.8,4.1,TRUE,TRUE,0.26102091087121754,-0.48278614033331163,1.0048279620757468,0.26102091087121754,-0.48278614033331163,1.0048279620757468
2.4384937238493727,20,20,37,0.30775615948996426,0.3795818013402403,-0.4362241711369067,1.0517364901168351,20 °C,20,50,0,0.15750000000000006,0.9700000000000002,3.755,3.8,4.1,TRUE,TRUE,0.30775615948996426,-0.4362241711369067,1.0517364901168351,0.30775615948996426,-0.4362241711369067,1.0517364901168351
2.4903765690376574,20,20,37,0.3544914081087111,0.37977191502177604,-0.38986154533396994,1.098844361551392,20 °C,20,50,0,0.15750000000000006,0.9700000000000002,3.755,3.8,4.1,TRUE,TRUE,0.3544914081087111,-0.38986154533396994,1.098844361551392,0.3544914081087111,-0.38986154533396994,1.098844361551392
2.5422594142259416,20,20,37,0.40122665672745633,0.3800635818918749,-0.3436979637806184,1.1461512772355311,20 °C,20,50,0,0.15750000000000006,0.9700000000000002,3.755,3.8,4.1,TRUE,TRUE,0.40122665672745633,-0.3436979637806184,1.1461512772355311,0.40122665672745633,-0.3436979637806184,1.1461512772355311
2.5941422594142263,20,20,37,0.44796190534620317,0.38045656839148734,-0.297732968701112,1.1936567793935184,20 °C,20,50,0,0.15750000000000006,0.9700000000000002,3.755,3.8,4.1,TRUE,TRUE,0.44796190534620317,-0.297732968701112,1.1936567793935184,0.44796190534620317,-0.297732968701112,1.1936567793935184
2.6460251046025105,20,20,37,0.4946971539649508,0.38095056095842666,-0.2519659455135655,1.2413602534434671,20 °C,20,50,0,0.15750000000000006,0.9700000000000002,3.755,3.8,4.1,TRUE,TRUE,0.4946971539649508,-0.2519659455135655,1.2413602534434671,0.4946971539649508,-0.2519659455135655,1.2413602534434671
2.697907949790795,20,20,37,0.541432402583697,0.38154516727043364,-0.20639612526635298,1.289260930433747,20 °C,20,50,0,0.15750000000000006,0.9700000000000002,3.755,3.8,4.1,TRUE,TRUE,0.541432402583697,-0.20639612526635298,1.289260930433747,0.541432402583697,-0.20639612526635298,1.289260930433747
2.74979079497908,20,20,37,0.5881676512024427,0.38223991778839056,-0.16102258766280275,1.3373578900676883,20 °C,20,50,0,0.15750000000000006,0.9700000000000002,3.755,3.8,4.1,TRUE,TRUE,0.5881676512024427,-0.16102258766280275,1.3373578900676883,0.5881676512024427,-0.16102258766280275,1.3373578900676883
2.801673640167364,20,20,37,0.6349028998211897,0.3830342675856788,-0.11584426464674069,1.3856500642891203,20 °C,20,50,0,0.15750000000000006,0.9700000000000002,3.755,3.8,4.1,TRUE,TRUE,0.6349028998211897,-0.11584426464674069,1.3856500642891203,0.6349028998211897,-0.11584426464674069,1.3856500642891203
2.8535564853556488,20,20,37,0.6816381484399359,0.3839275984472705,-0.07085994451671429,1.434136241396586,20 °C,20,50,0,0.15750000000000006,0.9700000000000002,3.755,3.8,4.1,TRUE,TRUE,0.6816381484399359,-0.07085994451671429,1.434136241396586,0.6816381484399359,-0.07085994451671429,1.434136241396586
2.9054393305439334,20,20,37,0.7283733970586825,0.3849192212200492,-0.026068276532613788,1.4828150706499788,20 °C,20,50,0,0.15750000000000006,0.9700000000000002,3.755,3.8,4.1,TRUE,TRUE,0.7283733970586825,-0.026068276532613788,1.4828150706499788,0.7283733970586825,-0.026068276532613788,1.4828150706499788
2.9573221757322177,20,20,37,0.7751086456774295,0.3860083783940182,0.018532224025153865,1.5316850673297053,20 °C,20,50,0,0.15750000000000006,0.9700000000000002,3.755,3.8,4.1,TRUE,TRUE,0.7751086456774295,0.018532224025153865,1.5316850673297053,0.7751086456774295,0.018532224025153865,1.5316850673297053
3.0092050209205023,20,20,37,0.8218438942961763,0.3871942468925374,0.06294317038680308,1.5807446182055496,20 °C,20,50,0,0.15750000000000006,0.9700000000000002,3.755,3.8,4.1,TRUE,TRUE,0.8218438942961763,0.06294317038680308,1.5807446182055496,0.8218438942961763,0.06294317038680308,1.5807446182055496
3.061087866108787,20,20,37,0.868579142914923,0.38847594104853883,0.10716629845978687,1.629991987370059,20 °C,20,50,0,0.15750000000000006,0.9700000000000002,3.755,3.8,4.1,TRUE,TRUE,0.868579142914923,0.10716629845978687,1.629991987370059,0.868579142914923,0.10716629845978687,1.629991987370059
3.1129707112970713,20,20,37,0.9153143915336691,0.38985251574279517,0.15120346067779056,1.6794253223895477,20 °C,20,50,0,0.15750000000000006,0.9700000000000002,3.755,3.8,4.1,TRUE,TRUE,0.9153143915336691,0.15120346067779056,1.6794253223895477,0.9153143915336691,0.15120346067779056,1.6794253223895477
3.164853556485356,20,20,37,0.9620496401524143,0.3913229696797697,0.1950566195800657,1.729042660724763,20 °C,20,50,0,0.15750000000000006,0.9700000000000002,3.755,3.8,4.1,TRUE,TRUE,0.9620496401524143,0.1950566195800657,1.729042660724763,0.9620496401524143,0.1950566195800657,1.729042660724763
3.2167364016736406,20,20,37,1.008784888771162,0.3928862487763741,0.23872784116946866,1.7788419363728551,20 °C,20,50,0,0.15750000000000006,0.9700000000000002,3.755,3.8,4.1,TRUE,TRUE,1.008784888771162,0.23872784116946866,1.7788419363728551,1.008784888771162,0.23872784116946866,1.7788419363728551
3.268619246861925,20,20,37,1.055520137389909,0.3945412496390172,0.28221928809743535,1.8288209866823828,20 °C,20,50,0,0.15750000000000006,0.9700000000000002,3.755,3.8,4.1,TRUE,TRUE,1.055520137389909,0.28221928809743535,1.8288209866823828,1.055520137389909,0.28221928809743535,1.8288209866823828
3.3205020920502095,20,20,37,1.102255386008655,0.396286823104722,0.32553321272339986,1.8789775592939102,20 °C,20,50,0,0.15750000000000006,0.9700000000000002,3.755,3.8,4.1,TRUE,TRUE,1.102255386008655,0.32553321272339986,1.8789775592939102,1.102255386008655,0.32553321272339986,1.8789775592939102
3.372384937238494,20,20,37,1.148990634627401,0.39812177782271374,0.3686719500948821,1.92930931915992,20 °C,20,50,0,0.15750000000000006,0.9700000000000002,3.755,3.8,4.1,TRUE,TRUE,1.148990634627401,0.3686719500948821,1.92930931915992,1.148990634627401,0.3686719500948821,1.92930931915992
3.4242677824267784,20,20,37,1.1957258832461486,0.40004488385376596,0.41163791089276736,1.97981385559953,20 °C,20,50,0,0.15750000000000006,0.9700000000000002,3.755,3.8,4.1,TRUE,TRUE,1.1957258832461486,0.41163791089276736,1.97981385559953,1.1957258832461486,0.41163791089276736,1.97981385559953
3.476150627615063,20,20,37,1.2424611318648953,0.40205487626566233,0.45443357438419707,2.0304886893455936,20 °C,20,50,0,0.15750000000000006,0.9700000000000002,3.755,3.8,4.1,TRUE,TRUE,1.2424611318648953,0.45443357438419707,2.0304886893455936,1.2424611318648953,0.45443357438419707,2.0304886893455936
3.528033472803348,20,20,37,1.2891963804836428,0.4041504587044165,0.49706148142298645,2.0813312795442993,20 °C,20,50,0,0.15750000000000006,0.9700000000000002,3.755,3.8,4.1,TRUE,TRUE,1.2891963804836428,0.49706148142298645,2.0813312795442993,1.2891963804836428,0.49706148142298645,2.0813312795442993
3.579916317991632,20,20,37,1.3359316291023884,0.4063303069222784,0.5395242275347227,2.132339030670054,20 °C,20,50,0,0.15750000000000006,0.9700000000000002,3.755,3.8,4.1,TRUE,TRUE,1.3359316291023884,0.5395242275347227,2.132339030670054,1.3359316291023884,0.5395242275347227,2.132339030670054
3.6317991631799167,20,20,37,1.382666877721135,0.4085930722450951,0.5818244561207486,2.1835092993215213,20 °C,20,50,0,0.15750000000000006,0.9700000000000002,3.755,3.8,4.1,TRUE,TRUE,1.382666877721135,0.5818244561207486,2.1835092993215213,1.382666877721135,0.5818244561207486,2.1835092993215213
3.6836820083682014,20,20,37,1.4294021263398817,0.4109373849631923,0.6239648518120248,2.2348394008677386,20 °C,20,50,0,0.15750000000000006,0.9700000000000002,3.755,3.8,4.1,TRUE,TRUE,1.4294021263398817,0.6239648518120248,2.2348394008677386,1.4294021263398817,0.6239648518120248,2.2348394008677386
3.7355648535564856,20,20,37,1.4761373749586273,0.41336185763161315,0.6659481340006655,2.286326615916589,20 °C,20,50,0,0.15750000000000006,0.9700000000000002,3.755,3.8,4.1,TRUE,TRUE,1.4761373749586273,0.6659481340006655,2.286326615916589,1.4761373749586273,0.6659481340006655,2.286326615916589
3.7874476987447703,20,20,37,1.522872623577374,0.4158650882672144,0.7077770505736337,2.337968196581114,20 °C,20,50,0,0.15750000000000006,0.9700000000000002,3.755,3.8,4.1,TRUE,TRUE,1.522872623577374,0.7077770505736337,2.337968196581114,1.522872623577374,0.7077770505736337,2.337968196581114
3.839330543933055,20,20,37,1.5696078721961209,0.4184456634318348,0.7494543718697246,2.389761372522517,20 °C,20,50,0,0.15750000000000006,0.9700000000000002,3.755,3.8,4.1,TRUE,FALSE,1.5696078721961209,0.7494543718697246,2.389761372522517,NA,NA,NA
3.891213389121339,20,20,37,1.6163431208148678,0.4211021611923732,0.7909828848778163,2.441703356751919,20 °C,20,50,0,0.15750000000000006,0.9700000000000002,3.755,3.8,4.1,TRUE,FALSE,1.6163431208148678,0.7909828848778163,2.441703356751919,NA,NA,NA
3.943096234309624,20,20,37,1.6630783694336144,0.4238331539502732,0.8323653876910789,2.49379135117615,20 °C,20,50,0,0.15750000000000006,0.9700000000000002,3.755,3.8,4.1,TRUE,FALSE,1.6630783694336144,0.8323653876910789,2.49379135117615,NA,NA,NA
3.9949790794979085,20,20,37,1.7098136180523613,0.42663721113441777,0.8736046842289025,2.5460225518758204,20 °C,20,50,0,0.15750000000000006,0.9700000000000002,3.755,3.8,4.1,TRUE,FALSE,1.7098136180523613,0.8736046842289025,2.5460225518758204,NA,NA,NA
4.046861924686193,20,20,37,1.7565488666711064,0.42951290175295254,0.9147035792353195,2.5983941541068933,20 °C,20,50,0,0.15750000000000006,0.9700000000000002,3.755,3.8,4.1,TRUE,FALSE,1.7565488666711064,0.9147035792353195,2.5983941541068933,NA,NA,NA
4.098744769874477,20,20,37,1.8032841152898536,0.43245879680091837,0.9556648735600536,2.6509033570196534,20 °C,20,50,0,0.15750000000000006,0.9700000000000002,3.755,3.8,4.1,TRUE,FALSE,1.8032841152898536,0.9556648735600536,2.6509033570196534,NA,NA,NA
4.150627615062762,20,20,37,1.8500193639086004,0.43547347152188803,0.9964913597256999,2.7035473680915008,20 °C,20,50,0,0.15750000000000006,0.9700000000000002,3.755,3.8,4.1,FALSE,FALSE,NA,NA,NA,NA,NA,NA
4.202510460251046,20,20,37,1.8967546125273471,0.4385555075229587,1.037185817782348,2.756323407272346,20 °C,20,50,0,0.15750000000000006,0.9700000000000002,3.755,3.8,4.1,FALSE,FALSE,NA,NA,NA,NA,NA,NA
4.254393305439331,20,20,37,1.9434898611460925,0.4417034947435716,1.0777510114486921,2.8092287108434926,20 °C,20,50,0,0.15750000000000006,0.9700000000000002,3.755,3.8,4.1,FALSE,FALSE,NA,NA,NA,NA,NA,NA
4.306276150627616,20,20,37,1.9902251097648407,0.4449160332795604,1.1181896845369024,2.862260534992779,20 °C,20,50,0,0.15750000000000006,0.9700000000000002,3.755,3.8,4.1,FALSE,FALSE,NA,NA,NA,NA,NA,NA
4.3581589958159,20,20,37,2.036960358383586,0.4481917350647189,1.158504557656737,2.915416159110435,20 °C,20,50,0,0.15750000000000006,0.9700000000000002,3.755,3.8,4.1,FALSE,FALSE,NA,NA,NA,NA,NA,NA
4.410041841004184,20,20,37,2.083695607002333,0.45152922541292495,1.198698325193,2.968692888811666,20 °C,20,50,0,0.15750000000000006,0.9700000000000002,3.755,3.8,4.1,FALSE,FALSE,NA,NA,NA,NA,NA,NA
4.461924686192469,20,20,37,2.13043085562108,0.4549271444245096,1.2387736525490411,3.0220880586931185,20 °C,20,50,0,0.15750000000000006,0.9700000000000002,3.755,3.8,4.1,FALSE,FALSE,NA,NA,NA,NA,NA,NA
4.5138075313807535,20,20,37,2.177166104239825,0.4583841482610962,1.2787331736480763,3.0755990348315736,20 °C,20,50,0,0.15750000000000006,0.9700000000000002,3.755,3.8,4.1,FALSE,FALSE,NA,NA,NA,NA,NA,NA
4.565690376569038,20,20,37,2.223901352858572,0.4618989102936183,1.31857948868308,3.1292232170340637,20 °C,20,50,0,0.15750000000000006,0.9700000000000002,3.755,3.8,4.1,FALSE,FALSE,NA,NA,NA,NA,NA,NA
4.617573221757323,20,20,37,2.2706366014773187,0.46547012212856625,1.3583151621053289,3.1829580408493086,20 °C,20,50,0,0.15750000000000006,0.9700000000000002,3.755,3.8,4.1,FALSE,FALSE,NA,NA,NA,NA,NA,NA
4.6694560669456076,20,20,37,2.317371850096065,0.4690964945178159,1.397942720841146,3.2368009793509844,20 °C,20,50,0,0.15750000000000006,0.9700000000000002,3.755,3.8,4.1,FALSE,FALSE,NA,NA,NA,NA,NA,NA
4.721338912133891,20,20,37,2.3641070987148107,0.47277675815758186,1.4374646527259503,3.2907495447036714,20 °C,20,50,0,0.15750000000000006,0.9700000000000002,3.755,3.8,4.1,FALSE,FALSE,NA,NA,NA,NA,NA,NA
4.773221757322176,20,20,37,2.4108423473335594,0.47650966438221487,1.4768834051444184,3.3448012895227004,20 °C,20,50,0,0.15750000000000006,0.9700000000000002,3.755,3.8,4.1,FALSE,FALSE,NA,NA,NA,NA,NA,NA
4.825104602510461,20,20,37,2.457577595952306,0.48029398575859705,1.5162013838654556,3.398953808039156,20 °C,20,50,0,0.15750000000000006,0.9700000000000002,3.755,3.8,4.1,FALSE,FALSE,NA,NA,NA,NA,NA,NA
4.876987447698745,20,20,37,2.5043128445710527,0.4841285165869465,1.5554209520606377,3.453204737081468,20 °C,20,50,0,0.15750000000000006,0.9700000000000002,3.755,3.8,4.1,FALSE,FALSE,NA,NA,NA,NA,NA,NA
4.92887029288703,20,20,37,2.551048093189798,0.48801207331381113,1.5945444294947282,3.5075517568848675,20 °C,20,50,0,0.15750000000000006,0.9700000000000002,3.755,3.8,4.1,FALSE,FALSE,NA,NA,NA,NA,NA,NA
4.980753138075315,20,20,37,2.5977833418085448,0.4919434948629575,1.633574091877148,3.5619925917399415,20 °C,20,50,0,0.15750000000000006,0.9700000000000002,3.755,3.8,4.1,FALSE,FALSE,NA,NA,NA,NA,NA,NA
5.0326359832635985,20,20,37,2.6445185904272916,0.4959216428897683,1.6725121703633459,3.6165250104912374,20 °C,20,50,0,0.15750000000000006,0.9700000000000002,3.755,3.8,4.1,FALSE,FALSE,NA,NA,NA,NA,NA,NA
5.084518828451883,20,20,37,2.6912538390460385,0.4999454019646163,1.7113608511953906,3.6711468268966865,20 °C,20,50,0,0.15750000000000006,0.9700000000000002,3.755,3.8,4.1,FALSE,FALSE,NA,NA,NA,NA,NA,NA
5.136401673640168,20,20,37,2.737989087664785,0.5040136796905484,1.75012227547131,3.72585589985826,20 °C,20,50,0,0.15750000000000006,0.9700000000000002,3.755,3.8,4.1,FALSE,FALSE,NA,NA,NA,NA,NA,NA
5.1882845188284525,20,20,37,2.7847243362835306,0.508125406760399,1.7887985390331487,3.7806501335339124,20 °C,20,50,0,0.15750000000000006,0.9700000000000002,3.755,3.8,4.1,FALSE,FALSE,NA,NA,NA,NA,NA,NA
5.240167364016737,20,20,37,2.8314595849022774,0.5122795369582941,1.827391692464021,3.835527477340534,20 °C,20,50,0,0.15750000000000006,0.9700000000000002,3.755,3.8,4.1,FALSE,FALSE,NA,NA,NA,NA,NA,NA
5.292050209205021,20,20,37,2.8781948335210257,0.5164750471102715,1.8659037411848935,3.890485925857158,20 °C,20,50,0,0.15750000000000006,0.9700000000000002,3.755,3.8,4.1,FALSE,FALSE,NA,NA,NA,NA,NA,NA
5.343933054393306,20,20,37,2.9249300821397712,0.5207109369885363,1.9043366456422401,3.9455235186373026,20 °C,20,50,0,0.15750000000000006,0.9700000000000002,3.755,3.8,4.1,FALSE,FALSE,NA,NA,NA,NA,NA,NA
5.39581589958159,20,20,37,2.9716653307585164,0.5249862291736523,1.9426923215781577,4.000638339938875,20 °C,20,50,0,0.15750000000000006,0.9700000000000002,3.755,3.8,4.1,FALSE,FALSE,NA,NA,NA,NA,NA,NA
5.447698744769875,20,20,37,3.0184005793772646,0.5292999688787376,1.9809726403749388,4.05582851837959,20 °C,20,50,0,0.15750000000000006,0.9700000000000002,3.755,3.8,4.1,FALSE,FALSE,NA,NA,NA,NA,NA,NA
5.49958158995816,20,20,37,3.0651358279960097,0.5336512237394966,2.0191794294665963,4.1110922265254235,20 °C,20,50,0,0.15750000000000006,0.9700000000000002,3.755,3.8,4.1,FALSE,FALSE,NA,NA,NA,NA,NA,NA
5.551464435146444,20,20,37,3.1118710766147553,0.5380390835737322,2.05731447281024,4.16642768041927,20 °C,20,50,0,0.15750000000000006,0.9700000000000002,3.755,3.8,4.1,FALSE,FALSE,NA,NA,NA,NA,NA,NA
5.603347280334728,20,20,37,3.1586063252335035,0.5424626601136997,2.095379511410652,4.221833139056355,20 °C,20,50,0,0.15750000000000006,0.9700000000000002,3.755,3.8,4.1,FALSE,FALSE,NA,NA,NA,NA,NA,NA
5.655230125523013,20,20,37,3.205341573852249,0.5469210867145002,2.1333762438918287,4.277306903812669,20 °C,20,50,0,0.15750000000000006,0.9700000000000002,3.755,3.8,4.1,FALSE,FALSE,NA,NA,NA,NA,NA,NA
5.7071129707112975,20,20,37,3.252076822470996,0.5514135180414771,2.1713063271097006,4.332847317832291,20 °C,20,50,0,0.15750000000000006,0.9700000000000002,3.755,3.8,4.1,FALSE,FALSE,NA,NA,NA,NA,NA,NA
5.758995815899582,20,20,37,3.298812071089743,0.5559391297393586,2.2091713768006,4.388452765378886,20 °C,20,50,0,0.15750000000000006,0.9700000000000002,3.755,3.8,4.1,FALSE,FALSE,NA,NA,NA,NA,NA,NA
5.810878661087867,20,20,37,3.3455473197084893,0.5604971180857237,2.246972968260471,4.444121671156507,20 °C,20,50,0,0.15750000000000006,0.9700000000000002,3.755,3.8,4.1,FALSE,FALSE,NA,NA,NA,NA,NA,NA
5.862761506276152,20,20,37,3.392282568327236,0.5650866996311437,2.2847126370501947,4.499852499604278,20 °C,20,50,0,0.15750000000000006,0.9700000000000002,3.755,3.8,4.1,FALSE,FALSE,NA,NA,NA,NA,NA,NA
5.914644351464435,20,20,37,3.4390178169459817,0.5697071108281904,2.3223918797227285,4.555643754169235,20 °C,20,50,0,0.15750000000000006,0.9700000000000002,3.755,3.8,4.1,FALSE,FALSE,NA,NA,NA,NA,NA,NA
5.96652719665272,20,20,37,3.485753065564728,0.5743576076513304,2.3600121545681207,4.611493976561336,20 °C,20,50,0,0.15750000000000006,0.9700000000000002,3.755,3.8,4.1,FALSE,FALSE,NA,NA,NA,NA,NA,NA
6.018410041841005,20,20,37,3.532488314183477,0.5790374652095359,2.3975748823727865,4.667401745994168,20 °C,20,50,0,0.15750000000000006,0.9700000000000002,3.755,3.8,4.1,FALSE,FALSE,NA,NA,NA,NA,NA,NA
6.070292887029289,20,20,37,3.5792235628022238,0.5837459773533155,2.4350814471897255,4.723365678414722,20 °C,20,50,0,0.15750000000000006,0.9700000000000002,3.755,3.8,4.1,FALSE,FALSE,NA,NA,NA,NA,NA,NA
6.122175732217574,20,20,37,3.62595881142097,0.5884824562777052,2.472533197116668,4.779384425725272,20 °C,20,50,0,0.15750000000000006,0.9700000000000002,3.755,3.8,4.1,FALSE,FALSE,NA,NA,NA,NA,NA,NA
6.174058577405859,20,20,37,3.672694060039714,0.5932462321226094,2.5099314450793995,4.835456675000028,20 °C,20,50,0,0.15750000000000006,0.9700000000000002,3.755,3.8,4.1,FALSE,FALSE,NA,NA,NA,NA,NA,NA
6.2259414225941425,20,20,37,3.7194293086584627,0.598036652571793,2.5472774696177485,4.891581147699177,20 °C,20,50,0,0.15750000000000006,0.9700000000000002,3.755,3.8,4.1,FALSE,FALSE,NA,NA,NA,NA,NA,NA
6.277824267782427,20,20,37,3.766164557277209,0.6028530824516432,2.5845725156719883,4.94775659888243,20 °C,20,50,0,0.15750000000000006,0.9700000000000002,3.755,3.8,4.1,FALSE,FALSE,NA,NA,NA,NA,NA,NA
6.329707112970712,20,20,37,3.8128998058959547,0.6076949033307646,2.6218177953676562,5.003981816424253,20 °C,20,50,0,0.15750000000000006,0.9700000000000002,3.755,3.8,4.1,FALSE,FALSE,NA,NA,NA,NA,NA,NA
6.3815899581589965,20,20,37,3.8596350545147,0.6125615131213329,2.6590144887968874,5.060255620232512,20 °C,20,50,0,0.15750000000000006,0.9700000000000002,3.755,3.8,4.1,FALSE,FALSE,NA,NA,NA,NA,NA,NA
6.433472803347281,20,20,37,3.906370303133448,0.6174523256830254,2.696163744794718,5.116576861472177,20 °C,20,50,0,0.15750000000000006,0.9700000000000002,3.755,3.8,4.1,FALSE,FALSE,NA,NA,NA,NA,NA,NA
6.485355648535566,20,20,37,3.953105551752192,0.6223667704302867,2.7332666817088302,5.172944421795553,20 °C,20,50,0,0.15750000000000006,0.9700000000000002,3.755,3.8,4.1,FALSE,FALSE,NA,NA,NA,NA,NA,NA
6.53723849372385,20,20,37,3.9998408003709405,0.6273042919435864,2.7703243881615114,5.22935721258037,20 °C,20,50,0,0.15750000000000006,0.9700000000000002,3.755,3.8,4.1,FALSE,FALSE,NA,NA,NA,NA,NA,NA
6.589121338912134,20,20,37,4.046576048989687,0.6322643495852286,2.807337923802639,5.2858141741767355,20 °C,20,50,0,0.15750000000000006,0.9700000000000002,3.755,3.8,4.1,FALSE,FALSE,NA,NA,NA,NA,NA,NA
6.641004184100419,20,20,37,4.093311297608433,0.6372464171202451,2.8443083200527526,5.342314275164114,20 °C,20,50,0,0.15750000000000006,0.9700000000000002,3.755,3.8,4.1,FALSE,FALSE,NA,NA,NA,NA,NA,NA
6.692887029288704,20,20,37,4.140046546227181,0.6422499823427913,2.88123658083531,5.3988565116190514,20 °C,20,50,0,0.15750000000000006,0.9700000000000002,3.755,3.8,4.1,FALSE,FALSE,NA,NA,NA,NA,NA,NA
6.744769874476988,20,20,37,4.186781794845924,0.6472745467084364,2.918123683297389,5.455439906394459,20 °C,20,50,0,0.15750000000000006,0.9700000000000002,3.755,3.8,4.1,FALSE,FALSE,NA,NA,NA,NA,NA,NA
6.796652719665272,20,20,37,4.23351704346467,0.6523196249726642,2.9549705785182483,5.512063508411092,20 °C,20,50,0,0.15750000000000006,0.9700000000000002,3.755,3.8,4.1,FALSE,FALSE,NA,NA,NA,NA,NA,NA
6.848535564853557,20,20,37,4.28025229208342,0.6573847448358623,2.9917781922051296,5.568726391961709,20 °C,20,50,0,0.15750000000000006,0.9700000000000002,3.755,3.8,4.1,FALSE,FALSE,NA,NA,NA,NA,NA,NA
6.9004184100418415,20,20,37,4.326987540702165,0.662469446595023,3.0285474253759195,5.62542765602841,20 °C,20,50,0,0.15750000000000006,0.9700000000000002,3.755,3.8,4.1,FALSE,FALSE,NA,NA,NA,NA,NA,NA
6.952301255230126,20,20,37,4.373722789320915,0.6675732828023375,3.0652791550283336,5.682166423613497,20 °C,20,50,0,0.15750000000000006,0.9700000000000002,3.755,3.8,4.1,FALSE,FALSE,NA,NA,NA,NA,NA,NA
7.004184100418411,20,20,37,4.4204580379396585,0.6726958179308333,3.1019742347952253,5.738941841084092,20 °C,20,50,0,0.15750000000000006,0.9700000000000002,3.755,3.8,4.1,FALSE,FALSE,NA,NA,NA,NA,NA,NA
7.056066945606696,20,20,37,4.467193286558408,0.6778366280471605,3.1386334955859736,5.795753077530843,20 °C,20,50,0,0.15750000000000006,0.9700000000000002,3.755,3.8,4.1,FALSE,FALSE,NA,NA,NA,NA,NA,NA
7.107949790794979,20,20,37,4.51392853517715,0.6829953004916101,3.1752577462135942,5.852599324140705,20 °C,20,50,0,0.15750000000000006,0.9700000000000002,3.755,3.8,4.1,FALSE,FALSE,NA,NA,NA,NA,NA,NA
7.159832635983264,20,20,37,4.560663783795897,0.6881714335654145,3.211847774007685,5.90947979358411,20 °C,20,50,0,0.15750000000000006,0.9700000000000002,3.755,3.8,4.1,FALSE,FALSE,NA,NA,NA,NA,NA,NA
7.211715481171549,20,20,37,4.607399032414649,0.6933646362253398,3.2484043454129825,5.966393719416315,20 °C,20,50,0,0.15750000000000006,0.9700000000000002,3.755,3.8,4.1,FALSE,FALSE,NA,NA,NA,NA,NA,NA
7.263598326359833,20,20,37,4.654134281033393,0.69857452778561,3.284928206573597,6.023340355493189,20 °C,20,50,0,0.15750000000000006,0.9700000000000002,3.755,3.8,4.1,FALSE,FALSE,NA,NA,NA,NA,NA,NA
7.315481171548118,20,20,37,4.700869529652138,0.7038007376270983,3.3214200839030257,6.0803189754012505,20 °C,20,50,0,0.15750000000000006,0.9700000000000002,3.755,3.8,4.1,FALSE,FALSE,NA,NA,NA,NA,NA,NA
7.367364016736403,20,20,37,4.747604778270886,0.7090429049137833,3.3578806846398708,6.137328871901901,20 °C,20,50,0,0.15750000000000006,0.9700000000000002,3.755,3.8,4.1,FALSE,FALSE,NA,NA,NA,NA,NA,NA
7.4192468619246865,20,20,37,4.794340026889632,0.7143006783164036,3.3943106973894808,6.1943693563897835,20 °C,20,50,0,0.15750000000000006,0.9700000000000002,3.755,3.8,4.1,FALSE,FALSE,NA,NA,NA,NA,NA,NA
7.471129707112971,20,20,37,4.841075275508377,0.7195737157432452,3.4307107926516163,6.251439758365137,20 °C,20,50,0,0.15750000000000006,0.9700000000000002,3.755,3.8,4.1,FALSE,FALSE,NA,NA,NA,NA,NA,NA
7.523012552301256,20,20,37,4.887810524127127,0.7248616840779887,3.467081623334269,6.308539424919984,20 °C,20,50,0,0.15750000000000006,0.9700000000000002,3.755,3.8,4.1,FALSE,FALSE,NA,NA,NA,NA,NA,NA
7.5748953974895405,20,20,37,4.934545772745873,0.7301642589245134,3.5034238252538263,6.365667720237919,20 °C,20,50,0,0.15750000000000006,0.9700000000000002,3.755,3.8,4.1,FALSE,FALSE,NA,NA,NA,NA,NA,NA
7.626778242677825,20,20,37,4.981281021364618,0.7354811243585793,3.5397380176218025,6.422824025107433,20 °C,20,50,0,0.15750000000000006,0.9700000000000002,3.755,3.8,4.1,FALSE,FALSE,NA,NA,NA,NA,NA,NA
7.67866108786611,20,20,37,5.0280162699833655,0.7408119726862586,3.5760248035182984,6.4800077364484325,20 °C,20,50,0,0.15750000000000006,0.9700000000000002,3.755,3.8,4.1,FALSE,FALSE,NA,NA,NA,NA,NA,NA
7.730543933054394,20,20,37,5.0747515186021115,0.7461565042090166,3.612284770352439,6.537218266851784,20 °C,20,50,0,0.15750000000000006,0.9700000000000002,3.755,3.8,4.1,FALSE,FALSE,NA,NA,NA,NA,NA,NA
7.782426778242678,20,20,37,5.121486767220857,0.7515144269953195,3.6485184903100305,6.594455044131683,20 °C,20,50,0,0.15750000000000006,0.9700000000000002,3.755,3.8,4.1,FALSE,FALSE,NA,NA,NA,NA,NA,NA
7.834309623430963,20,20,37,5.168222015839604,0.756885456658639,3.684726520788672,6.651717510890537,20 °C,20,50,0,0.15750000000000006,0.9700000000000002,3.755,3.8,4.1,FALSE,FALSE,NA,NA,NA,NA,NA,NA
7.886192468619248,20,20,37,5.214957264458351,0.7622693161417292,3.7209094048205618,6.709005124096141,20 °C,20,50,0,0.15750000000000006,0.9700000000000002,3.755,3.8,4.1,FALSE,FALSE,NA,NA,NA,NA,NA,NA
7.938075313807532,20,20,37,5.261692513077097,0.7676657355070446,3.7570676714832896,6.766317354670905,20 °C,20,50,0,0.15750000000000006,0.9700000000000002,3.755,3.8,4.1,FALSE,FALSE,NA,NA,NA,NA,NA,NA
7.989958158995817,20,20,37,5.308427761695845,0.7730744517331641,3.7932018362988433,6.823653687092847,20 °C,20,50,0,0.15750000000000006,0.9700000000000002,3.755,3.8,4.1,FALSE,FALSE,NA,NA,NA,NA,NA,NA
8.041841004184102,20,20,37,5.35516301031459,0.7784952085170876,3.8293124016210984,6.8810136190080815,20 °C,20,50,0,0.15750000000000006,0.9700000000000002,3.755,3.8,4.1,FALSE,FALSE,NA,NA,NA,NA,NA,NA
8.093723849372386,20,20,37,5.401898258933335,0.7839277560822582,3.8653998570121093,6.938396660854561,20 °C,20,50,0,0.15750000000000006,0.9700000000000002,3.755,3.8,4.1,FALSE,FALSE,NA,NA,NA,NA,NA,NA
8.145606694560671,20,20,37,5.448633507552084,0.7893718509921892,3.9014646796073933,6.995802335496775,20 °C,20,50,0,0.15750000000000006,0.9700000000000002,3.755,3.8,4.1,FALSE,FALSE,NA,NA,NA,NA,NA,NA
8.197489539748954,20,20,37,5.495368756170829,0.7948272559695417,3.9375073344705274,7.05323017787113,20 °C,20,50,0,0.15750000000000006,0.9700000000000002,3.755,3.8,4.1,FALSE,FALSE,NA,NA,NA,NA,NA,NA
8.249372384937239,20,20,37,5.542104004789575,0.8002937397205364,3.9735282749373235,7.110679734641827,20 °C,20,50,0,0.15750000000000006,0.9700000000000002,3.755,3.8,4.1,FALSE,FALSE,NA,NA,NA,NA,NA,NA
8.301255230125523,20,20,37,5.588839253408323,0.805771076764523,4.009527942949858,7.168150563866788,20 °C,20,50,0,0.15750000000000006,0.9700000000000002,3.755,3.8,4.1,FALSE,FALSE,NA,NA,NA,NA,NA,NA
8.353138075313808,20,20,37,5.635574502027068,0.8112590472686311,4.045506769380551,7.225642234673585,20 °C,20,50,0,0.15750000000000006,0.9700000000000002,3.755,3.8,4.1,FALSE,FALSE,NA,NA,NA,NA,NA,NA
8.405020920502093,20,20,37,5.682309750645817,0.8167574368873063,4.081465174346697,7.283154326944937,20 °C,20,50,0,0.15750000000000006,0.9700000000000002,3.755,3.8,4.1,FALSE,FALSE,NA,NA,NA,NA,NA,NA
8.456903765690377,20,20,37,5.729044999264565,0.8222660366066501,4.117403567515531,7.3406864310136,20 °C,20,50,0,0.15750000000000006,0.9700000000000002,3.755,3.8,4.1,FALSE,FALSE,NA,NA,NA,NA,NA,NA
8.508786610878662,20,20,37,5.7757802478833105,0.8277846425933881,4.15332234840027,7.398238147366351,20 °C,20,50,0,0.15750000000000006,0.9700000000000002,3.755,3.8,4.1,FALSE,FALSE,NA,NA,NA,NA,NA,NA
8.560669456066947,20,20,37,5.822515496502056,0.8333130560483786,4.189221906647234,7.455809086356878,20 °C,20,50,0,0.15750000000000006,0.9700000000000002,3.755,3.8,4.1,FALSE,FALSE,NA,NA,NA,NA,NA,NA
8.612552301255231,20,20,37,5.869250745120803,0.8388510830644987,4.225102622314386,7.51339886792722,20 °C,20,50,0,0.15750000000000006,0.9700000000000002,3.755,3.8,4.1,FALSE,FALSE,NA,NA,NA,NA,NA,NA
8.664435146443516,20,20,37,5.915985993739549,0.8443985344888076,4.260964866141487,7.571007121337612,20 °C,20,50,0,0.15750000000000006,0.9700000000000002,3.755,3.8,4.1,FALSE,FALSE,NA,NA,NA,NA,NA,NA
8.7163179916318,20,20,37,5.9627212423582945,0.8499552257888519,4.296808999812145,7.628633484904444,20 °C,20,50,0,0.15750000000000006,0.9700000000000002,3.755,3.8,4.1,FALSE,FALSE,NA,NA,NA,NA,NA,NA
8.768200836820084,20,20,37,6.009456490977043,0.855520976922998,4.332635376207967,7.6862776057461195,20 °C,20,50,0,0.15750000000000006,0.9700000000000002,3.755,3.8,4.1,FALSE,FALSE,NA,NA,NA,NA,NA,NA
8.820083682008368,20,20,37,6.056191739595788,0.8610956122146679,4.368444339655039,7.743939139536537,20 °C,20,50,0,0.15750000000000006,0.9700000000000002,3.755,3.8,4.1,FALSE,FALSE,NA,NA,NA,NA,NA,NA
8.871966527196653,20,20,37,6.102926988214533,0.8666789602303698,4.404236226163008,7.801617750266058,20 °C,20,50,0,0.15750000000000006,0.9700000000000002,3.755,3.8,4.1,FALSE,FALSE,NA,NA,NA,NA,NA,NA
8.923849372384938,20,20,37,6.149662236833282,0.8722708536614101,4.440011363656918,7.859313110009646,20 °C,20,50,0,0.15750000000000006,0.9700000000000002,3.755,3.8,4.1,FALSE,FALSE,NA,NA,NA,NA,NA,NA
8.975732217573222,20,20,37,6.196397485452027,0.8778711292091712,4.475770072202051,7.917024898702003,20 °C,20,50,0,0.15750000000000006,0.9700000000000002,3.755,3.8,4.1,FALSE,FALSE,NA,NA,NA,NA,NA,NA
9.027615062761507,20,20,37,6.243132734070772,0.8834796274738511,4.511512664222025,7.97475280391952,20 °C,20,50,0,0.15750000000000006,0.9700000000000002,3.755,3.8,4.1,FALSE,FALSE,NA,NA,NA,NA,NA,NA
9.079497907949792,20,20,37,6.289867982689521,0.8890961928465635,4.547239444710256,8.032496520668785,20 °C,20,50,0,0.15750000000000006,0.9700000000000002,3.755,3.8,4.1,FALSE,FALSE,NA,NA,NA,NA,NA,NA
9.131380753138076,20,20,37,6.336603231308266,0.894720673404689,4.582950711435076,8.090255751181456,20 °C,20,50,0,0.15750000000000006,0.9700000000000002,3.755,3.8,4.1,FALSE,FALSE,NA,NA,NA,NA,NA,NA
9.183263598326361,20,20,37,6.383338479927017,0.9003529208103891,4.618646755138655,8.14803020471538,20 °C,20,50,0,0.15750000000000006,0.9700000000000002,3.755,3.8,4.1,FALSE,FALSE,NA,NA,NA,NA,NA,NA
9.235146443514646,20,20,37,6.43007372854576,0.905992790212166,4.654327859729914,8.205819597361605,20 °C,20,50,0,0.15750000000000006,0.9700000000000002,3.755,3.8,4.1,FALSE,FALSE,NA,NA,NA,NA,NA,NA
9.28702928870293,20,20,37,6.476808977164511,0.9116401401494022,4.689994302471683,8.263623651857339,20 °C,20,50,0,0.15750000000000006,0.9700000000000002,3.755,3.8,4.1,FALSE,FALSE,NA,NA,NA,NA,NA,NA
9.338912133891215,20,20,37,6.523544225783256,0.9172948324597645,4.725646354162118,8.321442097404395,20 °C,20,50,0,0.15750000000000006,0.9700000000000002,3.755,3.8,4.1,FALSE,FALSE,NA,NA,NA,NA,NA,NA
9.390794979079498,20,20,37,6.570279474402002,0.9229567321893924,4.761284279310793,8.379274669493212,20 °C,20,50,0,0.15750000000000006,0.9700000000000002,3.755,3.8,4.1,FALSE,FALSE,NA,NA,NA,NA,NA,NA
9.442677824267783,20,20,37,6.6170147230207474,0.9286257075057892,4.796908336309401,8.437121109732095,20 °C,20,50,0,0.15750000000000006,0.9700000000000002,3.755,3.8,4.1,FALSE,FALSE,NA,NA,NA,NA,NA,NA
9.494560669456067,20,20,37,6.663749971639489,0.9343016296133175,4.832518777597387,8.49498116568159,20 °C,20,50,0,0.15750000000000006,0.9700000000000002,3.755,3.8,4.1,FALSE,FALSE,NA,NA,NA,NA,NA,NA
9.546443514644352,20,20,37,6.710485220258241,0.9399843726712392,4.868115849822612,8.55285459069387,20 °C,20,50,0,0.15750000000000006,0.9700000000000002,3.755,3.8,4.1,FALSE,FALSE,NA,NA,NA,NA,NA,NA
9.598326359832637,20,20,37,6.757220468876989,0.945673813714199,4.903699793997159,8.610741143756819,20 °C,20,50,0,0.15750000000000006,0.9700000000000002,3.755,3.8,4.1,FALSE,FALSE,NA,NA,NA,NA,NA,NA
9.650209205020921,20,20,37,6.803955717495734,0.9513698325750826,4.939270845648572,8.668640589342896,20 °C,20,50,0,0.15750000000000006,0.9700000000000002,3.755,3.8,4.1,FALSE,FALSE,NA,NA,NA,NA,NA,NA
9.702092050209206,20,20,37,6.85069096611448,0.9570723118101843,4.974829234966519,8.726552697262441,20 °C,20,50,0,0.15750000000000006,0.9700000000000002,3.755,3.8,4.1,FALSE,FALSE,NA,NA,NA,NA,NA,NA
9.75397489539749,20,20,37,6.897426214733228,0.9627811366266023,5.010375186945088,8.784477242521369,20 °C,20,50,0,0.15750000000000006,0.9700000000000002,3.755,3.8,4.1,FALSE,FALSE,NA,NA,NA,NA,NA,NA
9.805857740585775,20,20,37,6.944161463351977,0.9684961948117822,5.045908921520883,8.84241400518307,20 °C,20,50,0,0.15750000000000006,0.9700000000000002,3.755,3.8,4.1,FALSE,FALSE,NA,NA,NA,NA,NA,NA
9.85774058577406,20,20,37,6.990896711970718,0.9742173766651672,5.081430653706991,8.900362770234446,20 °C,20,50,0,0.15750000000000006,0.9700000000000002,3.755,3.8,4.1,FALSE,FALSE,NA,NA,NA,NA,NA,NA
9.909623430962345,20,20,37,7.037631960589467,0.9799445749318646,5.116940593723013,8.958323327455922,20 °C,20,50,0,0.15750000000000006,0.9700000000000002,3.755,3.8,4.1,FALSE,FALSE,NA,NA,NA,NA,NA,NA
9.96150627615063,20,20,37,7.0843672092082155,0.9856776847382663,5.1524389471212135,9.016295471295217,20 °C,20,50,0,0.15750000000000006,0.9700000000000002,3.755,3.8,4.1,FALSE,FALSE,NA,NA,NA,NA,NA,NA
10.013389121338912,20,20,37,7.131102457826958,0.9914166035295945,5.187925914908953,9.074279000744964,20 °C,20,50,0,0.15750000000000006,0.9700000000000002,3.755,3.8,4.1,FALSE,FALSE,NA,NA,NA,NA,NA,NA
10.065271966527197,20,20,37,7.177837706445709,0.9971612310092552,5.223401693667569,9.13227371922385,20 °C,20,50,0,0.15750000000000006,0.9700000000000002,3.755,3.8,4.1,FALSE,FALSE,NA,NA,NA,NA,NA,NA
10.117154811715482,20,20,37,7.224572955064451,1.0029114690799994,5.258866475667652,9.19027943446125,20 °C,20,50,0,0.15750000000000006,0.9700000000000002,3.755,3.8,4.1,FALSE,FALSE,NA,NA,NA,NA,NA,NA
10.169037656903766,20,20,37,7.2713082036831995,1.008667221786786,5.294320448981098,9.2482959583853,20 °C,20,50,0,0.15750000000000006,0.9700000000000002,3.755,3.8,4.1,FALSE,FALSE,NA,NA,NA,NA,NA,NA
10.220920502092051,20,20,37,7.318043452301948,1.0144283952613529,5.329763797589696,9.3063231070142,20 °C,20,50,0,0.15750000000000006,0.9700000000000002,3.755,3.8,4.1,FALSE,FALSE,NA,NA,NA,NA,NA,NA
10.272803347280336,20,20,37,7.364778700920696,1.0201948976683521,5.365196701490726,9.364360700350666,20 °C,20,50,0,0.15750000000000006,0.9700000000000002,3.755,3.8,4.1,FALSE,FALSE,NA,NA,NA,NA,NA,NA
10.32468619246862,20,20,37,7.411513949539442,1.0259666391531064,5.400619336799354,9.42240856227953,20 °C,20,50,0,0.15750000000000006,0.9700000000000002,3.755,3.8,4.1,FALSE,FALSE,NA,NA,NA,NA,NA,NA
10.376569037656905,20,20,37,7.4582491981581835,1.0317435317908585,5.436031875848101,9.480466520468266,20 °C,20,50,0,0.15750000000000006,0.9700000000000002,3.755,3.8,4.1,FALSE,FALSE,NA,NA,NA,NA,NA,NA
10.42845188284519,20,20,37,7.504984446776929,1.0375254895374852,5.4714344872834575,9.5385344062704,20 °C,20,50,0,0.15750000000000006,0.9700000000000002,3.755,3.8,4.1,FALSE,FALSE,NA,NA,NA,NA,NA,NA
10.480334728033474,20,20,37,7.551719695395677,1.043312428181649,5.506827336159645,9.59661205463171,20 °C,20,50,0,0.15750000000000006,0.9700000000000002,3.755,3.8,4.1,FALSE,FALSE,NA,NA,NA,NA,NA,NA
10.532217573221759,20,20,37,7.5984549440144225,1.0491042652983322,5.542210584029691,9.654699303999154,20 °C,20,50,0,0.15750000000000006,0.9700000000000002,3.755,3.8,4.1,FALSE,FALSE,NA,NA,NA,NA,NA,NA
10.584100418410042,20,20,37,7.645190192633174,1.0549009202036856,5.57758438903395,9.712795996232398,20 °C,20,50,0,0.15750000000000006,0.9700000000000002,3.755,3.8,4.1,FALSE,FALSE,NA,NA,NA,NA,NA,NA
10.635983263598327,20,20,37,7.69192544125192,1.0607023139112033,5.612948905985961,9.770901976517878,20 °C,20,50,0,0.15750000000000006,0.9700000000000002,3.755,3.8,4.1,FALSE,FALSE,NA,NA,NA,NA,NA,NA
10.687866108786611,20,20,37,7.738660689870665,1.066508369089129,5.648304286455971,9.829017093285358,20 °C,20,50,0,0.15750000000000006,0.9700000000000002,3.755,3.8,4.1,FALSE,FALSE,NA,NA,NA,NA,NA,NA
10.739748953974896,20,20,37,7.785395938489407,1.072319010019077,5.6836506788520165,9.887141198126798,20 °C,20,50,0,0.15750000000000006,0.9700000000000002,3.755,3.8,4.1,FALSE,FALSE,NA,NA,NA,NA,NA,NA
10.79163179916318,20,20,37,7.832131187108155,1.07813416255585,5.71898822849869,9.94527414571762,20 °C,20,50,0,0.15750000000000006,0.9700000000000002,3.755,3.8,4.1,FALSE,FALSE,NA,NA,NA,NA,NA,NA
10.843514644351465,20,20,37,7.8788664357269,1.0839537540883737,5.754317077713688,10.003415793740112,20 °C,20,50,0,0.15750000000000006,0.9700000000000002,3.755,3.8,4.1,FALSE,FALSE,NA,NA,NA,NA,NA,NA
10.89539748953975,20,20,37,7.925601684345652,1.0897777135017634,5.789637365882195,10.061566002809109,20 °C,20,50,0,0.15750000000000006,0.9700000000000002,3.755,3.8,4.1,FALSE,FALSE,NA,NA,NA,NA,NA,NA
10.947280334728035,20,20,37,7.972336932964394,1.0956059711404196,5.824949229529172,10.119724636399617,20 °C,20,50,0,0.15750000000000006,0.9700000000000002,3.755,3.8,4.1,FALSE,FALSE,NA,NA,NA,NA,NA,NA
10.99916317991632,20,20,37,8.019072181583146,1.1014384587722241,5.860252802389587,10.177891560776706,20 °C,20,50,0,0.15750000000000006,0.9700000000000002,3.755,3.8,4.1,FALSE,FALSE,NA,NA,NA,NA,NA,NA
11.051046025104604,20,20,37,8.065807430201891,1.1072751095536686,5.895548215476701,10.236066644927082,20 °C,20,50,0,0.15750000000000006,0.9700000000000002,3.755,3.8,4.1,FALSE,FALSE,NA,NA,NA,NA,NA,NA
11.102928870292889,20,20,37,8.112542678820637,1.1131158579960176,5.930835597148442,10.294249760492832,20 °C,20,50,0,0.15750000000000006,0.9700000000000002,3.755,3.8,4.1,FALSE,FALSE,NA,NA,NA,NA,NA,NA
11.154811715481173,20,20,37,8.159277927439385,1.118960639932391,5.966115073171899,10.352440781706871,20 °C,20,50,0,0.15750000000000006,0.9700000000000002,3.755,3.8,4.1,FALSE,FALSE,NA,NA,NA,NA,NA,NA
11.206694560669456,20,20,37,8.20601317605813,1.1248093924857543,6.001386766786052,10.410639585330209,20 °C,20,50,0,0.15750000000000006,0.9700000000000002,3.755,3.8,4.1,FALSE,FALSE,NA,NA,NA,NA,NA,NA
11.258577405857741,20,20,37,8.252748424676875,1.1306620540378107,6.036650798762766,10.468846050590985,20 °C,20,50,0,0.15750000000000006,0.9700000000000002,3.755,3.8,4.1,FALSE,FALSE,NA,NA,NA,NA,NA,NA
11.310460251046026,20,20,37,8.29948367329562,1.1365185641987572,6.071907287466057,10.527060059125183,20 °C,20,50,0,0.15750000000000006,0.9700000000000002,3.755,3.8,4.1,FALSE,FALSE,NA,NA,NA,NA,NA,NA
11.36234309623431,20,20,37,8.34621892191437,1.1423788637778527,6.107156348909777,10.585281494918961,20 °C,20,50,0,0.15750000000000006,0.9700000000000002,3.755,3.8,4.1,FALSE,FALSE,NA,NA,NA,NA,NA,NA
11.414225941422595,20,20,37,8.39295417053311,1.148242894754816,6.142398096813672,10.64351024425255,20 °C,20,50,0,0.15750000000000006,0.9700000000000002,3.755,3.8,4.1,FALSE,FALSE,NA,NA,NA,NA,NA,NA
11.46610878661088,20,20,37,8.439689419151863,1.1541106002520003,6.177632642657942,10.701746195645784,20 °C,20,50,0,0.15750000000000006,0.9700000000000002,3.755,3.8,4.1,FALSE,FALSE,NA,NA,NA,NA,NA,NA
11.517991631799164,20,20,37,8.486424667770608,1.1599819245073226,6.212860095736255,10.75998923980496,20 °C,20,50,0,0.15750000000000006,0.9700000000000002,3.755,3.8,4.1,FALSE,FALSE,NA,NA,NA,NA,NA,NA
11.569874476987449,20,20,37,8.533159916389355,1.1658568128479416,6.24808056320739,10.81823926957132,20 °C,20,50,0,0.15750000000000006,0.9700000000000002,3.755,3.8,4.1,FALSE,FALSE,NA,NA,NA,NA,NA,NA
11.621757322175734,20,20,37,8.579895165008102,1.1717352116646418,6.283294150145403,10.8764961798708,20 °C,20,50,0,0.15750000000000006,0.9700000000000002,3.755,3.8,4.1,FALSE,FALSE,NA,NA,NA,NA,NA,NA
11.673640167364018,20,20,37,8.626630413626849,1.1776170683869058,6.318500959588514,10.934759867665184,20 °C,20,50,0,0.15750000000000006,0.9700000000000002,3.755,3.8,4.1,FALSE,FALSE,NA,NA,NA,NA,NA,NA
11.725523012552303,20,20,37,8.673365662245594,1.1835023314586783,6.353701092586585,10.993030231904603,20 °C,20,50,0,0.15750000000000006,0.9700000000000002,3.755,3.8,4.1,FALSE,FALSE,NA,NA,NA,NA,NA,NA
11.777405857740586,20,20,37,8.72010091086434,1.1893909503147613,6.388894648247408,11.051307173481273,20 °C,20,50,0,0.15750000000000006,0.9700000000000002,3.755,3.8,4.1,FALSE,FALSE,NA,NA,NA,NA,NA,NA
11.82928870292887,20,20,37,8.766836159483086,1.1952828753578593,6.424081723781682,11.109590595184489,20 °C,20,50,0,0.15750000000000006,0.9700000000000002,3.755,3.8,4.1,FALSE,FALSE,NA,NA,NA,NA,NA,NA
11.881171548117155,20,20,37,8.813571408101831,1.2011780579362137,6.459262414546853,11.16788040165681,20 °C,20,50,0,0.15750000000000006,0.9700000000000002,3.755,3.8,4.1,FALSE,FALSE,NA,NA,NA,NA,NA,NA
11.93305439330544,20,20,37,8.86030665672058,1.2070764503218723,6.49443681408971,11.22617649935145,20 °C,20,50,0,0.15750000000000006,0.9700000000000002,3.755,3.8,4.1,FALSE,FALSE,NA,NA,NA,NA,NA,NA
11.984937238493725,20,20,37,8.90704190533933,1.2129780056894925,6.529605014187925,11.284478796490735,20 °C,20,50,0,0.15750000000000006,0.9700000000000002,3.755,3.8,4.1,FALSE,FALSE,NA,NA,NA,NA,NA,NA
12.03682008368201,20,20,37,8.953777153958072,1.218882678095734,6.564767104890433,11.342787203025711,20 °C,20,50,0,0.15750000000000006,0.9700000000000002,3.755,3.8,4.1,FALSE,FALSE,NA,NA,NA,NA,NA,NA
12.088702928870294,20,20,37,9.000512402576819,1.2247904224591961,6.599923174556794,11.401101630596843,20 °C,20,50,0,0.15750000000000006,0.9700000000000002,3.755,3.8,4.1,FALSE,FALSE,NA,NA,NA,NA,NA,NA
12.140585774058579,20,20,37,9.047247651195569,1.230701194540857,6.635073309895489,11.459421992495649,20 °C,20,50,0,0.15750000000000006,0.9700000000000002,3.755,3.8,4.1,FALSE,FALSE,NA,NA,NA,NA,NA,NA
12.192468619246863,20,20,37,9.093982899814318,1.2366149509250535,6.670217596001213,11.517748203627423,20 °C,20,50,0,0.15750000000000006,0.9700000000000002,3.755,3.8,4.1,FALSE,FALSE,NA,NA,NA,NA,NA,NA
12.244351464435148,20,20,37,9.140718148433063,1.2425316490009515,6.705356116391198,11.576080180474928,20 °C,20,50,0,0.15750000000000006,0.9700000000000002,3.755,3.8,4.1,FALSE,FALSE,NA,NA,NA,NA,NA,NA
12.296234309623433,20,20,37,9.187453397051808,1.248451246944489,6.740488953040609,11.634417841063007,20 °C,20,50,0,0.15750000000000006,0.9700000000000002,3.755,3.8,4.1,FALSE,FALSE,NA,NA,NA,NA,NA,NA
12.348117154811717,20,20,37,9.234188645670551,1.2543737037007876,6.7756161864170075,11.692761104924095,20 °C,20,50,0,0.15750000000000006,0.9700000000000002,3.755,3.8,4.1,FALSE,FALSE,NA,NA,NA,NA,NA,NA
12.4,20,20,37,9.2809238942893,1.2602989789670533,6.810737895513876,11.751109893064724,20 °C,20,50,0,0.15750000000000006,0.9700000000000002,3.755,3.8,4.1,FALSE,FALSE,NA,NA,NA,NA,NA,NA
