max_gust,temperature_avg,butterflies_direct_sun_t_lag,total_butterflies_t_lag,fit,standard_error,conf_low,conf_high,temperature_label,direct_sun_label
0,10,0,37,0.11977597099596277,0.3838803283373119,-0.6326294725451684,0.8721814145370941,10 °C,0
0.025157232704402517,10,0,37,0.11878237927473195,0.38356597860400504,-0.633006938789118,0.8705716973385818,10 °C,0
0.050314465408805034,10,0,37,0.11778878755350118,0.38325600847072905,-0.6333929890491278,0.8689705641561302,10 °C,0
0.07547169811320756,10,0,37,0.11679519583227037,0.3829504285723741,-0.6337876441695829,0.8673780358341237,10 °C,0
0.10062893081761007,10,0,37,0.11580160411103955,0.38264924942693446,-0.634190924765752,0.8657941329878311,10 °C,0
0.12578616352201258,10,0,37,0.11480801238980877,0.3823524814338329,-0.6346028512205036,0.86421887600012115,10 °C,0
0.15094339622641512,10,0,37,0.11381442066857797,0.38206013487225365,-0.6350234436810392,0.8626522850181951,10 °C,0
0.17610062893081763,10,0,37,0.11282082894734716,0.3817722198994863,-0.635452722055646,0.8610943799503402,10 °C,0
0.20125786163522014,10,0,37,0.11182723722611637,0.3814887465492798,-0.6358907060104719,0.8595451804627048,10 °C,0
0.22641509433962265,10,0,37,0.11083364550488557,0.38120972473020864,-0.6363374149663233,0.8580047059760946,10 °C,0
0.25157232704402516,10,0,37,0.10984005378365479,0.3809351642240504,-0.636792868095484,0.8564729756627936,10 °C,0
0.27672955974842767,10,0,37,0.10884646206242397,0.38066507468417543,-0.6372570843185599,0.8549500084434078,10 °C,0
0.30188679245283023,10,0,37,0.10785287034119317,0.3803994656339509,-0.6377300823013505,0.8534358229837369,10 °C,0
0.32704402515723274,10,0,37,0.10685927861996239,0.38013834646515715,-0.6382118804517456,0.8519304376916703,10 °C,0
0.35220125786163525,10,0,37,0.10586568689873158,0.3798817264364188,-0.6387024969166494,0.8504338707141125,10 °C,0
0.37735849056603776,10,0,37,0.10487209517750079,0.37962961467165124,-0.6392019495789356,0.8489461399339373,10 °C,0
0.4025157232704403,10,0,37,0.10387850345626998,0.37938202015852107,-0.6397102560544312,0.8474672629669713,10 °C,0
0.4276729559748428,10,0,37,0.10288491173503919,0.3791389517469243,-0.6402274336889324,0.8459972571590109,10 °C,0
0.4528301886792453,10,0,37,0.10189132001380839,0.37890041814747905,-0.6407534995552505,0.8445361395828673,10 °C,0
0.4779874213836478,10,0,37,0.10089772829257758,0.3786664279300376,-0.641288470450296,0.8430839270354512,10 °C,0
0.5031446540880503,10,0,37,0.0999041365713468,0.3784369895222137,-0.6418323628921921,0.8416406360348857,10 °C,0
0.5283018867924528,10,0,37,0.09891054485011598,0.37821211120793014,-0.642385193117427,0.840206282817659,10 °C,0
0.5534591194968553,10,0,37,0.09791695312888521,0.3779918011259838,-0.6429469770780429,0.8387808833358135,10 °C,0
0.5786163522012578,10,0,37,0.0969233614076544,0.37777606726863033,-0.6435177304388611,0.8373644532541697,10 °C,0
0.6037735849056605,10,0,37,0.0959297696864236,0.37756491748018917,-0.6440974685747471,0.8359570079475944,10 °C,0
0.628930817610063,10,0,37,0.09493617796519278,0.3773583594556682,-0.6446862065679169,0.8345585624983025,10 °C,0
0.6540880503144655,10,0,37,0.093942586243962,0.37715640073941,-0.6452839592052816,0.8331691316932056,10 °C,0
0.679245283018868,10,0,37,0.0929489945227312,0.3769590487237593,-0.645890740975837,0.8317887300212994,10 °C,0
0.7044025157232705,10,0,37,0.09195540280150041,0.3767663106477521,-0.6465065660680938,0.8304173716710945,10 °C,0
0.729559748427673,10,0,37,0.0909618110802696,0.3765781935958285,-0.6471314483675543,0.8290550705280935,10 °C,0
0.7547169811320755,10,0,37,0.08996821935903881,0.3763947044965671,-0.6477654014542327,0.8277018401723102,10 °C,0
0.779874213836478,10,0,37,0.08897462763780802,0.3762158501214439,-0.6484084386002219,0.826357693875838,10 °C,0
0.8050314465408805,10,0,37,0.0879810359165772,0.37604163708361515,-0.6490605727673084,0.8250226446004629,10 °C,0
0.8301886792452831,10,0,37,0.08698744419534642,0.3758720718367245,-0.6497218166046336,0.8236967049953264,10 °C,0
0.8553459119496856,10,0,37,0.0859938524741156,0.37570716067373555,-0.6503921824464061,0.8223798873946373,10 °C,0
0.8805031446540881,10,0,37,0.08500026075288482,0.37554690972578963,-0.6510716823096628,0.8210722038154324,10 °C,0
0.9056603773584906,10,0,37,0.08400666903165402,0.37539132496108985,-0.651760327892082,0.81977366595539,10 °C,0
0.9308176100628931,10,0,37,0.08301307731042323,0.3752404121838113,-0.6524581305698469,0.8184842851906935,10 °C,0
0.9559748427672956,10,0,37,0.08201948558919242,0.3750941770330387,-0.6531651013955635,0.8172040725739482,10 °C,0
0.9811320754716981,10,0,37,0.08102589386796161,0.37495262498173076,-0.6538812510962306,0.815933038832154,10 °C,0
1.0062893081761006,10,0,37,0.08003230214673084,0.37481576133571304,-0.6546065900712666,0.8146711943647283,10 °C,0
1.0314465408805031,10,0,37,0.07903871042550005,0.3746835912326984,-0.6553411283905888,0.8134185492415889,10 °C,0
1.0566037735849056,10,0,37,0.07804511870426922,0.37455611964133684,-0.656084875792751,0.8121751132012894,10 °C,0
1.0817610062893082,10,0,37,0.07705152698303844,0.3744333513602934,-0.6568378416831366,0.8109408956492135,10 °C,0
1.1069182389937107,10,0,37,0.07605793526180765,0.37431529101735644,-0.6576000351322109,0.8097159056558263,10 °C,0
1.1320754716981132,10,0,37,0.07506434354057687,0.3742019430685756,-0.6583714648738314,0.8085001519549851,10 °C,0
1.1572327044025157,10,0,37,0.07407075181934604,0.37409331179742933,-0.6591521393036154,0.8072936429423075,10 °C,0
1.1823899371069182,10,0,37,0.07307716009811525,0.37398940131402353,-0.6599420664773709,0.8060963866736014,10 °C,0
1.207547169811321,10,0,37,0.07208356837688444,0.37389021555432117,-0.6607412541095851,0.804908390863354,10 °C,0
1.2327044025157234,10,0,37,0.07108997665565368,0.37379575827940265,-0.6615497095719756,0.8037296628832828,10 °C,0
1.257861635220126,10,0,37,0.07009638493442281,0.37370603307475836,-0.6623674398921036,0.8025602097609492,10 °C,0
1.2830188679245285,10,0,37,0.06910279321319206,0.3736210433496125,-0.6631944517520485,0.8014000381784325,10 °C,0
1.308176100628931,10,0,37,0.06810920149196126,0.37354079233627974,-0.6640307514871471,0.8002491544710695,10 °C,0
1.3333333333333335,10,0,37,0.0671156097707305,0.3734652830895532,-0.6648763450847938,0.7991075646262548,10 °C,0
1.358490566037736,10,0,37,0.06612201804949963,0.3733945184861268,-0.6657312381833089,0.7979752742823081,10 °C,0
1.3836477987421385,10,0,37,0.06512842632826887,0.37332850122404904,-0.6665954360708672,0.796852288727405,10 °C,0
1.408805031446541,10,0,37,0.06413483460703807,0.3732672338222108,-0.667468943684495,0.7957386128985712,10 °C,0
1.4339622641509435,10,0,37,0.06314124288580726,0.3732107186198664,-0.6683517656091308,0.7946342513807453,10 °C,0
1.459119496855346,10,0,37,0.06214765116457645,0.3731589577761882,-0.6692439060767524,0.7935392084059053,10 °C,0
1.4842767295597485,10,0,37,0.06115405944334569,0.37311195326985563,-0.6701453689655713,0.7924534878522628,10 °C,0
1.509433962264151,10,0,37,0.060160467722114884,0.37306970689867686,-0.6710561577992917,0.7913770932435216,10 °C,0
1.5345911949685536,10,0,37,0.05916687600088407,0.3730322202792466,-0.6719762757464393,0.7903100277482075,10 °C,0
1.559748427672956,10,0,37,0.058173284279653265,0.37299949484663647,-0.6729057256197541,0.7892522941790607,10 °C,0
1.5849056603773586,10,0,37,0.05717969255842251,0.37297153185412085,-0.6738445098756544,0.7882038949924993,10 °C,0
1.610062893081761,10,0,37,0.056186100837191645,0.3729483323729372,-0.6747926306137652,0.7871648322881485,10 °C,0
1.6352201257861636,10,0,37,0.05519250911596089,0.37292989729208104,-0.6757500895765179,0.7861351078084396,10 °C,0
1.6603773584905661,10,0,37,0.05419891739473008,0.37291622731813556,-0.6767168881488157,0.7851147229382758,10 °C,0
1.6855345911949686,10,0,37,0.053205325673499324,0.37290732297513596,-0.6776930273577672,0.7841036787047658,10 °C,0
1.7106918238993711,10,0,37,0.05221173395226846,0.3729031846044699,-0.6786785078724926,0.7831019757770294,10 °C,0
1.7358490566037736,10,0,37,0.051218142231037704,0.3729038123648112,-0.6796733300039922,0.7821096144660676,10 °C,0
1.7610062893081762,10,0,37,0.0502245505098069,0.3729092062320895,-0.6806774937050886,0.7811265947247024,10 °C,0
1.7861635220125787,10,0,37,0.049230958788576085,0.3729193659994957,-0.6816909985704355,0.7801529161475876,10 °C,0
1.8113207547169812,10,0,37,0.04823736706734528,0.37293429127752037,-0.6827138438365946,0.7791885779712852,10 °C,0
1.8364779874213837,10,0,37,0.04724377534611452,0.37295398149402953,-0.6837460283821833,0.7782335790744125,10 °C,0
1.8616352201257862,10,0,37,0.046250183624883714,0.3729784358943735,-0.6847875507280883,0.7772879179778558,10 °C,0
1.8867924528301887,10,0,37,0.0452565919036529,0.37300765354153204,-0.6858384090377498,0.7763515928450557,10 °C,0
1.9119496855345912,10,0,37,0.044263000182422095,0.37304163331629325,-0.6868986011175127,0.7754246014823569,10 °C,0
1.9371069182389937,10,0,37,0.04326940846119134,0.37308037391746823,-0.6879681244170464,0.774506941339429,10 °C,0
1.9622641509433962,10,0,37,0.042275816739960476,0.37312387386213963,-0.6890469760298331,0.7735986095097541,10 °C,0
1.9874213836477987,10,0,37,0.04128222501872971,0.3731721314859455,-0.6901351526937235,0.7726996027311829,10 °C,0
2.0125786163522013,10,0,37,0.04028863329749891,0.37322514494339687,-0.6912326507915589,0.7718099173865567,10 °C,0
2.0377358490566038,10,0,37,0.03929504157626815,0.37328291220823023,-0.692339466351863,0.7709295495043994,10 °C,0
2.0628930817610063,10,0,37,0.038301449855037285,0.37334543107379375,-0.6934555950495985,0.770058494759673,10 °C,0
2.088050314465409,10,0,37,0.03730785813380653,0.37341269915346803,-0.6945810322069907,0.7691967484746038,10 °C,0
2.1132075471698113,10,0,37,0.03631426641257572,0.37348471388111965,-0.6957157727944188,0.7683443056195702,10 °C,0
2.138364779874214,10,0,37,0.03532067469134491,0.37356147251158967,-0.6968598114313708,0.7675011608140606,10 °C,0
2.1635220125786163,10,0,37,0.0343270829701141,0.373642972121214,-0.6980131423874654,0.7666673083276936,10 °C,0
2.188679245283019,10,0,37,0.033333491248883344,0.3737292096083787,-0.699175759583539,0.7658427420813055,10 °C,0
2.2138364779874213,10,0,37,0.03233989952765254,0.373820181694106,-0.7003476565927953,0.7650274556481003,10 °C,0
2.238993710691824,10,0,37,0.031346307806421725,0.3739158849226754,-0.7015288266420221,0.7642214422548654,10 °C,0
2.2641509433962264,10,0,37,0.03035271608519092,0.37401631566227456,-0.7027192626128671,0.763424694783249,10 °C,0
2.289308176100629,10,0,37,0.02935912436396016,0.374121470105685,-0.7039189570431824,0.7626372057711027,10 °C,0
2.3144654088050314,10,0,37,0.0283655326427293,0.3742313442709971,-0.7051279021284249,0.7618589674138836,10 °C,0
2.339622641509434,10,0,37,0.02737194092149854,0.3743459340023584,-0.7063460897231238,0.7610899715661209,10 °C,0
2.3647798742138364,10,0,37,0.026378349200267735,0.374465234970752,-0.7075735113424062,0.7603302097429416,10 °C,0
2.389937106918239,10,0,37,0.025384757479036978,0.37458924267480614,-0.7088101581635831,0.7595796731216571,10 °C,0
2.415094339622642,10,0,37,0.02439116575780611,0.37471795244163447,-0.7100560210277974,0.7588383525434096,10 °C,0
2.4402515723270444,10,0,37,0.02339757403657535,0.37485135942770587,-0.7113110904417281,0.7581062385148789,10 °C,0
2.465408805031447,10,0,37,0.022403982315344535,0.3749894586197447,-0.712575356579355,0.7573833212100441,10 °C,0
2.4905660377358494,10,0,37,0.021410390594113732,0.37513224483565943,-0.7138488092837787,0.7566695904720062,10 °C,0
2.515723270440252,10,0,37,0.020416798872882926,0.3752797127255015,-0.7151314380691,0.7559650358148658,10 °C,0
2.5408805031446544,10,0,37,0.019423207151652164,0.37543185677245167,-0.7164232321223531,0.7552696464256574,10 °C,0
2.566037735849057,10,0,37,0.018429615430421407,0.37558867129383483,-0.7177241803054948,0.7545834111663376,10 °C,0
2.5911949685534594,10,0,37,0.01743602370919049,0.3757501504421626,-0.7190342711574481,0.7539063185758291,10 °C,0
2.616352201257862,10,0,37,0.016442431987959683,0.3759162882062032,-0.7203534928961985,0.7532383568721179,10 °C,0
2.6415094339622645,10,0,37,0.015448840266728926,0.376087078412078,-0.7216818334209439,0.7525795139544017,10 °C,0
2.666666666666667,10,0,37,0.014455248545498168,0.37626251472438466,-0.7230192803142957,0.7519297774052921,10 °C,0
2.6918238993710695,10,0,37,0.013461656824267362,0.3764425906473454,-0.7243658208445296,0.7512891344930643,10 °C,0
2.716981132075472,10,0,37,0.012468065103036555,0.3766272995259823,-0.7257214419678887,0.7506575721739618,10 °C,0
2.7421383647798745,10,0,37,0.011474473381805798,0.3768166345473152,-0.7270861303309318,0.7500350770945435,10 °C,0
2.767295597484277,10,0,37,0.010480881660574927,0.37701058874158655,-0.7284598722729347,0.7494216355940846,10 °C,0
2.7924528301886795,10,0,37,0.009487289939344123,0.3772091549835084,-0.7298426538283322,0.7488172337070205,10 °C,0
2.817610062893082,10,0,37,0.008493698218113317,0.3774123259935333,-0.7312344607292119,0.7482218571654385,10 °C,0
2.8427672955974845,10,0,37,0.007500106496882558,0.3776200943391488,-0.732635278407849,0.7476354914016142,10 °C,0
2.867924528301887,10,0,37,0.0065065147756517994,0.377832452436193,-0.7340450919992865,0.74705812155059,10 °C,0
2.8930817610062896,10,0,37,0.005512923054420993,0.3780493925501936,-0.7354638863439584,0.7464897324528004,10 °C,0
2.918238993710692,10,0,37,0.004519331333190188,0.378270906797727,-0.7368916459903547,0.745930308656735,10 °C,0
2.9433962264150946,10,0,37,0.0035257396119593182,0.3784969871477986,-0.7383283551977259,0.7453798344216446,10 °C,0
2.968553459119497,10,0,37,0.0025321478907285597,0.3787276254232438,-0.7397739979388293,0.7448382937202863,10 °C,0
2.9937106918238996,10,0,37,0.0015385561694977539,0.3789628133021481,-0.7412285579027126,0.744305670241708,10 °C,0
3.018867924528302,10,0,37,5.449644482669479e-4,0.37920254231928696,-0.7426920184975355,0.7437819473940693,10 °C,0
3.0440251572327046,10,0,37,-4.486272729638105e-4,0.3794468038675835,-0.7441643628534275,0.7432671083074999,10 °C,0
3.069182389937107,10,0,37,-0.0014422189941945688,0.379695589199585,-0.7456455738253812,0.742761135836992,10 °C,0
3.0943396226415096,10,0,37,-0.002435810715425375,0.3799488894289567,-0.7471356339961805,0.7422640125653297,10 °C,0
3.119496855345912,10,0,37,-0.0034294024366562917,0.3802066955319922,-0.748634525679361,0.7417757208060485,10 °C,0
3.1446540880503147,10,0,37,-0.00442299415788705,0.3804689983491406,-0.7501422309222027,0.7412962426064286,10 °C,0
3.169811320754717,10,0,37,-0.005416585879117809,0.38073578858654933,-0.7516587315087545,0.7408255597505188,10 °C,0
3.1949685534591197,10,0,37,-0.006410177600348614,0.38100705681762215,-0.753184008962888,0.7403636537621908,10 °C,0
3.220125786163522,10,0,37,-0.00740376932157942,0.3812827934845917,-0.7547180445513791,0.7399105059082204,10 °C,0
3.2452830188679247,10,0,37,-0.008397361042810227,0.38156298890010654,-0.7562608192870189,0.7394660972013986,10 °C,0
3.270440251572327,10,0,37,-0.009390952764040937,0.38184763324883086,-0.7578123139317494,0.7390304084036676,10 °C,0
3.2955974842767297,10,0,37,-0.010384544485271855,0.3821367165890585,-0.7593725089998264,0.7386034200292828,10 °C,0
3.3207547169811322,10,0,37,-0.011378136206502661,0.38243022885433764,-0.7609413847610044,0.7381851123479991,10 °C,0
3.3459119496855347,10,0,37,-0.01237172792773337,0.3827281598551087,-0.7625189212437464,0.7377754653882798,10 °C,0
3.3710691823899372,10,0,37,-0.013365319648964176,0.38303049928035243,-0.7641050982384548,0.7373744589405266,10 °C,0
3.3962264150943398,10,0,37,-0.014358911370194983,0.3833372366992495,-0.765699895300724,0.7369820725603341,10 °C,0
3.4213836477987423,10,0,37,-0.015352503091425789,0.3836483615628492,-0.7673032917546102,0.7365982855717587,10 °C,0
3.4465408805031448,10,0,37,-0.016346094812656593,0.3839638632057486,-0.7689152666959238,0.7362230770706106,10 °C,0
3.4716981132075473,10,0,37,-0.017339686533887417,0.3842837308477799,-0.7705357989955359,0.7358564259277611,10 °C,0
3.49685534591195,10,0,37,-0.018333278255118223,0.3846079535957062,-0.7721648673027024,0.735498310792466,10 °C,0
3.5220125786163523,10,0,37,-0.01932686997634903,0.3849365204449257,-0.7738024500484034,0.7351487100957054,10 °C,0
3.547169811320755,10,0,37,-0.02032046169757974,0.38526942028118266,-0.7754485254486977,0.7348076020535382,10 °C,0
3.5723270440251573,10,0,37,-0.021314053418810545,0.38560664188228416,-0.7771030715080874,0.7344749646704664,10 °C,0
3.59748427672956,10,0,37,-0.02230764514004135,0.3859481739198254,-0.7787660660228991,0.7341507757428164,10 °C,0
3.6226415094339623,10,0,37,-0.023301236861272157,0.3862940049609173,-0.78043748658467,0.7338350128621257,10 °C,0
3.647798742138365,10,0,37,-0.024294828582503075,0.38664412346992244,-0.782117310583551,0.7335276534185449,10 °C,0
3.6729559748427674,10,0,37,-0.025288420303733784,0.38699851781019246,-0.783805515211711,0.7332286746042435,10 °C,0
3.69811320754717,10,0,37,-0.02628201202496459,0.387357176245812,-0.7855020774667562,0.7329380534168269,10 °C,0
3.7232704402515724,10,0,37,-0.027275603746195396,0.38772008694334387,-0.7872069741551494,0.7326557666627586,10 °C,0
3.748427672955975,10,0,37,-0.02826919546742611,0.3880872379735787,-0.7889201818956404,0.7323817909607881,10 °C,0
3.7735849056603774,10,0,37,-0.029262787188656915,0.38845861731328596,-0.7906416771226974,0.7321161027453835,10 °C,0
3.79874213836478,10,0,37,-0.03025637890988772,0.3888342128469674,-0.7923714360899439,0.7318586782701684,10 °C,0
3.8238993710691824,10,0,37,-0.031249970631118635,0.38921401236861114,-0.7941094348735965,0.7316094936113592,10 °C,0
3.849056603773585,10,0,37,-0.032243562352349445,0.3895980035834475,-0.7958556493759066,0.7313685246712076,10 °C,0
3.8742138364779874,10,0,37,-0.033237154073580154,0.3899861741097041,-0.7976100553286002,0.7311357471814398,10 °C,0
3.89937106918239,10,0,37,-0.03423074579481096,0.3903785114803616,-0.7993726282963197,0.7309111367066977,10 °C,0
3.9245283018867925,10,0,37,-0.035224337516041766,0.3907750031449084,-0.8011433436800622,0.7306946686479786,10 °C,0
3.949685534591195,10,0,37,-0.036217929237272475,0.39117563647109377,-0.8029221767206163,0.7304863182460712,10 °C,0
3.9748427672955975,10,0,37,-0.03721152095850328,0.39158039874668055,-0.8047091025019972,0.7302860605849906,10 °C,0
4,10,0,37,-0.03820511267973409,0.39198927718119453,-0.8065040959548753,0.7300938705954072,10 °C,0
0,15,0,37,0.21535188598197613,0.3767684278116433,-0.5231142325288447,0.9538180044927971,15 °C,0
0.025157232704402517,15,0,37,0.21604452828231033,0.37655087744981963,-0.5219951915193362,0.9540842480839569,15 °C,0
0.050314465408805034,15,0,37,0.21673717058264452,0.3763354586499085,-0.5208803283711761,0.9543546695364652,15 °C,0
0.07547169811320756,15,0,37,0.21742981288297872,0.3761221750743782,-0.5197696502628025,0.9546292760287599,15 °C,0
0.10062893081761007,15,0,37,0.2181224551833129,0.37591103035766543,-0.5186631643177113,0.9549080746843372,15 °C,0
0.12578616352201258,15,0,37,0.21881509748364714,0.3757020281058893,-0.5175608776038959,0.9551910725711902,15 °C,0
0.15094339622641512,15,0,37,0.2195077397839813,0.3754951718965659,-0.5164627971332878,0.9554782767012504,15 °C,0
0.17610062893081763,15,0,37,0.2202003820843155,0.3752904652783241,-0.5153689298611998,0.9557696940298307,15 °C,0
0.20125786163522014,15,0,37,0.22089302438464972,0.375087911770623,-0.5142792826857713,0.9560653314550708,15 °C,0
0.22641509433962265,15,0,37,0.22158566668498392,0.37488751486347033,-0.5131938624474179,0.9563651958173858,15 °C,0
0.25157232704402516,15,0,37,0.2222783089853181,0.37468927801714186,-0.5121126759282799,0.9566692938989161,15 °C,0
0.27672955974842767,15,0,37,0.2229709512856523,0.37449320466190256,-0.5110357298516768,0.9569776324229813,15 °C,0
0.30188679245283023,15,0,37,0.2236635935859865,0.3742992981977291,-0.5099630308815625,0.9572902180535355,15 °C,0
0.32704402515723274,15,0,37,0.22435623588632073,0.3741075619940337,-0.5088945856219854,0.9576070573946268,15 °C,0
0.35220125786163525,15,0,37,0.2250488781866549,0.37391799938938924,-0.507830400616548,0.9579281569898578,15 °C,0
0.37735849056603776,15,0,37,0.22574152048698912,0.3737306136912564,-0.5067704823478734,0.9582535233218517,15 °C,0
0.4025157232704403,15,0,37,0.2264341627873233,0.3735454081757119,-0.505714837237072,0.9585831628117186,15 °C,0
0.4276729559748428,15,0,37,0.2271268050876575,0.3733623860871789,-0.5046634716432132,0.9589170818185282,15 °C,0
0.4528301886792453,15,0,37,0.2278194473879917,0.3731815506381584,-0.5036163918627987,0.9592552866387822,15 °C,0
0.4779874213836478,15,0,37,0.2285120896883259,0.3730029050089629,-0.5025736041292413,0.9595977835058932,15 °C,0
0.5031446540880503,15,0,37,0.2292047319886601,0.3728264523474518,-0.5015351146123455,0.9599445785896656,15 °C,0
0.5283018867924528,15,0,37,0.2298973742889943,0.37265219576876824,-0.5005009294177915,0.96029567799578,15 °C,0
0.5534591194968553,15,0,37,0.23059001658932848,0.37248013835507837,-0.49947105458662516,0.9606510877652821,15 °C,0
0.5786163522012578,15,0,37,0.23128265888966265,0.37231028315531195,-0.4984454960947488,0.961010813874074,15 °C,0
0.6037735849056605,15,0,37,0.23197530118999687,0.3721426331849054,-0.4974242598524178,0.9613748622324115,15 °C,0
0.628930817610063,15,0,37,0.23266794349033107,0.3719771914255468,-0.49640735170374073,0.9617432386844028,15 °C,0
0.6540880503144655,15,0,37,0.2333605857906653,0.37181396082492263,-0.495394777426183,0.9621159490075136,15 °C,0
0.679245283018868,15,0,37,0.23405322809099946,0.37165294429646667,-0.4943865427300752,0.9624929989120742,15 °C,0
0.7044025157232705,15,0,37,0.23474587039133368,0.3714941447191117,-0.49338265325812525,0.9628743940407926,15 °C,0
0.729559748427673,15,0,37,0.23543851269166785,0.3713375649370427,-0.4923831145849358,0.9632601399682714,15 °C,0
0.7547169811320755,15,0,37,0.2361311549920021,0.37118320775945224,-0.4913879322165243,0.9636502422005285,15 °C,0
0.779874213836478,15,0,37,0.23682379729233627,0.3710310759602993,-0.49039711158985033,0.9640447061745229,15 °C,0
0.8050314465408805,15,0,37,0.23751643959267046,0.37088117227806855,-0.48941065807234396,0.9644435372576848,15 °C,0
0.8301886792452831,15,0,37,0.23820908189300466,0.37073349941553385,-0.48842857696144165,0.964846740747451,15 °C,0
0.8553459119496856,15,0,37,0.23890172419333885,0.37058806003952316,-0.4874508734841265,0.9652543218708043,15 °C,0
0.8805031446540881,15,0,37,0.23959436649367305,0.37044485678068617,-0.48647755279647187,0.965666285783818,15 °C,0
0.9056603773584906,15,0,37,0.24028700879400727,0.37030389223326454,-0.4855086199831912,0.9660826375712057,15 °C,0
0.9308176100628931,15,0,37,0.24097965109434147,0.37016516895486495,-0.48454408005719385,0.9665033822458768,15 °C,0
0.9559748427672956,15,0,37,0.24167229339467566,0.3700286894662338,-0.48358393795914256,0.9669285247484939,15 °C,0
0.9811320754716981,15,0,37,0.24236493569500983,0.369894456251036,-0.48262819855702077,0.9673580699470404,15 °C,0
1.0062893081761006,15,0,37,0.24305757799534405,0.36976247175563526,-0.48167686664570103,0.9677920226363892,15 °C,0
1.0314465408805031,15,0,37,0.24375022029567828,0.3696327383888779,-0.4807299469465224,0.9682303875378789,15 °C,0
1.0566037735849056,15,0,37,0.24444286259601244,0.369505258521879,-0.47978744410687035,0.9686731692988952,15 °C,0
1.0817610062893082,15,0,37,0.24513550489634664,0.36938003448781165,-0.4788493626997642,0.9691203724924574,15 °C,0
1.1069182389937107,15,0,37,0.24582814719668086,0.36925706858169893,-0.477915707223449,0.9695720016168108,15 °C,0
1.1320754716981132,15,0,37,0.24652078949701509,0.36913636306020897,-0.4769864821009945,0.9700280610950246,15 °C,0
1.1572327044025157,15,0,37,0.24721343179734923,0.36901792014145274,-0.4760616916798981,0.9704885552745965,15 °C,0
1.1823899371069182,15,0,37,0.24790607409768345,0.36890174200478515,-0.47514134023169546,0.9709534884270623,15 °C,0
1.207547169811321,15,0,37,0.24859871639801767,0.36878783079060906,-0.47422543195157607,0.9714228647476114,15 °C,0
1.2327044025157234,15,0,37,0.2492913586983519,0.36867618860018203,-0.4733139709580049,0.9718966883547087,15 °C,0
1.257861635220126,15,0,37,0.249984000998686,0.368566817495427,-0.47240696129235094,0.972374963289723,15 °C,0
1.2830188679245285,15,0,37,0.25067664329902023,0.3684597194987454,-0.47150440691852075,0.9728576935165612,15 °C,0
1.308176100628931,15,0,37,0.25136928559935445,0.3683548965928336,-0.47060631172259937,0.9733448829213083,15 °C,0
1.3333333333333335,15,0,37,0.2520619278996887,0.3682523507205031,-0.46971267951249746,0.9738365353118748,15 °C,0
1.358490566037736,15,0,37,0.2527545702000228,0.3681520837845035,-0.468823514017604,0.9743326544176496,15 °C,0
1.3836477987421385,15,0,37,0.253447212500357,0.36805409764734853,-0.4679388188884461,0.97483324388916,15 °C,0
1.408805031446541,15,0,37,0.25413985480069123,0.3679583941311466,-0.46705859769635616,0.9753383072977386,15 °C,0
1.4339622641509435,15,0,37,0.2548324971010254,0.3678649750174332,-0.4661828539331436,0.9758478481351944,15 °C,0
1.459119496855346,15,0,37,0.2555251394013596,0.36777384204700786,-0.46531159101077574,0.976361869813495,15 °C,0
1.4842767295597485,15,0,37,0.25621778170169385,0.36768499691977463,-0.4644448122610644,0.9768803756644521,15 °C,0
1.509433962264151,15,0,37,0.25691042400202807,0.3675984412945845,-0.4635825209353576,0.9774033689394137,15 °C,0
1.5345911949685536,15,0,37,0.25760306630236224,0.36751417678908366,-0.46272472020424177,0.9779308528089663,15 °C,0
1.559748427672956,15,0,37,0.2582957086026964,0.3674322049795634,-0.46187141315724783,0.9784628303626406,15 °C,0
1.5849056603773586,15,0,37,0.25898835090303063,0.36735252740081453,-0.4610226028025658,0.978999304608627,15 °C,0
1.610062893081761,15,0,37,0.2596809932033648,0.3672751455459855,-0.46017829206676675,0.9795402784734963,15 °C,0
1.6352201257861636,15,0,37,0.260373635503699,0.3672000608664434,-0.4593384837945301,0.9800857548019282,15 °C,0
1.6603773584905661,15,0,37,0.2610662778040332,0.3671272747716397,-0.45850318074838065,0.9806357363564471,15 °C,0
1.6855345911949686,15,0,37,0.2617589201043674,0.36705678862897845,-0.4576723856084304,0.9811902258171652,15 °C,0
1.7106918238993711,15,0,37,0.2624515624047016,0.36698860376368964,-0.4568461009721301,0.9817492257815332,15 °C,0
1.7358490566037736,15,0,37,0.26314420470503586,0.3669227214587052,-0.45602432935402626,0.982312738764098,15 °C,0
1.7610062893081762,15,0,37,0.26383684700537,0.36685914295453925,-0.4552070731855269,0.9828807671962669,15 °C,0
1.7861635220125787,15,0,37,0.2645294893057042,0.366797869449172,-0.45439433481467284,0.9834533134260812,15 °C,0
1.8113207547169812,15,0,37,0.2652221316060384,0.36673890209793786,-0.4535861165059198,0.9840303797179966,15 °C,0
1.8364779874213837,15,0,37,0.26591477390637264,0.36668224201341715,-0.452782420439925,0.9846119682526703,15 °C,0
1.8616352201257862,15,0,37,0.2666074162067068,0.36662789026533144,-0.45198324871334283,0.9851980811267564,15 °C,0
1.8867924528301887,15,0,37,0.26730005850704097,0.36657584788044323,-0.45118860333862776,0.9857887203527097,15 °C,0
1.9119496855345912,15,0,37,0.2679927008073752,0.36652611584245964,-0.45039848624384565,0.986383887858596,15 °C,0
1.9371069182389937,15,0,37,0.2686853431077094,0.36647869509193937,-0.4496128992724917,0.9869835854879105,15 °C,0
1.9622641509433962,15,0,37,0.2693779854080436,0.3664335865262047,-0.4488318441833177,0.9875878149994048,15 °C,0
1.9874213836477987,15,0,37,0.2700706277083778,0.3663907909992563,-0.4480553226501645,0.9881965780669202,15 °C,0
2.0125786163522013,15,0,37,0.27076327000871203,0.3663503093216931,-0.4472833362618064,0.9888098762792304,15 °C,0
2.0377358490566038,15,0,37,0.27145591230904625,0.3663121422606354,-0.44651588652179913,0.9894277111398917,15 °C,0
2.0628930817610063,15,0,37,0.27214855460938037,0.36627629053965266,-0.44575297484833887,0.9900500840670996,15 °C,0
2.088050314465409,15,0,37,0.2728411969097146,0.36624275483869506,-0.44499460257412776,0.9906769963935569,15 °C,0
2.1132075471698113,15,0,37,0.2735338392100488,0.36621153579402865,-0.44424077094624737,0.991308449366345,15 °C,0
2.138364779874214,15,0,37,0.2742264815103829,0.366182633998176,-0.44349148112604203,0.9919444441468079,15 °C,0
2.1635220125786163,15,0,37,0.27491912381071715,0.36615604999985923,-0.4427467341890069,0.9925849818104412,15 °C,0
2.188679245283019,15,0,37,0.27561176611105137,0.36613178430394844,-0.4420065311246875,0.9932300633467903,15 °C,0
2.2138364779874213,15,0,37,0.2763044084113856,0.36610983737141356,-0.44127087283658495,0.9938796896593561,15 °C,0
2.238993710691824,15,0,37,0.2769970507117198,0.36609020961928107,-0.440539760142071,0.9945338615655106,15 °C,0
2.2641509433962264,15,0,37,0.27768969301205404,0.36607290142059357,-0.4398131937723093,0.9951925797964174,15 °C,0
2.289308176100629,15,0,37,0.27838233531238826,0.36605791310437535,-0.4390911743721874,0.9958558449969639,15 °C,0
2.3144654088050314,15,0,37,0.2790749776127223,0.3660452449556004,-0.4383737025002545,0.9965236577256991,15 °C,0
2.339622641509434,15,0,37,0.27976761991305654,0.3660348972151658,-0.43766077862866837,0.9971960184547815,15 °C,0
2.3647798742138364,15,0,37,0.28046026221339077,0.3660268700798681,-0.4369524031431507,0.9978729275699323,15 °C,0
2.389937106918239,15,0,37,0.281152904513725,0.3660211637023858,-0.4362485763429511,0.9985543853704011,15 °C,0
2.415094339622642,15,0,37,0.2818455468140592,0.3660177781912635,-0.4355492984408173,0.9992403920689357,15 °C,0
2.4402515723270444,15,0,37,0.28253818911439343,0.3660167136109027,-0.43485456956297586,0.9999309477917627,15 °C,0
2.465408805031447,15,0,37,0.2832308314147276,0.36601796998155506,-0.4341643897491203,1.0006260525785755,15 °C,0
2.4905660377358494,15,0,37,0.2839234737150618,0.3660215472793204,-0.4334787589524061,1.0013257063825298,15 °C,0
2.515723270440252,15,0,37,0.28461611601539594,0.36602744543614935,-0.4327976770394568,1.0020299090702487,15 °C,0
2.5408805031446544,15,0,37,0.28530875831573016,0.36603566433984974,-0.4321211437903753,1.0027386604218356,15 °C,0
2.566037735849057,15,0,37,0.28600140061606444,0.366046203834097,-0.4314491588987656,1.0034519601308944,15 °C,0
2.5911949685534594,15,0,37,0.28669404291639855,0.3660590637184492,-0.4307817219717619,1.004169807804559,15 °C,0
2.616352201257862,15,0,37,0.2873866852167328,0.36607424374836645,-0.4301188325300655,1.004892202963531,15 °C,0
2.6415094339622645,15,0,37,0.288079327517067,0.3660917436352334,-0.42946049000799047,1.0056191450421244,15 °C,0
2.666666666666667,15,0,37,0.2887719698174012,0.36611156304638726,-0.4288066937535178,1.0063506333883203,15 °C,0
2.6918238993710695,15,0,37,0.28946461211773533,0.3661337016051492,-0.428157443028357,1.0070866672638277,15 °C,0
2.716981132075472,15,0,37,0.29015725441806955,0.36615815889086006,-0.4275127370080161,1.0078272458441553,15 °C,0
2.7421383647798745,15,0,37,0.2908498967184038,0.36618493443892064,-0.4268725747818807,1.0085723682186882,15 °C,0
2.767295597484277,15,0,37,0.2915425390187379,0.36621402774083517,-0.42623695535329903,1.0093220333907749,15 °C,0
2.7924528301886795,15,0,37,0.2922351813190721,0.36624543824426,-0.4256058776396774,1.0100762402778216,15 °C,0
2.817610062893082,15,0,37,0.29292782361940634,0.36627916535305577,-0.42497934047258296,1.0108349877113956,15 °C,0
2.8427672955974845,15,0,37,0.29362046591974056,0.36631520842734416,-0.42435734259785396,1.011598274437335,15 °C,0
2.867924528301887,15,0,37,0.2943131082200748,0.3663535667835683,-0.423739882675719,1.0123660991158685,15 °C,0
2.8930817610062896,15,0,37,0.295005750520409,0.366394239694557,-0.4231269592809227,1.0131384603217408,15 °C,0
2.918238993710692,15,0,37,0.29569839282074317,0.36643722638959436,-0.4225185709028617,1.0139153565443482,15 °C,0
2.9433962264150946,15,0,37,0.2963910351210773,0.3664825260544921,-0.4219147159457272,1.0146967861878817,15 °C,0
2.968553459119497,15,0,37,0.2970836774214115,0.36653013783166655,-0.4213153927286549,1.015482747571478,15 °C,0
2.9937106918238996,15,0,37,0.29777631972174573,0.3665800608202194,-0.4207205994858842,1.0162732389293756,15 °C,0
3.018867924528302,15,0,37,0.29846896202207995,0.3666322940760229,-0.42013033436692493,1.0170682584110848,15 °C,0
3.0440251572327046,15,0,37,0.2991616043224142,0.36668683661180856,-0.41954459543673056,1.017867804081559,15 °C,0
3.069182389937107,15,0,37,0.2998542466227484,0.36674368739726027,-0.4189633806758817,1.0186718739213785,15 °C,0
3.0943396226415096,15,0,37,0.3005468889230825,0.36680284535911084,-0.4183866879807748,1.0194804658269399,15 °C,0
3.119496855345912,15,0,37,0.3012395312234167,0.36686430938124337,-0.41781451516382034,1.0202935776106536,15 °C,0
3.1446540880503147,15,0,37,0.3019321735237509,0.36692807830479485,-0.41724685995364696,1.0211112070011488,15 °C,0
3.169811320754717,15,0,37,0.3026248158240851,0.3669941509282662,-0.41668371999531667,1.021933351643487,15 °C,0
3.1949685534591197,15,0,37,0.30331745812441935,0.36706252600763367,-0.41612509285054267,1.0227600090993814,15 °C,0
3.220125786163522,15,0,37,0.30401010042475357,0.36713320225646545,-0.41557097599791876,1.023591176847426,15 °C,0
3.2452830188679247,15,0,37,0.3047027427250878,0.36720617834604186,-0.41502136683315427,1.0244268522833297,15 °C,0
3.270440251572327,15,0,37,0.305395385025422,0.3672814529054791,-0.414476262669317,1.025267032720161,15 °C,0
3.2955974842767297,15,0,37,0.30608802732575613,0.3673590245218573,-0.4139356607370842,1.0261117153885966,15 °C,0
3.3207547169811322,15,0,37,0.30678066962609024,0.3674388917403515,-0.4133995581849987,1.026960897437179,15 °C,0
3.3459119496855347,15,0,37,0.30747331192642446,0.36752105306436705,-0.4128679520797349,1.0278145759325839,15 °C,0
3.3710691823899372,15,0,37,0.3081659542267587,0.367605506955678,-0.4123408394063702,1.0286727478598876,15 °C,0
3.3962264150943398,15,0,37,0.3088585965270929,0.36769225183457044,-0.41181821706866517,1.0295354101228509,15 °C,0
3.4213836477987423,15,0,37,0.30955123882742713,0.3677812860799875,-0.41130008188934836,1.0304025595442026,15 °C,0
3.4465408805031448,15,0,37,0.31024388112776136,0.36787260802967964,-0.41078643061041076,1.0312741928659335,15 °C,0
3.4716981132075473,15,0,37,0.3109365234280955,0.3679662159803578,-0.4102772598934057,1.0321503067495967,15 °C,0
3.49685534591195,15,0,37,0.31162916572842964,0.36806210818785007,-0.4097725663197565,1.0330308977766158,15 °C,0
3.5220125786163523,15,0,37,0.31232180802876386,0.3681602828672619,-0.40927234639106946,1.0339159624485972,15 °C,0
3.547169811320755,15,0,37,0.3130144503290981,0.36826073819313965,-0.4087765965294556,1.0348054971876517,15 °C,0
3.5723270440251573,15,0,37,0.3137070926294323,0.36836347229963834,-0.40828531307785887,1.0356994983367236,15 °C,0
3.59748427672956,15,0,37,0.31439973492976653,0.36846848328069115,-0.40779849230038806,1.036597962159921,15 °C,0
3.6226415094339623,15,0,37,0.31509237723010075,0.36857576919018403,-0.4073161303826599,1.0375008848428613,15 °C,0
3.647798742138365,15,0,37,0.31578501953043486,0.36868532804213255,-0.406838223432145,1.0384082624930147,15 °C,0
3.6729559748427674,15,0,37,0.3164776618307691,0.3687971578108627,-0.4063647674785218,1.03932009114006,15 °C,0
3.69811320754717,15,0,37,0.3171703041311033,0.36891125643119393,-0.40589575847403675,1.0402363667362433,15 °C,0
3.7232704402515724,15,0,37,0.3178629464314375,0.3690276217986265,-0.40543119229387053,1.0411570851567455,15 °C,0
3.748427672955975,15,0,37,0.3185555887317717,0.3691462517695317,-0.40497106473651046,1.042082242200054,15 °C,0
3.7735849056603774,15,0,37,0.3192482310321059,0.36926714416134443,-0.40451537152412914,1.043011833588341,15 °C,0
3.79874213836478,15,0,37,0.31994087333244015,0.36939029675276,-0.40406410830296935,1.0439458549678498,15 °C,0
3.8238993710691824,15,0,37,0.32063351563277426,0.369515707283933,-0.4036172706437345,1.044884301909283,15 °C,0
3.849056603773585,15,0,37,0.3213261579331085,0.3696433734566803,-0.40317485404198494,1.0458271699082018,15 °C,0
3.8742138364779874,15,0,37,0.3220188002334427,0.36977329293468547,-0.4027368539185408,1.0467744543854263,15 °C,0
3.89937106918239,15,0,37,0.3227114425337768,0.3699054633437074,-0.4023032656198896,1.0477261506874433,15 °C,0
3.9245283018867925,15,0,37,0.32340408483411104,0.3700398822717916,-0.40187408441860045,1.0486822540868226,15 °C,0
3.949685534591195,15,0,37,0.32409672713444526,0.3701765472694834,-0.40144930551374225,1.0496427597826328,15 °C,0
3.9748427672955975,15,0,37,0.3247893694347795,0.3703154558500457,-0.40102892403131013,1.0506076629008692,15 °C,0
4,15,0,37,0.3254820117351137,0.37045660548967746,-0.4006129350246541,1.0515769584948815,15 °C,0
0,20,0,37,0.3109278009679895,0.40006310543623963,-0.47319588568704013,1.095051487623019,20 °C,0
0.025157232704402517,20,0,37,0.31330667728988865,0.39939942293301806,-0.4695161916588267,1.096129546238604,20 °C,0
0.050314465408805034,20,0,37,0.31568555361178785,0.3987428179415348,-0.46585036955362036,1.0972214767771962,20 °C,0
0.07547169811320756,20,0,37,0.31806442993368705,0.39809332548219417,-0.46219848801141356,1.0983273478787876,20 °C,0
0.10062893081761007,20,0,37,0.3204433062555863,0.39745098042372035,-0.4585606153749055,1.099447227886078,20 °C,0
0.12578616352201258,20,0,37,0.32282218257748546,0.3968158174756507,-0.4549368196747899,1.1005811848297609,20 °C,0
0.15094339622641512,20,0,37,0.32520105889938467,0.3961878711807688,-0.45132716861492217,1.1017292864136916,20 °C,0
0.17610062893081763,20,0,37,0.3275799352212838,0.39556717590747853,-0.44773172955737406,1.1028915999999418,20 °C,0
0.20125786163522014,20,0,37,0.329958811543183,0.3949537658421234,-0.4441505695073788,1.1040681925937448,20 °C,0
0.22641509433962265,20,0,37,0.3323376878650822,0.39434767498125256,-0.4405837550981728,1.1052591308283373,20 °C,0
0.25157232704402516,20,0,37,0.3347165641869814,0.39374893712383846,-0.43703135257574194,1.1064644809497048,20 °C,0
0.27672955974842767,20,0,37,0.3370954405088807,0.3931575858634468,-0.43349342778347505,1.1076843088012365,20 °C,0
0.30188679245283023,20,0,37,0.33947431683077983,0.3925736545803636,-0.4299700461467328,1.1089186798082924,20 °C,0
0.32704402515723274,20,0,37,0.34185319315267904,0.39199717643368276,-0.42646127265733913,1.1101676589626972,20 °C,0
0.35220125786163525,20,0,37,0.3442320694745782,0.3914281843533563,-0.42296717185800015,1.1114313108071565,20 °C,0
0.37735849056603776,20,0,37,0.3466109457964774,0.39086671103221166,-0.41948780782665746,1.1127096994196122,20 °C,0
0.4025157232704403,20,0,37,0.3489898221183766,0.3903127889179394,-0.4160232441607846,1.114002888397538,20 °C,0
0.4276729559748428,20,0,37,0.3513686984402758,0.38976645020505485,-0.41257354396163165,1.1153109408421833,20 °C,0
0.4528301886792453,20,0,37,0.353747574762175,0.38922772682683743,-0.40913876981842634,1.1166339193427763,20 °C,0
0.4779874213836478,20,0,37,0.3561264510840742,0.3886966504472516,-0.40571898379253896,1.1179718859606873,20 °C,0
0.5031446540880503,20,0,37,0.3585053274059734,0.3881732524528535,-0.4023142474016195,1.1193249022135663,20 °C,0
0.5283018867924528,20,0,37,0.36088420372787255,0.38765756394468653,-0.398924621603713,1.1206930290594581,20 °C,0
0.5534591194968553,20,0,37,0.36326308004977176,0.3871496157301706,-0.3955501667813626,1.1220763268809062,20 °C,0
0.5786163522012578,20,0,37,0.36564195637167096,0.3866494383149895,-0.3921909427257084,1.1234748554690503,20 °C,0
0.6037735849056605,20,0,37,0.36802083269357017,0.3861570618949796,-0.3888470086205899,1.1248886740077302,20 °C,0
0.628930817610063,20,0,37,0.37039970901546937,0.3856725163480248,-0.3855184230266592,1.126317841057598,20 °C,0
0.6540880503144655,20,0,37,0.3727785853373686,0.38519583122596207,-0.3822052438655171,1.1277624145402543,20 °C,0
0.679245283018868,20,0,37,0.3751574616592677,0.3847270357465022,-0.3789075284038766,1.129222451722412,20 °C,0
0.7044025157232705,20,0,37,0.3775363379811669,0.3842661587851694,-0.37562533323776504,1.1306980092000989,20 °C,0
0.729559748427673,20,0,37,0.37991521430306613,0.3838132288672652,-0.37235871427677364,1.1321891428829058,20 °C,0
0.7547169811320755,20,0,37,0.38229409062496533,0.38336827415986124,-0.3691077267283627,1.1336959079782933,20 °C,0
0.779874213836478,20,0,37,0.38467296694686454,0.38293132246382433,-0.3658724250822311,1.1352183589759601,20 °C,0
0.8050314465408805,20,0,37,0.38705184326876374,0.3825024012058806,-0.3626528630947622,1.1367565496322896,20 °C,0
0.8301886792452831,20,0,37,0.38943071959066294,0.38208153743072104,-0.35944909377355033,1.1383105329548762,20 °C,0
0.8553459119496856,20,0,37,0.3918095959125621,0.3816687577931559,-0.3562611693620235,1.1398803611871478,20 °C,0
0.8805031446540881,20,0,37,0.3941884722344613,0.3812640885503197,-0.35308914132416525,1.1414660857930878,20 °C,0
0.9056603773584906,20,0,37,0.3965673485563605,0.3808675555539345,-0.34993306032935106,1.143067757442072,20 °C,0
0.9308176100628931,20,0,37,0.3989462248782597,0.38047918424263477,-0.34679297623730443,1.1446854259938237,20 °C,0
0.9559748427672956,20,0,37,0.40132510120015885,0.38009899963435895,-0.34366893808318466,1.1463191404835023,20 °C,0
0.9811320754716981,20,0,37,0.40370397752205806,0.3797270263188124,-0.3405609940628142,1.1479689491069303,20 °C,0
1.0062893081761006,20,0,37,0.4060828538439573,0.3793632884500078,-0.33746919151805793,1.1496348992059726,20 °C,0
1.0314465408805031,20,0,37,0.4084617301658565,0.37900780973888604,-0.33439357692236005,1.151317037254073,20 °C,0
1.0566037735849056,20,0,37,0.41084060648775567,0.37866061344602453,-0.3313341958664524,1.1530154088419637,20 °C,0
1.0817610062893082,20,0,37,0.41321948280965487,0.37832172237443573,-0.32829109304423915,1.154730058663549,20 °C,0
1.1069182389937107,20,0,37,0.4155983591315541,0.37799115886246304,-0.3252643122388734,1.1564610305019816,20 °C,0
1.1320754716981132,20,0,37,0.4179772354534533,0.37766894477677665,-0.32225389630902895,1.1582083672159356,20 °C,0
1.1572327044025157,20,0,37,0.4203561117753524,0.3773551015054763,-0.31925988717538106,1.1599721107260859,20 °C,0
1.1823899371069182,20,0,37,0.42273498809725163,0.3770496499513038,-0.31628232580730375,1.161752302001807,20 °C,0
1.207547169811321,20,0,37,0.42511386441915083,0.37675261052497205,-0.3133212522097944,1.1635489810480961,20 °C,0
1.2327044025157234,20,0,37,0.4274927407410501,0.37646400313861333,-0.31037670541063206,1.1653621868927322,20 °C,0
1.257861635220126,20,0,37,0.4298716170629492,0.37618384719935355,-0.30744872344778373,1.167191957573682,20 °C,0
1.2830188679245285,20,0,37,0.43225049338484844,0.3759121616030151,-0.3045373433570612,1.169038330126758,20 °C,0
1.308176100628931,20,0,37,0.43462936970674765,0.3756489647279549,-0.3016426011600439,1.1709013405735391,20 °C,0
1.3333333333333335,20,0,37,0.4370082460286469,0.3753942744290398,-0.2987645318522711,1.1727810239095648,20 °C,0
1.358490566037736,20,0,37,0.439387122350546,0.37514810803176707,-0.29590316939171746,1.1746774140928093,20 °C,0
1.3836477987421385,20,0,37,0.44176599867244526,0.37491048232653024,-0.29305854668755404,1.1765905440324445,20 °C,0
1.408805031446541,20,0,37,0.4441448749943444,0.37468141356303875,-0.29023069558921155,1.1785204455779004,20 °C,0
1.4339622641509435,20,0,37,0.4465237513162436,0.37446091744489196,-0.28741964687574467,1.180467149508232,20 °C,0
1.459119496855346,20,0,37,0.44890262763814276,0.3742490091243151,-0.28462543024551473,1.1824306855218003,20 °C,0
1.4842767295597485,20,0,37,0.451281503960042,0.3740457031970575,-0.2818480743061907,1.1844110822262748,20 °C,0
1.509433962264151,20,0,37,0.4536603802819412,0.3738510136974606,-0.2790876065650816,1.186408367128964,20 °C,0
1.5345911949685536,20,0,37,0.4560392566038404,0.37366495409369693,-0.27634405341980556,1.1884225666274864,20 °C,0
1.559748427672956,20,0,37,0.4584181329257396,0.37348753728318496,-0.27361744014930295,1.190453706000782,20 °C,0
1.5849056603773586,20,0,37,0.46079700924763883,0.3733187755881834,-0.2709077909052006,1.1925018094004782,20 °C,0
1.610062893081761,20,0,37,0.4631758855695379,0.3731586807515678,-0.2682151287035349,1.1945668998426107,20 °C,0
1.6352201257861636,20,0,37,0.4655547618914372,0.3730072639327934,-0.26553947541683787,1.1966489991997122,20 °C,0
1.6603773584905661,20,0,37,0.46793363821333633,0.3728645357040474,-0.2628808517665965,1.198748128193269,20 °C,0
1.6855345911949686,20,0,37,0.4703125145352356,0.3727305060465928,-0.2602392773160863,1.2008643063865576,20 °C,0
1.7106918238993711,20,0,37,0.4726913908571347,0.37260518434730827,-0.25761477046358955,1.2029975521778589,20 °C,0
1.7358490566037736,20,0,37,0.47507026717903394,0.37248857939542535,-0.25500734843599976,1.2051478827940676,20 °C,0
1.7610062893081762,20,0,37,0.47744914350093315,0.3723806993794666,-0.25241702728282134,1.2073153142846875,20 °C,0
1.7861635220125787,20,0,37,0.47982801982283235,0.3722815518843869,-0.24984382187056592,1.2094998615162307,20 °C,0
1.8113207547169812,20,0,37,0.4822068961447315,0.37219114388891933,-0.24728774587755037,1.2117015381670133,20 °C,0
1.8364779874213837,20,0,37,0.48458577246663076,0.3721094817631299,-0.24474881178910385,1.2139203567223653,20 °C,0
1.8616352201257862,20,0,37,0.4869646487885299,0.3720365712661809,-0.2422270308931846,1.2161563284702444,20 °C,0
1.8867924528301887,20,0,37,0.4893435251104291,0.37197241754430554,-0.23972241327640975,1.218409463497268,20 °C,0
1.9119496855345912,20,0,37,0.49172240143232826,0.37191702512899616,-0.23723496782050424,1.2206797706851606,20 °C,0
1.9371069182389937,20,0,37,0.4941012777542275,0.37187039793540655,-0.23476470219916934,1.2229672577076243,20 °C,0
1.9622641509433962,20,0,37,0.49648015407612667,0.37183253926097026,-0.232311622875375,1.2252719310276283,20 °C,0
1.9874213836477987,20,0,37,0.4988590303980259,0.3718034517842357,-0.229875735099076,1.2275937958951277,20 °C,0
2.0125786163522013,20,0,37,0.5012379067199251,0.3717831375639191,-0.2274570429053564,1.2299328563452065,20 °C,0
2.0377358490566038,20,0,37,0.5036167830418243,0.3717715980381767,-0.22505554911300207,1.2322891151966506,20 °C,0
2.0628930817610063,20,0,37,0.5059956593637235,0.37176883402409544,-0.22267125532350351,1.2346625740509505,20 °C,0
2.088050314465409,20,0,37,0.5083745356856227,0.3717748457174036,-0.2203041619204883,1.2370532332917339,20 °C,0
2.1132075471698113,20,0,37,0.5107534120075219,0.37178963269240206,-0.21795426806958618,1.23946109208463,20 °C,0
2.138364779874214,20,0,37,0.513132288329421,0.3718131939021143,-0.21562157171872298,1.241886148377565,20 °C,0
2.1635220125786163,20,0,37,0.5155111646513202,0.3718455276786577,-0.2133060695988489,1.2443283989014893,20 °C,0
2.188679245283019,20,0,37,0.5178900409732194,0.37188663173383313,-0.21100775722509346,1.2467878391715324,20 °C,0
2.2138364779874213,20,0,37,0.5202689172951186,0.37193650315993443,-0.20872662889835292,1.24926446348859,20 °C,0
2.238993710691824,20,0,37,0.5226477936170179,0.3719951384307762,-0.20646267770730353,1.2517582649413392,20 °C,0
2.2641509433962264,20,0,37,0.525026669938917,0.37206253340293866,-0.20421589553084274,1.2542692354086769,20 °C,0
2.289308176100629,20,0,37,0.5274055462608163,0.3721386833172298,-0.20198627304095418,1.2567973655625866,20 °C,0
2.3144654088050314,20,0,37,0.5297844225827154,0.3722235828003623,-0.19977379970599463,1.2593426448714253,20 °C,0
2.339622641509434,20,0,37,0.5321632989046147,0.37231722586684457,-0.1975784637944007,1.26190506160363,20 °C,0
2.3647798742138364,20,0,37,0.5345421752265138,0.3724196059210844,-0.19540025237881165,1.2644846028318393,20 °C,0
2.389937106918239,20,0,37,0.5369210515484131,0.37253071575970326,-0.19323915134060532,1.2670812544374315,20 °C,0
2.415094339622642,20,0,37,0.5392999278703122,0.3726505475740589,-0.19109514537484318,1.2696950011154677,20 °C,0
2.4402515723270444,20,0,37,0.5416788041922115,0.3727790929529754,-0.18896821799562025,1.2723258263800432,20 °C,0
2.465408805031447,20,0,37,0.5440576805141106,0.37291634288567777,-0.18685835154181774,1.274973712570039,20 °C,0
2.4905660377358494,20,0,37,0.5464365568360098,0.3730622877649278,-0.18476552718324868,1.2776386408552682,20 °C,0
2.515723270440252,20,0,37,0.548815433157909,0.37321691739036056,-0.1826897249271976,1.2803205912430156,20 °C,0
2.5408805031446544,20,0,37,0.5511943094798083,0.37338022097201773,-0.18063092362534638,1.283019542584963,20 °C,0
2.566037735849057,20,0,37,0.5535731858017076,0.37355218713407423,-0.17858910098107794,1.2857354725844932,20 °C,0
2.5911949685534594,20,0,37,0.5559520621236066,0.3737328039187572,-0.17656423355715745,1.2884683578043705,20 °C,0
2.616352201257862,20,0,37,0.5583309384455057,0.3739220587904516,-0.17455629678377937,1.2912181736747907,20 °C,0
2.6415094339622645,20,0,37,0.560709814767405,0.37411993863999277,-0.17256526496698077,1.2939848945017909,20 °C,0
2.666666666666667,20,0,37,0.5630886910893043,0.3743264297891373,-0.1705911112974049,1.2967684934760135,20 °C,0
2.6918238993710695,20,0,37,0.5654675674112034,0.3745415179952152,-0.16863380785941828,1.299568942681825,20 °C,0
2.716981132075472,20,0,37,0.5678464437331026,0.37476518845595347,-0.16669332564056627,1.3023862131067714,20 °C,0
2.7421383647798745,20,0,37,0.5702253200550018,0.37499742581447226,-0.16476963454136384,1.3052202746513675,20 °C,0
2.767295597484277,20,0,37,0.572604196376901,0.3752382141644465,-0.1628627033854142,1.3080710961392161,20 °C,0
2.7924528301886795,20,0,37,0.5749830726988001,0.37548753705543086,-0.16097249992984441,1.3109386453274445,20 °C,0
2.817610062893082,20,0,37,0.5773619490206993,0.3757453774983428,-0.15909899087605262,1.3138228889174512,20 °C,0
2.8427672955974845,20,0,37,0.5797408253425985,0.37601171797110106,-0.15724214188075958,1.3167237925659565,20 °C,0
2.867924528301887,20,0,37,0.5821197016644978,0.37628654042441334,-0.15540191756735233,1.319641320896348,20 °C,0
2.8930817610062896,20,0,37,0.5844985779863969,0.37656982628771063,-0.15357828153751585,1.3225754375103098,20 °C,0
2.918238993710692,20,0,37,0.5868774543082962,0.37686155647522285,-0.15177119638314063,1.325526104999733,20 °C,0
2.9433962264150946,20,0,37,0.5892563306301953,0.37716171139219135,-0.14998062369849974,1.3284932849588904,20 °C,0
2.968553459119497,20,0,37,0.5916352069520946,0.3774702709412144,-0.14820652409268553,1.3314769379968747,20 °C,0
2.9937106918238996,20,0,37,0.5940140832739937,0.37778721452872,-0.1464488572022974,1.334477023750285,20 °C,0
3.018867924528302,20,0,37,0.5963929595958929,0.378112521071562,-0.1447075817043686,1.3374935008961544,20 °C,0
3.0440251572327046,20,0,37,0.5987718359177922,0.3784461690037354,-0.14298265532952925,1.3405263271651136,20 °C,0
3.069182389937107,20,0,37,0.6011507122396914,0.37878813628320446,-0.14127403487538936,1.3435754593547722,20 °C,0
3.0943396226415096,20,0,37,0.6035295885615906,0.37913840039883995,-0.13958167622013573,1.3466408533433167,20 °C,0
3.119496855345912,20,0,37,0.6059084648834896,0.3794969383774615,-0.1379055343363349,1.349722464103314,20 °C,0
3.1446540880503147,20,0,37,0.6082873412053889,0.37986372679097785,-0.13624556330492776,1.3528202457157055,20 °C,0
3.169811320754717,20,0,37,0.6106662175272881,0.3802387417636223,-0.13460171632941165,1.355934151383988,20 °C,0
3.1949685534591197,20,0,37,0.6130450938491873,0.38062195897927736,-0.1329739457501964,1.359064133448571,20 °C,0
3.220125786163522,20,0,37,0.6154239701710864,0.3810133536888842,-0.13136220305912671,1.3622101434012994,20 °C,0
3.2452830188679247,20,0,37,0.6178028464929856,0.38141290071793194,-0.12976643891416106,1.3653721319001322,20 °C,0
3.270440251572327,20,0,37,0.6201817228148849,0.3818205744740209,-0.12818660315419605,1.368550048783966,20 °C,0
3.2955974842767297,20,0,37,0.622560599136784,0.38223634895449665,-0.1266226448140294,1.3717438430875974,20 °C,0
3.3207547169811322,20,0,37,0.6249394754586831,0.3826601977541488,-0.12507451213944842,1.3749534630568148,20 °C,0
3.3459119496855347,20,0,37,0.6273183517805825,0.38309209407296946,-0.12354215260243762,1.3781788561636026,20 °C,0
3.3710691823899372,20,0,37,0.6296972281024816,0.3835320107239676,-0.12202551291649477,1.381419969121458,20 °C,0
3.3962264150943398,20,0,37,0.6320761044243809,0.3839799201410334,-0.12052453905204452,1.3846767479008064,20 °C,0
3.4213836477987423,20,0,37,0.63445498074628,0.3844357943868484,-0.11903917625194282,1.3879491377445028,20 °C,0
3.4465408805031448,20,0,37,0.6368338570681792,0.3848996051608369,-0.11756936904706106,1.3912370831834195,20 °C,0
3.4716981132075473,20,0,37,0.6392127333900784,0.3853713238071526,-0.1161150612719406,1.3945405280520975,20 °C,0
3.49685534591195,20,0,37,0.6415916097119776,0.3858509213226974,-0.11467619608050927,1.3978594155044646,20 °C,0
3.5220125786163523,20,0,37,0.6439704860338767,0.3863383683651673,-0.11325271596185105,1.4011936880296045,20 °C,0
3.547169811320755,20,0,37,0.6463493623557761,0.3868336352611198,-0.11184456275601873,1.404543287467571,20 °C,0
3.5723270440251573,20,0,37,0.6487282386776753,0.3873366920140597,-0.11045167766988173,1.4079081550252321,20 °C,0
3.59748427672956,20,0,37,0.6511071149995744,0.3878475083125377,-0.10907400129299949,1.4112882312921484,20 °C,0
3.6226415094339623,20,0,37,0.6534859913214736,0.38836605353825876,-0.10771147361351363,1.4146834562564607,20 °C,0
3.647798742138365,20,0,37,0.6558648676433726,0.38889229677419357,-0.10636403403404682,1.418093769320792,20 °C,0
3.6729559748427674,20,0,37,0.658243743965272,0.3894262068126917,-0.10503162138760369,1.4215191093181476,20 °C,0
3.69811320754717,20,0,37,0.6606226202871711,0.3899677521635901,-0.1037141739534655,1.4249594145278077,20 °C,0
3.7232704402515724,20,0,37,0.6630014966090703,0.3905169010623141,-0.10241162947306537,1.4284146226912058,20 °C,0
3.748427672955975,20,0,37,0.6653803729309696,0.39107362147796604,-0.10112392516584379,1.431884671027783,20 °C,0
3.7735849056603774,20,0,37,0.6677592492528688,0.39163788112139714,-0.09985099774506956,1.4353694962508072,20 °C,0
3.79874213836478,20,0,37,0.670138125574768,0.39220964745326176,-0.09859278343362499,1.4388690345831612,20 °C,0
3.8238993710691824,20,0,37,0.6725170018966671,0.39278888769204545,-0.09734921797974194,1.442383221773076,20 °C,0
3.849056603773585,20,0,37,0.6748958782185662,0.3933755688220671,-0.09612023667268521,1.4459119931098177,20 °C,0
3.8742138364779874,20,0,37,0.6772747545404656,0.39396965760144964,-0.09490577435837566,1.4494552834393069,20 °C,0
3.89937106918239,20,0,37,0.6796536308623647,0.39457112057005655,-0.09370576545494613,1.4530130271796757,20 °C,0
3.9245283018867925,20,0,37,0.6820325071842639,0.39517992405739044,-0.09252014396822139,1.456585158336749,20 °C,0
3.949685534591195,20,0,37,0.6844113835061633,0.39579603419044995,-0.09134884350711858,1.460171610519445,20 °C,0
3.9748427672955975,20,0,37,0.6867902598280624,0.3964194169015423,-0.09019179729896054,1.4637723169550854,20 °C,0
4,20,0,37,0.6891691361499616,0.39705003793604887,-0.08904893820469417,1.4673872105046173,20 °C,0
0,10,7,37,0.33838458282274253,0.3901206672495082,-0.4262519249862936,1.1030210906317786,10 °C,7
0.025157232704402517,10,7,37,0.33283765183122654,0.3896635603268206,-0.43090292640934175,1.0965782300717948,10 °C,7
0.050314465408805034,10,7,37,0.32729072083971034,0.38921237992626,-0.4355655438157593,1.09014698549518,10 °C,7
0.07547169811320756,10,7,37,0.32174378984819413,0.3887671466817517,-0.44023981764803927,1.0837273973444275,10 °C,7
0.10062893081761007,10,7,37,0.31619685885667814,0.38832788104924354,-0.4449257879998392,1.0773195057131955,10 °C,7
0.12578616352201258,10,7,37,0.31064992786516216,0.38789460330254366,-0.4496234946078234,1.0709233503381477,10 °C,7
0.15094339622641512,10,7,37,0.30510299687364595,0.38746733352916024,-0.45433297684350815,1.0645389705908,10 °C,7
0.17610062893081763,10,7,37,0.29955606588212974,0.38704609162614584,-0.45905427370511603,1.0581664054693756,10 °C,7
0.20125786163522014,10,7,37,0.29400913489061375,0.38663089729594785,-0.46378742380944404,1.0518056935906714,10 °C,7
0.22641509433962265,10,7,37,0.28846220389909755,0.3862217700422675,-0.46853246538374677,1.0454568731819418,10 °C,7
0.25157232704402516,10,7,37,0.28291527290758134,0.38581872916592846,-0.4732894362576384,1.0391199820728012,10 °C,7
0.27672955974842767,10,7,37,0.27736834191606535,0.3854217937607572,-0.47805837385501876,1.0327950576871494,10 °C,7
0.30188679245283023,10,7,37,0.27182141092454937,0.3850309827094757,-0.4828393151860231,1.0264821370351218,10 °C,7
0.32704402515723274,10,7,37,0.26627447993303316,0.3846463146796121,-0.4876322968390065,1.0201812567050728,10 °C,7
0.35220125786163525,10,7,37,0.26072754894151695,0.38426780811942496,-0.4924373549725559,1.0138924528555897,10 °C,7
0.37735849056603776,10,7,37,0.25518061795000097,0.38389548125384965,-0.4972545253075444,1.0076157612075463,10 °C,7
0.4025157232704403,10,7,37,0.24963368695848454,0.38352935208046324,-0.5020838431192234,1.0013512170361925,10 °C,7
0.4276729559748428,10,7,37,0.24408675596696855,0.38316943836547374,-0.5069253432293599,0.9950988551632971,10 °C,7
0.4528301886792453,10,7,37,0.23853982497545256,0.38281575763973297,-0.511779059998424,0.9888587099493291,10 °C,7
0.4779874213836478,10,7,37,0.23299289398393633,0.38246832719477625,-0.5166450273178251,0.9826308152856977,10 °C,7
0.5031446540880503,10,7,37,0.22744596299242034,0.382127164078891,-0.521523278602206,0.9764152045870468,10 °C,7
0.5283018867924528,10,7,37,0.22189903200090405,0.38179228509321456,-0.5264138467817965,0.9702119107836045,10 °C,7
0.5534591194968553,10,7,37,0.216352101009388,0.3814637067878657,-0.5313167642948287,0.9640209663136048,10 °C,7
0.5786163522012578,10,7,37,0.21080517001787183,0.3811414454581089,-0.5362320630800217,0.9578424031157653,10 °C,7
0.6037735849056605,10,7,37,0.2052582390263558,0.380825517140556,-0.541159774569134,0.9516762526218455,10 °C,7
0.628930817610063,10,7,37,0.19971130803483975,0.3805159376094052,-0.5460999296795945,0.945522545749274,10 °C,7
0.6540880503144655,10,7,37,0.19416437704332343,0.3802127223727202,-0.5510525588072082,0.9393813128938551,10 °C,7
0.679245283018868,10,7,37,0.18861744605180747,0.37991588666875087,-0.5560176918189441,0.9332525839225592,10 °C,7
0.7044025157232705,10,7,37,0.18307051506029126,0.3796254454622986,-0.560995358045814,0.9271363881663965,10 °C,7
0.729559748427673,10,7,37,0.17752358406877516,0.3793414134411265,-0.5659855862758327,0.9210327544133832,10 °C,7
0.7547169811320755,10,7,37,0.17197665307725893,0.3790638050124176,-0.5709884047470796,0.9149417109015975,10 °C,7
0.779874213836478,10,7,37,0.16642972208574294,0.37879263429928284,-0.5760038411408515,0.9088632853123373,10 °C,7
0.8050314465408805,10,7,37,0.16088279109422696,0.37852791513731965,-0.5810319225749195,0.9027975047633735,10 °C,7
0.8301886792452831,10,7,37,0.1553358601027106,0.3782696610712244,-0.5860726755968891,0.8967443958023104,10 °C,7
0.8553459119496856,10,7,37,0.14978892911119462,0.3780178853514601,-0.591126126177667,0.8907039844000564,10 °C,7
0.8805031446540881,10,7,37,0.1442419981196784,0.37777260093098053,-0.5961922997050434,0.8846762959444002,10 °C,7
0.9056603773584906,10,7,37,0.13869506712816232,0.3775338204620131,-0.6012712209773834,0.8786613552337079,10 °C,7
0.9308176100628931,10,7,37,0.1331481361366461,0.3773015562929032,-0.6063629141974441,0.8726591864707364,10 °C,7
0.9559748427672956,10,7,37,0.12760120514513007,0.3770758204650194,-0.611467402966308,0.8666698132565681,10 °C,7
0.9811320754716981,10,7,37,0.12205427415361415,0.3768566247097241,-0.6165847102774451,0.8606932585846734,10 °C,7
1.0062893081761006,10,7,37,0.11650734316209779,0.37664398044540903,-0.6217148585109039,0.8547295448350994,10 °C,7
1.0314465408805031,10,7,37,0.11096041217058177,0.37643789877459877,-0.6268578694276319,0.8487786937687953,10 °C,7
1.0566037735849056,10,7,37,0.10541348117906561,0.37623839048112295,-0.6320137641639354,0.8428407265220665,10 °C,7
1.0817610062893082,10,7,37,0.09986655018754959,0.37604546602735994,-0.6371825632260759,0.836915663601175,10 °C,7
1.1069182389937107,10,7,37,0.09431961919603322,0.3758591355515525,-0.6423642864850095,0.8310035248770761,10 °C,7
1.1320754716981132,10,7,37,0.0887726882045173,0.3756794088651969,-0.6475589531712685,0.8251043295803032,10 °C,7
1.1572327044025157,10,7,37,0.08322575721300127,0.37550629545050873,-0.6527665818699958,0.8192180962959984,10 °C,7
1.1823899371069182,10,7,37,0.07767882622148525,0.3753398044579649,-0.6579871905161259,0.8133448429590964,10 °C,7
1.207547169811321,10,7,37,0.07213189522996896,0.37517994470392396,-0.663220796389722,0.80748458684966,10 °C,7
1.2327044025157234,10,7,37,0.06658496423845281,0.37502672466832676,-0.6684674161114676,0.8016373445883733,10 °C,7
1.257861635220126,10,7,37,0.06103803324693658,0.3748801524924788,-0.6737270656383219,0.795803132132195,10 °C,7
1.2830188679245285,10,7,37,0.05549110225542063,0.3747402359769134,-0.6789997602593296,0.7899819647701709,10 °C,7
1.308176100628931,10,7,37,0.04994417126390418,0.3746069825793414,-0.6842855145916049,0.7841738571194132,10 °C,7
1.3333333333333335,10,7,37,0.04439724027238847,0.37448039941268313,-0.6895843425764705,0.7783788231212474,10 °C,7
1.358490566037736,10,7,37,0.03885030928087211,0.37436049324318926,-0.6948962574757789,0.772596876037523,10 °C,7
1.3836477987421385,10,7,37,0.03330337828935629,0.3742472704886473,-0.7002212718683924,0.766828028447105,10 °C,7
1.408805031446541,10,7,37,0.027756447297839933,0.37414073721667773,-0.7055593976468485,0.7610722922425283,10 °C,7
1.4339622641509435,10,7,37,0.022209516306324003,0.37404089914311894,-0.7109106460141892,0.7553296786268371,10 °C,7
1.459119496855346,10,7,37,0.016662585314807642,0.3739477616305041,-0.7162750274809803,0.7496001981105956,10 °C,7
1.4842767295597485,10,7,37,0.011115654323291823,0.3738613296866274,-0.7216525518624978,0.7438838605090815,10 °C,7
1.509433962264151,10,7,37,0.005568723331775592,0.37378160796320575,-0.7270432282761077,0.7381806749396589,10 °C,7
1.5345911949685536,10,7,37,2.1792340259531926e-5,0.3737086007546301,-0.7324470651388154,0.7324906498193345,10 °C,7
1.559748427672956,10,7,37,-0.0055251386512566985,0.3736423119968147,-0.7378640701650134,0.7268137928625,10 °C,7
1.5849056603773586,10,7,37,-0.011072069642772853,0.3735827452661379,-0.7432942503644031,0.7211501110788574,10 °C,7
1.610062893081761,10,7,37,-0.016619000634288988,0.37352990377848005,-0.7487376120401099,0.7154996107715319,10 °C,7
1.6352201257861636,10,7,37,-0.022165931625805033,0.37348379038835755,-0.7541941607869859,0.7098622975353758,10 °C,7
1.6603773584905661,10,7,37,-0.027712862617321483,0.3734444075881526,-0.7596639014901007,0.7042381762554576,10 °C,7
1.6855345911949686,10,7,37,-0.0332597936088371,0.3734117575074402,-0.7651468383234199,0.6986272511057456,10 °C,7
1.7106918238993711,10,7,37,-0.03880672460035355,0.3733858419124137,-0.7706429747486844,0.6930295255479774,10 °C,7
1.7358490566037736,10,7,37,-0.04435365559186937,0.37336666220540665,-0.7761523135144663,0.6874450023307277,10 °C,7
1.7610062893081762,10,7,37,-0.04990058658338573,0.37335421942451374,-0.7816748566554326,0.6818736834886612,10 °C,7
1.7861635220125787,10,7,37,-0.05544751757490166,0.37334851424331017,-0.7872106054917896,0.6763155703419863,10 °C,7
1.8113207547169812,10,7,37,-0.06099444856641802,0.3733495469706693,-0.7927595606289298,0.6707706634960938,10 °C,7
1.8364779874213837,10,7,37,-0.06654137955793384,0.3733573175506787,-0.798321721957264,0.6652389628413964,10 °C,7
1.8616352201257862,10,7,37,-0.07208831054944997,0.3733718255626557,-0.8038970886522551,0.6597204675533551,10 °C,7
1.8867924528301887,10,7,37,-0.07763524154096622,0.373393070221261,-0.8094856591746378,0.6542151760927053,10 °C,7
1.9119496855345912,10,7,37,-0.08318217253248236,0.3734210503767114,-0.8150874312708367,0.6487230862058719,10 °C,7
1.9371069182389937,10,7,37,-0.0887291035239983,0.3734557645150907,-0.8207024019735761,0.6432441949255795,10 °C,7
1.9622641509433962,10,7,37,-0.09427603451551445,0.3734972107587589,-0.826330567602682,0.637778498571653,10 °C,7
1.9874213836477987,10,7,37,-0.0998229655070307,0.3735453868668603,-0.8319719237660769,0.6323259927520154,10 °C,7
2.0125786163522013,10,7,37,-0.10536989649854694,0.37360029023592756,-0.8376264653609649,0.6268866723638711,10 °C,7
2.0377358490566038,10,7,37,-0.11091682749006275,0.3736619179005854,-0.84329418657521,0.6214605315950846,10 °C,7
2.0628930817610063,10,7,37,-0.11646375848157922,0.37373026653434954,-0.8489750808889043,0.6160475639257459,10 °C,7
2.088050314465409,10,7,37,-0.12201068947309505,0.3738053324505224,-0.8546691410761189,0.6106477621299289,10 °C,7
2.1132075471698113,10,7,37,-0.1275576204646113,0.3738871116031852,-0.8603763592068543,0.6052611182776317,10 °C,7
2.138364779874214,10,7,37,-0.13310455145612732,0.37397559958828513,-0.8660967266491661,0.5998876237369115,10 °C,7
2.1635220125786163,10,7,37,-0.13865148244764358,0.3740707916448164,-0.8718302340714836,0.5945272691761965,10 °C,7
2.188679245283019,10,7,37,-0.1441984134391594,0.37417268265609566,-0.8775768714451069,0.5891800445667881,10 °C,7
2.2138364779874213,10,7,37,-0.14974534443067586,0.3742812671511313,-0.8833366280468933,0.5838459391855415,10 °C,7
2.238993710691824,10,7,37,-0.15529227542219168,0.37439653930608296,-0.8891094924621143,0.5785249416177309,10 °C,7
2.2641509433962264,10,7,37,-0.16083920641370794,0.3745184929458139,-0.8948954525875032,0.5732170397600873,10 °C,7
2.289308176100629,10,7,37,-0.16638613740522418,0.37464712154553326,-0.9006944956344693,0.5679222208240209,10 °C,7
2.3144654088050314,10,7,37,-0.17193306839674022,0.3747824182325271,-0.9065066081324933,0.562640471339013,10 °C,7
2.339622641509434,10,7,37,-0.17747999938825648,0.3749243757879791,-0.9123317759326954,0.5573717771561826,10 °C,7
2.3647798742138364,10,7,37,-0.18302693037977247,0.3750729866488764,-0.9181699842115701,0.5521161234520252,10 °C,7
2.389937106918239,10,7,37,-0.18857386137128831,0.375228242910003,-0.9240212174748942,0.5468734947323176,10 °C,7
2.415094339622642,10,7,37,-0.19412079236280483,0.3753901363260171,-0.9298854595617982,0.5416438748361887,10 °C,7
2.4402515723270444,10,7,37,-0.19966772335432106,0.37555865831361246,-0.9357626936490014,0.5364272469403594,10 °C,7
2.465408805031447,10,7,37,-0.2052146543458369,0.3757337999537616,-0.9416529022552096,0.5312235935635359,10 °C,7
2.4905660377358494,10,7,37,-0.21076158533735315,0.3759155519940394,-0.9475560672456703,0.5260328965709641,10 °C,7
2.515723270440252,10,7,37,-0.21630851632886958,0.37610390485102785,-0.9534721698368842,0.520855137179145,10 °C,7
2.5408805031446544,10,7,37,-0.2218554473203852,0.3762988486127962,-0.9594011906014658,0.5156902959606954,10 °C,7
2.566037735849057,10,7,37,-0.22740237831190105,0.37650037304146033,-0.9653431094731633,0.5105383528493612,10 °C,7
2.5911949685534594,10,7,37,-0.2329493093034175,0.37670846757581516,-0.9712979057520152,0.5053992871451802,10 °C,7
2.616352201257862,10,7,37,-0.23849624029493394,0.3769231213340417,-0.9772655581096557,0.5002730775197879,10 °C,7
2.6415094339622645,10,7,37,-0.24404317128645,0.37714432311648544,-0.9832460445947615,0.49515970202186144,10 °C,7
2.666666666666667,10,7,37,-0.24959010227796602,0.37737206140850543,-0.9892393426386366,0.49005913808270457,10 °C,7
2.6918238993710695,10,7,37,-0.25513703326948206,0.37760632438339153,-0.9952454290609294,0.4849713625219653,10 °C,7
2.716981132075472,10,7,37,-0.2606839642609983,0.3778470999053492,-1.0012642800754827,0.47989635155348614,10 °C,7
2.7421383647798745,10,7,37,-0.2662308952525139,0.3780943755325492,-1.0072958712963103,0.4748340807912825,10 °C,7
2.767295597484277,10,7,37,-0.2717778262440302,0.3783481385202407,-1.0133401777437019,0.46978452525564157,10 °C,7
2.7924528301886795,10,7,37,-0.2773247572355466,0.37860837582392665,-1.0193971738504428,0.4647476593793496,10 °C,7
2.817610062893082,10,7,37,-0.28287168822706266,0.3788750741025987,-1.025466833468156,0.4597234570140307,10 °C,7
2.8427672955974845,10,7,37,-0.28841861921857914,0.3791482197220305,-1.031549129873759,0.4547118914366006,10 °C,7
2.867924528301887,10,7,37,-0.2939655502100945,0.37942779875812765,-1.0376440357760246,0.4497129353558357,10 °C,7
2.8930817610062896,10,7,37,-0.2995124812016108,0.37971379700033125,-1.04375152332226,0.4447265609190385,10 °C,7
2.918238993710692,10,7,37,-0.30505941219312704,0.38000619995507556,-1.049871564105075,0.439752739718821,10 °C,7
2.9433962264150946,10,7,37,-0.31060634318464303,0.38030499284929525,-1.0560041291692617,0.43479144279997567,10 °C,7
2.968553459119497,10,7,37,-0.3161532741761591,0.38061016063398206,-1.062149189018764,0.42984264066644573,10 °C,7
2.9937106918238996,10,7,37,-0.32170020516767556,0.38092168798778875,-1.0683067136237414,0.42490630328839035,10 °C,7
3.018867924528302,10,7,37,-0.32724713615919176,0.3812395593206776,-1.07447667242772,0.4199824001093363,10 °C,7
3.0440251572327046,10,7,37,-0.33279406715070786,0.3815637587776127,-1.0806590343548288,0.415070900053413,10 °C,7
3.069182389937107,10,7,37,-0.33834099814222346,0.381894270242293,-1.0868537678171177,0.41017177153267076,10 °C,7
3.0943396226415096,10,7,37,-0.34388792913373967,0.3822310773409251,-1.0930608407219529,0.40528498245447353,10 °C,7
3.119496855345912,10,7,37,-0.34943486012525615,0.3825741634460339,-1.0992802204794825,0.4004105002289703,10 °C,7
3.1446540880503147,10,7,37,-0.35498179111677197,0.3829235116803074,-1.1055118740101744,0.39554829177663053,10 °C,7
3.169811320754717,10,7,37,-0.36052872210828824,0.38327910492047673,-1.1117557677524226,0.3906983235358461,10 °C,7
3.1949685534591197,10,7,37,-0.3660756530998045,0.3836409258012272,-1.11801186767021,0.3858605614706009,10 °C,7
3.220125786163522,10,7,37,-0.3716225840913207,0.38400895671913854,-1.1242801392608321,0.3810349710781908,10 °C,7
3.2452830188679247,10,7,37,-0.37716951508283697,0.3843831798366537,-1.1305605475626783,0.3762215173970043,10 °C,7
3.270440251572327,10,7,37,-0.38271644607435235,0.3847635770860733,-1.136853057163056,0.3714201650143513,10 °C,7
3.2955974842767297,10,7,37,-0.38826337706586883,0.38515013017357497,-1.1431576322060757,0.3666308780743381,10 °C,7
3.3207547169811322,10,7,37,-0.39381030805738526,0.3855428205832529,-1.149474236400561,0.3618536202857904,10 °C,7
3.3459119496855347,10,7,37,-0.3993572390489007,0.3859416295811796,-1.1558028330280128,0.35708835493021135,10 °C,7
3.3710691823899372,10,7,37,-0.4049041700404172,0.38634653821948506,-1.162143384950608,0.3523350448697736,10 °C,7
3.3962264150943398,10,7,37,-0.4104511010319332,0.38675752734045293,-1.168495854619221,0.3475936525553545,10 °C,7
3.4213836477987423,10,7,37,-0.41599803202344965,0.38717457758063073,-1.1748602040814857,0.34286414003458654,10 °C,7
3.4465408805031448,10,7,37,-0.42154496301496563,0.3875976693749538,-1.1812363949898752,0.3381464689599439,10 °C,7
3.4716981132075473,10,7,37,-0.4270918940064815,0.3880267829608798,-1.187624388609806,0.3334406005968429,10 °C,7
3.49685534591195,10,7,37,-0.432638824997998,0.3884618983825326,-1.1940241458277618,0.32874649583176585,10 °C,7
3.5220125786163523,10,7,37,-0.438185755989514,0.38890299549485324,-1.2004356271594263,0.3240641151803984,10 °C,7
3.547169811320755,10,7,37,-0.44373268698102963,0.3893500539677582,-1.2068587927578358,0.31939341879577643,10 °C,7
3.5723270440251573,10,7,37,-0.44927961797254584,0.3898030532902996,-1.213293602421533,0.3147343664764413,10 °C,7
3.59748427672956,10,7,37,-0.4548265489640623,0.3902619727748291,-1.2197400156027274,0.31008691767460267,10 °C,7
3.6226415094339623,10,7,37,-0.46037347995557837,0.39072679156116286,-1.2261979914154575,0.3054510315043008,10 °C,7
3.647798742138365,10,7,37,-0.465920410947095,0.39119748862074366,-1.2326674886437525,0.3008266667495625,10 °C,7
3.6729559748427674,10,7,37,-0.4714673419386107,0.3916740427608023,-1.239148465749783,0.2962137818725618,10 °C,7
3.69811320754717,10,7,37,-0.47701427293012666,0.3921564326285141,-1.2456408808820143,0.29161233502176087,10 °C,7
3.7232704402515724,10,7,37,-0.48256120392164314,0.39264463671514904,-1.2521446918833352,0.2870222840400489,10 °C,7
3.748427672955975,10,7,37,-0.48810813491315835,0.39313863336021543,-1.2586598562991806,0.2824435864728639,10 °C,7
3.7735849056603774,10,7,37,-0.4936550659046748,0.3936384007555946,-1.2651863313856402,0.2778761995762906,10 °C,7
3.79874213836478,10,7,37,-0.4992019968961912,0.39414391694966416,-1.2717240741175329,0.2733200803251505,10 °C,7
3.8238993710691824,10,7,37,-0.5047489278877073,0.3946551598514111,-1.278273041196473,0.2687751854210584,10 °C,7
3.849056603773585,10,7,37,-0.5102958588792237,0.3951721072345307,-1.284833189058904,0.2642414713004565,10 °C,7
3.8742138364779874,10,7,37,-0.5158427898707394,0.3956947367415109,-1.2914044738841008,0.25971889414262195,10 °C,7
3.89937106918239,10,7,37,-0.5213897208622554,0.3962230258877005,-1.2979868516021482,0.25520740987763746,10 °C,7
3.9245283018867925,10,7,37,-0.5269366518537719,0.3967569520653604,-1.3045802779018782,0.2507069741943344,10 °C,7
3.949685534591195,10,7,37,-0.5324835828452874,0.397296492547696,-1.3111847082387715,0.24621754254819672,10 °C,7
3.9748427672955975,10,7,37,-0.5380305138368034,0.3978416244928701,-1.3178000978428288,0.24173907016922191,10 °C,7
4,10,7,37,-0.5435774448283199,0.39839232494799354,-1.3244264017263871,0.2372715120697474,10 °C,7
0,15,7,37,-0.06029626525247874,0.37702217277466943,-0.7992597238908309,0.6786671933858733,15 °C,7
0.025157232704402517,15,7,37,-0.058330879219174056,0.3767954488895062,-0.7968499590426062,0.6801882006042582,15 °C,7
0.050314465408805034,15,7,37,-0.05636549318586982,0.3765709738736506,-0.794444601978225,0.6817136156064854,15 °C,7
0.07547169811320756,15,7,37,-0.054400107152565366,0.3763487517511491,-0.7920436605848177,0.6832434462796869,15 °C,7
0.10062893081761007,15,7,37,-0.05243472111926091,0.376128786515124,-0.789647142688904,0.6847777004503821,15 °C,7
0.12578616352201258,15,7,37,-0.05046933508595626,0.37591108212744245,-0.7872550560557435,0.6863163858838309,15 °C,7
0.15094339622641512,15,7,37,-0.04850394905265202,0.3756956425183864,-0.7848674083886893,0.6878595102833853,15 °C,7
0.17610062893081763,15,7,37,-0.04653856301934755,0.3754824715863242,-0.782484207328543,0.6894070812898478,15 °C,7
0.20125786163522014,15,7,37,-0.044573176986042885,0.37527157319738425,-0.7801054604529161,0.6909591064808303,15 °C,7
0.22641509433962265,15,7,37,-0.042607790952738665,0.3750629511851283,-0.7777311752755901,0.6925155933701127,15 °C,7
0.25157232704402516,15,7,37,-0.040642404919434216,0.37485660935022813,-0.7753613592458812,0.6940765494070129,15 °C,7
0.27672955974842767,15,7,37,-0.038677018886129774,0.374652551460142,-0.772996019748008,0.6956419819757486,15 °C,7
0.30188679245283023,15,7,37,-0.03671163285282506,0.37445078124879444,-0.7706351641004622,0.697211898394812,15 °C,7
0.32704402515723274,15,7,37,-0.034746246819520814,0.3742513024162561,-0.7682787995553827,0.6987863059163412,15 °C,7
0.35220125786163525,15,7,37,-0.03278086078621632,0.37405411862842614,-0.7659269332979316,0.7003652117254989,15 °C,7
0.37735849056603776,15,7,37,-0.03081547475291166,0.37385923351671657,-0.7635795724456762,0.7019486229398528,15 °C,7
0.4025157232704403,15,7,37,-0.028850088719607658,0.3736666506777373,-0.7612367240479728,0.7035365466087574,15 °C,7
0.4276729559748428,15,7,37,-0.026884702686302994,0.37347637367298453,-0.7588983950853526,0.7051289897127467,15 °C,7
0.4528301886792453,15,7,37,-0.02491931665299855,0.37328840602853003,-0.7565645924689174,0.7067259591629204,15 °C,7
0.4779874213836478,15,7,37,-0.022953930619693884,0.37310275123471287,-0.7542353230397311,0.7083274618003433,15 °C,7
0.5031446540880503,15,7,37,-0.020988544586389664,0.3729194127458325,-0.7519105935682213,0.709933504395442,15 °C,7
0.5283018867924528,15,7,37,-0.01902315855308522,0.37273839397984543,-0.7495904107535822,0.7115440936474118,15 °C,7
0.5534591194968553,15,7,37,-0.017057772519780554,0.37255969831806235,-0.7472747812231828,0.7131592361836216,15 °C,7
0.5786163522012578,15,7,37,-0.015092386486476555,0.3723833291048487,-0.74496371153198,0.7147789385590269,15 °C,7
0.6037735849056605,15,7,37,-0.013127000453171795,0.3722092896473272,-0.7426572081619331,0.7164032072555895,15 °C,7
0.628930817610063,15,7,37,-0.0111616144198674,0.37203758321508185,-0.7403552775214278,0.718032048681693,15 °C,7
0.6540880503144655,15,7,37,-0.00919622838656291,0.3718682130398663,-0.7380579259447008,0.719665469171575,15 °C,7
0.679245283018868,15,7,37,-0.007230842353258734,0.37170118231531235,-0.735765159691271,0.7213034749847534,15 °C,7
0.7044025157232705,15,7,37,-0.005265456319954039,0.3715364941966428,-0.7334769849453739,0.7229460723054659,15 °C,7
0.729559748427673,15,7,37,-0.003300070286649587,0.37137415180038624,-0.7311934078154066,0.7245932672421075,15 °C,7
0.7547169811320755,15,7,37,-0.0013346842533450967,0.37121415820409376,-0.7289144343333688,0.7262450658266787,15 °C,7
0.779874213836478,15,7,37,6.307017799592997e-4,0.3710565164460595,-0.7266400704543173,0.7279014740142359,15 °C,7
0.8050314465408805,15,7,37,0.00259608781326379,0.37090122952504356,-0.7243703220558215,0.7295624976823492,15 °C,7
0.8301886792452831,15,7,37,0.004561473846568076,0.37074830039999723,-0.7221051949374264,0.7312281426305627,15 °C,7
0.8553459119496856,15,7,37,0.006526859879872566,0.3705977319897916,-0.719844694820119,0.7328984145798642,15 °C,7
0.8805031446540881,15,7,37,0.008492245913176962,0.370449527172949,-0.717588827345803,0.734573319172157,15 °C,7
0.9056603773584906,15,7,37,0.010457631946481563,0.37030368878737746,-0.7153375980767783,0.7362528619697414,15 °C,7
0.9308176100628931,15,7,37,0.012423017979785738,0.3701602196301078,-0.7130910124952256,0.737937048454797,15 °C,7
0.9559748427672956,15,7,37,0.014388404013090451,0.3700191224570341,-0.7108490760026963,0.7396258840288773,15 °C,7
0.9811320754716981,15,7,37,0.016353790046394846,0.3698803999826578,-0.7086117939196145,0.7413193740124041,15 °C,7
1.0062893081761006,15,7,37,0.018319176079699226,0.36974405487983386,-0.7063791714847751,0.7430175236441736,15 °C,7
1.0314465408805031,15,7,37,0.020284562113003623,0.3696100897795209,-0.7041512138548573,0.7447203380808647,15 °C,7
1.0566037735849056,15,7,37,0.022249948146308113,0.369478507270535,-0.7019279261039405,0.7464278223965567,15 °C,7
1.0817610062893082,15,7,37,0.024215334179612826,0.3693493098993056,-0.6997093132230261,0.7481399815822518,15 °C,7
1.1069182389937107,15,7,37,0.02618072021291689,0.3692225001696363,-0.6974953801195704,0.749856820545404,15 °C,7
1.1320754716981132,15,7,37,0.028146106246221696,0.369098080542468,-0.6952861316170156,0.751578344109459,15 °C,7
1.1572327044025157,15,7,37,0.030111492279526,0.368976053435646,-0.6930815724543401,0.7533045570133922,15 °C,7
1.1823899371069182,15,7,37,0.03207687831283049,0.3688564212236903,-0.6908817072856025,0.7550354639112634,15 °C,7
1.207547169811321,15,7,37,0.03404226434613485,0.3687391862375702,-0.6886865406795026,0.7567710693717724,15 °C,7
1.2327044025157234,15,7,37,0.03600765037943943,0.36862435076448186,-0.686496077118945,0.7585113778778239,15 °C,7
1.257861635220126,15,7,37,0.037973036412743535,0.36851191704763014,-0.6843103210006115,0.7602563938260986,15 °C,7
1.2830188679245285,15,7,37,0.03993842244604845,0.36840188728601325,-0.6821292766345375,0.7620061215266345,15 °C,7
1.308176100628931,15,7,37,0.04190380847935252,0.3682942636342123,-0.6799529482437037,0.7637605652024086,15 °C,7
1.3333333333333335,15,7,37,0.04386919451265732,0.36818904820218407,-0.6777813399636234,0.7655197289889382,15 °C,7
1.358490566037736,15,7,37,0.045834580545961415,0.36808624305505777,-0.6756144558419518,0.7672836169338747,15 °C,7
1.3836477987421385,15,7,37,0.047799966579266,0.3679858502129359,-0.6734522998380883,0.7690522329966203,15 °C,7
1.408805031446541,15,7,37,0.04976535261257047,0.3678878716506984,-0.6712948758227985,0.7708255810479393,15 °C,7
1.4339622641509435,15,7,37,0.051730738645874984,0.36779230929781215,-0.6691421875778368,0.7726036648695868,15 °C,7
1.459119496855346,15,7,37,0.053696124679179266,0.36769916503814315,-0.6669942387955813,0.7743864881539398,15 °C,7
1.4842767295597485,15,7,37,0.05566151071248367,0.36760844070977333,-0.664851033078672,0.7761740545036394,15 °C,7
1.509433962264151,15,7,37,0.05762689674578847,0.3675201381048223,-0.6627125739396632,0.7779663674312401,15 °C,7
1.5345911949685536,15,7,37,0.05959228277909298,0.3674342589692715,-0.6605788648006792,0.7797634303588652,15 °C,7
1.559748427672956,15,7,37,0.06155766881239715,0.36735080500279416,-0.6584499089930794,0.7815652466178736,15 °C,7
1.5849056603773586,15,7,37,0.06352305484570155,0.3672697778585891,-0.6563257097571331,0.7833718194485362,15 °C,7
1.610062893081761,15,7,37,0.06548844087900614,0.3671911791432188,-0.6542062702417026,0.785183151999715,15 °C,7
1.6352201257861636,15,7,37,0.06745382691231075,0.36711501041645056,-0.6520915935039323,0.7869992473285538,15 °C,7
1.6603773584905661,15,7,37,0.0694192129456147,0.3670412731911046,-0.6499816825089503,0.7888201084001797,15 °C,7
1.6855345911949686,15,7,37,0.07138459897891955,0.3669699689329044,-0.6478765401295731,0.7906457380874122,15 °C,7
1.7106918238993711,15,7,37,0.07334998501222391,0.3669010990603326,-0.645776169146028,0.7924761391704758,15 °C,7
1.7358490566037736,15,7,37,0.07531537104552831,0.3668346649444902,-0.6436805722456724,0.7943113143367291,15 °C,7
1.7610062893081762,15,7,37,0.0772807570788327,0.36677066790896207,-0.6415897520227329,0.7961512661803984,15 °C,7
1.7861635220125787,15,7,37,0.07924614311213729,0.3667091092296852,-0.6395037109780457,0.7979959972023203,15 °C,7
1.8113207547169812,15,7,37,0.0812115291454419,0.3666499901348224,-0.6374224515188099,0.7998455098096938,15 °C,7
1.8364779874213837,15,7,37,0.08317691517874608,0.36659331180464144,-0.6353459759583512,0.8016998063158433,15 °C,7
1.8616352201257862,15,7,37,0.08514230121205048,0.366539075371396,-0.6332742865158857,0.8035588889399866,15 °C,7
1.8867924528301887,15,7,37,0.08710768724535528,0.36648728191921504,-0.6312073853163063,0.8054227598070167,15 °C,7
1.9119496855345912,15,7,37,0.08907307327865946,0.36643793248399337,-0.6291452743899676,0.8072914209472865,15 °C,7
1.9371069182389937,15,7,37,0.09103845931196404,0.3663910280532897,-0.6270879556724838,0.8091648742964119,15 °C,7
1.9622641509433962,15,7,37,0.09300384534526847,0.36634656956622735,-0.6250354310045371,0.8110431216950741,15 °C,7
1.9874213836477987,15,7,37,0.09496923137857283,0.36630455791340094,-0.622987702131693,0.8129261648888386,15 °C,7
2.0125786163522013,15,7,37,0.09693461741187723,0.3662649939367873,-0.6209447707042258,0.8148140055279803,15 °C,7
2.0377358490566038,15,7,37,0.09890000344518203,0.36622787842966137,-0.6189066382769542,0.8167066451673183,15 °C,7
2.0628930817610063,15,7,37,0.10086538947848603,0.366193212136517,-0.6168733063090873,0.8186040852660593,15 °C,7
2.088050314465409,15,7,37,0.10283077551179083,0.36616099575299227,-0.614844776164074,0.8205063271876557,15 °C,7
2.1132075471698113,15,7,37,0.10479616154509501,0.36613122992579966,-0.6128210491094723,0.8224133721996623,15 °C,7
2.138364779874214,15,7,37,0.10676154757839962,0.36610391525266156,-0.6108021263168171,0.8243252214736163,15 °C,7
2.1635220125786163,15,7,37,0.10872693361170398,0.3660790522822503,-0.6087880088615066,0.8262418760849145,15 °C,7
2.188679245283019,15,7,37,0.11069231964500838,0.36605664151413286,-0.606778697722692,0.8281633370127087,15 °C,7
2.2138364779874213,15,7,37,0.11265770567831278,0.366036683398721,-0.6047741937831803,0.8300896051398059,15 °C,7
2.238993710691824,15,7,37,0.11462309171161758,0.3660191783372259,-0.6027744978293452,0.8320206812525803,15 °C,7
2.2641509433962264,15,7,37,0.11658847774492194,0.3660041266816178,-0.6007796105510489,0.8339565660408929,15 °C,7
2.289308176100629,15,7,37,0.11855386377822634,0.36599152873459084,-0.5987895325415717,0.8358972600980243,15 °C,7
2.3144654088050314,15,7,37,0.12051924981153055,0.3659813847495323,-0.5968042642975527,0.8378427639206137,15 °C,7
2.339622641509434,15,7,37,0.12248463584483472,0.36597369493049753,-0.5948238062189405,0.8397930779086099,15 °C,7
2.3647798742138364,15,7,37,0.12445002187813953,0.3659684594321891,-0.5928481586089511,0.8417482023652301,15 °C,7
2.389937106918239,15,7,37,0.12641540791144415,0.36596567835994154,-0.5908773216740413,0.8437081374969295,15 °C,7
2.415094339622642,15,7,37,0.12838079394474847,0.36596535176971,-0.5889112955238832,0.8456728834133801,15 °C,7
2.4402515723270444,15,7,37,0.13034617997805303,0.36596747966806636,-0.586950080171357,0.8476424401274631,15 °C,7
2.465408805031447,15,7,37,0.13231156601135788,0.36597206201219623,-0.5849936755325468,0.8496168075552625,15 °C,7
2.4905660377358494,15,7,37,0.13427695204466206,0.3659790987099048,-0.5830420814267514,0.8515959855160755,15 °C,7
2.515723270440252,15,7,37,0.13624233807796607,0.365988589619626,-0.5810952975765009,0.853579973732433,15 °C,7
2.5408805031446544,15,7,37,0.13820772411127083,0.36600053455043635,-0.5791533236075844,0.855568771830126,15 °C,7
2.566037735849057,15,7,37,0.14017311014457545,0.36601493326207407,-0.5772161590490897,0.8575623793382406,15 °C,7
2.5911949685534594,15,7,37,0.14213849617787963,0.3660317854649637,-0.5752838033334491,0.8595607956892084,15 °C,7
2.616352201257862,15,7,37,0.14410388221118403,0.3660510908202449,-0.573356255796496,0.8615640202188639,15 °C,7
2.6415094339622645,15,7,37,0.14606926824448857,0.3660728489398067,-0.5714335156775325,0.8635720521665096,15 °C,7
2.666666666666667,15,7,37,0.1480346542777932,0.366097059386326,-0.5695155821194058,0.8655848906749921,15 °C,7
2.6918238993710695,15,7,37,0.15000004031109743,0.3661237216733122,-0.5676024541685945,0.8676025347907894,15 °C,7
2.716981132075472,15,7,37,0.15196542634440138,0.36615283526515563,-0.5656941307753036,0.8696249834641063,15 °C,7
2.7421383647798745,15,7,37,0.15393081237770662,0.36618439957718124,-0.5637906107935686,0.8716522355489817,15 °C,7
2.767295597484277,15,7,37,0.155896198411011,0.3662184139757073,-0.5618918929813753,0.8736842898033973,15 °C,7
2.7924528301886795,15,7,37,0.15786158444431517,0.3662548777781091,-0.5599979760007786,0.875721144889409,15 °C,7
2.817610062893082,15,7,37,0.15982697047761996,0.3662937902528871,-0.5581088584180388,0.8777627993732787,15 °C,7
2.8427672955974845,15,7,37,0.16179235651092413,0.36633515061974015,-0.5562245387037665,0.8798092517256149,15 °C,7
2.867924528301887,15,7,37,0.16375774254422895,0.36637895804964404,-0.5543450152330733,0.8818605003215312,15 °C,7
2.8930817610062896,15,7,37,0.16572312857753335,0.3664252116649333,-0.5524702862857359,0.8839165434408026,15 °C,7
2.918238993710692,15,7,37,0.16768851461083753,0.36647391053938994,-0.5506003500463666,0.8859773792680418,15 °C,7
2.9433962264150946,15,7,37,0.16965390064414215,0.3665250536983355,-0.5487352046045955,0.8880430058928797,15 °C,7
2.968553459119497,15,7,37,0.1716192866774461,0.3665786401187281,-0.546874847955261,0.8901134213101531,15 °C,7
2.9937106918238996,15,7,37,0.17358467271075073,0.3666346687292645,-0.5450192779986076,0.8921886234201091,15 °C,7
3.018867924528302,15,7,37,0.17555005874405527,0.3666931384104866,-0.5431684925404985,0.894268610028609,15 °C,7
3.0440251572327046,15,7,37,0.1775154447773599,0.36675404799489325,-0.5413224892926308,0.8963533788473507,15 °C,7
3.069182389937107,15,7,37,0.17948083081066452,0.36681739626705534,-0.5394812658727639,0.898442927494093,15 °C,7
3.0943396226415096,15,7,37,0.1814462168439683,0.3668831819637371,-0.5376448198049564,0.900537253492893,15 °C,7
3.119496855345912,15,7,37,0.1834116028772731,0.3669514037740211,-0.5358131485198082,0.9026363542743544,15 °C,7
3.1446540880503147,15,7,37,0.18537698891057747,0.36702206033943796,-0.5339862493547209,0.9047402271758758,15 °C,7
3.169811320754717,15,7,37,0.18734237494388187,0.36709515025410056,-0.5321641195541552,0.9068488694419189,15 °C,7
3.1949685534591197,15,7,37,0.18930776097718643,0.36717067206484316,-0.5303467562699062,0.908962278224279,15 °C,7
3.220125786163522,15,7,37,0.19127314701049106,0.36724862427136457,-0.5285341565613835,0.9110804505823655,15 °C,7
3.2452830188679247,15,7,37,0.1932385330437952,0.3673290053263757,-0.5267263173959011,0.9132033834834916,15 °C,7
3.270440251572327,15,7,37,0.19520391907709983,0.36741181363575176,-0.5249232356489737,0.9153310738031732,15 °C,7
3.2955974842767297,15,7,37,0.19716930511040445,0.3674970475586892,-0.5231249081046264,0.9174635183254353,15 °C,7
3.3207547169811322,15,7,37,0.1991346911437082,0.3675847054078665,-0.5213313314557101,0.9196007137431265,15 °C,7
3.3459119496855347,15,7,37,0.20110007717701325,0.36767478544960874,-0.5195425023042198,0.9217426566582464,15 °C,7
3.3710691823899372,15,7,37,0.20306546321031743,0.3677672859040576,-0.5177584171616354,0.9238893435822704,15 °C,7
3.3962264150943398,15,7,37,0.20503084924362242,0.3678622049453453,-0.5159790724492543,0.9260407709364991,15 °C,7
3.4213836477987423,15,7,37,0.2069962352769266,0.36795954070177195,-0.5142044644985464,0.9281969350523995,15 °C,7
3.4465408805031448,15,7,37,0.20896162131023077,0.3680592912559875,-0.5124345895515048,0.9303578321719663,15 °C,7
3.4716981132075473,15,7,37,0.2109270073435354,0.36816145464517913,-0.5106694437610156,0.9325234584480865,15 °C,7
3.49685534591195,15,7,37,0.21289239337683954,0.3682660288612592,-0.5089090231912285,0.9346938099449076,15 °C,7
3.5220125786163523,15,7,37,0.21485777941014417,0.3683730118510621,-0.5071533238179375,0.9368688826382259,15 °C,7
3.547169811320755,15,7,37,0.2168231654434488,0.3684824015165404,-0.5054023415289703,0.939048672415868,15 °C,7
3.5723270440251573,15,7,37,0.2187885514767538,0.3685941957149684,-0.5036560721245842,0.9412331750780918,15 °C,7
3.59748427672956,15,7,37,0.2207539375100575,0.3687083922591472,-0.5019145113178709,0.943422386337986,15 °C,7
3.6226415094339623,15,7,37,0.22271932354336213,0.36882498891761556,-0.5001776547351644,0.9456163018218886,15 °C,7
3.647798742138365,15,7,37,0.2246847095766663,0.36894398341486295,-0.4984454979164651,0.9478149170697977,15 °C,7
3.6729559748427674,15,7,37,0.22665009560997093,0.36906537343154727,-0.49671803631586164,0.9500182275358036,15 °C,7
3.69811320754717,15,7,37,0.22861548164327591,0.3691891566047159,-0.49499526530196725,0.9522262285885191,15 °C,7
3.7232704402515724,15,7,37,0.23058086767657973,0.369315330528031,-0.4932771801583611,0.9544389155115205,15 °C,7
3.748427672955975,15,7,37,0.23254625370988435,0.3694438927519974,-0.49156377608403057,0.9566562835037993,15 °C,7
3.7735849056603774,15,7,37,0.2345116397431889,0.3695748407841953,-0.48985504819383385,0.9588783276802116,15 °C,7
3.79874213836478,15,7,37,0.23647702577649352,0.3697081720895151,-0.488150991518956,0.9611050430719431,15 °C,7
3.8238993710691824,15,7,37,0.2384424118097977,0.36984388409039703,-0.48645160100738044,0.9633364246269758,15 °C,7
3.849056603773585,15,7,37,0.24040779784310187,0.36998197416707324,-0.48475687152436164,0.9655724672105653,15 °C,7
3.8742138364779874,15,7,37,0.24237318387640686,0.3701224396578138,-0.4830667978529082,0.9678131656057218,15 °C,7
3.89937106918239,15,7,37,0.2443385699097111,0.3702652778591755,-0.48138137469427295,0.9700585145136951,15 °C,7
3.9245283018867925,15,7,37,0.24630395594301527,0.37041048602625465,-0.4797005966684439,0.9723085085544744,15 °C,7
3.949685534591195,15,7,37,0.24826934197632028,0.37055806137294217,-0.4780244583146464,0.9745631422672869,15 °C,7
3.9748427672955975,15,7,37,0.2502347280096249,0.3707080010721828,-0.4763529540918534,0.9768224101111032,15 °C,7
4,15,7,37,0.2522001140429291,0.3708603022562366,-0.47468607837929466,0.9790863064651528,15 °C,7
0,20,7,37,-0.4589771133277,0.39944009355532983,-1.2418796966961465,0.3239254700407464,20 °C,7
0.025157232704402517,20,7,37,-0.4494994102695749,0.398785205343778,-1.2311184127433796,0.3321195922042299,20 °C,7
0.050314465408805034,20,7,37,-0.4400217072114498,0.39813706040204283,-1.2203703455994537,0.34032693117655416,20 °C,7
0.07547169811320756,20,7,37,-0.43054400415332494,0.3974956917162659,-1.2096355599172062,0.3485475516105563,20 °C,7
0.10062893081761007,20,7,37,-0.42106630109520005,0.3968611321398428,-1.198914120089292,0.3567815178988919,20 °C,7
0.12578616352201258,20,7,37,-0.4115885980370749,0.39623341438671605,-1.1882060902350384,0.3650288941608886,20 °C,7
0.15094339622641512,20,7,37,-0.4021108949789498,0.39561257102461306,-1.1775115341871913,0.37328974422929173,20 °C,7
0.17610062893081763,20,7,37,-0.3926331919208249,0.3949986344682296,-1.166830515478555,0.38156413163690506,20 °C,7
0.20125786163522014,20,7,37,-0.3831554888626998,0.3943916369723627,-1.1561630973285306,0.38985211960313104,20 °C,7
0.22641509433962265,20,7,37,-0.3736777858045747,0.3937916106249928,-1.1455093426295606,0.3981537710204111,20 °C,7
0.25157232704402516,20,7,37,-0.3642000827464498,0.39319858734032115,-1.1348693139334793,0.40646914844057963,20 °C,7
0.27672955974842767,20,7,37,-0.35472237968832493,0.39261259885176186,-1.1242430734377782,0.41479831406112827,20 °C,7
0.30188679245283023,20,7,37,-0.34524467663019975,0.39203367670489364,-1.1136306829717912,0.42314132971139173,20 °C,7
0.32704402515723274,20,7,37,-0.3357669735720747,0.39146185225037167,-1.103032203982803,0.4314982568386538,20 °C,7
0.35220125786163525,20,7,37,-0.3262892705139498,0.39089715663680485,-1.0924476975220874,0.43986915649418773,20 °C,7
0.37735849056603776,20,7,37,-0.31681156745582467,0.3903396208035994,-1.0818772242308794,0.4482540893192301,20 °C,7
0.4025157232704403,20,7,37,-0.3073338643976998,0.3897892754737733,-1.0713208443262954,0.4566531155308959,20 °C,7
0.4276729559748428,20,7,37,-0.29785616133957465,0.3892461511467424,-1.0607786175871896,0.46506629490804036,20 °C,7
0.4528301886792453,20,7,37,-0.28837845828144976,0.3887102780910845,-1.0502506033399754,0.4734936867770759,20 °C,7
0.4779874213836478,20,7,37,-0.2789007552233247,0.38818168633728206,-1.0397368604443975,0.4819353499977481,20 °C,7
0.5031446540880503,20,7,37,-0.2694230521651995,0.38766040567044774,-1.0292374472792771,0.49039134294887804,20 °C,7
0.5283018867924528,20,7,37,-0.2599453491070746,0.38714646562303573,-1.0187524217282247,0.4988617235140754,20 °C,7
0.5534591194968553,20,7,37,-0.2504676460489496,0.38663989546754324,-1.0082818411653343,0.5073465490674351,20 °C,7
0.5786163522012578,20,7,37,-0.24098994299082468,0.38614072420920503,-0.9978257624408665,0.5158458764592172,20 °C,7
0.6037735849056605,20,7,37,-0.23151223993269968,0.3856489805786839,-0.9873842418669201,0.5243597620015208,20 °C,7
0.628930817610063,20,7,37,-0.22203453687457464,0.3851646930247619,-0.976957335203108,0.5328882614539587,20 °C,7
0.6540880503144655,20,7,37,-0.2125568338164495,0.3846878897070353,-0.9665450976422387,0.5414314300093397,20 °C,7
0.679245283018868,20,7,37,-0.2030791307583246,0.3842185984886176,-0.9561475837960152,0.5499893222793659,20 °C,7
0.7044025157232705,20,7,37,-0.19360142770019967,0.383756846928853,-0.9457648476807514,0.5585619922803522,20 °C,7
0.729559748427673,20,7,37,-0.18412372464207455,0.38330266227604626,-0.9353969427031252,0.567149493418976,20 °C,7
0.7547169811320755,20,7,37,-0.17464602158394948,0.38285607146021167,-0.9250439216459644,0.5757518784780654,20 °C,7
0.779874213836478,20,7,37,-0.1651683185258246,0.3824171010858442,-0.9147058366540792,0.5843691996024301,20 °C,7
0.8050314465408805,20,7,37,-0.15569061546769944,0.3819857774247192,-0.904382739220149,0.5930015082847501,20 °C,7
0.8301886792452831,20,7,37,-0.1462129124095744,0.3815621264087219,-0.8940746801706694,0.6016488553515205,20 °C,7
0.8553459119496856,20,7,37,-0.13673520935144928,0.38114617362271414,-0.8837817096519689,0.6103112909490704,20 °C,7
0.8805031446540881,20,7,37,-0.12725750629332458,0.3807379442974379,-0.8735038771163028,0.6189888645296537,20 °C,7
0.9056603773584906,20,7,37,-0.11777980323519945,0.38033746330246504,-0.8632412313080309,0.627681624837632,20 °C,7
0.9308176100628931,20,7,37,-0.10830210017707431,0.37994475513919274,-0.852993820249892,0.6363896198957434,20 °C,7
0.9559748427672956,20,7,37,-0.0988243971189495,0.37955984393389214,-0.842761691229378,0.645112896991479,20 °C,7
0.9811320754716981,20,7,37,-0.08934669406082427,0.37918275343081215,-0.8325448907852161,0.6538515026635675,20 °C,7
1.0062893081761006,20,7,37,-0.07986899100269923,0.37881350698534477,-0.8223434646939749,0.6626054826885766,20 °C,7
1.0314465408805031,20,7,37,-0.0703912879445742,0.3784521275572536,-0.8121574579567912,0.6713748820676428,20 °C,7
1.0566037735849056,20,7,37,-0.060913584886449185,0.3780986377039725,-0.8019869147862353,0.680159745013337,20 °C,7
1.0817610062893082,20,7,37,-0.05143588182832414,0.37775305957397637,-0.7918318785933178,0.6889601149366695,20 °C,7
1.1069182389937107,20,7,37,-0.04195817877019933,0.3774154149002299,-0.7816923919746499,0.6977760344342512,20 °C,7
1.1320754716981132,20,7,37,-0.032480475712074096,0.3770857249937172,-0.7715684966997598,0.7066075452756115,20 °C,7
1.1572327044025157,20,7,37,-0.023002772653949278,0.37676401073705823,-0.7614602336985834,0.7154546883906849,20 °C,7
1.1823899371069182,20,7,37,-0.013525069595824458,0.3764502925782144,-0.7513676430491246,0.7243175038574757,20 °C,7
1.207547169811321,20,7,37,-0.004047366537699042,0.3761445905242883,-0.741290763965304,0.733196030889906,20 °C,7
1.2327044025157234,20,7,37,0.005430336520425965,0.3758469241354223,-0.7312296347850017,0.7420903078258537,20 °C,7
1.257861635220126,20,7,37,0.014908039578550596,0.37555731251879976,-0.7211842929582969,0.751000372115398,20 °C,7
1.2830188679245285,20,7,37,0.024385742636676234,0.3752757743227522,-0.7111547750359181,0.7599262603092706,20 °C,7
1.308176100628931,20,7,37,0.03386344569480086,0.3750023277309772,-0.7011411166579145,0.7688680080475161,20 °C,7
1.3333333333333335,20,7,37,0.04334114875292609,0.37473699045687137,-0.6911433525425418,0.7778256500483939,20 °C,7
1.358490566037736,20,7,37,0.052818851811050914,0.37447977973798235,-0.6811615164753945,0.7867992200974964,20 °C,7
1.3836477987421385,20,7,37,0.06229655486917614,0.37423071233058125,-0.6711956412987631,0.7957887510371154,20 °C,7
1.408805031446541,20,7,37,0.07177425792730095,0.3739898045043648,-0.661245758901254,0.804794274755856,20 °C,7
1.4339622641509435,20,7,37,0.08125196098542618,0.37375707203728453,-0.6513119002076515,0.8138158221785039,20 °C,7
1.459119496855346,20,7,37,0.09072966404355123,0.37353253021051197,-0.6413940951690522,0.8228534232561546,20 °C,7
1.4842767295597485,20,7,37,0.10020736710167623,0.37331619380354003,-0.6314923727532622,0.8319071069566146,20 °C,7
1.509433962264151,20,7,37,0.10968507015980086,0.3731080770894269,-0.6216067609354758,0.8409769012550776,20 °C,7
1.5345911949685536,20,7,37,0.1191627732179265,0.3729081938301831,-0.6117372866892324,0.8500628331250853,20 °C,7
1.559748427672956,20,7,37,0.12864047627605113,0.3727165572723074,-0.6018839759776714,0.8591649285297737,20 °C,7
1.5849056603773586,20,7,37,0.13811817933417614,0.3725331801424742,-0.5920468537450733,0.8682832124134255,20 °C,7
1.610062893081761,20,7,37,0.14759588239230095,0.3723580746433752,-0.5822259439087145,0.8774177086933164,20 °C,7
1.6352201257861636,20,7,37,0.1570735854504264,0.372191252449718,-0.5724212693510209,0.8865684402518736,20 °C,7
1.6603773584905661,20,7,37,0.16655128850855103,0.3720327247043872,-0.5626328519120478,0.8957354289291499,20 °C,7
1.6855345911949686,20,7,37,0.17602899156667645,0.37188250201476697,-0.5528607123822669,0.9049186955156197,20 °C,7
1.7106918238993711,20,7,37,0.18550669462480088,0.3717405944492315,-0.5431048704956929,0.9141182597452946,20 °C,7
1.7358490566037736,20,7,37,0.19498439768292652,0.3716070115338046,-0.5333653449233304,0.9233341402891835,20 °C,7
1.7610062893081762,20,7,37,0.20446210074105114,0.37148176224898916,-0.5236421532669675,0.9325663547490699,20 °C,7
1.7861635220125787,20,7,37,0.21393980379917613,0.3713648550267729,-0.5139353120532988,0.941814919651651,20 °C,7
1.8113207547169812,20,7,37,0.2234175068573014,0.37125629774780877,-0.5042448367284037,0.9510798504430066,20 °C,7
1.8364779874213837,20,7,37,0.23289520991542642,0.37115609773877567,-0.49457074165257386,0.9603611614834268,20 °C,7
1.8616352201257862,20,7,37,0.24237291297355124,0.3710642617699171,-0.4849130400954862,0.9696588660425887,20 °C,7
1.8867924528301887,20,7,37,0.25185061603167647,0.3709807960527659,-0.4752717442317447,0.9789729762950976,20 °C,7
1.9119496855345912,20,7,37,0.2613283190898013,0.3709057062380496,-0.46564686513677583,0.9883035033163785,20 °C,7
1.9371069182389937,20,7,37,0.2708060221479265,0.37083899741378445,-0.456038412783091,0.997650457078944,20 °C,7
1.9622641509433962,20,7,37,0.2802837252060513,0.37078067410355636,-0.4464463960369191,1.0070138464490217,20 °C,7
1.9874213836477987,20,7,37,0.28976142826417656,0.37073074026498887,-0.43687082265520166,1.0163936791835548,20 °C,7
2.0125786163522013,20,7,37,0.2992391313223012,0.3706891992884036,-0.42731169928296986,1.0257899619275723,20 °C,7
2.0377358490566038,20,7,37,0.30871683438042646,0.3706560539956702,-0.41776903145108707,1.03520270021194,20 °C,7
2.0628930817610063,20,7,37,0.31819453743855103,0.3706313066392486,-0.4082428235743762,1.0446318984514782,20 °C,7
2.088050314465409,20,7,37,0.3276722404966767,0.37061495890142443,-0.39873307895011517,1.0540775599434686,20 °C,7
2.1132075471698113,20,7,37,0.3371499435548015,0.3706070118937368,-0.38923979975692263,1.0635396868665257,20 °C,7
2.138364779874214,20,7,37,0.34662764661292633,0.3706074661566014,-0.37976298705401235,1.073018280279865,20 °C,7
2.1635220125786163,20,7,37,0.35610534967105134,0.37061632165912595,-0.3703026407808355,1.0825133401229383,20 °C,7
2.188679245283019,20,7,37,0.3655830527291768,0.37063357779912115,-0.3608587597571007,1.0920248652154543,20 °C,7
2.2138364779874213,20,7,37,0.3750607557873012,0.37065923340330514,-0.35143134168317686,1.1015528532577792,20 °C,7
2.238993710691824,20,7,37,0.38453845884542687,0.3706932867277025,-0.3420203831408701,1.1110973008317238,20 °C,7
2.2641509433962264,20,7,37,0.39401616190355165,0.37073573545823674,-0.3326258795945924,1.1206582034016956,20 °C,7
2.289308176100629,20,7,37,0.4034938649616765,0.37078657671151594,-0.32324782539289476,1.1302355553162478,20 °C,7
2.3144654088050314,20,7,37,0.4129715680198013,0.3708458070358114,-0.31388621377038906,1.1398293498099916,20 °C,7
2.339622641509434,20,7,37,0.42244927107792674,0.37091342241222797,-0.3045410368500401,1.1494395790058936,20 °C,7
2.3647798742138364,20,7,37,0.4319269741360514,0.37098941825606513,-0.29521228564583624,1.159066233917939,20 °C,7
2.389937106918239,20,7,37,0.4414046771941768,0.3710737894183684,-0.2858999500658252,1.1687093044541788,20 °C,7
2.415094339622642,20,7,37,0.45088238025230176,0.37116653018766904,-0.27660401891552955,1.1783687794201332,20 °C,7
2.4402515723270444,20,7,37,0.4603600833104264,0.3712676342919108,-0.26732447990171876,1.1880446465225716,20 °C,7
2.465408805031447,20,7,37,0.4698377863685522,0.37137709490056403,-0.2580613196365532,1.1977368923736575,20 °C,7
2.4905660377358494,20,7,37,0.47931548942667707,0.37149490462692114,-0.2488145236420884,1.2074455024954425,20 °C,7
2.515723270440252,20,7,37,0.4887931924848015,0.3716210555305769,-0.23958407635512918,1.2171704613247323,20 °C,7
2.5408805031446544,20,7,37,0.4982708955429269,0.37175553912008796,-0.23036996113244546,1.2269117522182993,20 °C,7
2.566037735849057,20,7,37,0.5077485986010526,0.37189834635581065,-0.22117216025633624,1.2366693574584415,20 °C,7
2.5911949685534594,20,7,37,0.5172263016591772,0.3720494676529157,-0.2119906549405376,1.2464432582588918,20 °C,7
2.616352201257862,20,7,37,0.5267040047173016,0.37220889288457554,-0.20282542533646641,1.2562334347710697,20 °C,7
2.6415094339622645,20,7,37,0.5361817077754267,0.3723766113853249,-0.19367645053981009,1.2660398660906635,20 °C,7
2.666666666666667,20,7,37,0.5456594108335521,0.3725526119545873,-0.18454370859743896,1.275862530264543,20 °C,7
2.6918238993710695,20,7,37,0.5551371138916771,0.37273688286037043,-0.175427176514649,1.285701404298003,20 °C,7
2.716981132075472,20,7,37,0.5646148169498016,0.3729294118431233,-0.16632683026272,1.2955564641623232,20 °C,7
2.7421383647798745,20,7,37,0.5740925200079275,0.3731301861197541,-0.1572426447867905,1.3054276848026456,20 °C,7
2.767295597484277,20,7,37,0.5835702230660523,0.37333919238780583,-0.1481745940140471,1.3153150401461517,20 °C,7
2.7924528301886795,20,7,37,0.593047926124177,0.3735564168297849,-0.13912265086220144,1.3252185031105554,20 °C,7
2.817610062893082,20,7,37,0.602525629182302,0.3737818451176422,-0.1300867872482766,1.3351380456128807,20 °C,7
2.8427672955974845,20,7,37,0.6120033322404268,0.37401546241740113,-0.12106697409767941,1.345073638578533,20 °C,7
2.867924528301887,20,7,37,0.6214810352985525,0.3742572533939294,-0.11206318135354909,1.355025251950654,20 °C,7
2.8930817610062896,20,7,37,0.6309587383566773,0.37450720221585265,-0.10307537798639388,1.3649928546997483,20 °C,7
2.918238993710692,20,7,37,0.640436441414802,0.3747652925606044,-0.09410353200398258,1.3749764148335868,20 °C,7
2.9433962264150946,20,7,37,0.6499141444729274,0.3750315076196098,-0.08514761046150776,1.3849758994073627,20 °C,7
2.968553459119497,20,7,37,0.6593918475310525,0.37530583010359914,-0.07620757947200174,1.3949912745341067,20 °C,7
2.9937106918238996,20,7,37,0.668869550589177,0.37558824224804754,-0.06728340421699619,1.4050225053953502,20 °C,7
3.018867924528302,20,7,37,0.6783472536473019,0.37587872581873616,-0.05837504895742096,1.4150695562520248,20 °C,7
3.0440251572327046,20,7,37,0.6878249567054274,0.37617726211743235,-0.04948247704473996,1.4251323904555948,20 °C,7
3.069182389937107,20,7,37,0.6973026597635527,0.37648383198768365,-0.04060565093230728,1.4352109704594125,20 °C,7
3.0943396226415096,20,7,37,0.7067803628216771,0.37679841582072177,-0.03174453218693751,1.4453052578302916,20 °C,7
3.119496855345912,20,7,37,0.7162580658798019,0.37712099356147333,-0.02289908150068576,1.4554152132602896,20 °C,7
3.1446540880503147,20,7,37,0.7257357689379276,0.3774515447146725,-0.01406925870283049,1.4655407965786855,20 °C,7
3.169811320754717,20,7,37,0.7352134719960524,0.37779004835107033,-0.005255022772045481,1.4756819667641503,20 °C,7
3.1949685534591197,20,7,37,0.7446911750541771,0.3781364831137403,0.003543668151246182,1.485838681957108,20 °C,7
3.220125786163522,20,7,37,0.7541688781123025,0.3784908272244706,0.012326856752340132,1.4960108994722647,20 °C,7
3.2452830188679247,20,7,37,0.7636465811704268,0.37885305849024403,0.021094586529548542,1.5061985758113052,20 °C,7
3.270440251572327,20,7,37,0.773124284228553,0.3792231543097979,0.029846901781349078,1.516401666675757,20 °C,7
3.2955974842767297,20,7,37,0.7826019872866777,0.3796010916802603,0.038583847593367526,1.526620126979988,20 °C,7
3.3207547169811322,20,7,37,0.7920796903448017,0.3799868472038607,0.04730546982523476,1.5368539108643686,20 °C,7
3.3459119496855347,20,7,37,0.8015573934029282,0.3803803970947073,0.05601181509730191,1.5471029717085545,20 °C,7
3.3710691823899372,20,7,37,0.811035096461053,0.3807817171856291,0.06470293077722,1.557367262144886,20 °C,7
3.3962264150943398,20,7,37,0.8205127995191778,0.38119078293507813,0.07337886496642465,1.567646734071931,20 °C,7
3.4213836477987423,20,7,37,0.8299905025773022,0.3816075694340867,0.0820396664864923,1.5779413386681123,20 °C,7
3.4465408805031448,20,7,37,0.8394682056354271,0.3820320514132774,0.09068538486540345,1.5882510264054508,20 °C,7
3.4716981132075473,20,7,37,0.8489459086935527,0.3824642032499185,0.09931607032371248,1.5985757470633928,20 °C,7
3.49685534591195,20,7,37,0.8584236117516775,0.3829039989750239,0.10793177376063057,1.6089154497427245,20 °C,7
3.5220125786163523,20,7,37,0.8679013148098024,0.3833514122804915,0.11653254674003899,1.6192700828795656,20 °C,7
3.547169811320755,20,7,37,0.8773790178679284,0.3838064165262769,0.1251184414764257,1.629639594259431,20 °C,7
3.5723270440251573,20,7,37,0.8868567209260528,0.3842689847475966,0.13368951082076352,1.640023931031342,20 °C,7
3.59748427672956,20,7,37,0.8963344239841776,0.3847390896621598,0.14224580824634436,1.650423039722011,20 °C,7
3.6226415094339623,20,7,37,0.9058121270423024,0.3852167036774216,0.15078738783455603,1.6608368662500488,20 °C,7
3.647798742138365,20,7,37,0.9152898301004269,0.38570179889785533,0.15931430426063042,1.6712653559402233,20 °C,7
3.6729559748427674,20,7,37,0.9247675331585529,0.38619434713224005,0.1678266127793624,1.6817084535377433,20 °C,7
3.69811320754717,20,7,37,0.9342452362166778,0.38669431990095837,0.17632436921079941,1.6921661032225561,20 °C,7
3.7232704402515724,20,7,37,0.9437229392748026,0.38720168844330266,0.18480762992592936,1.7026382486236757,20 °C,7
3.748427672955975,20,7,37,0.9532006423329286,0.38771642372478426,0.19327645183235143,1.7131248328335058,20 °C,7
3.7735849056603774,20,7,37,0.9626783453910526,0.3882384964444415,0.20173089235994723,1.723625798422158,20 °C,7
3.79874213836478,20,7,37,0.9721560484491775,0.38876787704214566,0.21017100944657197,1.7341410874517829,20 °C,7
3.8238993710691824,20,7,37,0.9816337515073023,0.3893045357058989,0.21859686152374047,1.7446706414908641,20 °C,7
3.849056603773585,20,7,37,0.991111454565427,0.3898484423791202,0.22700850750235146,1.7552144016285025,20 °C,7
3.8742138364779874,20,7,37,1.000589157623553,0.39039956676791937,0.23540600675843115,1.765772308488675,20 °C,7
3.89937106918239,20,7,37,1.0100668606816778,0.3909578783483513,0.2437894191189094,1.7763443022444463,20 °C,7
3.9245283018867925,20,7,37,1.0195445637398026,0.3915233463736503,0.252158804847448,1.7869303226321573,20 °C,7
3.949685534591195,20,7,37,1.029022266797928,0.3920959398814414,0.26051422463030294,1.7975303089655532,20 °C,7
3.9748427672955975,20,7,37,1.0384999698560533,0.39267562770092135,0.2688557395622475,1.808144200149859,20 °C,7
4,20,7,37,1.0479776729141776,0.39326237846001283,0.2771834111325525,1.818771934695803,20 °C,7
0,10,20,37,0.7443720047867625,0.456822394642555,-0.15099988871264525,1.63974389828617,10 °C,20
0.025157232704402517,10,20,37,0.7303688722932881,0.4550535829475035,-0.16153615028381874,1.622273894870395,10 °C,20
0.050314465408805034,10,20,37,0.7163657397998137,0.45330218434387487,-0.17210654151418103,1.6048380211138085,10 °C,20
0.07547169811320756,10,20,37,0.7023626073063388,0.45156840144064736,-0.18271145951733003,1.5874366741300077,10 °C,20
0.10062893081761007,10,20,37,0.688359474812864,0.449852437916658,-0.1933513035037857,1.5700702531295136,10 °C,20
0.12578616352201258,10,20,37,0.67435634231939,0.4481544984607708,-0.2040264746637208,1.5527391593025008,10 °C,20
0.15094339622641512,10,20,37,0.6603532098259146,0.44647478870912216,-0.2147373760439648,1.535443795695794,10 °C,20
0.17610062893081763,10,20,37,0.6463500773324402,0.4448135151793961,-0.22548441241917616,1.5181845670840566,10 °C,20
0.20125786163522014,10,20,37,0.6323469448389663,0.44317088520209896,-0.23626799015714772,1.5009618798350801,10 °C,20
0.22641509433962265,10,20,37,0.6183438123454914,0.44154710684879234,-0.2470885170781416,1.4837761417691244,10 °C,20
0.25157232704402516,10,20,37,0.604340679852017,0.4399423888572586,-0.25794640230820987,1.4666277620122439,10 °C,20
0.27672955974842767,10,20,37,0.5903375473585422,0.4383569405535735,-0.26884205612646184,1.4495171508435463,10 °C,20
0.30188679245283023,10,20,37,0.5763344148650678,0.4367909717710664,-0.27977588980622237,1.4324447195363579,10 °C,20
0.32704402515723274,10,20,37,0.5623312823715925,0.4352446927661515,-0.2907483154500645,1.4154108801932495,10 °C,20
0.35220125786163525,10,20,37,0.5483281498781185,0.4337183141310224,-0.30175974581868537,1.3984160455749224,10 °C,20
0.37735849056603776,10,20,37,0.5343250173846441,0.43221204670320856,-0.31281059415364465,1.381460628922933,10 °C,20
0.4025157232704403,10,20,37,0.5203218848911693,0.4307261014719937,-0.3239012739939383,1.364545043776277,10 °C,20
0.4276729559748428,10,20,37,0.5063187523976949,0.42926068948171053,-0.33503219898645775,1.3476697037818475,10 °C,20
0.4528301886792453,10,20,37,0.49231561990421996,0.4278160217319244,-0.34620378269035185,1.3308350224987917,10 °C,20
0.4779874213836478,10,20,37,0.478312487410746,0.4263923090745339,-0.3574164383753405,1.3140414131968325,10 °C,20
0.5031446540880503,10,20,37,0.46430935491727066,0.42498976210781936,-0.3686705788140553,1.2972892886485967,10 °C,20
0.5283018867924528,10,20,37,0.4503062224237963,0.4236085910674788,-0.3799666160684621,1.2805790609160548,10 °C,20
0.5534591194968553,10,20,37,0.4363030899303223,0.42224900571470103,-0.39130496127049175,1.2639111411311363,10 °C,20
0.5786163522012578,10,20,37,0.422299957436847,0.42091121522133174,-0.4026860243969632,1.2472859392706572,10 °C,20
0.6037735849056605,10,20,37,0.40829682494337266,0.41959542805219957,-0.4141102140389385,1.2307038639256838,10 °C,20
0.628930817610063,10,20,37,0.3942936924498983,0.41830185184467494,-0.4255779371656646,1.2141653220654613,10 °C,20
0.6540880503144655,10,20,37,0.3802905599564239,0.41703069328554926,-0.4370895988832526,1.1976707187961004,10 °C,20
0.679245283018868,10,20,37,0.3662874274629486,0.415782157985324,-0.4486456021882863,1.1812204571141836,10 °C,20
0.7044025157232705,10,20,37,0.3522842949694746,0.41455645035001615,-0.460246347716557,1.1648149376555061,10 °C,20
0.729559748427673,10,20,37,0.33828116247600015,0.4133537734505922,-0.4718922334871606,1.1484545584391608,10 °C,20
0.7547169811320755,10,20,37,0.324278029982525,0.41217432889015204,-0.483583654642173,1.132139714607223,10 °C,20
0.779874213836478,10,20,37,0.31027489748905096,0.4110183166689977,-0.49532100318218447,1.1158707981602864,10 °C,20
0.8050314465408805,10,20,37,0.29627176499557606,0.4098859350477291,-0.5071046676979729,1.099648197689125,10 °C,20
0.8301886792452831,10,20,37,0.2822686325021022,0.40877738040851963,-0.5189350330985962,1.0834722981028007,10 °C,20
0.8553459119496856,10,20,37,0.26826550000862687,0.4076928471147337,-0.5308124803362511,1.067343480353505,10 °C,20
0.8805031446540881,10,20,37,0.25426236751515263,0.40663252736905986,-0.5427373861282047,1.0512621211585098,10 °C,20
0.9056603773584906,10,20,37,0.24025923502167817,0.40559661107034195,-0.5547101226761921,1.0352285927195484,10 °C,20
0.9308176100628931,10,20,37,0.22625610252820294,0.40458528566929974,-0.5667310573836245,1.0192432624400305,10 °C,20
0.9559748427672956,10,20,37,0.2122529700347289,0.4035987360233391,-0.5788005525710158,1.0033064926404736,10 °C,20
0.9811320754716981,10,20,37,0.19824983754125422,0.40263714425066505,-0.5909189651900493,0.9874186402725578,10 °C,20
1.0062893081761006,10,20,37,0.18424670504777976,0.40170068958391164,-0.6030866465366871,0.9715800566322466,10 °C,20
1.0314465408805031,10,20,37,0.1702435725543048,0.4007895482235222,-0.6153039419637987,0.9557910870724082,10 °C,20
1.0566037735849056,10,20,37,0.15624044006083057,0.39990389319110864,-0.6275711905937423,0.9400520707154035,10 °C,20
1.0817610062893082,10,20,37,0.14223730756735634,0.3990438941830355,-0.6398887250313933,0.9243633401661059,10 °C,20
1.1069182389937107,10,20,37,0.12823417507388143,0.39820971742447886,-0.652256871078097,0.90872522122586,10 °C,20
1.1320754716981132,10,20,37,0.11423104258040674,0.3974015255242114,-0.6646759474470475,0.893138032607861,10 °C,20
1.1572327044025157,10,20,37,0.10022791008693224,0.3966194773303793,-0.6771462654806112,0.8776020856544756,10 °C,20
1.1823899371069182,10,20,37,0.08622477759345801,0.3958637277875323,-0.6896681288701053,0.8621176840570214,10 °C,20
1.207547169811321,10,20,37,0.07222164509998262,0.39513442779518143,-0.7022418333785729,0.8466851235785382,10 °C,20
1.2327044025157234,10,20,37,0.058218512606508316,0.3944317240681521,-0.7148676665670697,0.8313046917800864,10 °C,20
1.257861635220126,10,20,37,0.044215380113034115,0.39375575899901427,-0.7275459075250338,0.8159766677511021,10 °C,20
1.2830188679245285,10,20,37,0.030212247619558954,0.39310667052286263,-0.7402768266052517,0.8007013218443697,10 °C,20
1.308176100628931,10,20,37,0.016209115126084934,0.3924845919847255,-0.7530606851639771,0.7854789154161469,10 °C,20
1.3333333333333335,10,20,37,0.0022059826326101834,0.3918896520098844,-0.7658977353067632,0.7703097005719836,10 °C,20
1.358490566037736,10,20,37,-0.011797149860864654,0.39132197437737337,-0.7787882196405165,0.7551939199187871,10 °C,20
1.3836477987421385,10,20,37,-0.02580028235433874,0.39078167789694085,-0.7917323710323427,0.7401318063236653,10 °C,20
1.408805031446541,10,20,37,-0.03980341484781358,0.39026887628974055,-0.8047304123757051,0.7251235826800779,10 °C,20
1.4339622641509435,10,20,37,-0.05380654734128788,0.38978367807301884,-0.8177825563644048,0.710169461681829,10 °C,20
1.459119496855346,10,20,37,-0.06780967983476316,0.38932618644906275,-0.8308890052749262,0.6952696456053998,10 °C,20
1.4842767295597485,10,20,37,-0.08181281232823726,0.3888964991986627,-0.8440499507576161,0.6804243261011417,10 °C,20
1.509433962264151,10,20,37,-0.09581594482171171,0.3884947085793397,-0.8572655736372176,0.6656336839937941,10 °C,20
1.5345911949685536,10,20,37,-0.10981907731518661,0.3881209012285765,-0.8705360437231965,0.6508978890928233,10 °C,20
1.559748427672956,10,20,37,-0.12382220980866109,0.38777515807228335,-0.8838615196303364,0.6362171000130142,10 °C,20
1.5849056603773586,10,20,37,-0.1378253423021356,0.3874575542387212,-0.8972421486100292,0.6215914640057579,10 °C,20
1.610062893081761,10,20,37,-0.15182847479561,0.3871681589780912,-0.9106780663926688,0.6070211168014488,10 °C,20
1.6352201257861636,10,20,37,-0.16583160728908497,0.386907035587986,-0.9241693970415376,0.5925061824633676,10 °C,20
1.6603773584905661,10,20,37,-0.17983473978255898,0.38667424134489115,-0.9377162528185456,0.5780467732534276,10 °C,20
1.6855345911949686,10,20,37,-0.19383787227603388,0.3864698274419063,-0.9513187340621702,0.5636429895101024,10 °C,20
1.7106918238993711,10,20,37,-0.20784100476950837,0.3862938389328414,-0.9649769290778776,0.5492949195388608,10 °C,20
1.7358490566037736,10,20,37,-0.22184413726298288,0.38614631468283217,-0.9786909140413339,0.5350026395153681,10 °C,20
1.7610062893081762,10,20,37,-0.23584726975645728,0.3860272873255971,-0.9924607529146277,0.520766213401713,10 °C,20
1.7861635220125787,10,20,37,-0.24985040224993182,0.3859367832274492,-1.0062864973757322,0.5065856928758685,10 °C,20
1.8113207547169812,10,20,37,-0.2638535347434071,0.38587482245814964,-1.0201681867613805,0.4924611172745662,10 °C,20
1.8364779874213837,10,20,37,-0.2778566672368812,0.38584141876868494,-1.0341058480235037,0.4783925135497413,10 °C,20
1.8616352201257862,10,20,37,-0.29185979973035603,0.38583657957601714,-1.0480994956993497,0.4643798962386375,10 °C,20
1.8867924528301887,10,20,37,-0.30586293222383054,0.3858603059548552,-1.0621491318953469,0.4504232674476857,10 °C,20
1.9119496855345912,10,20,37,-0.319866064717305,0.3859125926364597,-1.076254746284766,0.4365226168501561,10 °C,20
1.9371069182389937,10,20,37,-0.33386919721077946,0.38599342801449266,-1.090416316119185,0.4226779216976262,10 °C,20
1.9622641509433962,10,20,37,-0.34787232970425347,0.38610279415789045,-1.1046338062537187,0.40888914684521177,10 °C,20
1.9874213836477987,10,20,37,-0.3618754621977289,0.3862406668307297,-1.1189071691859591,0.39515624479050127,10 °C,20
2.0125786163522013,10,20,37,-0.37587859469120327,0.3864070155190364,-1.1332363451085146,0.3814791557261081,10 °C,20
2.0377358490566038,10,20,37,-0.38988172718467784,0.38660180346446443,-1.1476212619750281,0.36785780760567244,10 °C,20
2.0628930817610063,10,20,37,-0.4038848596781523,0.3868249877047623,-1.1620618355794865,0.35429211622318185,10 °C,20
2.088050314465409,10,20,37,-0.4178879921716272,0.38707651912092034,-1.176557969648631,0.3407819853053766,10 °C,20
2.1132075471698113,10,20,37,-0.4318911246651012,0.38735634249088075,-1.1911095559472276,0.3273273066170251,10 °C,20
2.138364779874214,10,20,37,-0.4458942571585753,0.38766439654967316,-1.2057164743959348,0.31392796007878415,10 °C,20
2.1635220125786163,10,20,37,-0.45989738965205057,0.3880006140558256,-1.2203785932014688,0.3005838138973676,10 °C,20
2.188679245283019,10,20,37,-0.4739005221455251,0.3883649218638815,-1.2350957689987327,0.28729472470768264,10 °C,20
2.2138364779874213,10,20,37,-0.48790365463899993,0.38875724100284653,-1.2498678470045792,0.2740605377265793,10 °C,20
2.238993710691824,10,20,37,-0.5019067871324745,0.38917748676036923,-1.2646946611827983,0.26088108691784917,10 °C,20
2.2641509433962264,10,20,37,-0.5159099196259493,0.3896255687724499,-1.2795760344199512,0.24775619516805247,10 °C,20
2.289308176100629,10,20,37,-0.5299130521194234,0.3901013911184609,-1.2945117787116067,0.23468567447276,10 °C,20
2.3144654088050314,10,20,37,-0.5439161846128974,0.39060485242125087,-1.309501695358549,0.22166932613275436,10 °C,20
2.339622641509434,10,20,37,-0.5579193171063728,0.3911358459520958,-1.3245455751724804,0.20870694095973497,10 °C,20
2.3647798742138364,10,20,37,-0.5719224495998467,0.3916942597402488,-1.3396431986907342,0.19579829949104088,10 °C,20
2.389937106918239,10,20,37,-0.5859255820933218,0.3922799766868391,-1.3547943363995265,0.1829431722128828,10 °C,20
2.415094339622642,10,20,37,-0.5999287145867966,0.39289287468285555,-1.3699987489651935,0.1701413197916002,10 °C,20
2.4402515723270444,10,20,37,-0.6139318470802707,0.3935328267309536,-1.3852561874729397,0.15739249331239824,10 °C,20
2.465408805031447,10,20,37,-0.6279349795737457,0.3941997010708113,-1.4005663936725359,0.14469643452504455,10 °C,20
2.4905660377358494,10,20,37,-0.6419381120672201,0.3948933613077647,-1.4159291002304388,0.1320528760959987,10 °C,20
2.515723270440252,10,20,37,-0.6559412445606946,0.39561366654444347,-1.4313440309878036,0.11946154186641456,10 °C,20
2.5408805031446544,10,20,37,-0.6699443770541691,0.39636047151513115,-1.4468109012238262,0.10692214711548798,10 °C,20
2.566037735849057,10,20,37,-0.6839475095476445,0.3971336267225699,-1.4623294179238815,0.0944343988285925,10 °C,20
2.5911949685534594,10,20,37,-0.6979506420411193,0.3979329785769351,-1.4778992800519122,0.0819979959696735,10 °C,20
2.616352201257862,10,20,37,-0.7119537745345925,0.3987583695366997,-1.493520178826524,0.06961262975733884,10 °C,20
2.6415094339622645,10,20,37,-0.7259569070280675,0.3996096382511166,-1.509191798000256,0.05727798394412109,10 °C,20
2.666666666666667,10,20,37,-0.7399600395215415,0.40048661970404836,-1.5249138141414762,0.04499373509839322,10 °C,20
2.6918238993710695,10,20,37,-0.7539631720150164,0.40138914535887416,-1.5406858969184096,0.03275955288837695,10 °C,20
2.716981132075472,10,20,37,-0.7679663045084912,0.40231704330421447,-1.5565077093847517,0.020575100367769106,10 °C,20
2.7421383647798745,10,20,37,-0.7819694370019653,0.4032701384002151,-1.5723789082663868,0.008440034262456209,10 °C,20
2.767295597484277,10,20,37,-0.7959725694954403,0.40424825242513746,-1.5882991442487095,-0.003645994742170866,10 °C,20
2.7924528301886795,10,20,37,-0.8099757019889151,0.4052512042220139,-1.6042680622640622,-0.01568334171376795,10 °C,20
2.817610062893082,10,20,37,-0.82397883448239,0.4062788098451263,-1.6202853017788375,-0.027672367185942348,10 °C,20
2.8427672955974845,10,20,37,-0.837981966975864,0.4073308827060846,-1.6363504970797897,-0.0396134368719383,10 °C,20
2.867924528301887,10,20,37,-0.851985099469339,0.40840723371927384,-1.6524632775591157,-0.051506921379562254,10 °C,20
2.8930817610062896,10,20,37,-0.8659882319628129,0.4095076714464653,-1.668623267997885,-0.06335319592774091,10 °C,20
2.918238993710692,10,20,37,-0.8799913644562878,0.41063200224038643,-1.6848300888474452,-0.07515264006513045,10 °C,20
2.9433962264150946,10,20,37,-0.8939944969497627,0.41178003038704625,-1.7010833565083734,-0.08690563739115209,10 °C,20
2.968553459119497,10,20,37,-0.9079976294432368,0.4129515582466425,-1.717382683606656,-0.0986125752798176,10 °C,20
2.9937106918238996,10,20,37,-0.922000761936711,0.41414638639286633,-1.733727679266729,-0.11027384460669298,10 °C,20
3.018867924528302,10,20,37,-0.9360038944301848,0.4153643137504401,-1.7501179493810475,-0.1218898394793223,10 °C,20
3.0440251572327046,10,20,37,-0.9500070269236608,0.4166051377307344,-1.7665530968759002,-0.13346095697142146,10 °C,20
3.069182389937107,10,20,37,-0.9640101594171356,0.41786865436531606,-1.783032721973155,-0.14498759686111617,10 °C,20
3.0943396226415096,10,20,37,-0.9780132919106097,0.4191546584372901,-1.7995564224476983,-0.1564701613735211,10 °C,20
3.119496855345912,10,20,37,-0.9920164244040846,0.42046294361031206,-1.8161237938802963,-0.1679090549278729,10 °C,20
3.1446540880503147,10,20,37,-1.0060195568975585,0.4217933025551507,-1.8327344299056538,-0.1793046838894632,10 °C,20
3.169811320754717,10,20,37,-1.0200226893910336,0.42314552707369957,-1.8493879224554846,-0.1906574563265825,10 °C,20
3.1949685534591197,10,20,37,-1.0340258218845075,0.42451940822033424,-1.8660838619963627,-0.2019677817726524,10 °C,20
3.220125786163522,10,20,37,-1.0480289543779824,0.4259147364205328,-1.8828218377622266,-0.2132360709937381,10 °C,20
3.2452830188679247,10,20,37,-1.0620320868714572,0.4273313015866806,-1.8996014379813513,-0.22446273576156328,10 °C,20
3.270440251572327,10,20,37,-1.0760352193649314,0.42876889323098866,-1.916422250097669,-0.2356481886321936,10 °C,20
3.2955974842767297,10,20,37,-1.0900383518584063,0.4302273005754665,-1.9332838609863205,-0.24679284273049196,10 °C,20
3.3207547169811322,10,20,37,-1.1040414843518804,0.43170631265890047,-1.9501858571633255,-0.2578971115404355,10 °C,20
3.3459119496855347,10,20,37,-1.1180446168453553,0.43320571844079064,-1.967127824989305,-0.2689614087014056,10 °C,20
3.3710691823899372,10,20,37,-1.1320477493388301,0.43472530690221384,-1.9841093508671692,-0.279986147810491,10 °C,20
3.3962264150943398,10,20,37,-1.146050881832305,0.4362648671435879,-2.0011300214337373,-0.29097174223087263,10 °C,20
3.4213836477987423,10,20,37,-1.1600540143257783,0.43782418847930943,-2.0181894237452247,-0.3019186049063318,10 °C,20
3.4465408805031448,10,20,37,-1.174057146819253,0.4394030605292654,-2.0352871454566133,-0.31282714818189294,10 °C,20
3.4716981132075473,10,20,37,-1.1880602793127282,0.4410012733071984,-2.052422774994837,-0.3236977836306193,10 °C,20
3.49685534591195,10,20,37,-1.202063411806203,0.4426186173059383,-2.069595901725842,-0.33453092188656397,10 °C,20
3.5220125786163523,10,20,37,-1.216066544299677,0.4442548835795018,-2.0868061161155005,-0.34532697248385347,10 °C,20
3.547169811320755,10,20,37,-1.2300696767931518,0.4459098638220711,-2.104053009884411,-0.3560863437018925,10 °C,20
3.5723270440251573,10,20,37,-1.244072809286627,0.44758335044387576,-2.1213361761566234,-0.3668094424166304,10 °C,20
3.59748427672956,10,20,37,-1.2580759417801008,0.4492751366439923,-2.1386552096023257,-0.3774966739578759,10 °C,20
3.6226415094339623,10,20,37,-1.2720790742735757,0.45098501648010014,-2.156009706574572,-0.38814844197257947,10 °C,20
3.647798742138365,10,20,37,-1.2860822067670497,0.45271278493521716,-2.173399265240075,-0.398765148294024,10 °C,20
3.6729559748427674,10,20,37,-1.3000853392605247,0.45445823798145574,-2.190823485704178,-0.4093471928168715,10 °C,20
3.69811320754717,10,20,37,-1.3140884717539996,0.4562211726408416,-2.208281970130049,-0.41989497337795,10 °C,20
3.7232704402515724,10,20,37,-1.3280916042474735,0.4580013870432329,-2.22577432285221,-0.43040888564273705,10 °C,20
3.748427672955975,10,20,37,-1.3420947367409486,0.45979868048139416,-2.2433001504844814,-0.440889322997416,10 °C,20
3.7735849056603774,10,20,37,-1.3560978692344234,0.46161285346327063,-2.260859062022434,-0.45133667644641307,10 °C,20
3.79874213836478,10,20,37,-1.3701010017278967,0.46344370776151456,-2.278450668940465,-0.46175133451532824,10 °C,20
3.8238993710691824,10,20,37,-1.3841041342213716,0.46529104646032354,-2.2960745852836055,-0.4721336831591374,10 °C,20
3.849056603773585,10,20,37,-1.3981072667148464,0.4671546739996416,-2.3137304277541437,-0.4824841056755489,10 °C,20
3.8742138364779874,10,20,37,-1.4121103992083213,0.4690343962167864,-2.3314178157932224,-0.4928029826234199,10 °C,20
3.89937106918239,10,20,37,-1.4261135317017954,0.4709300203855609,-2.3491363716574947,-0.5030906917460961,10 °C,20
3.9245283018867925,10,20,37,-1.4401166641952703,0.4728413552529115,-2.366885720490977,-0.5133476078995638,10 °C,20
3.949685534591195,10,20,37,-1.4541197966887445,0.47476821107319345,-2.3846654903922038,-0.5235741029852853,10 °C,20
3.9748427672955975,10,20,37,-1.4681229291822193,0.4767103996401134,-2.4024753124768417,-0.5337705458875971,10 °C,20
4,10,20,37,-1.4821260616756942,0.47866773431640314,-2.420314820935844,-0.543937302415544,10 °C,20
0,15,20,37,-0.5722142604021804,0.4003950054504833,-1.3569884710851277,0.2125599502807669,15 °C,20
0.025157232704402517,15,20,37,-0.5678852074362171,0.39973732284147856,-1.351370360205515,0.2155999453330809,15 °C,20
0.050314465408805034,15,20,37,-0.5635561544702529,0.3990857135730208,-1.3457641530733735,0.21865184413286787,15 °C,20
0.07547169811320756,15,20,37,-0.55922710150429,0.3984402074421417,-1.3401699080908878,0.22171570508230776,15 °C,20
0.10062893081761007,15,20,37,-0.5548980485383267,0.39780083415928325,-1.334587683490522,0.22479158641386843,15 °C,20
0.12578616352201258,15,20,37,-0.5505689955723625,0.3971676233430172,-1.3290175373246762,0.2278795461799512,15 °C,20
0.15094339622641512,15,20,37,-0.5462399426063996,0.3965406045147144,-1.3234595274552399,0.2309796422424406,15 °C,20
0.17610062893081763,15,20,37,-0.5419108896404359,0.39591980709315916,-1.317913711543028,0.23409193226215608,15 °C,20
0.20125786163522014,15,20,37,-0.5375818366744722,0.395305260389118,-1.3123801470371435,0.2372164736881991,15 °C,20
0.22641509433962265,15,20,37,-0.5332527837085088,0.3946969935998593,-1.3068588911642331,0.2403533237472154,15 °C,20
0.25157232704402516,15,20,37,-0.5289237307425452,0.39409503580362604,-1.3013500009176522,0.24350253943256184,15 °C,20
0.27672955974842767,15,20,37,-0.5245946777765819,0.3934994159540647,-1.2958535330465486,0.24666417749338487,15 °C,20
0.30188679245283023,15,20,37,-0.5202656248106186,0.3929101628746113,-1.2903695440448566,0.2498382944236195,15 °C,20
0.32704402515723274,15,20,37,-0.5159365718446552,0.39232730525283616,-1.284898090140214,0.25302494645090357,15 °C,20
0.35220125786163525,15,20,37,-0.5116075188786915,0.3917508716347488,-1.2794392272827992,0.25622418952541615,15 °C,20
0.37735849056603776,15,20,37,-0.5072784659127282,0.39118089041906673,-1.273993011134099,0.25943607930864254,15 °C,20
0.4025157232704403,15,20,37,-0.5029494129467641,0.39061738985144656,-1.2685594970555993,0.26266067116207115,15 °C,20
0.4276729559748428,15,20,37,-0.4986203599808011,0.3900603980186852,-1.263138740097424,0.26589802013582187,15 °C,20
0.4528301886792453,15,20,37,-0.4942913070148379,0.38950994284288565,-1.2577307949868937,0.26914818095721793,15 °C,20
0.4779874213836478,15,20,37,-0.48996225404887384,0.38896605207559654,-1.252335716117043,0.2724112080192954,15 °C,20
0.5031446540880503,15,20,37,-0.48563320108291086,0.38842875329192417,-1.246953557535082,0.2756871553692605,15 °C,20
0.5283018867924528,15,20,37,-0.48130414811694716,0.38789807388461744,-1.2415843729307974,0.278976076696903,15 °C,20
0.5534591194968553,15,20,37,-0.47697509515098335,0.3873740410581338,-1.2362282156249256,0.28227802532295887,15 °C,20
0.5786163522012578,15,20,37,-0.47264604218502076,0.3868566818226822,-1.2308851385574777,0.28559305418743625,15 °C,20
0.6037735849056605,15,20,37,-0.4683169892190565,0.3863460229882511,-1.2255551942760285,0.28892121583791563,15 °C,20
0.628930817610063,15,20,37,-0.46398793625309304,0.38584209115861806,-1.2202384349239843,0.2922625624177983,15 °C,20
0.6540880503144655,15,20,37,-0.4596588832871296,0.38534491272534976,-1.2149349122288151,0.29561714565455594,15 °C,20
0.679245283018868,15,20,37,-0.4553298303211664,0.38485451386178954,-1.2096446774902738,0.29898501684794104,15 °C,20
0.7044025157232705,15,20,37,-0.45100077735520255,0.38437092051703947,-1.2043677815685998,0.30236622685819475,15 °C,20
0.729559748427673,15,20,37,-0.44667172438923936,0.38389415840993585,-1.1991042748727136,0.3057608260942349,15 °C,20
0.7547169811320755,15,20,37,-0.44234267142327593,0.38342425302302474,-1.1938542073484044,0.3091688645018525,15 °C,20
0.779874213836478,15,20,37,-0.43801361845731246,0.38296122959653606,-1.188617628466523,0.31259039155189816,15 °C,20
0.8050314465408805,15,20,37,-0.43368456549134904,0.3825051131223637,-1.1833945872111817,0.31602545622848377,15 °C,20
0.8301886792452831,15,20,37,-0.42935551252538495,0.38205592833804897,-1.178185132067961,0.31947410701719103,15 °C,20
0.8553459119496856,15,20,37,-0.4250264595594218,0.3816136997207774,-1.1729893110121454,0.32293639189330187,15 °C,20
0.8805031446540881,15,20,37,-0.4206974065934588,0.3811784514813839,-1.167807171496971,0.32641235831005366,15 °C,20
0.9056603773584906,15,20,37,-0.41636835362749447,0.3807502075583762,-1.162638760441912,0.3299020531869229,15 °C,20
0.9308176100628931,15,20,37,-0.4120393006615319,0.38032899161197575,-1.1574841242210043,0.3334055228979406,15 °C,20
0.9559748427672956,15,20,37,-0.4077102476955676,0.3799148270181792,-1.1523433086511987,0.3369228132600636,15 °C,20
0.9811320754716981,15,20,37,-0.40338119472960415,0.37950773686284534,-1.147216358980781,0.34045396952157264,15 °C,20
1.0062893081761006,15,20,37,-0.39905214176364073,0.37910774393580915,-1.1421033198778268,0.34399903635054524,15 °C,20
1.0314465408805031,15,20,37,-0.39472308879767726,0.3787148707250275,-1.1370042354187313,0.3475580578233767,15 °C,20
1.0566037735849056,15,20,37,-0.3903940358317139,0.37832913941075763,-1.1319191490767988,0.3511310774133711,15 °C,20
1.0817610062893082,15,20,37,-0.3860649828657504,0.37795057185977315,-1.126848103710906,0.354718137979405,15 °C,20
1.1069182389937107,15,20,37,-0.3817359298997866,0.37757918961962084,-1.1217911415542434,0.35831928175467026,15 °C,20
1.1320754716981132,15,20,37,-0.3774068769338236,0.3772150139129202,-1.1167483042031472,0.36193455033550004,15 °C,20
1.1572327044025157,15,20,37,-0.3730778239678601,0.37685806563171,-1.1117196326060117,0.36556398467029144,15 °C,20
1.1823899371069182,15,20,37,-0.36874877100189624,0.3765083653318461,-1.1067051670523147,0.36920762504852217,15 °C,20
1.207547169811321,15,20,37,-0.36441971803593254,0.3761659332274502,-1.1017049471617348,0.37286551108986976,15 °C,20
1.2327044025157234,15,20,37,-0.3600906650699695,0.37583078918541624,-1.0967190118733854,0.3765376817334463,15 °C,20
1.257861635220126,15,20,37,-0.35576161210400603,0.37550295271997824,-1.0917473994351634,0.38022417522715135,15 °C,20
1.2830188679245285,15,20,37,-0.35143255913804305,0.375182442987337,-1.0867901473932235,0.38392502911713744,15 °C,20
1.308176100628931,15,20,37,-0.3471035061720788,0.37486927878035764,-1.0818472925815799,0.3876402802374222,15 °C,20
1.3333333333333335,15,20,37,-0.3427744532061154,0.37456347852333316,-1.0769188711118483,0.39136996469961755,15 °C,20
1.358490566037736,15,20,37,-0.33844540024015235,0.37426506026682277,-1.0720049183631248,0.39511411788282025,15 °C,20
1.3836477987421385,15,20,37,-0.3341163472741885,0.37397404168256376,-1.0671054689720134,0.39887277442363644,15 °C,20
1.408805031446541,15,20,37,-0.3297872943082246,0.3736904400584669,-1.0622205568228198,0.40264596820637055,15 °C,20
1.4339622641509435,15,20,37,-0.32545824134226164,0.37341427229368745,-1.057350215037889,0.4064337323533658,15 °C,20
1.459119496855346,15,20,37,-0.32112918837629817,0.3731455548937875,-1.0524944759681216,0.41023609921552523,15 °C,20
1.4842767295597485,15,20,37,-0.3168001354103348,0.37288430396598343,-1.0476533711836624,0.4140531003629927,15 °C,20
1.509433962264151,15,20,37,-0.3124710824443705,0.37263053521448564,-1.0428269314647625,0.41788476657602136,15 °C,20
1.5345911949685536,15,20,37,-0.3081420294784075,0.3723842639359334,-1.0380151867928369,0.42173112783602185,15 °C,20
1.559748427672956,15,20,37,-0.30381297651244443,0.37214550501492716,-1.0332181663417015,0.42559221331681274,15 °C,20
1.5849056603773586,15,20,37,-0.2994839235464806,0.37191427291965795,-1.0284358984690103,0.429468051376049,15 °C,20
1.610062893081761,15,20,37,-0.29515487058051715,0.3716905816976475,-1.0236684107079062,0.43335866954687197,15 °C,20
1.6352201257861636,15,20,37,-0.29082581761455384,0.3714744449715865,-1.0189157297588634,0.4372640945297557,15 °C,20
1.6603773584905661,15,20,37,-0.2864967646485903,0.3712658759352865,-1.0141778814817517,0.4411843521845712,15 °C,20
1.6855345911949686,15,20,37,-0.2821677116826269,0.3710648873497439,-1.009454890888125,0.4451194675228711,15 °C,20
1.7106918238993711,15,20,37,-0.2778386587166631,0.37087149153931365,-1.0047467821337177,0.4490694647003916,15 °C,20
1.7358490566037736,15,20,37,-0.2735096057506996,0.37068570038800724,-1.000053578511194,0.4530343670097946,15 °C,20
1.7610062893081762,15,20,37,-0.2691805527847361,0.37050752533590253,-0.9953753024431051,0.4570141968736328,15 °C,20
1.7861635220125787,15,20,37,-0.26485149981877354,0.3703369773756819,-0.99071197547511,0.46100897583756295,15 °C,20
1.8113207547169812,15,20,37,-0.2605224468528089,0.3701740670492911,-0.9860636182694195,0.46501872456380167,15 °C,20
1.8364779874213837,15,20,37,-0.25619339388684553,0.37001880444472673,-0.98143025059851,0.46904346282481885,15 °C,20
1.8616352201257862,15,20,37,-0.25186434092088283,0.3698711991929507,-0.9768118913390662,0.47308320949730054,15 °C,20
1.8867924528301887,15,20,37,-0.24753528795491903,0.36973126046493954,-0.9722085584662006,0.47713798255636247,15 °C,20
1.9119496855345912,15,20,37,-0.24320623498895555,0.36959899696886256,-0.9676202690479262,0.4812077990700151,15 °C,20
1.9371069182389937,15,20,37,-0.23887718202299132,0.3694744169473992,-0.9630470392398938,0.48529267519391106,15 °C,20
1.9622641509433962,15,20,37,-0.23454812905702785,0.3693575281751905,-0.9584888842804012,0.4893926261663456,15 °C,20
1.9874213836477987,15,20,37,-0.23021907609106526,0.36924833795643214,-0.9539458184856723,0.4935076663035417,15 °C,20
2.0125786163522013,15,20,37,-0.22589002312510104,0.3691468531226069,-0.9494178552454107,0.49763780899520854,15 °C,20
2.0377358490566038,15,20,37,-0.22156097015913756,0.3690530800303587,-0.9449050070186406,0.5017830667003654,15 °C,20
2.0628930817610063,15,20,37,-0.21723191719317497,0.36896702455951247,-0.9404072853298193,0.5059434509434695,15 °C,20
2.088050314465409,15,20,37,-0.21290286422721075,0.36888869211123904,-0.9359247007652393,0.5101189723108178,15 °C,20
2.1132075471698113,15,20,37,-0.20857381126124727,0.36881808760636453,-0.9314572629697218,0.5143096404472272,15 °C,20
2.138364779874214,15,20,37,-0.20424475829528468,0.3687552154838305,-0.9270049806435924,0.5185154640530231,15 °C,20
2.1635220125786163,15,20,37,-0.1999157053293212,0.3687000796993017,-0.9225678615399525,0.52273645088131,15 °C,20
2.188679245283019,15,20,37,-0.19558665236335698,0.368652683723924,-0.918145912462248,0.5269726077355341,15 °C,20
2.2138364779874213,15,20,37,-0.19125759939739276,0.368613030543233,-0.9137391392621295,0.531223940467344,15 °C,20
2.238993710691824,15,20,37,-0.18692854643143017,0.36858112265621584,-0.9093475468376132,0.5354904539747528,15 °C,20
2.2641509433962264,15,20,37,-0.1825994934654667,0.36855696207452276,-0.9049711391315313,0.5397721522005979,15 °C,20
2.289308176100629,15,20,37,-0.17827044049950247,0.3685405503218345,-0.9006099191302981,0.5440690381312931,15 °C,20
2.3144654088050314,15,20,37,-0.17394138753353974,0.36853188843338275,-0.8962638888629699,0.5483811137958905,15 °C,20
2.339622641509434,15,20,37,-0.1696123345675764,0.3685309769556214,-0.8919330494005944,0.5527083802654416,15 °C,20
2.3647798742138364,15,20,37,-0.16528328160161293,0.36853781594605595,-0.8876174008558826,0.5570508376526566,15 °C,20
2.389937106918239,15,20,37,-0.16095422863564868,0.3685524049732253,-0.8833169423831702,0.5614084851118728,15 °C,20
2.415094339622642,15,20,37,-0.15662517566968548,0.36857474311683697,-0.8790316721786859,0.565781320839315,15 °C,20
2.4402515723270444,15,20,37,-0.152296122703722,0.3686048289680579,-0.8747615874811154,0.5701693420736715,15 °C,20
2.465408805031447,15,20,37,-0.14796706973775853,0.3686426606299591,-0.8705066845724784,0.5745725450969613,15 °C,20
2.4905660377358494,15,20,37,-0.1436380167717943,0.3686882357181119,-0.8662669587792936,0.578990925235705,15 °C,20
2.515723270440252,15,20,37,-0.13930896380583158,0.3687415513613396,-0.8620424044740572,0.5834244768623941,15 °C,20
2.5408805031446544,15,20,37,-0.13497991083986824,0.3688026042026224,-0.8578330150770082,0.5878731933972716,15 °C,20
2.566037735849057,15,20,37,-0.13065085787390476,0.3688713904001493,-0.8536387830581974,0.5923370673103879,15 °C,20
2.5911949685534594,15,20,37,-0.12632180490794143,0.3689479056285288,-0.8494596999398579,0.5968160901239751,15 °C,20
2.616352201257862,15,20,37,-0.12199275194197706,0.36903214508014187,-0.8452957562990551,0.601310252415101,15 °C,20
2.6415094339622645,15,20,37,-0.11766369897601373,0.3691241034666509,-0.8411469417706495,0.6058195438186221,15 °C,20
2.666666666666667,15,20,37,-0.11333464601005025,0.36922377502065307,-0.8370132450505303,0.6103439530304298,15 °C,20
2.6918238993710695,15,20,37,-0.10900559304408766,0.3693311534974805,-0.8328946538991494,0.6148834678109741,15 °C,20
2.716981132075472,15,20,37,-0.1046765400781233,0.3694462321771496,-0.8287911551453365,0.6194380749890899,15 °C,20
2.7421383647798745,15,20,37,-0.10034748711216071,0.36956900386644975,-0.8247027346904022,0.6240077604660809,15 °C,20
2.767295597484277,15,20,37,-0.09601843414619737,0.36969946090117933,-0.8206293775125089,0.6285925092201141,15 °C,20
2.7924528301886795,15,20,37,-0.09168938118023313,0.3698375951485191,-0.8165710676713306,0.6331923053108642,15 °C,20
2.817610062893082,15,20,37,-0.08736032821426966,0.3699833980095485,-0.8125277883129847,0.6378071318844454,15 °C,20
2.8427672955974845,15,20,37,-0.08303127524830618,0.3701368604218973,-0.808499521675225,0.6424369711786125,15 °C,20
2.867924528301887,15,20,37,-0.07870222228234285,0.37029797286253324,-0.804486249092908,0.6470818045282224,15 °C,20
2.8930817610062896,15,20,37,-0.07437316931637862,0.37046672535068254,-0.8004879510037164,0.6517416123709592,15 °C,20
2.918238993710692,15,20,37,-0.0700441163504159,0.37064310745088724,-0.7965046069541548,0.6564163742533231,15 °C,20
2.9433962264150946,15,20,37,-0.06571506338445242,0.37082710827618387,-0.7925361956057728,0.661106068836868,15 °C,20
2.968553459119497,15,20,37,-0.06138601041848908,0.37101871649141654,-0.7885826947416655,0.6658106739046873,15 °C,20
2.9937106918238996,15,20,37,-0.057056957452525606,0.37121792031667133,-0.7846440812732014,0.6705301663681502,15 °C,20
3.018867924528302,15,20,37,-0.052727904486561374,0.37142470753083456,-0.7807203312469971,0.6752645222738743,15 °C,20
3.0440251572327046,15,20,37,-0.048398851520598786,0.37163906547527037,-0.7768114198521286,0.6800137168109311,15 °C,20
3.069182389937107,15,20,37,-0.04406979855463456,0.3718609810576168,-0.7729173214275634,0.6847777243182943,15 °C,20
3.0943396226415096,15,20,37,-0.039740745588671834,0.3720904407556979,-0.7690380094698397,0.6895565182924961,15 °C,20
3.119496855345912,15,20,37,-0.03541169262270836,0.3723274306215431,-0.7651734566409328,0.6943500713955161,15 °C,20
3.1446540880503147,15,20,37,-0.031082639656744133,0.3725719362855257,-0.7613236347763745,0.6991583554628862,15 °C,20
3.169811320754717,15,20,37,-0.026753586690780793,0.3728239429605971,-0.7574885148935511,0.7039813415119895,15 °C,20
3.1949685534591197,15,20,37,-0.022424533724817317,0.3730834354466335,-0.7536680672002191,0.7088189997505844,15 °C,20
3.220125786163522,15,20,37,-0.01809548075885384,0.37335039813487886,-0.7498622611032164,0.7136712995855088,15 °C,20
3.2452830188679247,15,20,37,-0.013766427792889615,0.3736248150124909,-0.7460710652173718,0.7185382096315925,15 °C,20
3.270440251572327,15,20,37,-0.009437374826926274,0.3739066696671753,-0.7422944473745898,0.7234196977207372,15 °C,20
3.2955974842767297,15,20,37,-0.005108321860962798,0.37419594529191963,-0.7385323746331253,0.7283157309111997,15 °C,20
3.3207547169811322,15,20,37,-7.792688950000751e-4,0.37449262468981054,-0.7347848132870288,0.7332262754970286,15 °C,20
3.3459119496855347,15,20,37,0.0035497840709632646,0.37479669027894064,-0.7310517288757603,0.7381512970176869,15 °C,20
3.3710691823899372,15,20,37,0.00787883703692674,0.37510812409739636,-0.7273330861939701,0.7430907602678235,15 °C,20
3.3962264150943398,15,20,37,0.012207890002890968,0.3754269078083276,-0.7236288493014311,0.7480446293072132,15 °C,20
3.4213836477987423,15,20,37,0.016536942968855196,0.37575302270509015,-0.7199389815331214,0.7530128674708318,15 °C,20
3.4465408805031448,15,20,37,0.02086599593481792,0.3760864497164666,-0.7162634455094565,0.7579954373790925,15 °C,20
3.4716981132075473,15,20,37,0.02519504890078037,0.3764271694119536,-0.7126022031466486,0.7629923009482094,15 °C,20
3.49685534591195,15,20,37,0.029524101866743983,0.37677516200711775,-0.7089552156672068,0.7680034194006948,15 °C,20
3.5220125786163523,15,20,37,0.03385315483270821,0.3771304073690146,-0.7053224436105604,0.7730287532759769,15 °C,20
3.547169811320755,15,20,37,0.03818220779867066,0.37749288502166906,-0.7017038468438007,0.778068262441142,15 °C,20
3.5723270440251573,15,20,37,0.042511260764633386,0.3778625741516111,-0.6980993845725244,0.7831219061017912,15 °C,20
3.59748427672956,15,20,37,0.0468403137305985,0.3782394536134689,-0.6945090153518005,0.7881896428129975,15 °C,20
3.6226415094339623,15,20,37,0.05116936669656273,0.378623501935609,-0.6909326970972309,0.7932714304903563,15 °C,20
3.647798742138365,15,20,37,0.05549841966252696,0.3790146973258262,-0.6873703870960923,0.7983672264211463,15 °C,20
3.6729559748427674,15,20,37,0.05982747262848941,0.3794130176770767,-0.6838220420185809,0.8034769872755597,15 °C,20
3.69811320754717,15,20,37,0.06415652559445302,0.379818440573255,-0.6802876179291267,0.8086006691180329,15 °C,20
3.7232704402515724,15,20,37,0.06848557856041575,0.38023094329500257,-0.6767670702977893,0.8137382274186207,15 °C,20
3.748427672955975,15,20,37,0.0728146315263782,0.38065050282555857,-0.6732603540117166,0.818889617064473,15 °C,20
3.7735849056603774,15,20,37,0.07714368449234242,0.381077095856637,-0.6697674233866661,0.8240547923713509,15 °C,20
3.79874213836478,15,20,37,0.08147273745830755,0.38151069879433436,-0.6662882321785878,0.8292337070952028,15 °C,20
3.8238993710691824,15,20,37,0.08580179042426937,0.3819512877650612,-0.6628227335952506,0.8344263144437893,15 °C,20
3.849056603773585,15,20,37,0.0901308433902345,0.3823988386214992,-0.6593708803079039,0.8396325670883729,15 °C,20
3.8742138364779874,15,20,37,0.09445989635619695,0.38285332694857055,-0.6559326244630013,0.8448524171753953,15 °C,20
3.89937106918239,15,20,37,0.09878894932215967,0.38331472806943045,-0.652507917693924,0.8500858163382433,15 °C,20
3.9245283018867925,15,20,37,0.1031180022881239,0.38378301705146983,-0.649096711132757,0.8553327157090047,15 °C,20
3.949685534591195,15,20,37,0.10744705525408574,0.38425816871232604,-0.6456989554220733,0.8605930659302448,15 °C,20
3.9748427672955975,15,20,37,0.11177610822004996,0.3847401576259068,-0.6423146007267273,0.8658668171668273,15 °C,20
4,15,20,37,0.11610516118601419,0.3852289581284095,-0.6389435967456685,0.8711539191176969,15 °C,20
0,20,20,37,-1.888800525591123,0.4737523068994179,-2.817355047113982,-0.9602460040682641,20 °C,20
0.025157232704402517,20,20,37,-1.8661392871657216,0.4719544272239616,-2.7911699645246864,-0.9411086098067569,20 °C,20
0.050314465408805034,20,20,37,-1.8434780487403197,0.47016898903648147,-2.7650092672518234,-0.9219468302288161,20 °C,20
0.07547169811320756,20,20,37,-1.820816810314919,0.4683961346108534,-2.7388732341521917,-0.9027603864776463,20 °C,20
0.10062893081761007,20,20,37,-1.798155571889517,0.4666360073726657,-2.7127621463399416,-0.8835489974390923,20 °C,20
0.12578616352201258,20,20,37,-1.7754943334641151,0.4648887518821341,-2.686676287153098,-0.8643123797751323,20 °C,20
0.15094339622641512,20,20,37,-1.752833095038714,0.46315451381570966,-2.660615942117505,-0.8450502479599232,20 °C,20
0.17610062893081763,20,20,37,-1.7301718566133126,0.4614334399463445,-2.6345813989081477,-0.8257623143184775,20 °C,20
0.20125786163522014,20,20,37,-1.7075106181879107,0.4597256781223767,-2.608572947307769,-0.8064482890680524,20 °C,20
0.22641509433962265,20,20,37,-1.6848493797625095,0.4580313772450025,-2.5825908791627143,-0.7871078803623046,20 °C,20
0.25157232704402516,20,20,37,-1.662188141337108,0.45635068724429517,-2.5566354883359264,-0.7677407943382895,20 °C,20
0.27672955974842767,20,20,37,-1.639526902911706,0.45468375905374003,-2.5307070706570367,-0.7483467351663756,20 °C,20
0.30188679245283023,20,20,37,-1.6168656644863046,0.45303074458324627,-2.5048059238694673,-0.728925405103142,20 °C,20
0.32704402515723274,20,20,37,-1.5942044260609034,0.4513917966906064,-2.478932347574492,-0.7094765045473148,20 °C,20
0.35220125786163525,20,20,37,-1.5715431876355017,0.4497670691513655,-2.453086643172178,-0.6899997320988254,20 °C,20
0.37735849056603776,20,20,37,-1.5488819492101,0.44815671662707107,-2.4272691137991593,-0.6704947846210407,20 °C,20
0.4025157232704403,20,20,37,-1.5262207107846983,0.4465608946318704,-2.4014800642631644,-0.6509613573062324,20 °C,20
0.4276729559748428,20,20,37,-1.5035594723592973,0.4449797594974275,-2.375719800974255,-0.6313991437443394,20 °C,20
0.4528301886792453,20,20,37,-1.4808982339338954,0.4434134683361259,-2.3499886318727023,-0.6118078359950887,20 °C,20
0.4779874213836478,20,20,37,-1.4582369955084935,0.44186217900253544,-2.324286866353463,-0.5921871246635241,20 °C,20
0.5031446540880503,20,20,37,-1.4355757570830925,0.44032605005311365,-2.2986148151871952,-0.5725366989789897,20 °C,20
0.5283018867924528,20,20,37,-1.412914518657691,0.43880524070411653,-2.2729727904377595,-0.5528562468776227,20 °C,20
0.5534591194968553,20,20,37,-1.3902532802322893,0.43729991078770003,-2.2473611053761813,-0.5331454550883973,20 °C,20
0.5786163522012578,20,20,37,-1.3675920418068876,0.4358102207061868,-2.2217800743910137,-0.5134040092227615,20 °C,20
0.6037735849056605,20,20,37,-1.3449308033814866,0.43433633138448385,-2.196230012895075,-0.49363159386789834,20 °C,20
0.628930817610063,20,20,37,-1.3222695649560843,0.4328784042206326,-2.170711237228524,-0.47382789268364434,20 °C,20
0.6540880503144655,20,20,37,-1.2996083265306826,0.4314366010344773,-2.145224064558258,-0.4539925885031071,20 °C,20
0.679245283018868,20,20,37,-1.2769470881052818,0.4300110840144429,-2.11976881277359,-0.4341253634369737,20 °C,20
0.7044025157232705,20,20,37,-1.2542858496798799,0.4286020156624116,-2.0943458003782065,-0.41422589898155326,20 °C,20
0.729559748427673,20,20,37,-1.2316246112544786,0.427209558736693,-2.068955346378397,-0.39429387613056044,20 °C,20
0.7547169811320755,20,20,37,-1.208963372829077,0.42583387619308766,-2.043597770167529,-0.37432897549062516,20 °C,20
0.779874213836478,20,20,37,-1.1863021344036755,0.4244751311240412,-2.0182733914067965,-0.3543308774005547,20 °C,20
0.8050314465408805,20,20,37,-1.1636408959782738,0.4231334866958965,-1.992982529902231,-0.3342992620543167,20 °C,20
0.8301886792452831,20,20,37,-1.1409796575528717,0.4218091060842486,-1.967725505477999,-0.3142338096277444,20 °C,20
0.8553459119496856,20,20,37,-1.1183184191274707,0.42050215240741823,-1.9425026378460104,-0.2941342004089309,20 °C,20
0.8805031446540881,20,20,37,-1.0956571807020694,0.4192127886580542,-1.9173142464718556,-0.27400011493228316,20 °C,20
0.9056603773584906,20,20,37,-1.0729959422766675,0.4179411776328882,-1.8921606504371282,-0.25383123411620667,20 °C,20
0.9308176100628931,20,20,37,-1.0503347038512663,0.4166874818606633,-1.8670421682981662,-0.23362723940436625,20 °C,20
0.9559748427672956,20,20,37,-1.027673465425865,0.4154518635282647,-1.8419591179412638,-0.21338781291046627,20 °C,20
0.9811320754716981,20,20,37,-1.0050122270004627,0.41423448440508603,-1.8169118164344313,-0.1931126375664941,20 °C,20
1.0062893081761006,20,20,37,-0.9823509885750614,0.41303550576566556,-1.791900579875766,-0.17280139727435695,20 °C,20
1.0314465408805031,20,20,37,-0.9596897501496596,0.4118550883106371,-1.7669257232385083,-0.15245377706081087,20 °C,20
1.0566037735849056,20,20,37,-0.9370285117242583,0.4106933920860412,-1.7419875602128991,-0.13206946323561752,20 °C,20
1.0817610062893082,20,20,37,-0.9143672732988566,0.4095505764010432,-1.7170864030449011,-0.11164814355281194,20 °C,20
1.1069182389937107,20,20,37,-0.8917060348734557,0.40842679974412444,-1.6922225623719396,-0.09118950737497178,20 °C,20
1.1320754716981132,20,20,37,-0.8690447964480543,0.40732221969779603,-1.6673963470557345,-0.07069324584037417,20 °C,20
1.1572327044025157,20,20,37,-0.8463835580226516,0.40623699285191184,-1.6426080640123988,-0.050159052032904494,20 °C,20
1.1823899371069182,20,20,37,-0.8237223195972503,0.40517127471564546,-1.6178580180399154,-0.029586621154585213,20 °C,20
1.207547169811321,20,20,37,-0.801061081171849,0.4041252196282113,-1.5931465116431431,-0.008975650700554949,20 °C,20
1.2327044025157234,20,20,37,-0.7783998427464474,0.4030989806684098,-1.5684738448565305,0.011674159363635916,20 °C,20
1.257861635220126,20,20,37,-0.755738604321046,0.4020927095630861,-1.5438403150646947,0.03236310642260276,20 °C,20
1.2830188679245285,20,20,37,-0.7330773658956448,0.401106556594591,-1.5192462168210432,0.05309148502975358,20 °C,20
1.308176100628931,20,20,37,-0.710416127470243,0.40014067050734464,-1.4946918416646384,0.07385958672415249,20 °C,20
1.3333333333333335,20,20,37,-0.6877548890448404,0.3991951984136045,-1.4701774779355052,0.09466769984582446,20 °C,20
1.358490566037736,20,20,37,-0.6650936506194403,0.39827028569854284,-1.4457034105885842,0.11551610934970369,20 °C,20
1.3836477987421385,20,20,37,-0.6424324121940377,0.39736607592474854,-1.421269921006545,0.13640509661846945,20 °C,20
1.408805031446541,20,20,37,-0.6197711737686367,0.3964827107362683,-1.3968772868117225,0.1573349392744492,20 °C,20
1.4339622641509435,20,20,37,-0.597109935343235,0.39562032976230854,-1.3725257816773597,0.17830591099088977,20 °C,20
1.459119496855346,20,20,37,-0.574448696917834,0.39477907052072614,-1.3482156751384573,0.19931828130278928,20 °C,20
1.4842767295597485,20,20,37,-0.5517874584924314,0.39395906832143246,-1.323947232402439,0.22037231541757618,20 °C,20
1.509433962264151,20,20,37,-0.5291262200670296,0.3931604561698517,-1.299720714159939,0.24146827402587967,20 °C,20
1.5345911949685536,20,20,37,-0.5064649816416297,0.39238336467056406,-1.275536376395935,0.26260641311267585,20 °C,20
1.559748427672956,20,20,37,-0.4838037432162278,0.39162792193127927,-1.2513944702015352,0.28378698376907957,20 °C,20
1.5849056603773586,20,20,37,-0.4611425047908253,0.3908942534672819,-1.2272952415866978,0.3050102320050472,20 °C,20
1.610062893081761,20,20,37,-0.4384812663654243,0.3901824821064975,-1.2032389312941594,0.3262763985633107,20 °C,20
1.6352201257861636,20,20,37,-0.4158200279400226,0.38949272789532663,-1.1792257746148627,0.3475857187348176,20 °C,20
1.6603773584905661,20,20,37,-0.3931587895146208,0.3888251080053997,-1.1552560012052042,0.3689384221759626,20 °C,20
1.6855345911949686,20,20,37,-0.370497551089219,0.3881797366414051,-1.131329834906373,0.39033473272793495,20 °C,20
1.7106918238993711,20,20,37,-0.34783631266381815,0.3875567249501459,-1.107447493566104,0.4117748682384678,20 °C,20
1.7358490566037736,20,20,37,-0.32517507423841646,0.3869561809309775,-1.0836091888631323,0.4332590403862994,20 °C,20
1.7610062893081762,20,20,37,-0.30251383581301544,0.38637820934778877,-1.0598151261346813,0.4547874545086505,20 °C,20
1.7861635220125787,20,20,37,-0.2798525973876129,0.3858229116426764,-1.0360655042072586,0.4763603094320328,20 °C,20
1.8113207547169812,20,20,37,-0.25719135896221273,0.38529038585146824,-1.0123605152310904,0.49797779730666497,20 °C,20
1.8364779874213837,20,20,37,-0.23453012053681022,0.38478072652125733,-0.9887003445184745,0.5196401034448541,20 °C,20
1.8616352201257862,20,20,37,-0.21186888211140917,0.384294024630089,-0.9650851703863836,0.5413474061635652,20 °C,20
1.8867924528301887,20,20,37,-0.1892076436860075,0.38383036750896726,-0.9415151640035834,0.5630998766315684,20 °C,20
1.9119496855345912,20,20,37,-0.16654640526060574,0.38338983876631155,-0.9179904892425763,0.5848976787213649,20 °C,20
1.9371069182389937,20,20,37,-0.14388516683520483,0.3829725182150282,-0.8945113025366601,0.6067409688662505,20 °C,20
1.9622641509433962,20,20,37,-0.12122392840980303,0.3825784818023275,-0.8710777527423649,0.6286298959227589,20 °C,20
1.9874213836477987,20,20,37,-0.09856268998440139,0.3822078015424331,-0.8476899810075703,0.6505646010387675,20 °C,20
2.0125786163522013,20,20,37,-0.07590145155900034,0.3818605454523129,-0.8243481206455335,0.6725452175275329,20 °C,20
2.0377358490566038,20,20,37,-0.05324021313359781,0.3815367774905694,-0.8010522970151138,0.6945718707479182,20 °C,20
2.0628930817610063,20,20,37,-0.030578974708196018,0.3812365574996066,-0.777802627407425,0.7166446779910329,20 °C,20
2.088050314465409,20,20,37,-0.007917736282795115,0.3809599411511994,-0.754599220939146,0.7387637483735557,20 °C,20
2.1132075471698113,20,20,37,0.014743502142606673,0.38070697989557833,-0.7314421784527269,0.7609291827379402,20 °C,20
2.138364779874214,20,20,37,0.03740474056800833,0.38047772091413073,-0.7083315924236878,0.7831410735597045,20 °C,20
2.1635220125786163,20,20,37,0.06006597899340936,0.38027220707582915,-0.6852675468752157,0.8053995048620345,20 °C,20
2.188679245283019,20,20,37,0.08272721741881102,0.3800904768974694,-0.6622501173002289,0.827704552137851,20 °C,20
2.2138364779874213,20,20,37,0.10538845584421294,0.3799325645078098,-0.6392793705910943,0.8500562822795202,20 °C,20
2.238993710691824,20,20,37,0.1280496942696146,0.37979849961568923,-0.6163553649771363,0.8724547535163656,20 °C,20
2.2641509433962264,20,20,37,0.15071093269501562,0.3796883074821879,-0.5934781499700728,0.8949000153601039,20 °C,20
2.289308176100629,20,20,37,0.17337217112041728,0.37960200889689777,-0.5706477663175024,0.9173921085583369,20 °C,20
2.3144654088050314,20,20,37,0.19603340954581908,0.3795396201583497,-0.5478642459645463,0.9399310650561844,20 °C,20
2.339622641509434,20,20,37,0.21869464797121999,0.37950115305864446,-0.5251276120237232,0.9625169079661631,20 °C,20
2.3647798742138364,20,20,37,0.24135588639662175,0.37948661487231566,-0.502437878753117,0.9851496515463605,20 °C,20
2.389937106918239,20,20,37,0.26401712482202433,0.37949600834945507,-0.4797950515429076,1.0078293011869564,20 °C,20
2.415094339622642,20,20,37,0.2866783632474252,0.37952933171311337,-0.45719912691027703,1.0305558534051273,20 °C,20
2.4402515723270444,20,20,37,0.30933960167282687,0.37958657866097884,-0.43465009250269165,1.0533292958483453,20 °C,20
2.465408805031447,20,20,37,0.3320008400982285,0.3796677383713349,-0.4121479271095878,1.0761496073060448,20 °C,20
2.4905660377358494,20,20,37,0.3546620785236296,0.37977279551328275,-0.3896926006824046,1.0990167577296637,20 °C,20
2.515723270440252,20,20,37,0.3773233169490313,0.37990173026120205,-0.36728407436292465,1.1219307082609873,20 °C,20
2.5408805031446544,20,20,37,0.399984555374433,0.3800545183134239,-0.3449223005198778,1.1448914112687438,20 °C,20
2.566037735849057,20,20,37,0.4226457937998348,0.38023113091507166,-0.3226072227937057,1.1678988103933752,20 °C,20
2.5911949685534594,20,20,37,0.4453070322252358,0.3804315348850198,-0.30033877614940296,1.1909528405998746,20 °C,20
2.616352201257862,20,20,37,0.46796827065063745,0.3806556926469146,-0.27811688693731523,1.2140534282385902,20 °C,20
2.6415094339622645,20,20,37,0.49062950907604,0.38090356226418337,-0.25594147296175934,1.2372004911138395,20 °C,20
2.666666666666667,20,20,37,0.5132907475014425,0.3811750974789652,-0.23381244355732922,1.2603939385602143,20 °C,20
2.6918238993710695,20,20,37,0.5359519859268427,0.3814702477548744,-0.21172969967271116,1.2836336715263965,20 °C,20
2.716981132075472,20,20,37,0.5586132243522437,0.38178895832350135,-0.18969313396181897,1.3069195826663065,20 °C,20
2.7421383647798745,20,20,37,0.5812744627776463,0.3821311702345609,-0.16770263088209303,1.3302515564373856,20 °C,20
2.767295597484277,20,20,37,0.6039357012030471,0.38249682040957933,-0.14575806679972836,1.3536294692058224,20 °C,20
2.7924528301886795,20,20,37,0.626596939628449,0.3828858416990021,-0.12385931010159512,1.377053189358493,20 °C,20
2.817610062893082,20,20,37,0.6492581780538491,0.383298162942611,-0.10200622131366843,1.4005225774213668,20 °C,20
2.8427672955974845,20,20,37,0.6719194164792517,0.3837337090331263,-0.08019865322567588,1.4240374861841794,20 °C,20
2.867924528301887,20,20,37,0.6945806549046533,0.3841924009828562,-0.05843645102174477,1.4475977608310513,20 °C,20
2.8930817610062896,20,20,37,0.7172418933300544,0.38467415599327115,-0.036719452416757004,1.471203239076866,20 °C,20
2.918238993710692,20,20,37,0.7399031317554554,0.385178887527356,-0.01504748779816234,1.4948537513090732,20 °C,20
2.9433962264150946,20,20,37,0.762564370180857,0.38570650538459905,0.006579619627042899,1.518549120734671,20 °C,20
2.968553459119497,20,20,37,0.7852256086062596,0.38625691577847526,0.028162053680448107,1.542289163532071,20 °C,20
2.9937106918238996,20,20,37,0.8078868470316612,0.3868300214162706,0.04970000505577088,1.5660736890075517,20 °C,20
3.018867924528302,20,20,37,0.8305480854570632,0.38742572158110133,0.0711936711581046,1.5899024997560218,20 °C,20
3.0440251572327046,20,20,37,0.8532093238824648,0.388043912215968,0.09264325593916756,1.613775391825762,20 °C,20
3.069182389937107,20,20,37,0.875870562307865,0.38868448600969774,0.11404896972885747,1.6376921548868726,20 °C,20
3.0943396226415096,20,20,37,0.8985318007332675,0.38934733248461323,0.13541102906342561,1.6616525724031095,20 °C,20
3.119496855345912,20,20,37,0.9211930391586686,0.39003233808577653,0.1567296565105466,1.6856564218067907,20 °C,20
3.1446540880503147,20,20,37,0.9438542775840701,0.3907393862716462,0.17800508049164354,1.7097034746764967,20 °C,20
3.169811320754717,20,20,37,0.9665155160094718,0.3914683576060019,0.19923753510170816,1.7337934969172355,20 °C,20
3.1949685534591197,20,20,37,0.9891767544348737,0.392219129850968,0.22042725992697643,1.7579262489427712,20 °C,20
3.220125786163522,20,20,37,1.0118379928602739,0.3929915780609962,0.24157449986072133,1.7821014858598265,20 °C,20
3.2452830188679247,20,20,37,1.034499231285675,0.393785574677649,0.2626795049174828,1.806318957653867,20 °C,20
3.270440251572327,20,20,37,1.0571604697110781,0.39460098962502965,0.28374253004602,1.8305784093761361,20 °C,20
3.2955974842767297,20,20,37,1.0798217081364792,0.3954376904057213,0.30476383494126547,1.854879581331693,20 °C,20
3.3207547169811322,20,20,37,1.1024829465618808,0.396295542197085,0.32574368385559427,1.8792222092681674,20 °C,20
3.3459119496855347,20,20,37,1.1251441849872825,0.3971744079477735,0.3466823454096465,1.9036060245649185,20 °C,20
3.3710691823899372,20,20,37,1.1478054234126844,0.39807414847432565,0.36758009240300615,1.9280307544223627,20 °C,20
3.3962264150943398,20,20,37,1.1704666618380855,0.39899462255770635,0.3884372016249811,1.9524961220511898,20 °C,20
3.4213836477987423,20,20,37,1.1931279002634871,0.39993568703966065,0.40925395366575223,1.977001846861222,20 °C,20
3.4465408805031448,20,20,37,1.215789138688889,0.4008971969187573,0.4300306327281247,2.001547644649653,20 °C,20
3.4716981132075473,20,20,37,1.2384503771142912,0.4018790054459932,0.4507675264401445,2.0261332277884376,20 °C,20
3.49685534591195,20,20,37,1.2611116155396913,0.4028809642198502,0.47146492566878495,2.050758305410598,20 °C,20
3.5220125786163523,20,20,37,1.2837728539650934,0.4039029232806865,0.49212312433494787,2.075422583595239,20 °C,20
3.547169811320755,20,20,37,1.306434092390494,0.40494473120435154,0.512742419229965,2.100125765551023,20 °C,20
3.5723270440251573,20,20,37,1.3290953308158966,0.40600623519492524,0.5333231098338431,2.12486755179795,20 °C,20
3.59748427672956,20,20,37,1.3517565692412976,0.40708728117648285,0.5538654981353912,2.149647640347204,20 °C,20
3.6226415094339623,20,20,37,1.3744178076666986,0.4081877138837938,0.5743698884544628,2.1744657268789345,20 °C,20
3.647798742138365,20,20,37,1.3970790460921012,0.40930737695185315,0.594836587266469,2.1993215049177333,20 °C,20
3.6729559748427674,20,20,37,1.4197402845175038,0.41044611300418865,0.6152659030292941,2.2242146660057136,20 °C,20
3.69811320754717,20,20,37,1.442401522942903,0.4116037637398378,0.6356581460128209,2.2491448998729853,20 °C,20
3.7232704402515724,20,20,37,1.4650627613683058,0.4127801700189406,0.6560136281311824,2.2741118946054293,20 °C,20
3.748427672955975,20,20,37,1.4877239997937082,0.41397517194687256,0.676332662777838,2.2991153368095785,20 °C,20
3.7735849056603774,20,20,37,1.5103852382191074,0.41518860895685933,0.6966155646636631,2.324154911774552,20 °C,20
3.79874213836478,20,20,37,1.5330464766445118,0.4164203198910138,0.7168626496581247,2.3492303036308986,20 °C,20
3.8238993710691824,20,20,37,1.5557077150699128,0.4176701430797369,0.7370742346336285,2.3743411955061973,20 °C,20
3.849056603773585,20,20,37,1.578368953495312,0.4189379164194547,0.7572506373131808,2.399487269677443,20 °C,20
3.8742138364779874,20,20,37,1.6010301919207146,0.4202234774486213,0.7773921761214169,2.4246682077200123,20 °C,20
3.89937106918239,20,20,37,1.6236914303461172,0.42152666342197403,0.7974991700390481,2.449883690653186,20 °C,20
3.9245283018867925,20,20,37,1.6463526687715182,0.42284731138299186,0.8175719384608542,2.475133399082182,20 °C,20
3.949685534591195,20,20,37,1.6690139071969203,0.42418525823453535,0.8376108010572311,2.5004170133366097,20 °C,20
3.9748427672955975,20,20,37,1.6916751456223214,0.42554034080764513,0.8576160776393369,2.525734213605306,20 °C,20
4,20,20,37,1.7143363840477224,0.4269123959284683,0.8775880880279245,2.55108468006752,20 °C,20
