max_gust,temperature_avg,butterflies_direct_sun_t_lag,total_butterflies_t_lag,fit,standard_error,conf_low,conf_high,temperature_label,direct_sun_label,supported,supported_90,fit_supported,conf_low_supported,conf_high_supported,fit_supported_90,conf_low_supported_90,conf_high_supported_90,fit_supported_raw,conf_low_supported_raw,conf_high_supported_raw
0,10,0,37,0.11977597099596277,0.3838803283373119,-0.6326294725451684,0.8721814145370941,10 °C,0,TRUE,TRUE,0.11977597099596277,-0.6326294725451684,0.8721814145370941,0.11977597099596277,-0.6326294725451684,0.8721814145370941,0.001718340003819875,-0.25319099883792257,0.6634687682358806
0.03903773584905657,10,0,37,0.11823416504254286,0.3833944103144531,-0.6332188791737852,0.869687209258871,10 °C,0,TRUE,TRUE,0.11823416504254286,-0.6332188791737852,0.869687209258871,0.11823416504254286,-0.6332188791737852,0.869687209258871,0.0016528329659737055,-0.2538993354197486,0.6577930013908201
0.07807547169811314,10,0,37,0.11669235908912297,0.38291905218440697,-0.6338289831923146,0.8672137013705606,10 °C,0,TRUE,TRUE,0.11669235908912297,-0.6338289831923146,0.8672137013705606,0.11669235908912297,-0.6338289831923146,0.8672137013705606,0.0015890123012654216,-0.25463393592646405,0.6521963927015507
0.11711320754716972,10,0,37,0.1151505531357031,0.38245429332231906,-0.6344598617760422,0.8647609680474484,10 °C,0,TRUE,TRUE,0.1151505531357031,-0.6344598617760422,0.8647609680474484,0.1151505531357031,-0.6344598617760422,0.8647609680474484,0.0015268560189265964,-0.25539503891876725,0.6466782242068807
0.1561509433962263,10,0,37,0.1136087471822832,0.3820001724148524,-0.6351115907508275,0.8623290851153939,10 °C,0,TRUE,TRUE,0.1136087471822832,-0.6351115907508275,0.8623290851153939,0.1136087471822832,-0.6351115907508275,0.8623290851153939,0.0014663421281887992,-0.25618288726490107,0.6412377822531631
0.19518867924528285,10,0,37,0.11206694122886329,0.38155672744522795,-0.6357842445637835,0.85991812702151,10 °C,0,TRUE,TRUE,0.11206694122886329,-0.6357842445637835,0.85991812702151,0.11206694122886329,-0.6357842445637835,0.85991812702151,0.0014074486382836045,-0.25699772817535194,0.635874357528994
0.23422641509433945,10,0,37,0.11052513527544343,0.38112399567841365,-0.6364778962542473,0.8575281668051341,10 °C,0,TRUE,TRUE,0.11052513527544343,-0.6364778962542473,0.8575281668051341,0.11052513527544343,-0.6364778962542473,0.8575281668051341,0.001350153558442586,-0.25783981323717364,0.6305872450995368
0.273264150943396,10,0,37,0.10898332932202352,0.3807020136464732,-0.6371926174250641,0.855159276069111,10 °C,0,TRUE,TRUE,0.10898332932202352,-0.6371926174250641,0.855159276069111,0.10898332932202352,-0.6371926174250641,0.855159276069111,0.0012944348978973133,-0.2587093984479127,0.6253757444404481
0.3123018867924526,10,0,37,0.10744152336860366,0.38029081713408774,-0.6379284782142083,0.8528115249514157,10 °C,0,TRUE,TRUE,0.10744152336860366,-0.6379284782142083,0.8528115249514157,0.10744152336860366,-0.6379284782142083,0.8528115249514157,0.0012402706658793615,-0.25960674424911695,0.6202391594713863
0.35133962264150914,10,0,37,0.10589971741518375,0.3798904411642615,-0.6386855472667687,0.8504849820971363,10 °C,0,TRUE,TRUE,0.10589971741518375,-0.6386855472667687,0.8504849820971363,0.10589971741518375,-0.6386855472667687,0.8504849820971363,0.0011876388716203004,-0.26053211555940914,0.6151767985890825
0.3903773584905657,10,0,37,0.10435791146176385,0.37950091998422736,-0.6394638917073218,0.8481797146308495,10 °C,0,TRUE,TRUE,0.10435791146176385,-0.6394638917073218,0.8481797146308495,0.10435791146176385,-0.6394638917073218,0.8481797146308495,0.0011365175243517036,-0.2614857818071078,0.6101879746999662
0.42941509433962227,10,0,37,0.10281610550834398,0.37912228705155965,-0.640263577112713,0.8458957881294009,10 °C,0,TRUE,TRUE,0.10281610550834398,-0.640263577112713,0.8458957881294009,0.10281610550834398,-0.640263577112713,0.8458957881294009,0.001086884633305145,-0.2624680169623703,0.6052720052523044
0.4684528301886789,10,0,37,0.10127429955492409,0.37875457502051096,-0.6410846674852774,0.8436332665951255,10 °C,0,TRUE,TRUE,0.10127429955492409,-0.6410846674852774,0.8436332665951255,0.10127429955492409,-0.6410846674852774,0.8436332665951255,0.001038718207712195,-0.26347909956884696,0.6004282122678568
0.5074905660377355,10,0,37,0.09973249360150419,0.3783978157285837,-0.6419272252265199,0.8413922124295282,10 °C,0,TRUE,TRUE,0.09973249360150419,-0.6419272252265199,0.8413922124295282,0.09973249360150419,-0.6419272252265199,0.8413922124295282,9.91996256804426e-4,-0.26451931277482355,0.5956559223730199
0.546528301886792,10,0,37,0.09819068764808428,0.37805204018334704,-0.642791311111276,0.8391726864074445,10 °C,0,TRUE,TRUE,0.09819068764808428,-0.642791311111276,0.8391726864074445,0.09819068764808428,-0.642791311111276,0.8391726864074445,9.466967898134112e-4,-0.265588944363829,0.5909544668294322
0.5855660377358486,10,0,37,0.09664888169466442,0.3777172785495143,-0.6436769842623836,0.8369747476517125,10 °C,0,TRUE,TRUE,0.09664888169466442,-0.6436769842623836,0.8369747476517125,0.09664888169466442,-0.6436769842623836,0.8369747476517125,9.027978159707241e-4,-0.2666882867846988,0.586323181564039
0.6246037735849052,10,0,37,0.09510707574124451,0.37739356013629105,-0.6445843021258859,0.834798453608375,10 °C,0,TRUE,TRUE,0.09510707574124451,-0.6445843021258859,0.834798453608375,0.09510707574124451,-0.6445843021258859,0.834798453608375,8.602773445079349e-4,-0.26781763718106866,0.5817614071985855
0.6636415094339617,10,0,37,0.09356526978782465,0.37708091338500516,-0.6455133204467854,0.8326438600224347,10 °C,0,TRUE,TRUE,0.09356526978782465,-0.6455133204467854,0.8326438600224347,0.09356526978782465,-0.6455133204467854,0.8326438600224347,8.191133846566181e-4,-0.2689772974202805,0.5772684890785238
0.7026792452830183,10,0,37,0.09202346383440474,0.3767793658570327,-0.6464640932453793,0.8305110209141888,10 °C,0,TRUE,TRUE,0.09202346383440474,-0.6464640932453793,0.8305110209141888,0.09202346383440474,-0.6464640932453793,0.8305110209141888,7.79283945648344e-4,-0.27016757412168707,0.5728437773013164
0.7417169811320748,10,0,37,0.09048165788098485,0.3764889442220293,-0.6474366727941925,0.8283999885561621,10 °C,0,TRUE,TRUE,0.09048165788098485,-0.6474366727941925,0.8283999885561621,0.09048165788098485,-0.6474366727941925,0.8283999885561621,7.407670367146867e-4,-0.27138877868433225,0.5684866267441173
0.7807547169811314,10,0,37,0.08893985192756497,0.37620967424647833,-0.6484311095955326,0.8263108134506625,10 °C,0,TRUE,TRUE,0.08893985192756497,-0.6484311095955326,0.8263108134506625,0.08893985192756497,-0.6484311095955326,0.8263108134506625,0.00070354066708721815,-0.2726412273139913,0.5641963970908115
0.819792452830188,10,0,37,0.08739804597414506,0.3759415807825691,-0.6494474523596905,0.8242435443079805,10 °C,0,TRUE,TRUE,0.08739804597414506,-0.6494474523596905,0.8242435443079805,0.08739804597414506,-0.6494474523596905,0.8242435443079805,6.675828459975101e-4,-0.27392524104955485,0.5599724528583994
0.8588301886792445,10,0,37,0.08585624002072517,0.3756846877574132,-0.6504857479838047,0.8221982280252551,10 °C,0,TRUE,TRUE,0.08585624002072517,-0.6504857479838047,0.8221982280252551,0.08585624002072517,-0.6504857479838047,0.8221982280252551,6.328715826771358e-4,-0.27524114578873754,0.5558141634227057
0.8978679245283011,10,0,37,0.08431443406730531,0.3754390181626115,-0.6515460415314132,0.8201749096660238,10 °C,0,TRUE,TRUE,0.08431443406730531,-0.6515460415314132,0.8201749096660238,0.08431443406730531,-0.6515460415314132,0.8201749096660238,5.993848863576681e-4,-0.2765892723130962,0.5517209030433968
0.9369056603773578,10,0,37,0.08277262811388539,0.37520459404418133,-0.65262837621271,0.8181736324404808,10 °C,0,TRUE,TRUE,0.08277262811388539,-0.65262837621271,0.8181736324404808,0.08277262811388539,-0.65262837621271,0.8181736324404808,5.671007662706775e-4,-0.2779699563123383,0.5476920508882902
0.9759433962264144,10,0,37,0.08123082216046551,0.37498143649285454,-0.6537327933655294,0.8161944376864604,10 °C,0,TRUE,TRUE,0.08123082216046551,-0.6537327933655294,0.8161944376864604,0.08123082216046551,-0.6537327933655294,0.8161944376864604,5.359972316477386e-4,-0.27938353840790825,0.5437269910569402
1.014981132075471,10,0,37,0.07968901620704562,0.37476956563475505,-0.6548593324370743,0.8142373648511655,10 °C,0,TRUE,TRUE,0.07968901620704562,-0.6548593324370743,0.8142373648511655,0.07968901620704562,-0.6548593324370743,0.8142373648511655,5.060522917204226e-4,-0.28083036417583274,0.5398251126034834
1.0540188679245275,10,0,37,0.07814721025362574,0.37456900062246723,-0.65600803096641,0.8123024514736614,10 °C,0,TRUE,TRUE,0.07814721025362574,-0.65600803096641,0.8123024514736614,0.07814721025362574,-0.65600803096641,0.8123024514736614,4.772439557203024e-4,-0.28231078416881256,0.5359858095587304
1.093056603773584,10,0,37,0.07660540430020582,0.37437975962650166,-0.6571789245677374,0.810389733168149,10 °C,0,TRUE,TRUE,0.07660540430020582,-0.6571789245677374,0.810389733168149,0.07660540430020582,-0.6571789245677374,0.810389733168149,4.495502328789495e-4,-0.2838251539375418,0.5322084809514849
1.1320943396226406,10,0,37,0.07506359834678598,0.37420185982717014,-0.6583720469144675,0.8084992436080395,10 °C,0,TRUE,TRUE,0.07506359834678598,-0.6583720469144675,0.8084992436080395,0.07506359834678598,-0.6583720469144675,0.8084992436080395,4.229491324279385e-4,-0.2853738340512464,0.5284925308290835
1.1711320754716972,10,0,37,0.07352179239336609,0.37403531740687473,-0.6595874297241083,0.8066310145108405,10 °C,0,TRUE,TRUE,0.07352179239336609,-0.6595874297241083,0.8066310145108405,0.07352179239336609,-0.6595874297241083,0.8066310145108405,3.974186635988394e-4,-0.2869571901174199,0.5248373682771287
1.2101698113207537,10,0,37,0.07197998643994617,0.37388014754282223,-0.6608251027439853,0.8047850756238777,10 °C,0,TRUE,TRUE,0.07197998643994617,-0.6608251027439853,0.8047850756238777,0.07197998643994617,-0.6608251027439853,0.8047850756238777,3.729368356232252e-4,-0.28857559280075096,0.5212424074384193
1.2492075471698103,10,0,37,0.07043818048652628,0.37373636440016916,-0.6620850937378052,0.8029614547108578,10 °C,0,TRUE,TRUE,0.07043818048652628,-0.6620850937378052,0.8029614547108578,0.07043818048652628,-0.6620850937378052,0.8029614547108578,3.494816577326691e-4,-0.2902294178412235,0.5177070675310492
1.2882452830188669,10,0,37,0.06889637453310637,0.37360398112560594,-0.6633674284730813,0.801160177539294,10 °C,0,TRUE,TRUE,0.06889637453310637,-0.6633674284730813,0.801160177539294,0.06889637453310637,-0.6633674284730813,0.801160177539294,3.27031139158743e-4,-0.29191904607138097,0.5142307728656718
1.3272830188679234,10,0,37,0.06735456857968654,0.37348300984138577,-0.6646721307094295,0.7993812678688027,10 °C,0,TRUE,TRUE,0.06735456857968654,-0.6646721307094295,0.7993812678688027,0.06735456857968654,-0.6646721307094295,0.7993812678688027,3.0556328913302044e-4,-0.2936448634327391,0.5108129528619128
1.36632075471698,10,0,37,0.06581276262626665,0.37337346163980617,-0.6659992221877534,0.7976247474402868,10 °C,0,TRUE,TRUE,0.06581276262626665,-0.6659992221877534,0.7976247474402868,0.06581276262626665,-0.6659992221877534,0.7976247474402868,2.85056116887072e-4,-0.29540726099134224,0.5074530420639258
1.4053584905660366,10,0,37,0.06427095667284673,0.37327534657814665,-0.6673487226203206,0.7958906359660142,10 °C,0,TRUE,TRUE,0.06427095667284673,-0.6673487226203206,0.7958906359660142,0.06427095667284673,-0.6673487226203206,0.7958906359660142,2.654876316524707e-4,-0.2972066349524421,0.5041504801550727
1.4443962264150931,10,0,37,0.06272915071942683,0.3731886736740702,-0.6687206496817507,0.7941789511206044,10 °C,0,TRUE,TRUE,0.06272915071942683,-0.6687206496817507,0.7941789511206044,0.06272915071942683,-0.6687206496817507,0.7941789511206044,2.4683584266078955e-4,-0.29904338667429936,0.5009047119717243
1.4834339622641497,10,0,37,0.06118734476600694,0.37311345090149256,-0.6701150190009184,0.7924897085329323,10 °C,0,TRUE,TRUE,0.06118734476600694,-0.6701150190009184,0.7924897085329323,0.06118734476600694,-0.6701150190009184,0.7924897085329323,2.2907875914360067e-4,-0.3009179226810933,0.49771518751616955
1.5224716981132063,10,0,37,0.05964553881258708,0.37304968518692216,-0.6715318441537804,0.7908229217789545,10 °C,0,TRUE,TRUE,0.05964553881258708,-0.6715318441537804,0.7908229217789545,0.05964553881258708,-0.6715318441537804,0.7908229217789545,2.1219439033247678e-4,-0.3028306546749277,0.494581361968622
1.5615094339622628,10,0,37,0.05810373285916719,0.3729973824062785,-0.6729711366571387,0.789178602375473,10 °C,0,TRUE,TRUE,0.05810373285916719,-0.6729711366571387,0.789178602375473,0.05810373285916719,-0.6729711366571387,0.789178602375473,1.9616074545898967e-4,-0.30478199954693336,0.49150269569832244
1.6005471698113194,10,0,37,0.056561926905747295,0.37295654738218764,-0.6744329059633405,0.787556759774835,10 °C,0,TRUE,TRUE,0.056561926905747295,-0.6744329059633405,0.787556759774835,0.056561926905747295,-0.6744329059633405,0.787556759774835,1.8095583375471206e-4,-0.30677237938745006,0.48847865427372056
1.639584905660376,10,0,37,0.055020120952327375,0.3729271838817611,-0.6759171594559245,0.7859574013605791,10 °C,0,TRUE,TRUE,0.055020120952327375,-0.6759171594559245,0.7859574013605791,0.055020120952327375,-0.6759171594559245,0.7859574013605791,1.6655766445121617e-4,-0.30880222149528613,0.48550870847173444
1.6786226415094325,10,0,37,0.053478314998907504,0.3729092946148598,-0.6774239024462176,0.7843805324440327,10 °C,0,TRUE,TRUE,0.053478314998907504,-0.6774239024462176,0.7843805324440327,0.053478314998907504,-0.6774239024462176,0.7843805324440327,1.529442467800751e-4,-0.3108719583860495,0.4825923342860822
1.717660377358489,10,0,37,0.051936509045487585,0.3729028812328436,-0.6789531381708858,0.782826156261861,10 °C,0,TRUE,TRUE,0.051936509045487585,-0.6789531381708858,0.782826156261861,0.051936509045487585,-0.6789531381708858,0.782826156261861,1.4009358997286038e-4,-0.3129820277995423,0.4797290129346753
1.7566981132075457,10,0,37,0.05039470309206773,0.3729079443278097,-0.6805048677904393,0.7812942739745747,10 °C,0,TRUE,TRUE,0.05039470309206773,-0.6805048677904393,0.7812942739745747,0.05039470309206773,-0.6805048677904393,0.7812942739745747,1.279837032611454e-4,-0.315132872706215,0.4769182308660743
1.7957358490566022,10,0,37,0.048852897138647856,0.3729244834323188,-0.6820790903886971,0.7797848846659927,10 °C,0,TRUE,TRUE,0.048852897138647856,-0.6820790903886971,0.7797848846659927,0.048852897138647856,-0.6820790903886971,0.7797848846659927,1.1659259587650188e-4,-0.31732494131267425,0.4741594797649958
1.8347735849056588,10,0,37,0.04731109118522794,0.3729524970196117,-0.683675802973211,0.7782979853436668,10 °C,0,TRUE,TRUE,0.04731109118522794,-0.683675802973211,0.7782979853436668,0.04731109118522794,-0.683675802973211,0.7782979853436668,1.0589827705050212e-4,-0.31955868706624685,0.47145225655687634
1.8738113207547156,10,0,37,0.04576928523180801,0.3729919825043128,-0.685295000476645,0.7768335709402611,10 °C,0,TRUE,TRUE,0.04576928523180801,-0.685295000476645,0.7768335709402611,0.04576928523180801,-0.685295000476645,0.7768335709402611,9.58787560147188e-5,-0.32183456865858673,0.4687960634114798
1.9128490566037721,10,0,37,0.044227479278388195,0.3730429362436236,-0.6869366757591141,0.7753916343158905,10 °C,0,TRUE,TRUE,0.044227479278388195,-0.6869366757591141,0.7753916343158905,0.044227479278388195,-0.6869366757591141,0.7753916343158905,8.651204200072506e-5,-0.3241530500283325,0.46619040774555504
1.9518867924528287,10,0,37,0.04268567332496828,0.37310535353900176,-0.6886008196114751,0.7739721662614117,10 °C,0,TRUE,TRUE,0.04268567332496828,-0.6886008196114751,0.7739721662614117,0.04268567332496828,-0.6886008196114751,0.7739721662614117,7.777614424009205e-5,-0.3265146003628088,0.4636348022245358
1.9909245283018853,10,0,37,0.04114386737154836,0.373179228638325,-0.6902874207595685,0.7725751555026653,10 °C,0,TRUE,TRUE,0.04114386737154836,-0.6902874207595685,0.7725751555026653,0.04114386737154836,-0.6902874207595685,0.7725751555026653,6.964907196439277e-5,-0.3289196940987703,0.4611287647632869
2.029962264150942,10,0,37,0.03960206141812849,0.3732645547385387,-0.6919964658694073,0.7712005887056643,10 °C,0,TRUE,TRUE,0.03960206141812849,-0.6919964658694073,0.7712005887056643,0.03960206141812849,-0.6919964658694073,0.7712005887056643,6.210883440519992e-5,-0.331368810922193,0.45867181852589434
2.068999999999998,10,0,37,0.03806025546470863,0.37336132398878213,-0.6937279395533044,0.7698484504827215,10 °C,0,TRUE,TRUE,0.03806025546470863,-0.6937279395533044,0.7698484504827215,0.03806025546470863,-0.6937279395533044,0.7698484504827215,5.5133440794085655e-5,-0.33386243576710684,0.4562634919244979
2.108037735849055,10,0,37,0.03651844951128876,0.3734695274939921,-0.6954818243769357,0.7685187233995133,10 °C,0,TRUE,TRUE,0.03651844951128876,-0.6954818243769357,0.7685187233995133,0.03651844951128876,-0.6954818243769357,0.7685187233995133,4.87009003626224e-5,-0.3364010588134785,0.4539033186171744
2.1470754716981113,10,0,37,0.034976643557868795,0.37358915531897824,-0.6972581008673285,0.7672113879830661,10 °C,0,TRUE,TRUE,0.034976643557868795,-0.6972581008673285,0.7672113879830661,0.034976643557868795,-0.6972581008673285,0.7672113879830661,4.278922234238218e-5,-0.33898517548413837,0.45159083750486323
2.186113207547168,10,0,37,0.03343483760444892,0.3737201964929672,-0.6990567475217668,0.7659264227306646,10 °C,0,TRUE,TRUE,0.03343483760444892,-0.6990567475217668,0.7659264227306646,0.03343483760444892,-0.6990567475217668,0.7659264227306646,3.7376415964938197e-5,-0.3416152864407609,0.44932559272734945
2.2251509433962244,10,0,37,0.03189303165102906,0.3738626390146106,-0.7008777408176077,0.7646638041196658,10 °C,0,TRUE,TRUE,0.03189303165102906,-0.7008777408176077,0.7646638041196658,0.03189303165102906,-0.7008777408176077,0.7646638041196658,3.24404904618625e-5,-0.3442918975789003,0.44710713365829746
2.2641886792452812,10,0,37,0.030351225697609136,0.3740164698574497,-0.7027210552229922,0.7634235066182106,10 °C,0,TRUE,TRUE,0.030351225697609136,-0.7027210552229922,0.7634235066182106,0.030351225697609136,-0.7027210552229922,0.7634235066182106,2.7959455064727323e-5,-0.3470155200220823,0.44493501489934195
2.3032264150943376,10,0,37,0.028809419744189275,0.3741816749758339,-0.7045866632084451,0.7622055026968236,10 °C,0,TRUE,TRUE,0.028809419744189275,-0.7045866632084451,0.7622055026968236,0.028809419744189275,-0.7045866632084451,0.7622055026968236,2.391131900510545e-5,-0.3497866701149612,0.4428087962732473
2.3422641509433944,10,0,37,0.027267613790769404,0.37435823931128487,-0.706474535259349,0.7610097628408877,10 °C,0,TRUE,TRUE,0.027267613790769404,-0.706474535259349,0.7610097628408877,0.027267613790769404,-0.706474535259349,0.7610097628408877,2.0274091514569085e-5,-0.35260586941554706,0.4407280428161339
2.3813018867924507,10,0,37,0.025725807837349495,0.3745461467992994,-0.7083846398892774,0.7598362555639763,10 °C,0,TRUE,TRUE,0.025725807837349495,-0.7083846398892774,0.7598362555639763,0.025725807837349495,-0.7083846398892774,0.7598362555639763,1.7025781824690604e-5,-0.3554736446865044,0.4386923247687757
2.4203396226415075,10,0,37,0.02418400188392957,0.37474538037658583,-0.7103169436541786,0.7586849474220377,10 °C,0,TRUE,TRUE,0.02418400188392957,-0.7103169436541786,0.7586849474220377,0.02418400188392957,-0.7103169436541786,0.7586849474220377,1.4144399167042497e-5,-0.3583905278855386,0.4367012175669881
2.459377358490564,10,0,37,0.022642195930509708,0.3749559219887242,-0.7122714111673897,0.7575558030284092,10 °C,0,TRUE,TRUE,0.022642195930509708,-0.7122714111673897,0.7575558030284092,0.022642195930509708,-0.7122714111673897,0.7575558030284092,1.160795277319732e-5,-0.36135705615486735,0.4347543018310991
2.4984150943396206,10,0,37,0.021100389977089837,0.37517775259824376,-0.7142480051154679,0.7564487850696476,10 °C,0,TRUE,TRUE,0.021100389977089837,-0.7142480051154679,0.7564487850696476,0.021100389977089837,-0.7142480051154679,0.7564487850696476,9.394451874727357e-6,-0.3643737718097921,0.4328511633545192
2.5374528301886774,10,0,37,0.01955858402366991,0.37541085219310893,-0.7162466862748236,0.7553638543221635,10 °C,0,TRUE,TRUE,0.01955858402366991,-0.7162466862748236,0.7553638543221635,0.01955858402366991,-0.7162466862748236,0.7553638543221635,7.481905703204982e-6,-0.3674412223263756,0.4309913930914213
2.5764905660377337,10,0,37,0.01801677807025005,0.37565519979560524,-0.7182674135291363,0.7543009696696363,10 °C,0,TRUE,TRUE,0.01801677807025005,-0.7182674135291363,0.7543009696696363,0.01801677807025005,-0.7182674135291363,0.7543009696696363,5.848323490202768e-6,-0.3705599603282365,0.42917458714353407
2.6155283018867905,10,0,37,0.016474972116830123,0.37591077347161583,-0.7203101438875369,0.7532600881211972,10 °C,0,TRUE,TRUE,0.016474972116830123,-0.7203101438875369,0.7532600881211972,0.016474972116830123,-0.7203101438875369,0.7532600881211972,4.471714467292994e-6,-0.3737305435724688,0.42740034674606125
2.654566037735847,10,0,37,0.014933166163410262,0.3761775503402793,-0.7223748325035372,0.7522411648303576,10 °C,0,TRUE,TRUE,0.014933166163410262,-0.7223748325035372,0.7522411648303576,0.014933166163410262,-0.7223748325035372,0.7522411648303576,3.3300878660482033e-6,-0.37695353493469813,0.42566827825273845
2.6936037735849037,10,0,37,0.013391360209990336,0.37645550658401955,-0.724461432694688,0.7512441531146686,10 °C,0,TRUE,TRUE,0.013391360209990336,-0.724461432694688,0.7512441531146686,0.013391360209990336,-0.724461432694688,0.7512441531146686,2.4014529180407193e-6,-0.3802295023932867,0.4239779931200377
2.73264150943396,10,0,37,0.011849554256570473,0.376744617458937,-0.726569895962946,0.750269004476087,10 °C,0,TRUE,TRUE,0.011849554256570473,-0.726569895962946,0.750269004476087,0.011849554256570473,-0.726569895962946,0.750269004476087,1.6638188548430433e-6,-0.3835590190126966,0.4223291078905313
2.771679245283017,10,0,37,0.01030774830315066,0.377044857305551,-0.7287001720157293,0.7493156686220306,10 °C,0,TRUE,TRUE,0.01030774830315066,-0.7287001720157293,0.7493156686220306,0.01030774830315066,-0.7287001720157293,0.7493156686220306,1.095194908027572e-6,-0.38694266292602575,0.4207212441754263
2.810716981132073,10,0,37,0.008765942349730639,0.3773561995598831,-0.7308522087876402,0.7483840934871014,10 °C,0,TRUE,TRUE,0.008765942349730639,-0.7308522087876402,0.7483840934871014,0.008765942349730639,-0.7308522087876402,0.7483840934871014,6.735903091666571e-7,-0.39038101731672625,0.4191540286362846
2.84975471698113,10,0,37,0.007224136396310824,0.3776786167648705,-0.7330259524628354,0.747474225255457,10 °C,0,TRUE,TRUE,0.007224136396310824,-0.7330259524628354,0.747474225255457,0.007224136396310824,-0.7330259524628354,0.747474225255457,3.770142898328347e-7,-0.39387467039952384,0.417627092965943
2.8887924528301863,10,0,37,0.005682330442890962,0.37801208058209745,-0.7352213474980199,0.746586008383802,10 °C,0,TRUE,TRUE,0.005682330442890962,-0.7352213474980199,0.746586008383802,0.005682330442890962,-0.7352213474980199,0.746586008383802,1.8347608159846038e-7,-0.39742421540054457,0.4161400738686369
2.927830188679243,10,0,37,0.004140524489471036,0.37835656180383437,-0.7374383366460443,0.7457193856249863,10 °C,0,TRUE,TRUE,0.004140524489471036,-0.7374383366460443,0.7457193856249863,0.004140524489471036,-0.7374383366460443,0.7457193856249863,7.098491603596552e-8,-0.40103025053667,0.4146926130393565
2.9668679245282994,10,0,37,0.0025987185360511742,0.378712030365374,-0.7396768609800818,0.7448742980521842,10 °C,0,TRUE,TRUE,0.0025987185360511742,-0.7396768609800818,0.7448742980521842,0.0025987185360511742,-0.7396768609800818,0.7448742980521842,1.7550024717782303e-8,-0.4046933789941307,0.41328435714244394
3.005905660377356,10,0,37,0.0010569125826312487,0.37907845535764984,-0.7419368599183623,0.7440506850836249,10 °C,0,TRUE,TRUE,0.0010569125826312487,-0.7419368599183623,0.7440506850836249,0.0010569125826312487,-0.7419368599183623,0.7440506850836249,1.1806392163280084e-9,-0.40841420890635516,0.4119149577894367
3.0449433962264125,10,0,37,-4.8489337078866097e-4,0.3794558050401285,-0.7442182712494404,0.7432484845078632,10 °C,0,TRUE,TRUE,-4.8489337078866097e-4,-0.7442182712494404,0.7432484845078632,-4.8489337078866097e-4,-0.7442182712494404,0.7432484845078632,-1.1400889597311855e-10,-0.4121933533310888,0.4105840715161901
3.0839811320754693,10,0,37,-0.0020266993242085865,0.37984404685396195,-0.7465210311579741,0.7424676325095568,10 °C,0,TRUE,TRUE,-0.0020266993242085865,-0.7465210311579741,0.7424676325095568,-0.0020266993242085865,-0.7465210311579741,0.7424676325095568,-8.32468804669995e-9,-0.4160314302267999,0.40929135975928194
3.1230188679245257,10,0,37,-0.0035685052776284485,0.38024314743538795,-0.7488450742509888,0.741708063695732,10 °C,0,TRUE,TRUE,-0.0035685052776284485,-0.7488450742509888,0.741708063695732,-0.0035685052776284485,-0.7488450742509888,0.741708063695732,-4.5442166663429044e-8,-0.41992906242838474,0.40803648883171967
3.1620566037735824,10,0,37,-0.005110311231048374,0.38065307262936693,-0.7511903335846075,0.7409697111225109,10 °C,0,TRUE,TRUE,-0.005110311231048374,-0.7511903335846075,0.7409697111225109,-0.005110311231048374,-0.7511903335846075,0.7409697111225109,-1.3345721317374176e-7,-0.4238868776221977,0.40681912989796637
3.201094339622639,10,0,37,-0.006652117184468237,0.3810737875034421,-0.7535567406912148,0.7402525063222783,10 °C,0,TRUE,TRUE,-0.006652117184468237,-0.7535567406912148,0.7402525063222783,-0.006652117184468237,-0.7535567406912148,0.7402525063222783,-2.9436059600520797e-7,-0.42790550832040813,0.4056389589483015
3.2401320754716956,10,0,37,-0.00819392313788805,0.38150525636181154,-0.7559442256070387,0.7395563793312626,10 °C,0,TRUE,TRUE,-0.00819392313788805,-0.7559442256070387,0.7395563793312626,-0.00819392313788805,-0.7559442256070387,0.7395563793312626,-5.501430835853966e-7,-0.43198559183471547,0.4044956567725349
3.279169811320752,10,0,37,-0.009735729091307961,0.38194744275959885,-0.7583527169001216,0.7388812587175058,10 °C,0,TRUE,TRUE,-0.009735729091307961,-0.7583527169001216,0.7388812587175058,-0.009735729091307961,-0.7583527169001216,0.7388812587175058,-9.227954443419133e-7,-0.4361277702494329,0.4033889089330888
3.3182075471698087,10,0,37,-0.011277535044727886,0.3824003095173108,-0.760782141698657,0.7382270716092013,10 °C,0,TRUE,TRUE,-0.011277535044727886,-0.760782141698657,0.7382270716092013,-0.011277535044727886,-0.760782141698657,0.7382270716092013,-1.4343084467023291e-6,-0.44033269039395645,0.40231840573746946
3.357245283018865,10,0,37,-0.0128193409981477,0.3828638187354685,-0.763232425719666,0.7375937437233705,10 °C,0,TRUE,TRUE,-0.0128193409981477,-0.763232425719666,0.7375937437233705,-0.0128193409981477,-0.763232425719666,0.7375937437233705,-2.106672859094165e-6,-0.4446010038146387,0.4012838422101393
3.396283018867922,10,0,37,-0.014361146951567627,0.38333793180940073,-0.765703493297993,0.7369811993948577,10 °C,0,TRUE,TRUE,-0.014361146951567627,-0.765703493297993,0.7369811993948577,-0.014361146951567627,-0.765703493297993,0.7369811993948577,-2.961879449945097e-6,-0.4489333667460874,0.4002849180638159
3.435320754716978,10,0,37,-0.015902952904987538,0.3838226094441864,-0.7681952674155929,0.7363893616056177,10 °C,0,TRUE,TRUE,-0.015902952904987538,-0.7681952674155929,0.7363893616056177,-0.015902952904987538,-0.7681952674155929,0.7363893616056177,-4.021918987682649e-6,-0.45333044008190304,0.3993213376702098
3.474358490566035,10,0,37,-0.01744475885840746,0.38431781166973344,-0.770707669731085,0.73581815201427,10 °C,0,TRUE,TRUE,-0.01744475885840746,-0.770707669731085,0.73581815201427,-0.01744475885840746,-0.770707669731085,0.73581815201427,-5.308782240734419e-6,-0.45779288934487483,0.3983928100302199
3.5133962264150913,10,0,37,-0.01898656481182737,0.38482349785598263,-0.7732406206095533,0.7352674909858986,10 °C,0,TRUE,TRUE,-0.01898656481182737,-0.7732406206095533,0.7352674909858986,-0.01898656481182737,-0.7732406206095533,0.7352674909858986,-6.844459977527963e-6,-0.462321384656655,0.3974990487436083
3.552433962264148,10,0,37,-0.020528370765247297,0.3853396267282237,-0.7757940391525657,0.7347372976220712,10 °C,0,TRUE,TRUE,-0.020528370765247297,-0.7757940391525657,0.7347372976220712,-0.020528370765247297,-0.7757940391525657,0.7347372976220712,-8.650942966490892e-6,-0.4669166007069284,0.3966397719781698
3.5914716981132044,10,0,37,-0.022070176718667112,0.38586615638251115,-0.7783678432283889,0.7342274897910548,10 °C,0,TRUE,TRUE,-0.022070176718667112,-0.7783678432283889,0.7342274897910548,-0.022070176718667112,-0.7783678432283889,0.7342274897910548,-1.0750221976050605e-5,-0.47157921672209613,0.3958147024384158
3.6305094339622612,10,0,37,-0.023611982672086924,0.3864030443011688,-0.7809619495023777,0.7337379841582038,10 °C,0,TRUE,TRUE,-0.023611982672086924,-0.7809619495023777,0.7337379841582038,-0.023611982672086924,-0.7809619495023777,0.7337379841582038,-1.3164287774634793e-5,-0.47630991643349435,0.3950235673337913
3.6695471698113176,10,0,37,-0.025153788625506948,0.3869502473683688,-0.7835762734675098,0.7332686962164958,10 °C,0,TRUE,TRUE,-0.025153788625506948,-0.7835762734675098,0.7332686962164958,-0.025153788625506948,-0.7835762734675098,0.7332686962164958,-1.5915131130671435e-5,-0.4811093880451575,0.3942660983464409
3.7085849056603744,10,0,37,-0.02669559457892676,0.3875077218857777,-0.7862107294750511,0.7328195403171975,10 °C,0,TRUE,TRUE,-0.02669559457892676,-0.7862107294750511,0.7328195403171975,-0.02669559457892676,-0.7862107294750511,0.7328195403171975,-1.9024742812587356e-5,-0.4859783242011615,0.3935420315985514
3.747622641509431,10,0,37,-0.028237400532346687,0.38807542358825203,-0.7888652307653207,0.7323904297006273,10 °C,0,TRUE,TRUE,-0.028237400532346687,-0.7888652307653207,0.7323904297006273,-0.028237400532346687,-0.7888652307653207,0.7323904297006273,-2.251511358881075e-5,-0.490917421952548,0.3928511076192731
3.7866603773584875,10,0,37,-0.029779206485766502,0.3886533076595769,-0.7915396894985371,0.7319812765270042,10 °C,0,TRUE,TRUE,-0.029779206485766502,-0.7915396894985371,0.7319812765270042,-0.029779206485766502,-0.7915396894985371,0.7319812765270042,-2.6408234227768693e-5,-0.49592738272385845,0.39219307131125813
3.8256981132075443,10,0,37,-0.031321012439186426,0.3892413287482341,-0.7942340167857251,0.7315919919073524,10 °C,0,TRUE,TRUE,-0.031321012439186426,-0.7942340167857251,0.7315919919073524,-0.031321012439186426,-0.7942340167857251,0.7315919919073524,-3.072609549788931e-5,-0.5010089122792969,0.3915676719168198
3.8647358490566006,10,0,37,-0.03286281839260634,0.38983944098318785,-0.7969481227196544,0.7312224859344418,10 °C,0,TRUE,TRUE,-0.03286281839260634,-0.7969481227196544,0.7312224859344418,-0.03286281839260634,-0.7969481227196544,0.7312224859344418,-3.5490688167599884e-5,-0.5061627206885313,0.39097466298373623
3.9037735849056574,10,0,37,-0.034404624346026265,0.39044759798967965,-0.7996819164057984,0.7308726677137458,10 °C,0,TRUE,TRUE,-0.034404624346026265,-0.7996819164057984,0.7308726677137458,-0.034404624346026265,-0.7996819164057984,0.7308726677137458,-4.0724003005328074e-5,-0.5113895222921652,0.39041380233072015
3.9428113207547137,10,0,37,-0.03594643029944617,0.3910657529050187,-0.8024353059932828,0.7305424453943904,10 °C,0,TRUE,TRUE,-0.03594643029944617,-0.8024353059932828,0.7305424453943904,-0.03594643029944617,-0.8024353059932828,0.7305424453943904,-4.6448030779501337e-5,-0.5166900356668838,0.38988485201256773
3.9818490566037705,10,0,37,-0.037488236252865986,0.39169385839435933,-0.8052081987058103,0.7302317262000783,10 °C,0,TRUE,TRUE,-0.037488236252865986,-0.8052081987058103,0.7302317262000783,-0.037488236252865986,-0.8052081987058103,0.7302317262000783,-5.2684762258546944e-5,-0.522064983590306,0.3893875782850078
4.020886792452827,10,0,37,-0.03903004220628591,0.3923318666664539,-0.8080005008725356,0.7299404164599638,10 °C,0,TRUE,TRUE,-0.03903004220628591,-0.8080005008725356,0.7299404164599638,-0.03903004220628591,-0.8080005008725356,0.7299404164599638,-5.945618821089329e-5,-0.5275150930055493,0.38892175156926667
4.059924528301884,10,0,37,-0.04057184815970573,0.39297972948937265,-0.8108121179588761,0.7296684216394647,10 °C,0,TRUE,TRUE,-0.04057184815970573,-0.8108121179588761,0.7296684216394647,-0.04057184815970573,-0.8108121179588761,0.7296684216394647,-6.678429940496697e-5,-0.5330410949855338,0.3884871464163751
4.0989622641509404,10,0,37,-0.042113654113125655,0.39363739820617816,-0.8136429545972348,0.7294156463709836,10 °C,0,TRUE,TRUE,-0.042113654113125655,-0.8136429545972348,0.7294156463709836,-0.042113654113125655,-0.8136429545972348,0.7294156463709836,-7.469108660919664e-5,-0.5386437246970383,0.38808354147122126
4.137999999999996,10,0,37,-0.04365546006654545,0.3943048237505478,-0.8164929146176191,0.7291819944845283,10 °C,0,TRUE,TRUE,-0.04365546006654545,-0.8164929146176191,0.7291819944845283,-0.04365546006654545,-0.8164929146176191,0.7291819944845283,-8.319854059200859e-5,-0.544323721364529,0.3877107194363819
4.177037735849053,10,0,37,-0.045197266019965376,0.39498195666233227,-0.8193619010781366,0.7289673690382059,10 °C,0,TRUE,TRUE,-0.045197266019965376,-0.8193619010781366,0.7289673690382059,-0.045197266019965376,-0.8193619010781366,0.7289673690382059,-9.232865212183185e-5,-0.550081828233778,0.38736846703573796
4.21607547169811,10,0,37,-0.0467390719733853,0.395668747103042,-0.8222498162953477,0.728771672348577,10 °C,0,TRUE,TRUE,-0.0467390719733853,-0.8222498162953477,0.728771672348577,-0.0467390719733853,-0.8222498162953477,0.728771672348577,-1.0210341196709335e-4,-0.555918792535283,0.38705657497789714
4.255113207547167,10,0,37,-0.04828087792680523,0.39636514487125374,-0.8251565618744625,0.728594806020852,10 °C,0,TRUE,TRUE,-0.04828087792680523,-0.8251565618744625,0.728594806020852,-0.04828087792680523,-0.8251565618744625,0.728594806020852,-1.125448108962206e-4,-0.5618353654475166,0.3867748379194428
4.294150943396223,10,0,37,-0.04982268388022512,0.3970710994179273,-0.8280820387393626,0.7284366709789123,10 °C,0,TRUE,TRUE,-0.04982268388022512,-0.8280820387393626,0.7284366709789123,-0.04982268388022512,-0.8280820387393626,0.7284366709789123,-1.2367483967764097e-4,-0.5678323020600149,0.3865230544280204
4.333188679245279,10,0,37,-0.05136448983364505,0.3977865598616242,-0.8310261471624285,0.7282971674951384,10 °C,0,TRUE,TRUE,-0.05136448983364505,-0.8310261471624285,0.7282971674951384,-0.05136448983364505,-0.8310261471624285,0.7282971674951384,-1.355154890797825e-4,-0.5739103613363188,0.38630102694528073
4.372226415094336,10,0,37,-0.052906295787064975,0.3985114750036216,-0.8339887867941633,0.7281761952200334,10 °C,0,TRUE,TRUE,-0.052906295787064975,-0.8339887867941633,0.7281761952200334,-0.052906295787064975,-0.8339887867941633,0.7281761952200334,-1.480887498710726e-4,-0.5800703060767932,0.38610856174969865
4.411264150943393,10,0,37,-0.05444810174048479,0.39924579334291205,-0.8369698566925924,0.7280736532116229,10 °C,0,TRUE,TRUE,-0.05444810174048479,-0.8369698566925924,0.7280736532116229,-0.05444810174048479,-0.8369698566925924,0.7280736532116229,-1.6141661281993775e-4,-0.5863129028813331,0.38594546891927933
4.450301886792449,10,0,37,-0.055989907693904696,0.3999894630910831,-0.8399692553524275,0.7279894399646182,10 °C,0,TRUE,TRUE,-0.055989907693904696,-0.8399692553524275,0.7279894399646182,-0.055989907693904696,-0.8399692553524275,0.7279894399646182,-1.7552106869480735e-4,-0.5926389221119776,0.38581156229417074
4.489339622641506,10,0,37,-0.05753171364732451,0.40074243218706845,-0.8429868807339786,0.7279234534393297,10 °C,0,TRUE,TRUE,-0.05753171364732451,-0.8429868807339786,0.7279234534393297,-0.05753171364732451,-0.8429868807339786,0.7279234534393297,-1.9042410826410728e-4,-0.5990491378554406,0.38570665943919774
4.5283773584905624,10,0,37,-0.05907351960074444,0.4015046483117647,-0.8460226302918032,0.7278755910903143,10 °C,0,TRUE,TRUE,-0.05907351960074444,-0.8460226302918032,0.7278755910903143,-0.05907351960074444,-0.8460226302918032,0.7278755910903143,-2.0614772229626707e-4,-0.6055443278855825,0.3856305816063296
4.567415094339619,10,0,37,-0.060615325554164365,0.40227605890250684,-0.8490764010030778,0.727845749894749,10 °C,0,TRUE,TRUE,-0.060615325554164365,-0.8490764010030778,0.727845749894749,-0.060615325554164365,-0.8490764010030778,0.727845749894749,-2.2271390155971328e-4,-0.6121252736258319,0.3855831536971054
4.606452830188675,10,0,37,-0.06215713150758416,0.40305661116739533,-0.852148089395679,0.7278338263805106,10 °C,0,TRUE,TRUE,-0.06215713150758416,-0.852148089395679,0.7278338263805106,-0.06215713150758416,-0.852148089395679,0.7278338263805106,-2.4014463682287194e-4,-0.6187927601115696,0.3855642042250162
4.645490566037732,10,0,37,-0.0636989374610041,0.4038462520994708,-0.8552375915759668,0.7278397166539586,10 °C,0,TRUE,TRUE,-0.0636989374610041,-0.8552375915759668,0.7278397166539586,-0.0636989374610041,-0.8552375915759668,0.7278397166539586,-2.584619188541737e-4,-0.625547575952502,0.3855735652778773
4.684528301886789,10,0,37,-0.06524074341442401,0.4046449284907278,-0.8583448032562505,0.7278633164274025,10 °C,0,TRUE,TRUE,-0.06524074341442401,-0.8583448032562505,0.7278633164274025,-0.06524074341442401,-0.8583448032562505,0.7278633164274025,-2.7768773842204447e-4,-0.6323905132950175,0.3856110724801874
4.7235660377358455,10,0,37,-0.06678254936784393,0.4054525869459655,-0.8614696197819363,0.7279045210462485,10 °C,0,TRUE,TRUE,-0.06678254936784393,-0.8614696197819363,0.7279045210462485,-0.06678254936784393,-0.8614696197819363,0.7279045210462485,-2.9784408629491193e-4,-0.6393223677845619,0.38567656495550207
4.762603773584901,10,0,37,-0.06832435532126384,0.40626917389646694,-0.864611936158339,0.7279632255158114,10 °C,0,TRUE,TRUE,-0.06832435532126384,-0.864611936158339,0.7279632255158114,-0.06832435532126384,-0.864611936158339,0.7279632255158114,-3.1895295324120353e-4,-0.6463439385280294,0.3857698852888257
4.801641509433958,10,0,37,-0.06986616127468376,0.40709463561350473,-0.867771647077153,0.7280393245277854,10 °C,0,TRUE,TRUE,-0.06986616127468376,-0.867771647077153,0.7280393245277854,-0.06986616127468376,-0.867771647077153,0.7280393245277854,-3.4103633002934713e-4,-0.6534560280561927,0.3858908794890403
4.840679245283015,10,0,37,-0.07140796722810357,0.40792891822166666,-0.8709486469425702,0.728132712486363,10 °C,0,TRUE,TRUE,-0.07140796722810357,-0.8709486469425702,0.728132712486363,-0.07140796722810357,-0.8709486469425702,0.728132712486363,-3.641162074277685e-4,-0.6606594422861776,0.3860393969513825
4.879716981132072,10,0,37,-0.0729497731815235,0.4087719677119981,-0.8741428298970397,0.7282432835339927,10 °C,0,TRUE,TRUE,-0.0729497731815235,-0.8741428298970397,0.7282432835339927,-0.0729497731815235,-0.8741428298970397,0.7282432835339927,-3.882145762048988e-4,-0.6679549904840022,0.3862152904199793
4.918754716981128,10,0,37,-0.0744915791349434,0.4096237299549563,-0.8773540898466577,0.7283709315767709,10 °C,0,TRUE,TRUE,-0.0744915791349434,-0.8773540898466577,0.7283709315767709,-0.0744915791349434,-0.8773540898466577,0.7283709315767709,-4.133534271291632e-4,-0.6753434852271847,0.3864184159504591
4.957792452830184,10,0,37,-0.07603338508836323,0.4104841507131738,-0.8805823204861838,0.7285155503094574,10 °C,0,TRUE,TRUE,-0.07603338508836323,-0.8805823204861838,0.7285155503094574,-0.07603338508836323,-0.8805823204861838,0.7285155503094574,-4.395547509689883e-4,-0.6828257423674378,0.3866486328726451
4.996830188679241,10,0,37,-0.07757519104178315,0.41135317565402707,-0.8838274153236761,0.7286770332401099,10 °C,0,TRUE,TRUE,-0.07757519104178315,-0.8838274153236761,0.7286770332401099,-0.07757519104178315,-0.8838274153236761,0.7286770332401099,-4.668405384928049e-4,-0.6904025809934632,0.3869058037533476
5.035867924528298,10,0,37,-0.07911699699520307,0.4122307503620061,-0.8870892677047351,0.728855273714329,10 °C,0,TRUE,TRUE,-0.07911699699520307,-0.8870892677047351,0.728855273714329,-0.07911699699520307,-0.8870892677047351,0.728855273714329,-4.952327804690388e-4,-0.6980748233938436,0.38718979435925976
5.074905660377355,10,0,37,-0.080658802948623,0.4131168203508844,-0.8903677708363564,0.7290501649391103,10 °C,0,TRUE,TRUE,-0.080658802948623,-0.8903677708363564,0.7290501649391103,-0.080658802948623,-0.8903677708363564,0.7290501649391103,-5.247534676661178e-4,-0.7058432950200629,0.38750047361997514
5.113943396226411,10,0,37,-0.0822006089020428,0.41401133107568405,-0.8936628178103836,0.7292616000062979,10 °C,0,TRUE,TRUE,-0.0822006089020428,-0.8936628178103836,0.7292616000062979,-0.0822006089020428,-0.8936628178103836,0.7292616000062979,-5.554245908524666e-4,-0.7137088244496497,0.38783771359113334
5.1529811320754675,10,0,37,-0.08374241485546273,0.41491422794443555,-0.8969743016265564,0.729489471915631,10 °C,0,TRUE,TRUE,-0.08374241485546273,-0.8969743016265564,0.729489471915631,-0.08374241485546273,-0.8969743016265564,0.729489471915631,-5.872681407965182e-4,-0.7216722433494626,0.38820138941770127
5.192018867924524,10,0,37,-0.08528422080888254,0.41582545632972845,-0.9003021152151502,0.7297336735973852,10 °C,0,TRUE,TRUE,-0.08528422080888254,-0.9003021152151502,0.7297336735973852,-0.08528422080888254,-0.9003021152151502,0.7297336735973852,-6.203061082666947e-4,-0.7297343864391189,0.38859137929740767
5.231056603773581,10,0,37,-0.08682602676230246,0.4167449615800525,-0.9036461514592052,0.72999409793460035,10 °C,0,TRUE,TRUE,-0.08682602676230246,-0.9036461514592052,0.72999409793460035,-0.08682602676230246,-0.9036461514592052,0.72999409793460035,-6.545604840314289e-4,-0.7378960914545906,0.38900756444433265
5.270094339622637,10,0,37,-0.08836783271572238,0.4176726890309257,-0.9070063032163367,0.730270637784892,10 °C,0,TRUE,TRUE,-0.08836783271572238,-0.9070063032163367,0.730270637784892,-0.08836783271572238,-0.9070063032163367,0.730270637784892,-6.900532588591457e-4,-0.7461581991119556,0.3894498290526649
5.309132075471694,10,0,37,-0.08990963866914219,0.4186085840158105,-0.9103824633401307,0.7305631860018464,10 °C,0,TRUE,TRUE,-0.08990963866914219,-0.9103824633401307,0.7305631860018464,-0.08990963866914219,-0.9103824633401307,0.7305631860018464,-7.268064235182703e-4,-0.7545215530713367,0.3899180602606376
5.3481698113207505,10,0,37,-0.0914514446225621,0.4195525918768134,-0.9137745247011162,0.7308716354559921,10 °C,0,TRUE,TRUE,-0.0914514446225621,-0.9137745247011162,0.7308716354559921,-0.0914514446225621,-0.9137745247011162,0.7308716354559921,-7.648419687772356e-4,-0.7629869999010188,0.3904121481146444
5.387207547169807,10,0,37,-0.09299325057598204,0.4205046579751698,-0.9171823802073148,0.7311958790553507,10 °C,0,TRUE,TRUE,-0.09299325057598204,-0.9171823802073148,0.7311958790553507,-0.09299325057598204,-0.9171823802073148,0.7311958790553507,-8.041818854044667e-4,-0.7715553890417602,0.39093198553355357
5.426245283018863,10,0,37,-0.09453505652940195,0.421464727701512,-0.9206059228243655,0.7315358097655615,10 °C,0,TRUE,TRUE,-0.09453505652940195,-0.9206059228243655,0.7315358097655615,-0.09453505652940195,-0.9206059228243655,0.7315358097655615,-8.448481641683901e-4,-0.7802275727713035,0.39147746827321844
5.46528301886792,10,0,37,-0.09607686248282177,0.4224327464859196,-0.9240450455952242,0.7318913206295806,10 °C,0,TRUE,TRUE,-0.09607686248282177,-0.9240450455952242,0.7318913206295806,-0.09607686248282177,-0.9240450455952242,0.7318913206295806,-8.868627958374322e-4,-0.7890044061690966,0.392048494891197
5.504320754716977,10,0,37,-0.09761866843624158,0.423408659807753,-0.9274996416594374,0.7322623047869543,10 °C,0,TRUE,TRUE,-0.09761866843624158,-0.9274996416594374,0.7322623047869543,-0.09761866843624158,-0.9274996416594374,0.7322623047869543,-9.302477711800217e-4,-0.7978867470812315,0.39264496671169014
5.543358490566034,10,0,37,-0.09916047438966161,0.4243924132052672,-0.9309696042719853,0.7326486554926621,10 °C,0,TRUE,TRUE,-0.09916047438966161,-0.9309696042719853,0.7326486554926621,-0.09916047438966161,-0.9309696042719853,0.7326486554926621,-9.750250809645935e-4,-0.8068754560855961,0.39326678779069507
5.5823962264150895,10,0,37,-0.1007022803430814,0.42538395228500997,-0.9344548268217009,0.7330502661355381,10 °C,0,TRUE,TRUE,-0.1007022803430814,-0.9344548268217009,0.7330502661355381,-0.1007022803430814,-0.9344548268217009,0.7330502661355381,-0.0010212167159595617,-0.8159713964572645,0.3939138648813974
5.621433962264146,10,0,37,-0.10224408629650143,0.4263832227309998,-0.937955202849261,0.7334670302562583,10 °C,0,TRUE,TRUE,-0.10224408629650143,-0.937955202849261,0.7334670302562583,-0.10224408629650143,-0.937955202849261,0.7334670302562583,-0.0010688446669333681,-0.825175434134118,0.3945861073997869
5.660471698113203,10,0,37,-0.10378589224992124,0.4273901703136886,-0.941470626064751,0.7338988415649084,10 °C,0,TRUE,TRUE,-0.10378589224992124,-0.941470626064751,0.7338988415649084,-0.10378589224992124,-0.941470626064751,0.7338988415649084,-0.0011179309246544264,-0.8344884376827082,0.39528342739052597
5.69950943396226,10,0,37,-0.10532769820334129,0.42840474089870506,-0.9450009903648032,0.7343455939581206,10 °C,0,TRUE,TRUE,-0.10532769820334129,-0.9450009903648032,0.7343455939581206,-0.10532769820334129,-0.9450009903648032,0.7343455939581206,-0.0011684974798911783,-0.8439112782643658,0.3960057394930547
5.738547169811316,10,0,37,-0.10686950415676097,0.42942688045538324,-0.9485461898493122,0.7348071815357902,10 °C,0,TRUE,TRUE,-0.10686950415676097,-0.9485461898493122,0.7348071815357902,-0.10686950415676097,-0.9485461898493122,0.7348071815357902,-0.0012205663234120317,-0.8534448296015615,0.3967529609079551
5.7775849056603725,10,0,37,-0.10841131011018101,0.43045653506507475,-0.9521061188377276,0.7352834986173655,10 °C,0,TRUE,TRUE,-0.10841131011018101,-0.9521061188377276,0.7352834986173655,-0.10841131011018101,-0.9521061188377276,0.7352834986173655,-0.0012741594459854387,-0.8630899679445277,0.3975250113635667
5.816622641509429,10,0,37,-0.10995311606360082,0.43149365092924663,-0.9556806718849242,0.7357744397577226,10 °C,0,TRUE,TRUE,-0.10995311606360082,-0.9556806718849242,0.7357744397577226,-0.10995311606360082,-0.9556806718849242,0.7357744397577226,-0.0013292988383798066,-0.8728475720381348,0.3983218130828718
5.855660377358486,10,0,37,-0.11149492201702063,0.4325381743773648,-0.9592697437966556,0.7362798997626144,10 °C,0,TRUE,TRUE,-0.11149492201702063,-0.9592697437966556,0.7362798997626144,-0.11149492201702063,-0.9592697437966556,0.7362798997626144,-0.0013860064913635704,-0.8827185230890396,0.39914329075063665
5.894698113207542,10,0,37,-0.11303672797044055,0.4335900518745663,-0.9628732296445904,0.7367997737037094,10 °C,0,TRUE,TRUE,-0.11303672797044055,-0.9628732296445904,0.7367997737037094,-0.11303672797044055,-0.9628732296445904,0.7367997737037094,-0.0014443043957051626,-0.8927037047331041,0.39998937148083286
5.933735849056599,10,0,37,-0.11457853392386036,0.43464923002912037,-0.9664910247809362,0.7373339569332156,10 °C,0,TRUE,TRUE,-0.11457853392386036,-0.9664910247809362,0.7373339569332156,-0.11457853392386036,-0.9664910247809362,0.7373339569332156,-0.001504214542173002,-0.9028040030030888,0.4008599847843313
5.972773584905656,10,0,37,-0.1161203398772804,0.43571565559967884,-0.9701230248526509,0.73788234509809,10 °C,0,TRUE,TRUE,-0.1161203398772804,-0.9701230248526509,0.73788234509809,-0.1161203398772804,-0.9701230248526509,0.73788234509809,-0.0015657589215355297,-0.9130203062966225,0.40175506253686827
6.011811320754712,10,0,37,-0.11766214583070021,0.43678927550231955,-0.9737691258152466,0.7384448341538461,10 °C,0,TRUE,TRUE,-0.11766214583070021,-0.9737691258152466,0.7384448341538461,-0.11766214583070021,-0.9737691258152466,0.7384448341538461,-0.001628959524561155,-0.9233535053444505,0.4026745389473024
6.050849056603768,10,0,37,-0.11920395178412022,0.4378700368173837,-0.9774292239461922,0.7390213203779518,10 °C,0,TRUE,TRUE,-0.11920395178412022,-0.9774292239461922,0.7390213203779518,-0.11920395178412022,-0.9774292239461922,0.7390213203779518,-0.0016938383420183225,-0.9338044931789796,0.40361835052614814
6.089886792452825,10,0,37,-0.12074575773754004,0.4389578867961085,-0.9811032158579126,0.7396117003828325,10 °C,0,TRUE,TRUE,-0.12074575773754004,-0.9811032158579126,0.7396117003828325,-0.12074575773754004,-0.9811032158579126,0.7396117003828325,-0.0017604173646754446,-0.9443741651030992,0.40458643605440653
6.128924528301882,10,0,37,-0.12228756369096007,0.4400527728670574,-0.9847909985103925,0.7402158711284724,10 °C,0,TRUE,TRUE,-0.12228756369096007,-0.9847909985103925,0.7402158711284724,-0.12228756369096007,-0.9847909985103925,0.7402158711284724,-0.001828718583300965,-0.9550634186593022,0.40557873655267807
6.167962264150939,10,0,37,-0.12382936964437988,0.4411546426423499,-0.9884924692233856,0.7408337299346259,10 °C,0,TRUE,TRUE,-0.12382936964437988,-0.9884924692233856,0.7408337299346259,-0.12382936964437988,-0.9884924692233856,0.7408337299346259,-0.0018987639886632927,-0.9658731535990884,0.40659519525057447
6.2069999999999945,10,0,37,-0.12537117559779978,0.44226344392369266,-0.9922075256882373,0.7414651744926378,10 °C,0,TRUE,TRUE,-0.12537117559779978,-0.9922075256882373,0.7414651744926378,-0.12537117559779978,-0.9922075256882373,0.7414651744926378,-0.001970575571530869,-0.9768042718526743,0.4076357575564211
0,15,0,37,0.21535188598197613,0.3767684278116433,-0.5231142325288447,0.9538180044927971,15 °C,0,TRUE,FALSE,0.21535188598197613,-0.5231142325288447,0.9538180044927971,NA,NA,NA,0.009987252698437461,-0.14314942520362955,0.867753847721079
0.03903773584905657,15,0,37,0.2164266936715197,0.3764317563010469,-0.5213795486785323,0.9542329360215717,15 °C,0,TRUE,FALSE,0.2164266936715197,-0.5213795486785323,0.9542329360215717,NA,NA,NA,0.01013753751723539,-0.1417300614346278,0.8688868157030673
0.07807547169811314,15,0,37,0.2175015013610633,0.3761002223044805,-0.5196549343557184,0.954657937077845,15 °C,0,TRUE,FALSE,0.2175015013610633,-0.5196549343557184,0.954657937077845,NA,NA,NA,0.010289322447756197,-0.14032826845793792,0.8700483003754182
0.11711320754716972,15,0,37,0.2185763090506069,0.3757738394199683,-0.517940416212531,0.9550930343137447,15 °C,0,TRUE,FALSE,0.2185763090506069,-0.517940416212531,0.9550930343137447,NA,NA,NA,0.01044261493978154,-0.13894387423627583,0.8712384486584581
0.1561509433962263,15,0,37,0.2196511167401505,0.3754526210811749,-0.5162360205789522,0.9555382540592532,15 °C,0,TRUE,FALSE,0.2196511167401505,-0.5162360205789522,0.9555382540592532,NA,NA,NA,0.01059742244309309,-0.137576707931401,0.8724574086715563
0.19518867924528285,15,0,37,0.22072592442969408,0.3751365805548428,-0.5145417734577977,0.9559936223171859,15 °C,0,TRUE,FALSE,0.22072592442969408,-0.5145417734577977,0.9559936223171859,NA,NA,NA,0.010753752407472509,-0.136226599905885,0.8737053297348939
0.23422641509433945,15,0,37,0.22180073211923768,0.3748257309382473,-0.512857700519727,0.9564591647582024,15 °C,0,TRUE,FALSE,0.22180073211923768,-0.512857700519727,0.9564591647582024,NA,NA,NA,0.010911612282701473,-0.13489338172477636,0.8749823623711293
0.273264150943396,15,0,37,0.22287553980878128,0.3745200851566686,-0.5111838270982892,0.9569349067158518,15 °C,0,TRUE,FALSE,0.22287553980878128,-0.5111838270982892,0.9569349067158518,NA,NA,NA,0.011071009518561645,-0.13357688615716148,0.876288658306959
0.3123018867924526,15,0,37,0.22395034749832488,0.37421965596088214,-0.5095201781850041,0.9574208731816538,15 °C,0,TRUE,FALSE,0.22395034749832488,-0.5095201781850041,0.9574208731816538,NA,NA,NA,0.011231951564834695,-0.13227694717762023,0.8776243704745732
0.35133962264150914,15,0,37,0.22502515518786845,0.3739244559246683,-0.5078667784244814,0.9579170888002183,15 °C,0,TRUE,TRUE,0.22502515518786845,-0.5078667784244814,0.9579170888002183,0.22502515518786845,-0.5078667784244814,0.9579170888002183,0.011394445871302285,-0.13099339996757564,0.8789896530130041
0.3903773584905657,15,0,37,0.22609996287741202,0.3736344974423441,-0.5062236521095824,0.9584235778644066,15 °C,0,TRUE,TRUE,0.22609996287741202,-0.5062236521095824,0.9584235778644066,0.22609996287741202,-0.5062236521095824,0.9584235778644066,0.011558499887746087,-0.12972608091653826,0.8803846612693728
0.42941509433962227,15,0,37,0.22717477056695565,0.3733497927263152,-0.5045908231766221,0.9589403643105334,15 °C,0,TRUE,TRUE,0.22717477056695565,-0.5045908231766221,0.9589403643105334,0.22717477056695565,-0.5045908231766221,0.9589403643105334,0.011724121063947776,-0.12847482762324172,0.8818095518000222
0.4684528301886789,15,0,37,0.22824957825649925,0.3730703538046512,-0.502968315200617,0.9594674717136156,15 °C,0,TRUE,TRUE,0.22824957825649925,-0.502968315200617,0.9594674717136156,0.22824957825649925,-0.502968315200617,0.9594674717136156,0.01189131684968901,-0.12723947889667203,0.8832644823715489
0.5074905660377355,15,0,37,0.22932438594604282,0.37279619251868484,-0.5013561513905795,0.9600049232826651,15 °C,0,TRUE,TRUE,0.22932438594604282,-0.5013561513905795,0.9600049232826651,0.22932438594604282,-0.5013561513905795,0.9600049232826651,0.012060094694751456,-0.12601987475698714,0.88474961196172
0.546528301886792,15,0,37,0.2303991936355864,0.372527320520636,-0.49975435458486017,0.9605527418560329,15 °C,0,TRUE,TRUE,0.2303991936355864,-0.49975435458486017,0.9605527418560329,0.2303991936355864,-0.49975435458486017,0.9605527418560329,0.012230462048916783,-0.12481585643632744,0.8862651007602865
0.5855660377358486,15,0,37,0.23147400132513,0.3722637492712615,-0.49816294724654253,0.9611109498968025,15 °C,0,TRUE,TRUE,0.23147400132513,-0.49816294724654253,0.9611109498968025,0.23147400132513,-0.49816294724654253,0.9611109498968025,0.012402426361966664,-0.12362726637951804,0.8878111101696834
0.6246037735849052,15,0,37,0.2325488090146736,0.37200549003753175,-0.4965819514588886,0.9616795694882357,15 °C,0,TRUE,TRUE,0.2325488090146736,-0.4965819514588886,0.9616795694882357,0.2325488090146736,-0.4965819514588886,0.9616795694882357,0.012575995083682765,-0.1224539482446586,0.8893878028056194
0.6636415094339617,15,0,37,0.2336236167042172,0.3717525538903363,-0.49501138892084195,0.9622586223292763,15 °C,0,TRUE,TRUE,0.2336236167042172,-0.49501138892084195,0.9622586223292763,0.2336236167042172,-0.49501138892084195,0.9622586223292763,0.012751175663846754,-0.12129574690360503,0.8909953424975618
0.7026792452830183,15,0,37,0.23469842439376076,0.3715049517022165,-0.4934512809425835,0.962848129730105,15 °C,0,TRUE,TRUE,0.23469842439376076,-0.4934512809425835,0.962848129730105,0.23469842439376076,-0.4934512809425835,0.962848129730105,0.01292797555224029,-0.12015250844233676,0.8926338942890988
0.7417169811320748,15,0,37,0.23577323208330433,0.3712626941451304,-0.49190164844115125,0.96344811260776,15 °C,0,TRUE,TRUE,0.23577323208330433,-0.49190164844115125,0.96344811260776,0.23577323208330433,-0.49190164844115125,0.96344811260776,0.013106402198645046,-0.11902408016121614,0.8943036244382033
0.7807547169811314,15,0,37,0.23684803977284793,0.37102579168824734,-0.4903625119361168,0.9640585914818127,15 °C,0,TRUE,TRUE,0.23684803977284793,-0.4903625119361168,0.9640585914818127,0.23684803977284793,-0.4903625119361168,0.9640585914818127,0.013286463052842697,-0.11791031057513303,0.8960047004173745
0.819792452830188,15,0,37,0.23792284746239153,0.370794254595775,-0.4888338915453274,0.9646795864701105,15 °C,0,TRUE,TRUE,0.23792284746239153,-0.4888338915453274,0.9646795864701105,0.23792284746239153,-0.4888338915453274,0.9646795864701105,0.013468165564614906,-0.1168110494135389,0.897737290913674
0.8588301886792445,15,0,37,0.23899765515193513,0.37056809292481957,-0.4873158069807112,0.9653111172845815,15 °C,0,TRUE,TRUE,0.23899765515193513,-0.4873158069807112,0.9653111172845815,0.23899765515193513,-0.4873158069807112,0.9653111172845815,0.013651517183743337,-0.11572614762036727,0.8995015658286456
0.8978679245283011,15,0,37,0.24007246284147873,0.3703473165232801,-0.48580827754415024,0.9659532032271078,15 °C,0,TRUE,TRUE,0.24007246284147873,-0.48580827754415024,0.9659532032271078,0.24007246284147873,-0.48580827754415024,0.9659532032271078,0.013836525360009662,-0.1146554573538422,0.9012976962781226
0.9369056603773578,15,0,37,0.2411472705310223,0.37013193502777786,-0.48431132212342226,0.9666058631854668,15 °C,0,TRUE,TRUE,0.2411472705310223,-0.48431132212342226,0.9666058631854668,0.2411472705310223,-0.48431132212342226,0.9666058631854668,0.014023197543195542,-0.11359883198617352,0.9031258545919248
0.9759433962264144,15,0,37,0.2422220782205659,0.3699219578616216,-0.4828249591882124,0.9672691156293443,15 °C,0,TRUE,TRUE,0.2422220782205659,-0.4828249591882124,0.9672691156293443,0.2422220782205659,-0.4828249591882124,0.9672691156293443,0.014211541183082654,-0.11255612610313863,0.9049862143134407
1.014981132075471,15,0,37,0.24329688591010948,0.36971739423281014,-0.4813492067861984,0.9679429786064173,15 °C,0,TRUE,TRUE,0.24329688591010948,-0.4813492067861984,0.9679429786064173,0.24329688591010948,-0.4813492067861984,0.9679429786064173,0.014401563729452657,-0.11152719550355177,0.9068789501990931
1.0540188679245275,15,0,37,0.24437169359965308,0.3695182531320727,-0.47988408253920944,0.9686274697385155,15 °C,0,TRUE,TRUE,0.24437169359965308,-0.47988408253920944,0.9686274697385155,0.24437169359965308,-0.47988408253920944,0.9686274697385155,0.014593272632087227,-0.11051189719861912,0.9088042382176987
1.093056603773584,15,0,37,0.24544650128919668,0.36932454333094844,-0.4784296036394623,0.9693226062178556,15 °C,0,TRUE,TRUE,0.24544650128919668,-0.4784296036394623,0.9693226062178556,0.24544650128919668,-0.4784296036394623,0.9693226062178556,0.01478667534076803,-0.10951008941118166,0.9107622555497085
1.1320943396226406,15,0,37,0.2465213089787403,0.36913627337990534,-0.47698578684587417,0.9700284048033547,15 °C,0,TRUE,TRUE,0.2465213089787403,-0.47698578684587417,0.9700284048033547,0.2465213089787403,-0.47698578684587417,0.9700284048033547,0.014981779305276735,-0.10852163157484351,0.9127531805863359
1.1711320754716972,15,0,37,0.24759611666828388,0.3689534516065008,-0.47555264848045764,0.9707448818170253,15 °C,0,TRUE,TRUE,0.24759611666828388,-0.47555264848045764,0.9707448818170253,0.24759611666828388,-0.47555264848045764,0.9707448818170253,0.015178591975394996,-0.10754638433298856,0.9147771929285754
1.2101698113207537,15,0,37,0.24867092435782745,0.3687760861135824,-0.47413020442479414,0.971472053140449,15 °C,0,TRUE,TRUE,0.24867092435782745,-0.47413020442479414,0.971472053140449,0.24867092435782745,-0.47413020442479414,0.971472053140449,0.01537712080090449,-0.10658420953768188,0.9168344733861016
1.2492075471698103,15,0,37,0.24974573204737105,0.3686041847775334,-0.4727184701165944,0.9722099342113365,15 °C,0,TRUE,TRUE,0.24974573204737105,-0.4727184701165944,0.9722099342113365,0.24974573204737105,-0.4727184701165944,0.9722099342113365,0.015577373231586892,-0.10563497024846062,0.9189252039760623
1.2882452830188669,15,0,37,0.2508205397369146,0.3684377552465587,-0.47131746054634044,0.9729585400201697,15 °C,0,TRUE,TRUE,0.2508205397369146,-0.47131746054634044,0.9729585400201697,0.2508205397369146,-0.47131746054634044,0.9729585400201697,0.01577935671722385,-0.10469853073100964,0.9210495679217509
1.3272830188679234,15,0,37,0.25189534742645825,0.36827680493901843,-0.46992719025401786,0.9737178851069344,15 °C,0,TRUE,TRUE,0.25189534742645825,-0.46992719025401786,0.9737178851069344,0.25189534742645825,-0.46992719025401786,0.9737178851069344,0.01598307870759707,-0.10377475645572701,0.9232077496511762
1.36632075471698,15,0,37,0.25297015511600185,0.36812134104180405,-0.46854767332593406,0.9744879835579378,15 °C,0,TRUE,TRUE,0.25297015511600185,-0.46854767332593406,0.9744879835579378,0.25297015511600185,-0.46854767332593406,0.9744879835579378,0.016188546652488183,-0.10286351409617561,0.9253999347955111
1.4053584905660366,15,0,37,0.2540449628055454,0.3679713705087615,-0.4671789233916271,0.9752688490027179,15 °C,0,TRUE,TRUE,0.2540449628055454,-0.4671789233916271,0.9752688490027179,0.2540449628055454,-0.4671789233916271,0.9752688490027179,0.016395768001678857,-0.10196467152742333,0.9276263101874334
1.4443962264150931,15,0,37,0.255119770495089,0.3678269000591607,-0.4658209536208659,0.9760604946110438,15 °C,0,TRUE,TRUE,0.255119770495089,-0.4658209536208659,0.9760604946110438,0.255119770495089,-0.4658209536208659,0.9760604946110438,0.016604750204950783,-0.10107809782427149,0.9298870638593533
1.4834339622641497,15,0,37,0.25619457818463254,0.3676879361762133,-0.4644737767207455,0.9768629330900106,15 °C,0,TRUE,TRUE,0.25619457818463254,-0.4644737767207455,0.9768629330900106,0.25619457818463254,-0.4644737767207455,0.9768629330900106,0.016815500712085603,-0.1002036632593734,0.9321823850415362
1.5224716981132063,15,0,37,0.2572693858741762,0.36755448510563704,-0.4631374049328724,0.9776761766812248,15 °C,0,TRUE,TRUE,0.2572693858741762,-0.4631374049328724,0.9776761766812248,0.2572693858741762,-0.4631374049328724,0.9776761766812248,0.017028026972865023,-0.09934123930123955,0.9345124641601007
1.5615094339622628,15,0,37,0.2583441935637198,0.367426552854271,-0.46181185003065134,0.9785002371580909,15 °C,0,TRUE,TRUE,0.2583441935637198,-0.46181185003065134,0.9785002371580909,0.2583441935637198,-0.46181185003065134,0.9785002371580909,0.017242336437070675,-0.09849069861213605,0.9368774928349229
1.6005471698113194,15,0,37,0.25941900125326334,0.3673041451887394,-0.4604971233166658,0.9793351258231925,15 °C,0,TRUE,TRUE,0.25941900125326334,-0.4604971233166658,0.9793351258231925,0.25941900125326334,-0.4604971233166658,0.9793351258231925,0.017458436554484227,-0.09765191504587126,0.9392776638774222
1.639584905660376,15,0,37,0.260493808942807,0.36718726763416554,-0.4591932356201574,0.9801808535057714,15 °C,0,TRUE,TRUE,0.260493808942807,-0.4591932356201574,0.9801808535057714,0.260493808942807,-0.4591932356201574,0.9801808535057714,0.01767633477488738,-0.09682476364547331,0.9417131712882362
1.6786226415094325,15,0,37,0.26156861663235054,0.36707592547293755,-0.45790019729460707,0.9810374305593081,15 °C,0,TRUE,TRUE,0.26156861663235054,-0.45790019729460707,0.9810374305593081,0.26156861663235054,-0.45790019729460707,0.9810374305593081,0.017896038548061752,-0.0960091206407607,0.9441842102547922
1.717660377358489,15,0,37,0.26264342432189414,0.3669701237435257,-0.45661801821541625,0.9819048668592045,15 °C,0,TRUE,TRUE,0.26264342432189414,-0.45661801821541625,0.9819048668592045,0.26264342432189414,-0.45661801821541625,0.9819048668592045,0.01811755532378906,-0.09520486344580424,0.946690977148772
1.7566981132075457,15,0,37,0.2637182320114378,0.3668698672393512,-0.45534670777769054,0.9827831718005662,15 °C,0,TRUE,TRUE,0.2637182320114378,-0.45534670777769054,0.9827831718005662,0.2637182320114378,-0.45534670777769054,0.9827831718005662,0.018340892551850948,-0.09441187065628205,0.9492336695234642
1.7957358490566022,15,0,37,0.26479303970098134,0.36677516050770853,-0.45408627489412734,0.98367235429609,15 °C,0,TRUE,TRUE,0.26479303970098134,-0.45408627489412734,0.98367235429609,0.26479303970098134,-0.45408627489412734,0.98367235429609,0.018566057682029073,-0.09363002204672874,0.9518124861110114
1.8347735849056588,15,0,37,0.26586784739052494,0.3666860078487415,-0.45283672799300845,0.9845724227740583,15 °C,0,TRUE,TRUE,0.26586784739052494,-0.45283672799300845,0.9845724227740583,0.26586784739052494,-0.45283672799300845,0.9845724227740583,0.01879305816410512,-0.09285919856767924,0.9544276268195613
1.8738113207547156,15,0,37,0.2669426550800685,0.36660241331447163,-0.45159807501629595,0.9854833851764329,15 °C,0,TRUE,TRUE,0.2669426550800685,-0.45159807501629595,0.9854833851764329,0.2669426550800685,-0.45159807501629595,0.9854833851764329,0.019021901447860742,-0.0920992823427066,0.9570792927302931
1.9128490566037721,15,0,37,0.26801746276961214,0.36652438070788385,-0.4503703234178402,0.9864052489570645,15 °C,0,TRUE,TRUE,0.26801746276961214,-0.4503703234178402,0.9864052489570645,0.26801746276961214,-0.4503703234178402,0.9864052489570645,0.019252594983077645,-0.0913501566653595,0.9597676860943689
1.9518867924528287,15,0,37,0.2690922704591557,0.36645191358206397,-0.4491534801616897,0.9873380210800011,15 °C,0,TRUE,TRUE,0.2690922704591557,-0.4491534801616897,0.9873380210800011,0.2690922704591557,-0.4491534801616897,0.9873380210800011,0.01948514621953744,-0.09061170599599339,0.9624930103297524
1.9909245283018853,15,0,37,0.2701670781486993,0.3663850152393938,-0.44794755172051254,0.9882817080179112,15 °C,0,TRUE,TRUE,0.2701670781486993,-0.44794755172051254,0.9882817080179112,0.2701670781486993,-0.44794755172051254,0.9882817080179112,0.019719562607021835,-0.08988381595850177,0.9652554700179472
2.029962264150942,15,0,37,0.2712418858382429,0.36632368873080096,-0.44675254407412696,0.9892363157506128,15 °C,0,TRUE,TRUE,0.2712418858382429,-0.44675254407412696,0.9892363157506128,0.2712418858382429,-0.44675254407412696,0.9892363157506128,0.019955851595312483,-0.08916637333694653,0.9680552709006249
2.068999999999998,15,0,37,0.2723166935277865,0.36626793685506553,-0.44556846270814193,0.9902018497637148,15 °C,0,TRUE,TRUE,0.2723166935277865,-0.44556846270814193,0.9902018497637148,0.2723166935277865,-0.44556846270814193,0.9902018497637148,0.020194020634191057,-0.08845926607208855,0.9708926198761563
2.108037735849055,15,0,37,0.2733915012173301,0.36621776215818297,-0.44439531261270854,0.9911783150473688,15 °C,0,TRUE,TRUE,0.2733915012173301,-0.44439531261270854,0.9911783150473688,0.2733915012173301,-0.44439531261270854,0.9911783150473688,0.020434077173439223,-0.08776238325781932,0.9737677249960441
2.1470754716981113,15,0,37,0.2744663089068737,0.36617316693278373,-0.4432330982813824,0.9921657160951298,15 °C,0,TRUE,TRUE,0.2744663089068737,-0.4432330982813824,0.9921657160951298,0.2744663089068737,-0.4432330982813824,0.9921657160951298,0.020676028662838648,-0.08707561513749526,0.9766807954612532
2.186113207547168,15,0,37,0.2755411165964173,0.36613415321761056,-0.44208182371009935,0.9931640569029339,15 °C,0,TRUE,TRUE,0.2755411165964173,-0.44208182371009935,0.9931640569029339,0.2755411165964173,-0.44208182371009935,0.9931640569029339,0.020919882552170997,-0.08639885310017588,0.9796320416184529
2.2251509433962244,15,0,37,0.2766159242859609,0.36610072279705325,-0.4409414923962635,0.9941733409681852,15 °C,0,TRUE,TRUE,0.2766159242859609,-0.4409414923962635,0.9941733409681852,0.2766159242859609,-0.4409414923962635,0.9941733409681852,0.021165646291217942,-0.0857319896767667,0.98262167495616
2.2641886792452812,15,0,37,0.2776907319755044,0.36607287720074055,-0.43981210733794707,0.9951935712889559,15 °C,0,TRUE,TRUE,0.2776907319755044,-0.43981210733794707,0.9951935712889559,0.2776907319755044,-0.43981210733794707,0.9951935712889559,0.021413327329761134,-0.0850749185360676,0.9856499081007828
2.3032264150943376,15,0,37,0.278765539665048,0.3660506177031911,-0.43869367103320644,0.9962247503633025,15 °C,0,TRUE,TRUE,0.278765539665048,-0.43869367103320644,0.9962247503633025,0.278765539665048,-0.43869367103320644,0.9962247503633025,0.021662933117582273,-0.08442753448072969,0.988716954812583
2.3422641509433944,15,0,37,0.2798403473545917,0.36603394532352146,-0.4375861854795104,0.9972668801886937,15 °C,0,TRUE,TRUE,0.2798403473545917,-0.4375861854795104,0.9972668801886937,0.2798403473545917,-0.4375861854795104,0.9972668801886937,0.021914471104463016,-0.08378973344311993,0.9918230299815383
2.3813018867924507,15,0,37,0.2809151550441352,0.36602286082521296,-0.43648965217328217,0.9983199622615526,15 °C,0,TRUE,TRUE,0.2809151550441352,-0.43648965217328217,0.9983199622615526,0.2809151550441352,-0.43648965217328217,0.9983199622615526,0.022167948740185003,-0.08316141248109543,0.9949683496231141
2.4203396226415075,15,0,37,0.2819899627336788,0.3660173647159371,-0.4354040721095579,0.9993839975769155,15 °C,0,TRUE,TRUE,0.2819899627336788,-0.4354040721095579,0.9993839975769155,0.2819899627336788,-0.4354040721095579,0.9993839975769155,0.022423373474529936,-0.08254246977368984,0.9981531308739547
2.459377358490564,15,0,37,0.2830647704232224,0.3660174572474394,-0.4343294457817588,1.0004589866282037,15 °C,0,TRUE,TRUE,0.2830647704232224,-0.4343294457817588,1.0004589866282037,0.2830647704232224,-0.4343294457817588,1.0004589866282037,0.022680752757279467,-0.08193280461671222,1.0013775919874797
2.4984150943396206,15,0,37,0.284139578112766,0.3660231384154812,-0.4332657731815771,1.001544929407109,15 °C,0,TRUE,TRUE,0.284139578112766,-0.4332657731815771,1.001544929407109,0.284139578112766,-0.4332657731815771,1.001544929407109,0.022940094038215265,-0.081332317418259,1.0046419523293941
2.5374528301886774,15,0,37,0.2852143858023096,0.3660344079598414,-0.43221305379897945,1.0026418254035987,15 °C,0,TRUE,TRUE,0.2852143858023096,-0.43221305379897945,1.0026418254035987,0.2852143858023096,-0.43221305379897945,1.0026418254035987,0.023201404767119,-0.0807409096941431,1.0079464323731229
2.5764905660377337,15,0,37,0.28628919349185317,0.36605126536437516,-0.4311712866223221,1.0037496736060285,15 °C,0,TRUE,TRUE,0.28628919349185317,-0.4311712866223221,1.0037496736060285,0.28628919349185317,-0.4311712866223221,1.0037496736060285,0.023464692393772326,-0.08015848406323826,1.011291253695147
2.6155283018867905,15,0,37,0.28736400118139677,0.36607370985713306,-0.430140470138584,1.0048684725013775,15 °C,0,TRUE,TRUE,0.28736400118139677,-0.430140470138584,1.0048684725013775,0.28736400118139677,-0.430140470138584,1.0048684725013775,0.02372996436795693,-0.07958494424274346,1.0146766389702768
2.654566037735847,15,0,37,0.2884388088709403,0.36610174041053717,-0.4291206023337125,1.0059982200755933,15 °C,0,TRUE,TRUE,0.2884388088709403,-0.4291206023337125,1.0059982200755933,0.2884388088709403,-0.4291206023337125,1.0059982200755933,0.023997228139454468,-0.07902019504336628,1.0181028119668307
2.6936037735849037,15,0,37,0.2895136165604839,0.3661353557416162,-0.4281116806930838,1.0071389138140516,15 °C,0,TRUE,TRUE,0.2895136165604839,-0.4281116806930838,1.0071389138140516,0.2895136165604839,-0.4281116806930838,1.0071389138140516,0.024266491158046622,-0.07846414236442767,1.0215699975417376
2.73264150943396,15,0,37,0.2905884242500275,0.36617455431229917,-0.4271137022020789,1.0082905507021338,15 °C,0,TRUE,TRUE,0.2905884242500275,-0.4271137022020789,1.0082905507021338,0.2905884242500275,-0.4271137022020789,1.0082905507021338,0.024537760873515054,-0.07791669318889084,1.0250784216355713
2.771679245283017,15,0,37,0.29166323193957117,0.36621933432976705,-0.42612666334677224,1.0094531272259146,15 °C,0,TRUE,TRUE,0.29166323193957117,-0.42612666334677224,1.0094531272259146,0.29166323193957117,-0.42612666334677224,1.0094531272259146,0.02481104473564144,-0.07737775557831382,1.0286283112675014
2.810716981132073,15,0,37,0.29273803962911465,0.366269693746862,-0.4251505601147349,1.0106266393729642,15 °C,0,TRUE,TRUE,0.29273803962911465,-0.4251505601147349,1.0106266393729642,0.29273803962911465,-0.4251505601147349,1.0106266393729642,0.025086350194207394,-0.07684723866772881,1.0322198945301673
2.84975471698113,15,0,37,0.2938128473186583,0.3663256302625549,-0.4241853879959493,1.0118110826332658,15 °C,0,TRUE,TRUE,0.2938128473186583,-0.4241853879959493,1.0118110826332658,0.2938128473186583,-0.4241853879959493,1.0118110826332658,0.025363684698994665,-0.0763250526604488,1.035853400584494
2.8887924528301863,15,0,37,0.2948876550082019,0.3663871413224701,-0.4232311419838394,1.0130064520002433,15 °C,0,TRUE,TRUE,0.2948876550082019,-0.4232311419838394,1.0130064520002433,0.2948876550082019,-0.4232311419838394,1.0130064520002433,0.025643055699784867,-0.07581110882280491,1.0395290596544218
2.927830188679243,15,0,37,0.2959624626977455,0.3664542241194675,-0.4222878165764108,1.0142127419719018,15 °C,0,TRUE,TRUE,0.2959624626977455,-0.4222878165764108,1.0142127419719018,0.2959624626977455,-0.4222878165764108,1.0142127419719018,0.025924470646359683,-0.07530531947881405,1.043247103021577
2.9668679245282994,15,0,37,0.29703727038728905,0.3665268755942813,-0.42135540577750236,1.0154299465520804,15 °C,0,TRUE,TRUE,0.29703727038728905,-0.42135540577750236,1.0154299465520804,0.29703727038728905,-0.42135540577750236,1.0154299465520804,0.02620793698850077,-0.07480759800477917,1.0470077630198733
3.005905660377356,15,0,37,0.29811207807683265,0.3666050924362157,-0.42043390309815015,1.0166580592518155,15 °C,0,TRUE,TRUE,0.29811207807683265,-0.42043390309815015,1.0166580592518155,0.29811207807683265,-0.42043390309815015,1.0166580592518155,0.026493462175989812,-0.07431785882382504,1.0508112730300452
3.0449433962264125,15,0,37,0.29918688576637625,0.3666888710838963,-0.41952330155806045,1.017897073090813,15 °C,0,TRUE,TRUE,0.29918688576637625,-0.41952330155806045,1.017897073090813,0.29918688576637625,-0.41952330155806045,1.017897073090813,0.026781053658608472,-0.0738360174003697,1.0546578674741198
3.0839811320754693,15,0,37,0.3002616934559198,0.366778207726078,-0.41862359368719304,1.0191469805990327,15 °C,0,TRUE,TRUE,0.3002616934559198,-0.41862359368719304,1.0191469805990327,0.3002616934559198,-0.41862359368719304,1.0191469805990327,0.027070718886138403,-0.07336199023453438,1.0585477818098294
3.1230188679245257,15,0,37,0.3013365011454634,0.36687309830250753,-0.4177347715274513,1.020407773818378,15 °C,0,TRUE,TRUE,0.3013365011454634,-0.4177347715274513,1.020407773818378,0.3013365011454634,-0.4177347715274513,1.020407773818378,0.0273624653083613,-0.07289569485649229,1.0624812525249563
3.1620566037735824,15,0,37,0.30241130883500694,0.36697353850484143,-0.41685682663448226,1.021679444304496,15 °C,0,TRUE,TRUE,0.30241130883500694,-0.41685682663448226,1.021679444304496,0.30241130883500694,-0.41685682663448226,1.021679444304496,0.027656300375058798,-0.07243704982075995,1.0664585171316276
3.201094339622639,15,0,37,0.30348611652455054,0.36707952377761816,-0.415989750079581,1.022961983128682,15 °C,0,TRUE,TRUE,0.30348611652455054,-0.415989750079581,1.022961983128682,0.30348611652455054,-0.415989750079581,1.022961983128682,0.027952231536012603,-0.07198597470043079,1.0704798141605465
3.2401320754716956,15,0,37,0.3045609242140943,0.36719104931928437,-0.41513353245170304,1.0242553808798918,15 °C,0,TRUE,TRUE,0.3045609242140943,-0.41513353245170304,1.0242553808798918,0.3045609242140943,-0.41513353245170304,1.0242553808798918,0.028250266241004404,-0.07154239008135467,1.0745453831551737
3.279169811320752,15,0,37,0.3056357319036379,0.3673081100832746,-0.4142881638595802,1.0255596276668562,15 °C,0,TRUE,TRUE,0.3056357319036379,-0.4142881638595802,1.0255596276668562,0.3056357319036379,-0.4142881638595802,1.0255596276668562,0.028550411939815782,-0.07110621755626369,1.078655464665849
3.3182075471698087,15,0,37,0.30671053959318145,0.3674307007791434,-0.4134536339339396,1.0268747131203024,15 °C,0,TRUE,TRUE,0.30671053959318145,-0.4134536339339396,1.0268747131203024,0.30671053959318145,-0.4134536339339396,1.0268747131203024,0.028852676082228437,-0.07067737971884623,1.0828103002438714
3.357245283018865,15,0,37,0.30778534728272505,0.3675588158737502,-0.4126299318298254,1.0282006263952754,15 °C,0,TRUE,TRUE,0.30778534728272505,-0.4126299318298254,1.0282006263952754,0.30778534728272505,-0.4126299318298254,1.0282006263952754,0.029157066118024065,-0.0702558001577717,1.0870101324355208
3.396283018867922,15,0,37,0.30886015497226865,0.3676924495924959,-0.4118170462290233,1.0295373561735606,15 °C,0,TRUE,TRUE,0.30886015497226865,-0.4118170462290233,1.0295373561735606,0.30886015497226865,-0.4118170462290233,1.0295373561735606,0.029463589496984313,-0.0698414034506679,1.0912552047760355
3.435320754716978,15,0,37,0.3099349626618122,0.3678315959206093,-0.4110149653425821,1.0308848906662065,15 °C,0,TRUE,TRUE,0.3099349626618122,-0.4110149653425821,1.0308848906662065,0.3099349626618122,-0.4110149653425821,1.0308848906662065,0.029772253668890844,-0.06943411515805079,1.0955457617835402
3.474358490566035,15,0,37,0.3110097703513558,0.36797624860448586,-0.4102236769134364,1.032243217616148,15 °C,0,TRUE,TRUE,0.3110097703513558,-0.4102236769134364,1.032243217616148,0.3110097703513558,-0.4102236769134364,1.032243217616148,0.03008306608352535,-0.06903386181721162,1.0998820489529368
3.5133962264150913,15,0,37,0.3120845780408994,0.36812640115307393,-0.4094431682191255,1.0336123243009243,15 °C,0,TRUE,TRUE,0.3120845780408994,-0.4094431682191255,1.0336123243009243,0.3120845780408994,-0.4094431682191255,1.0336123243009243,0.03039603419066948,-0.06864057093606042,1.104264312749745
3.552433962264148,15,0,37,0.31315938573044294,0.36828204683931187,-0.40867342607460827,1.034992197535494,15 °C,0,TRUE,TRUE,0.31315938573044294,-0.40867342607460827,1.034992197535494,0.31315938573044294,-0.40867342607460827,1.034992197535494,0.030711165440104892,-0.06825417098692912,1.108692800603906
3.5914716981132044,15,0,37,0.31423419341998654,0.36844317870161186,-0.40791443683517264,1.0363828236751458,15 °C,0,TRUE,TRUE,0.31423419341998654,-0.40791443683517264,1.0363828236751458,0.31423419341998654,-0.40791443683517264,1.0363828236751458,0.031028467281613285,-0.06787459140033567,1.1131677609035493
3.6305094339622612,15,0,37,0.3153090011095302,0.36860978954539225,-0.4071661863994386,1.0377841886184989,15 °C,0,TRUE,TRUE,0.3153090011095302,-0.4071661863994386,1.0377841886184989,0.3153090011095302,-0.4071661863994386,1.0377841886184989,0.031347947164976325,-0.06750176255871107,1.1176894429887145
3.6695471698113176,15,0,37,0.3163838087990737,0.36878187194465556,-0.40642866021245116,1.0391962778105985,15 °C,0,TRUE,TRUE,0.3163838087990737,-0.40642866021245116,1.0391962778105985,0.3163838087990737,-0.40642866021245116,1.0391962778105985,0.03166961253997562,-0.06713561579009063,1.1222580971450464
3.7085849056603744,15,0,37,0.31745861648861734,0.3689594182436139,-0.4057018432688659,1.0406190762461005,15 °C,0,TRUE,TRUE,0.31745861648861734,-0.4057018432688659,1.0406190762461005,0.31745861648861734,-0.4057018432688659,1.0406190762461005,0.031993470856392925,-0.0667760833617724,1.1268739745974545
3.747622641509431,15,0,37,0.31853342417816094,0.36914242055835755,-0.40498572011621986,1.0420525684725417,15 °C,0,TRUE,TRUE,0.31853342417816094,-0.40498572011621986,1.0420525684725417,0.31853342417816094,-0.40498572011621986,1.0420525684725417,0.03231952956400985,-0.0664230984739428,1.1315373275037346
3.7866603773584875,15,0,37,0.31960823186770454,0.36933087077856913,-0.40428027485829093,1.0434967385937,15 °C,0,TRUE,TRUE,0.31960823186770454,-0.40428027485829093,1.0434967385937,0.31960823186770454,-0.40428027485829093,1.0434967385937,0.032647796112608075,-0.06607659525327253,1.1362484089481657
3.8256981132075443,15,0,37,0.3206830395572481,0.36952476056928135,-0.40358549115854336,1.0449515702730396,15 °C,0,TRUE,TRUE,0.3206830395572481,-0.40358549115854336,1.0449515702730396,0.3206830395572481,-0.40358549115854336,1.0449515702730396,0.032978277951969254,-0.06573650874648507,1.1410074729350843
3.8647358490566006,15,0,37,0.3217578472467917,0.3697240813726756,-0.4029013522436524,1.0464170467372358,15 °C,0,TRUE,TRUE,0.3217578472467917,-0.4029013522436524,1.0464170467372358,0.3217578472467917,-0.4029013522436524,1.0464170467372358,0.03331098253187509,-0.06540277491389627,1.145814774382413
3.9037735849056574,15,0,37,0.32283265493633523,0.3699288244099243,-0.40222784090711644,1.0478931507797868,15 °C,0,TRUE,TRUE,0.32283265493633523,-0.40222784090711644,1.0478931507797868,0.32283265493633523,-0.40222784090711644,1.0478931507797868,0.03364591730210721,-0.06507533062293212,1.1506705691151897
3.9428113207547137,15,0,37,0.32390746262587883,0.3701389806830725,-0.4015649395129432,1.0493798647647008,15 °C,0,TRUE,TRUE,0.32390746262587883,-0.4015649395129432,1.0493798647647008,0.32390746262587883,-0.4015649395129432,1.0493798647647008,0.033983089712447324,-0.06475411364162044,1.1555751138590507
3.9818490566037705,15,0,37,0.32498227031542254,0.3703545409769603,-0.4009126299994196,1.0508771706302646,15 °C,0,TRUE,TRUE,0.32498227031542254,-0.4009126299994196,1.0508771706302646,0.32498227031542254,-0.4009126299994196,1.0508771706302646,0.034322507212677114,-0.06443906263206403,1.160528666233711
4.020886792452827,15,0,37,0.32605707800496597,0.3705754958611829,-0.40027089388295245,1.0523850498928844,15 °C,0,TRUE,TRUE,0.32605707800496597,-0.40027089388295245,1.0523850498928844,0.32605707800496597,-0.40027089388295245,1.0523850498928844,0.03466417725257813,-0.0641301171438913,1.1655314847464067
4.059924528301884,15,0,37,0.3271318856945097,0.37080183569209024,-0.39963971226198713,1.0539034836510064,15 °C,0,TRUE,TRUE,0.3271318856945097,-0.39963971226198713,1.0539034836510064,0.3271318856945097,-0.39963971226198713,1.0539034836510064,0.0350081072819322,-0.06382721760769086,1.1705838287853376
4.0989622641509404,15,0,37,0.3282066933840532,0.37103355061482207,-0.39901906582099805,1.0554324525891046,15 °C,0,TRUE,TRUE,0.3282066933840532,-0.39901906582099805,1.0554324525891046,0.3282066933840532,-0.39901906582099805,1.0554324525891046,0.035354304750520864,-0.06353030532842918,1.17568595861308
4.137999999999996,15,0,37,0.3292815010735968,0.37127063056538034,-0.3984089348345486,1.0569719369817423,15 °C,0,TRUE,TRUE,0.3292815010735968,-0.3984089348345486,1.0569719369817423,0.3292815010735968,-0.3984089348345486,1.0569719369817423,0.03570277710812586,-0.06323932247885322,1.1808381353599888
4.177037735849053,15,0,37,0.3303563087631404,0.37151306527273614,-0.39780929917142244,1.0585219166977033,15 °C,0,TRUE,TRUE,0.3303563087631404,-0.39780929917142244,1.0585219166977033,0.3303563087631404,-0.39780929917142244,1.0585219166977033,0.03605353180452883,-0.06295421209288121,1.1860406210175953
4.21607547169811,15,0,37,0.33143111645268397,0.3717608442609699,-0.39722013829881697,1.060082371204185,15 °C,0,TRUE,TRUE,0.33143111645268397,-0.39722013829881697,1.060082371204185,0.33143111645268397,-0.39722013829881697,1.060082371204185,0.03640657628951144,-0.06267491805897972,1.191293678431974
4.255113207547167,15,0,37,0.33250592414222757,0.37201395685144584,-0.3966414312866062,1.0616532795710614,15 °C,0,TRUE,TRUE,0.33250592414222757,-0.3966414312866062,1.0616532795710614,0.33250592414222757,-0.3966414312866062,1.0616532795710614,0.036761918012855374,-0.06240138511353341,1.1965975712971193
4.294150943396223,15,0,37,0.3335807318317712,0.3722723921650186,-0.3960731568116653,1.0632346204752077,15 °C,0,TRUE,TRUE,0.3335807318317712,-0.3960731568116653,1.0632346204752077,0.3335807318317712,-0.3960731568116653,1.0632346204752077,0.03711956442434231,-0.06213355883420572,1.201952564148306
4.333188679245279,15,0,37,0.3346555395213147,0.37253613912426947,-0.3955152931622535,1.064826372204883,15 °C,0,TRUE,TRUE,0.3346555395213147,-0.3955152931622535,1.064826372204883,0.3346555395213147,-0.3955152931622535,1.064826372204883,0.03747952297375384,-0.06187138563329209,1.2073589223554388
4.372226415094336,15,0,37,0.33573034721085837,0.3728051864557737,-0.3949678182424581,1.0664285126641748,15 °C,0,TRUE,TRUE,0.33573034721085837,-0.3949678182424581,1.0664285126641748,0.33573034721085837,-0.3949678182424581,1.0664285126641748,0.037841801110871744,-0.06161481275106888,1.2128169121164025
4.411264150943393,15,0,37,0.33680515490040197,0.37307952269239736,-0.3944307095766968,1.0680410193775007,15 °C,0,TRUE,TRUE,0.33680515490040197,-0.3944307095766968,1.0680410193775007,0.33680515490040197,-0.3944307095766968,1.0680410193775007,0.03820640628547761,-0.0613637882491396,1.2183268004504124
4.450301886792449,15,0,37,0.33787996258994557,0.3733591361756205,-0.39390394431427056,1.0696638694941618,15 °C,0,TRUE,TRUE,0.33787996258994557,-0.39390394431427056,1.0696638694941618,0.33787996258994557,-0.39390394431427056,1.0696638694941618,0.038573345947353135,-0.06111826100377724,1.2238888551913516
4.489339622641506,15,0,37,0.33895477027948917,0.3736440150578885,-0.3933874992339723,1.0712970397929507,15 °C,0,TRUE,TRUE,0.33895477027948917,-0.3933874992339723,1.0712970397929507,0.33895477027948917,-0.3933874992339723,1.0712970397929507,0.03894262754627999,-0.060878180699267384,1.2295033449811141
4.5283773584905624,15,0,37,0.3400295779690328,0.3739341473049891,-0.3928813507487458,1.0729405066868114,15 °C,0,TRUE,TRUE,0.3400295779690328,-0.3928813507487458,1.0729405066868114,0.3400295779690328,-0.3928813507487458,1.0729405066868114,0.03931425853203984,-0.06064349782125207,1.2351705392629526
4.567415094339619,15,0,37,0.3411043856585763,0.37422952069845405,-0.3923854749103936,1.0745942462275462,15 °C,0,TRUE,TRUE,0.3411043856585763,-0.3923854749103936,1.0745942462275462,0.3411043856585763,-0.3923854749103936,1.0745942462275462,0.03968824635441429,-0.06041416365007633,1.240890708274822
4.606452830188675,15,0,37,0.34217919334811997,0.3745301228379842,-0.39189984741432904,1.0762582341105689,15 °C,0,TRUE,TRUE,0.34217919334811997,-0.39189984741432904,1.0762582341105689,0.34217919334811997,-0.39189984741432904,1.0762582341105689,0.04006459846318512,-0.06019013025413732,1.2466641230427289
4.645490566037732,15,0,37,0.34325400103766346,0.37483594114389857,-0.39142444360437767,1.0779324456797046,15 °C,0,TRUE,TRUE,0.34325400103766346,-0.39142444360437767,1.0779324456797046,0.34325400103766346,-0.39142444360437767,1.0779324456797046,0.04044332230813389,-0.05997135048324099,1.252491055374091
4.684528301886789,15,0,37,0.3443288087272071,0.3751469628596029,-0.39095923847761455,1.0796168559320287,15 °C,0,TRUE,TRUE,0.3443288087272071,-0.39095923847761455,1.0796168559320287,0.3443288087272071,-0.39095923847761455,1.0796168559320287,0.040824425339042375,-0.05975777796196234,1.2583717778510906
4.7235660377358455,15,0,37,0.3454036164167506,0.3754631750540819,-0.39050420668924984,1.081311439522751,15 °C,0,TRUE,TRUE,0.3454036164167506,-0.39050420668924984,1.081311439522751,0.3454036164167506,-0.39050420668924984,1.081311439522751,0.04120791500569213,-0.059549367083017356,1.2643065638240552
4.762603773584901,15,0,37,0.3464784241062943,0.3757845646244076,-0.39005932255754466,1.0830161707701333,15 °C,0,TRUE,TRUE,0.3464784241062943,-0.39005932255754466,1.0830161707701333,0.3464784241062943,-0.39005932255754466,1.0830161707701333,0.04159379875786496,-0.059346073000640424,1.2702956874048303
4.801641509433958,15,0,37,0.3475532317958378,0.3761111182982692,-0.38962456006876983,1.0847310236604455,15 °C,0,TRUE,TRUE,0.3475532317958378,-0.38962456006876983,1.0847310236604455,0.3475532317958378,-0.38962456006876983,1.0847310236604455,0.041982084045342365,-0.05914785162397558,1.2763394234601668
4.840679245283015,15,0,37,0.34862803948538157,0.3764428226365184,-0.3891998928821945,1.0864559718529576,15 °C,0,TRUE,TRUE,0.34862803948538157,-0.3891998928821945,1.0864559718529576,0.34862803948538157,-0.3891998928821945,1.0864559718529576,0.04237277831790621,-0.0589546596104776,1.282438047605131
4.879716981132072,15,0,37,0.349702847174925,0.37677966403573265,-0.38878529433511094,1.088190988684961,15 °C,0,TRUE,TRUE,0.349702847174925,-0.38878529433511094,1.088190988684961,0.349702847174925,-0.38878529433511094,1.088190988684961,0.04276588902533792,-0.05876645435932816,1.2885918361965143
4.918754716981128,15,0,37,0.3507776548644686,0.37712162873079225,-0.3883807374478842,1.0899360471768214,15 °C,0,TRUE,FALSE,0.3507776548644686,-0.3883807374478842,1.0899360471768214,NA,NA,NA,0.04316142361741937,-0.05858319400486384,1.2948010663262637
4.957792452830184,15,0,37,0.3518524625540122,0.37746870279747297,-0.3879861949290348,1.0916911200370591,15 °C,0,TRUE,FALSE,0.3518524625540122,-0.3879861949290348,1.0916911200370591,NA,NA,NA,0.043559389543932146,-0.05840483741002231,1.3010660158149259
4.996830188679241,15,0,37,0.35292727024355586,0.37782087215505206,-0.3876016391803462,1.093456179667458,15 °C,0,TRUE,FALSE,0.35292727024355586,-0.3876016391803462,1.093456179667458,NA,NA,NA,0.043959794254657944,-0.058231344159804514,1.307386963205114
5.035867924528298,15,0,37,0.35400207793309935,0.37817812256892513,-0.3872270423019939,1.0952311981681926,15 °C,0,TRUE,FALSE,0.35400207793309935,-0.3872270423019939,1.0952311981681926,NA,NA,NA,0.04436264519937835,-0.0580626745547538,1.3137641877549775
5.074905660377355,15,0,37,0.355076885622643,0.3785404396532362,-0.38686237609769997,1.097016147342986,15 °C,0,TRUE,FALSE,0.355076885622643,-0.38686237609769997,1.097016147342986,NA,NA,NA,0.04476794982787515,-0.05789878960445562,1.320197969431715
5.113943396226411,15,0,37,0.3561516933121867,0.37890780887351655,-0.38650761207990575,1.0988109987042791,15 °C,0,TRUE,FALSE,0.3561516933121867,-0.38650761207990575,1.0988109987042791,NA,NA,NA,0.04517571558992999,-0.05773965102105673,1.3266885889050815
5.1529811320754675,15,0,37,0.3572265010017302,0.3792802155493336,-0.3861627214749636,1.100615723478424,15 °C,0,TRUE,FALSE,0.3572265010017302,-0.3861627214749636,1.100615723478424,NA,NA,NA,0.04558594993532441,-0.05758522121280603,1.3332363275409354
5.192018867924524,15,0,37,0.35830130869127375,0.3796576448569477,-0.3858276752283437,1.102430292610891,15 °C,0,TRUE,FALSE,0.35830130869127375,-0.3858276752283437,1.102430292610891,NA,NA,NA,0.04599866031384019,-0.05743546327761716,1.3398414673948018
5.231056603773581,15,0,37,0.3593761163808174,0.3800400818319762,-0.38550244400985595,1.1042546767714907,15 °C,0,TRUE,FALSE,0.3593761163808174,-0.38550244400985595,1.1042546767714907,NA,NA,NA,0.04641385417525901,-0.05729034099665509,1.3465042912054561
5.270094339622637,15,0,37,0.360450924070361,0.38042751137206365,-0.38518699821888375,1.1060888463596057,15 °C,0,TRUE,FALSE,0.360450924070361,-0.38518699821888375,1.1060888463596057,NA,NA,NA,0.04683153896936249,-0.05714981882794676,1.3532250823885328
5.309132075471694,15,0,37,0.3615257317599046,0.3808199182395582,-0.38488130798962944,1.1079327715094387,15 °C,0,TRUE,FALSE,0.3615257317599046,-0.38488130798962944,1.1079327715094387,NA,NA,NA,0.04725172214593232,-0.05701386190001766,1.3600041250301698
5.3481698113207505,15,0,37,0.36260053944944826,0.3812172870641907,-0.3845853431963655,1.109786422095262,15 °C,0,TRUE,FALSE,0.36260053944944826,-0.3845853431963655,1.109786422095262,NA,NA,NA,0.04767441115475018,-0.056882436005553476,1.3668417038806608
5.387207547169807,15,0,37,0.36367534713899174,0.3816196023457587,-0.3842990734586953,1.1116497677366788,15 °C,0,TRUE,FALSE,0.36367534713899174,-0.3842990734586953,1.1116497677366788,NA,NA,NA,0.04809961344559764,-0.05675550759509034,1.373738104348152
5.426245283018863,15,0,37,0.36475015482853534,0.3820268484568118,-0.38402246814681573,1.1135227778038863,15 °C,0,TRUE,FALSE,0.36475015482853534,-0.38402246814681573,1.1135227778038863,NA,NA,NA,0.0485273364682565,-0.05663304377073183,1.3806936124923557
5.46528301886792,15,0,37,0.3658249625180789,0.3824390096453401,-0.3837554963867877,1.1154054214229454,15 °C,0,TRUE,FALSE,0.3658249625180789,-0.3837554963867877,1.1154054214229454,NA,NA,NA,0.04895758767250835,-0.05651501227989702,1.387708515018305
5.504320754716977,15,0,37,0.3668997702076227,0.38285607003746036,-0.3834981270657996,1.117297667481045,15 °C,0,TRUE,FALSE,0.3668997702076227,-0.3834981270657996,1.117297667481045,NA,NA,NA,0.04939037450813499,-0.056401381509094954,1.3947830992701171
5.543358490566034,15,0,37,0.36797457789716603,0.38327801364010516,-0.38325032883744004,1.119199484631772,15 °C,0,TRUE,FALSE,0.36797457789716603,-0.38325032883744004,1.119199484631772,NA,NA,NA,0.04982570442491779,-0.05629212047773382,1.4019176532248068
5.5823962264150895,15,0,37,0.36904938558670985,0.38370482434370834,-0.3830120701269585,1.121110841300378,15 °C,0,TRUE,FALSE,0.36904938558670985,-0.3830120701269585,1.121110841300378,NA,NA,NA,0.050263584872638795,-0.05618719883195747,1.4091124654861316
5.621433962264146,15,0,37,0.37012419327625323,0.3841364859248901,-0.3827833191365313,1.1230317056890378,15 °C,0,TRUE,FALSE,0.37012419327625323,-0.3827833191365313,1.1230317056890378,NA,NA,NA,0.05070402330107931,-0.0560865868385181,1.416367825278453
5.660471698113203,15,0,37,0.371199000965797,0.38457298204913715,-0.38256404385051185,1.124962045782106,15 °C,0,TRUE,FALSE,0.371199000965797,-0.38256404385051185,1.124962045782106,NA,NA,NA,0.05114702716002133,-0.0559902553786775,1.4236840224406426
5.69950943396226,15,0,37,0.3722738086553404,0.3850142962734814,-0.38235421204068315,1.126901829351364,15 °C,0,TRUE,FALSE,0.3722738086553404,-0.38235421204068315,1.126901829351364,NA,NA,NA,0.05159260389924622,-0.05589817594214612,1.431061347420017
5.738547169811316,15,0,37,0.3733486163448842,0.385460412049173,-0.3821537912714948,1.1288510239612632,15 °C,0,TRUE,FALSE,0.3733486163448842,-0.3821537912714948,1.1288510239612632,NA,NA,NA,0.05204076096853597,-0.0558103206210537,1.4385000912663235
5.7775849056603725,15,0,37,0.3744234240344275,0.38591131272434587,-0.38196274890529036,1.1308095969741454,15 °C,0,TRUE,FALSE,0.3744234240344275,-0.38196274890529036,1.1308095969741454,NA,NA,NA,0.05249150581767187,-0.055726662103955174,1.4460005456257201
5.816622641509429,15,0,37,0.3754982317239713,0.38636698154668075,-0.38178105210752294,1.1327775155554656,15 °C,0,TRUE,FALSE,0.3754982317239713,-0.38178105210752294,1.1327775155554656,NA,NA,NA,0.052944845896435985,-0.055647173669872416,1.4535630027348434
5.855660377358486,15,0,37,0.3765730394135149,0.3868274016660581,-0.38160866785195896,1.1347547466789887,15 °C,0,TRUE,FALSE,0.3765730394135149,-0.38160866785195896,1.1347547466789887,NA,NA,NA,0.05340078865460971,-0.05557182918237304,1.4611877554148658
5.894698113207542,15,0,37,0.3776478471030585,0.38729255613720526,-0.3814455629258638,1.1367412571319808,15 °C,0,TRUE,FALSE,0.3776478471030585,-0.3814455629258638,1.1367412571319808,NA,NA,NA,0.0538593415419748,-0.0555006030836847,1.4688750970656292
5.933735849056599,15,0,37,0.3787226547926021,0.3877624279223329,-0.38129170393517037,1.1387370135203745,15 °C,0,FALSE,FALSE,NA,NA,NA,NA,NA,NA,NA,NA,NA
5.972773584905656,15,0,37,0.37979746248214563,0.38823699989376337,-0.3811470573096306,1.140741982273922,15 °C,0,FALSE,FALSE,NA,NA,NA,NA,NA,NA,NA,NA,NA
6.011811320754712,15,0,37,0.38087227017168923,0.38871625483654954,-0.3810115893079479,1.1427561296513264,15 °C,0,FALSE,FALSE,NA,NA,NA,NA,NA,NA,NA,NA,NA
6.050849056603768,15,0,37,0.3819470778612328,0.3892001754510811,-0.38088526602288614,1.1447794217453517,15 °C,0,FALSE,FALSE,NA,NA,NA,NA,NA,NA,NA,NA,NA
6.089886792452825,15,0,37,0.3830218855507764,0.38968874435568046,-0.3807680533863573,1.14681182448791,15 °C,0,FALSE,FALSE,NA,NA,NA,NA,NA,NA,NA,NA,NA
6.128924528301882,15,0,37,0.3840966932403199,0.39018194408918627,-0.3806599171744851,1.148853303655125,15 °C,0,FALSE,FALSE,NA,NA,NA,NA,NA,NA,NA,NA,NA
6.167962264150939,15,0,37,0.3851715009298635,0.3906797571135249,-0.38056082301264527,1.1509038248723722,15 °C,0,FALSE,FALSE,NA,NA,NA,NA,NA,NA,NA,NA,NA
6.2069999999999945,15,0,37,0.3862463086194071,0.39118216581626547,-0.38047073638047324,1.1529633536192874,15 °C,0,FALSE,FALSE,NA,NA,NA,NA,NA,NA,NA,NA,NA
0,20,0,37,0.3109278009679895,0.40006310543623963,-0.47319588568704013,1.095051487623019,20 °C,0,TRUE,FALSE,0.3109278009679895,-0.47319588568704013,1.095051487623019,NA,NA,NA,0.03005928637534769,-0.10595534738287996,1.3131175885501616
0.03903773584905657,20,0,37,0.31461922230049655,0.39903626367354883,-0.46749185449965913,1.0967302991006522,20 °C,0,TRUE,FALSE,0.31461922230049655,-0.46749185449965913,1.0967302991006522,NA,NA,NA,0.031142663960206055,-0.10216970621802757,1.3191662308942835
0.07807547169811314,20,0,37,0.3183106436330036,0.3980265105793805,-0.4618213171025822,1.0984426043685893,20 °C,0,TRUE,FALSE,0.3183106436330036,-0.4618213171025822,1.0984426043685893,NA,NA,NA,0.03225176467069977,-0.09849675586884861,1.3253546541683496
0.11711320754716972,20,0,37,0.3220020649655107,0.39703397653556394,-0.45618452904419465,1.1001886589752161,20 °C,0,TRUE,FALSE,0.3220020649655107,-0.45618452904419465,1.1001886589752161,NA,NA,NA,0.03338689031577115,-0.09493397328200881,1.3316849495410388
0.1561509433962263,20,0,37,0.3256934862980178,0.39605879099633834,-0.4505817440548053,1.101968716650841,20 °C,0,TRUE,FALSE,0.3256934862980178,-0.4505817440548053,1.101968716650841,NA,NA,NA,0.034548342704362474,-0.09147886658546776,1.3381592393623232
0.19518867924528285,20,0,37,0.3293849076305248,0.39510108242007286,-0.44501321391281795,1.1037830291738675,20 °C,0,TRUE,TRUE,0.3293849076305248,-0.44501321391281795,1.1037830291738675,0.3293849076305248,-0.44501321391281795,1.1037830291738675,0.03573642364541601,-0.08812897528836064,1.3447796773633514
0.23422641509433945,20,0,37,0.33307632896303196,0.3941609782002001,-0.43947918830936017,1.1056318462354242,20 °C,0,TRUE,TRUE,0.33307632896303196,-0.43947918830936017,1.1056318462354242,0.33307632896303196,-0.43947918830936017,1.1056318462354242,0.036951434947874146,-0.08488187047196749,1.3515484488474185
0.273264150943396,20,0,37,0.336767750295539,0.3932386045954255,-0.43397991471149494,1.107515415302573,20 °C,0,TRUE,TRUE,0.336767750295539,-0.43397991471149494,1.107515415302573,0.336767750295539,-0.43397991471149494,1.107515415302573,0.03819367842067908,-0.08173515497143821,1.3584677708716841
0.3123018867924526,20,0,37,0.34045917162804606,0.39233408665927766,-0.4285156382241382,1.1094339814802303,20 °C,0,TRUE,TRUE,0.34045917162804606,-0.4285156382241382,1.1094339814802303,0.34045917162804606,-0.4285156382241382,1.1094339814802303,0.039463455872773154,-0.07868646354793811,1.3655398924193287
0.35133962264150914,20,0,37,0.3441505929605531,0.3914475481690686,-0.4230866014508214,1.1113877873719276,20 °C,0,TRUE,TRUE,0.3441505929605531,-0.4230866014508214,1.1113877873719276,0.3441505929605531,-0.4230866014508214,1.1113877873719276,0.040761069113098666,-0.07573346305089207,1.3727670945617898
0.3903773584905657,20,0,37,0.34784201429306016,0.39057911155433594,-0.41769304435343824,1.1133770729395587,20 °C,0,TRUE,TRUE,0.34784201429306016,-0.41769304435343824,1.1133770729395587,0.34784201429306016,-0.41769304435343824,1.1133770729395587,0.04208681995059791,-0.0728738525700068,1.380151690610788
0.42941509433962227,20,0,37,0.3515334356255673,0.3897288978248431,-0.4123352041111252,1.1154020753622598,20 °C,0,TRUE,TRUE,0.3515334356255673,-0.4123352041111252,1.1154020753622598,0.3515334356255673,-0.4123352041111252,1.1154020753622598,0.043441010194213224,-0.07010536357676063,1.3876960262598141
0.4684528301886789,20,0,37,0.3552248569580744,0.38889702649821445,-0.40701331497842597,1.1174630288945746,20 °C,0,TRUE,TRUE,0.3552248569580744,-0.40701331497842597,1.1174630288945746,0.3552248569580744,-0.40701331497842597,1.1174630288945746,0.04482394165288683,-0.06742576005505564,1.3954024797147826
0.5074905660377355,20,0,37,0.3589162782905814,0.38808361552728854,-0.40172760814290415,1.119560164724067,20 °C,0,TRUE,TRUE,0.3589162782905814,-0.40172760814290415,1.119560164724067,0.3589162782905814,-0.40172760814290415,1.119560164724067,0.04623591613556107,-0.06483283862073941,1.4032734618135554
0.546528301886792,20,0,37,0.3626076996230885,0.38728878122727123,-0.39647831158236313,1.12169371082854,20 °C,0,TRUE,TRUE,0.3626076996230885,-0.39647831158236313,1.12169371082854,0.3626076996230885,-0.39647831158236313,1.12169371082854,0.047677235451178225,-0.06232442862970878,1.4113114161340419
0.5855660377358486,20,0,37,0.3662991209555956,0.3865126382027778,-0.39126564992184887,1.12386389183304,20 °C,0,TRUE,TRUE,0.3662991209555956,-0.39126564992184887,1.12386389183304,0.3662991209555956,-0.39126564992184887,1.12386389183304,0.049148201408680633,-0.0598983922743238,1.419518819090615
0.6246037735849052,20,0,37,0.36999054228810263,0.3857552992748526,-0.3860898442906084,1.1260709288668136,20 °C,0,TRUE,TRUE,0.36999054228810263,-0.3860898442906084,1.1260709288668136,0.36999054228810263,-0.3860898442906084,1.1260709288668136,0.05064911581701054,-0.057552624667867695,1.4278981800185715
0.6636415094339617,20,0,37,0.37368196362060974,0.38501687540805823,-0.38095111217918437,1.1283150394204038,20 °C,0,TRUE,TRUE,0.37368196362060974,-0.38095111217918437,1.1283150394204038,0.37368196362060974,-0.38095111217918437,1.1283150394204038,0.05218028048511028,-0.05528505391680265,1.4364520412463873
0.7026792452830183,20,0,37,0.3773733849531168,0.3842974756377288,-0.37584966729683167,1.1305964372030652,20 °C,0,TRUE,TRUE,0.3773733849531168,-0.37584966729683167,1.1305964372030652,0.3773733849531168,-0.37584966729683167,1.1305964372030652,0.05374199722192212,-0.053093641180584725,1.44518297815553
0.7417169811320748,20,0,37,0.3810648062856239,0.3835972069974843,-0.37078571942944527,1.132915332000693,20 °C,0,TRUE,TRUE,0.3810648062856239,-0.37078571942944527,1.132915332000693,0.3810648062856239,-0.37078571942944527,1.132915332000693,0.0553345678363884,-0.05097638071881522,1.4540935992276156
0.7807547169811314,20,0,37,0.38475622761813094,0.382916174447103,-0.36575947429819095,1.1352719295344529,20 °C,0,TRUE,TRUE,0.38475622761813094,-0.36575947429819095,1.1352719295344529,0.38475622761813094,-0.36575947429819095,1.1352719295344529,0.05695829413745136,-0.04893129992551968,1.463186546078682
0.819792452830188,20,0,37,0.388447648950638,0.3822544808008548,-0.3607711334190373,1.1376664313203133,20 °C,0,TRUE,TRUE,0.388447648950638,-0.3607711334190373,1.1376664313203133,0.388447648950638,-0.3607711334190373,1.1376664313203133,0.05861347793405334,-0.04695645935036365,1.4724644934804068
0.8588301886792445,20,0,37,0.39213907028314504,0.3816122266563944,-0.35582089396338795,1.140099034529678,20 °C,0,TRUE,TRUE,0.39213907028314504,-0.35582089396338795,1.140099034529678,0.39213907028314504,-0.35582089396338795,1.140099034529678,0.06030042103513663,-0.045049952706628746,1.481930149368086
0.8978679245283011,20,0,37,0.3958304916156522,0.38098951032431994,-0.35090894862001487,1.1425699318513192,20 °C,0,TRUE,TRUE,0.3958304916156522,-0.35090894862001487,1.1425699318513192,0.3958304916156522,-0.35090894862001487,1.1425699318513192,0.06201942524964357,-0.043209906865791056,1.4915862548352097
0.9369056603773578,20,0,37,0.3995219129481592,0.38038642775849957,-0.34603548545849994,1.1450793113548183,20 °C,0,TRUE,TRUE,0.3995219129481592,-0.34603548545849994,1.1450793113548183,0.3995219129481592,-0.34603548545849994,1.1450793113548183,0.06377079238651635,-0.041434481838562055,1.5014355841145006
0.9759433962264144,20,0,37,0.4032133342806663,0.3798030724872731,-0.34120068779438895,1.1476273563557216,20 °C,0,TRUE,TRUE,0.4032133342806663,-0.34120068779438895,1.1476273563557216,0.4032133342806663,-0.34120068779438895,1.1476273563557216,0.06555482425469737,-0.039721870742270245,1.5114809445453017
1.014981132075471,20,0,37,0.4069047556131734,0.37923953554563217,-0.3364047340562656,1.1502142452826125,20 °C,0,TRUE,TRUE,0.4069047556131734,-0.3364047340562656,1.1502142452826125,0.4069047556131734,-0.3364047340562656,1.1502142452826125,0.0673718226631289,-0.038070299754481375,1.521725176527191
1.0540188679245275,20,0,37,0.41059617694568046,0.3786959054084877,-0.3316477976549554,1.1528401515463162,20 °C,0,TRUE,TRUE,0.41059617694568046,-0.3316477976549554,1.1528401515463162,0.41059617694568046,-0.3316477976549554,1.1528401515463162,0.0692220894207532,-0.036478028052775835,1.5321711534597617
1.093056603773584,20,0,37,0.4142875982781875,0.3781722679251285,-0.3269300468550643,1.1555052434114392,20 °C,0,TRUE,TRUE,0.4142875982781875,-0.3269300468550643,1.1555052434114392,0.4142875982781875,-0.3269300468550643,1.1555052434114392,0.0711059263365126,-0.03494334774062029,1.5428217816684948
1.1320943396226406,20,0,37,0.4179790196106946,0.3776687062549788,-0.32225164464906375,1.158209683870453,20 °C,0,TRUE,TRUE,0.4179790196106946,-0.32225164464906375,1.158209683870453,0.4179790196106946,-0.32225164464906375,1.158209683870453,0.07302363521934942,-0.03346458375929438,1.5536800003166826
1.1711320754716972,20,0,37,0.4216704409432017,0.37718530080475987,-0.3176127486341276,1.160953630520531,20 °C,0,TRUE,TRUE,0.4216704409432017,-0.3176127486341276,1.160953630520531,0.4216704409432017,-0.3176127486341276,1.160953630520531,0.07497551787820592,-0.03204009378585277,1.5647487813033925
1.2101698113207537,20,0,37,0.4253618622757087,0.37672212916715997,-0.31301351089192486,1.1637372354433424,20 °C,0,TRUE,TRUE,0.4253618622757087,-0.31301351089192486,1.1637372354433424,0.4253618622757087,-0.31301351089192486,1.1637372354433424,0.07696187612202435,-0.030668268117124434,1.5760311291474671
1.2492075471698103,20,0,37,0.4290532836082158,0.37627926606111717,-0.30845407787157386,1.1665606450880055,20 °C,0,TRUE,TRUE,0.4290532836082158,-0.30845407787157386,1.1665606450880055,0.4290532836082158,-0.30845407787157386,1.1665606450880055,0.07898301175974715,-0.029347529539775003,1.5875300808575843
1.2882452830188669,20,0,37,0.43274470494072287,0.375856783273817,-0.3039345902759584,1.169424000157404,20 °C,0,TRUE,TRUE,0.43274470494072287,-0.3039345902759584,1.169424000157404,0.43274470494072287,-0.3039345902759584,1.169424000157404,0.08103922660031648,-0.028076333186479053,1.5992487057884321
1.3272830188679234,20,0,37,0.43643612627323,0.37545474960450625,-0.2994551829516023,1.1723274354980622,20 °C,0,TRUE,TRUE,0.43643612627323,-0.2994551829516023,1.1723274354980622,0.43643612627323,-0.2994551829516023,1.1723274354980622,0.08313082245267474,-0.02685316637827156,1.6111901054830593
1.36632075471698,20,0,37,0.4401275476057371,0.3750732308102211,-0.29501598478229624,1.1752710799937705,20 °C,0,TRUE,TRUE,0.4401275476057371,-0.29501598478229624,1.1752710799937705,0.4401275476057371,-0.29501598478229624,1.1752710799937705,0.08525810112576418,-0.025676548453171313,1.6233574135014979
1.4053584905660366,20,0,37,0.4438189689382441,0.3747122895535263,-0.29061711858666744,1.1782550564631555,20 °C,0,TRUE,TRUE,0.4438189689382441,-0.29061711858666744,1.1782550564631555,0.4438189689382441,-0.29061711858666744,1.1782550564631555,0.08742136442852702,-0.024545030581191278,1.6357537952357721
1.4443962264150931,20,0,37,0.4475103902707512,0.37437198535235977,-0.286258701019874,1.1812794815613763,20 °C,0,TRUE,TRUE,0.4475103902707512,-0.286258701019874,1.1812794815613763,0.4475103902707512,-0.286258701019874,1.1812794815613763,0.08962091416990571,-0.023457195565873494,1.6483824477114393
1.4834339622641497,20,0,37,0.45120181160325823,0.37405237453207363,-0.28194084247960605,1.1843444656861224,20 °C,0,TRUE,TRUE,0.45120181160325823,-0.28194084247960605,1.1843444656861224,0.45120181160325823,-0.28194084247960605,1.1843444656861224,0.09185705215884245,-0.022411657632509484,1.6612465993758023
1.5224716981132063,20,0,37,0.45489323293576533,0.3737535101797591,-0.27766364701656254,1.1874501128880932,20 °C,0,TRUE,TRUE,0.45489323293576533,-0.27766364701656254,1.1874501128880932,0.45489323293576533,-0.27766364701656254,1.1874501128880932,0.09413008020427958,-0.0214070622032281,1.6743495098730052
1.5615094339622628,20,0,37,0.4585846542682724,0.373475442100941,-0.27342721224957206,1.1905965207861169,20 °C,0,TRUE,TRUE,0.4585846542682724,-0.27342721224957206,1.1905965207861169,0.4585846542682724,-0.27342721224957206,1.1905965207861169,0.09644030011515937,-0.020442085659156475,1.6876944698061869
1.6005471698113194,20,0,37,0.4622760756007795,0.37321821677872163,-0.26923162928551486,1.193783780487074,20 °C,0,TRUE,TRUE,0.4622760756007795,-0.26923162928551486,1.193783780487074,0.4622760756007795,-0.26923162928551486,1.193783780487074,0.09878801370042416,-0.019515435089880434,1.7012848004869459
1.639584905660376,20,0,37,0.4659674969332865,0.3729818773354515,-0.2650769826441985,1.1970119765107714,20 °C,0,TRUE,TRUE,0.4659674969332865,-0.2650769826441985,1.1970119765107714,0.4659674969332865,-0.2650769826441985,1.1970119765107714,0.10117352276901613,-0.01862584803045311,1.715123853672349
1.6786226415094325,20,0,37,0.46965891826579365,0.3727664634969999,-0.26096335018832606,1.2002811867199132,20 °C,0,TRUE,TRUE,0.46965891826579365,-0.26096335018832606,1.2002811867199132,0.46965891826579365,-0.26096335018832606,1.2002811867199132,0.10359712912987779,-0.01777209218622006,1.7292150112897549
1.717660377358489,20,0,37,0.47335033959830064,0.3725720115596929,-0.2568908030586974,1.2035914822552987,20 °C,0,TRUE,TRUE,0.47335033959830064,-0.2568908030586974,1.2035914822552987,0.47335033959830064,-0.2568908030586974,1.2035914822552987,0.10605913459195118,-0.01695296514575205,1.7435616851497477
1.7566981132075457,20,0,37,0.47704176093080775,0.3723985543599829,-0.2528594056147587,1.206942927476374,20 °C,0,TRUE,TRUE,0.47704176093080775,-0.2528594056147587,1.206942927476374,0.47704176093080775,-0.2528594056147587,1.206942927476374,0.10855984096417881,-0.016167294082193074,1.7581673166474838
1.7957358490566022,20,0,37,0.48073318226331485,0.37224612124690815,-0.24886921538062512,1.2103355799072548,20 °C,0,TRUE,TRUE,0.48073318226331485,-0.24886921538062512,1.2103355799072548,0.48073318226331485,-0.24886921538062512,1.2103355799072548,0.1110995500555029,-0.015413935443354043,1.7730353764527895
1.8347735849056588,20,0,37,0.4844246035958219,0.3721147380573953,-0.24492028299667284,1.2137694901883167,20 °C,0,TRUE,TRUE,0.4844246035958219,-0.24492028299667284,1.2137694901883167,0.4844246035958219,-0.24492028299667284,1.2137694901883167,0.11367856367486572,-0.014691774630897731,1.7881693641893373
1.8738113207547156,20,0,37,0.48811602492832895,0.37200442709445464,-0.24101265217680212,1.21724470203346,20 °C,0,TRUE,TRUE,0.48811602492832895,-0.24101265217680212,1.21724470203346,0.48811602492832895,-0.24101265217680212,1.21724470203346,0.11629718363120958,-0.013999725668980646,1.8035728081032985
1.9128490566037721,20,0,37,0.4918074462608361,0.371915207108309,-0.23714635967144954,1.2207612521931217,20 °C,0,TRUE,TRUE,0.4918074462608361,-0.23714635967144954,1.2207612521931217,0.4918074462608361,-0.23714635967144954,1.2207612521931217,0.11895571173347687,-0.013336730862732226,1.8192492647218161
1.9518867924528287,20,0,37,0.49549886759334316,0.3718470932804944,-0.2333214352364259,1.2243191704231122,20 °C,0,TRUE,TRUE,0.49549886759334316,-0.2333214352364259,1.2243191704231122,0.49549886759334316,-0.2333214352364259,1.2243191704231122,0.12165444979060974,-0.012701760446969102,1.8352023185017188
1.9909245283018853,20,0,37,0.49919028892585016,0.3718000972109643,-0.22953790160763987,1.22791847945934,20 °C,0,TRUE,TRUE,0.49919028892585016,-0.22953790160763987,1.22791847945934,0.49919028892585016,-0.22953790160763987,1.22791847945934,0.1243936996115505,-0.012093812225556015,1.8514355814688837
2.029962264150942,20,0,37,0.5028817102583573,0.37177422690822154,-0.22579577448175692,1.2315591949984714,20 °C,0,TRUE,TRUE,0.5028817102583573,-0.22579577448175692,1.2315591949984714,0.5028817102583573,-0.22579577448175692,1.2315591949984714,0.1271737630052416,-0.011511911201839038,1.8679526928486738
2.068999999999998,20,0,37,0.5065731315908644,0.37176948678249866,-0.22209506250283295,1.2352413256845618,20 °C,0,TRUE,TRUE,0.5065731315908644,-0.22209506250283295,1.2352413256845618,0.5065731315908644,-0.22209506250283295,1.2352413256845618,0.12999494178062526,-0.010955109200589636,1.8847573186878703
2.108037735849055,20,0,37,0.5102645529233715,0.3717858776420005,-0.2184357672549495,1.2389648731016925,20 °C,0,TRUE,TRUE,0.5102645529233715,-0.2184357672549495,1.2389648731016925,0.5102645529233715,-0.2184357672549495,1.2389648731016925,0.13285753774664374,-0.010422484481909574,1.901853151468589
2.1470754716981113,20,0,37,0.5139559742558785,0.3718233966922148,-0.2148178832608626,1.2427298317726194,20 °C,0,TRUE,TRUE,0.5139559742558785,-0.2148178832608626,1.2427298317726194,0.5139559742558785,-0.2148178832608626,1.2427298317726194,0.13576185271223926,-0.00991314134755675,1.9192439097146
2.186113207547168,20,0,37,0.5176473955883856,0.37188203753829396,-0.21124139798667063,1.2465361891634417,20 °C,0,TRUE,TRUE,0.5176473955883856,-0.21124139798667063,1.2465361891634417,0.5176473955883856,-0.21124139798667063,1.2465361891634417,0.13870818848635433,-0.009426209740162055,1.9369333375905486
2.2251509433962244,20,0,37,0.5213388169208927,0.3719617901905026,-0.20770629185249234,1.2503839256942777,20 °C,0,TRUE,TRUE,0.5213388169208927,-0.20770629185249234,1.2503839256942777,0.5213388169208927,-0.20770629185249234,1.2503839256942777,0.14169684687793113,-0.008960844835815076,1.954925204494537
2.2641886792452812,20,0,37,0.5250302382533997,0.3720626410727195,-0.20421253824913055,1.2542730147559298,20 °C,0,TRUE,TRUE,0.5250302382533997,-0.20421253824913055,1.2542730147559298,0.5250302382533997,-0.20421253824913055,1.2542730147559298,0.14472812969591187,-0.00851622663050283,1.9732233046445649
2.3032264150943376,20,0,37,0.5287216595859068,0.3721845730339781,-0.2007601035606903,1.2582034227325039,20 °C,0,TRUE,TRUE,0.5287216595859068,-0.2007601035606903,1.2582034227325039,0.5287216595859068,-0.2007601035606903,1.2582034227325039,0.147802338749239,-0.008091559520892095,1.9918314566593143
2.3422641509433944,20,0,37,0.5324130809184139,0.37232756536302186,-0.19734894719310891,1.2621751090299367,20 °C,0,TRUE,TRUE,0.5324130809184139,-0.19734894719310891,1.2621751090299367,0.5324130809184139,-0.19734894719310891,1.2621751090299367,0.1509197758468548,-0.007686071879950203,2.0107535031337633
2.3813018867924507,20,0,37,0.5361045022509209,0.37249159380584607,-0.19397902160853742,1.2661880261103793,20 °C,0,TRUE,TRUE,0.5361045022509209,-0.19397902160853742,1.2661880261103793,0.5361045022509209,-0.19397902160853742,1.2661880261103793,0.1540807427977014,-0.007299015627901583,2.02999331021015
2.4203396226415075,20,0,37,0.539795923583428,0.37267663058619194,-0.19065027236550824,1.270242119532364,20 °C,0,TRUE,TRUE,0.539795923583428,-0.19065027236550824,1.270242119532364,0.539795923583428,-0.19065027236550824,1.270242119532364,0.15728554141072135,-0.0069296657990200365,2.0495547671447607
2.459377358490564,20,0,37,0.543487344915935,0.3728826444289516,-0.18736263816481014,1.27433732799668,20 °C,0,TRUE,TRUE,0.543487344915935,-0.18736263816481014,1.27433732799668,0.543487344915935,-0.18736263816481014,1.27433732799668,0.16053447349485672,-0.006577320104757032,2.069441785871061
2.4984150943396206,20,0,37,0.5471787662484422,0.3731096005864395,-0.18411605090097916,1.2784735833978635,20 °C,0,TRUE,TRUE,0.5471787662484422,-0.18411605090097916,1.2784735833978635,0.5471787662484422,-0.18411605090097916,1.2784735833978635,0.16382784085905008,-0.0062412984937056165,2.089658300559658
2.5374528301886774,20,0,37,0.5508701875809492,0.3733574608674778,-0.1809104357193072,1.2826508108812056,20 °C,0,TRUE,TRUE,0.5508701875809492,-0.1809104357193072,1.2826508108812056,0.5508701875809492,-0.1809104357193072,1.2826508108812056,0.1671659453122434,-0.005920942708898091,2.110208267175594
2.5764905660377337,20,0,37,0.5545616089134563,0.37362618366924116,-0.17774571107825632,1.286868928905169,20 °C,0,TRUE,TRUE,0.5545616089134563,-0.17774571107825632,1.286868928905169,0.5545616089134563,-0.17774571107825632,1.286868928905169,0.1705490886633792,-0.005615615842932327,2.1310956630334843
2.6155283018867905,20,0,37,0.5582530302459634,0.37391572401179685,-0.1746217888171584,1.2911278493090852,20 °C,0,TRUE,TRUE,0.5582530302459634,-0.1746217888171584,1.2911278493090852,0.5582530302459634,-0.1746217888171584,1.2911278493090852,0.17397757272139971,-0.005324701891417585,2.152324486350948
2.654566037735847,20,0,37,0.5619444515784705,0.3742260335752771,-0.1715385742290726,1.2954274773860135,20 °C,0,TRUE,TRUE,0.5619444515784705,-0.1715385742290726,1.2954274773860135,0.5619444515784705,-0.1715385742290726,1.2954274773860135,0.17745169929524726,-0.005047605305225675,2.1738987558008707
2.6936037735849037,20,0,37,0.5656358729109775,0.3745570607396101,-0.16849596613865825,1.2997677119606132,20 °C,0,TRUE,TRUE,0.5656358729109775,-0.16849596613865825,1.2997677119606132,0.5656358729109775,-0.16849596613865825,1.2997677119606132,0.18097177019386398,-0.004783750542026409,2.195822510062935
2.73264150943396,20,0,37,0.5693272942434846,0.3749087506267372,-0.16549385698492025,1.3041484454718895,20 °C,0,TRUE,TRUE,0.5693272942434846,-0.16549385698492025,1.3041484454718895,0.5693272942434846,-0.16549385698492025,1.3041484454718895,0.18453808722619244,-0.004532581617579643,2.218099807374916
2.771679245283017,20,0,37,0.5730187155759918,0.37528104514523436,-0.16253213290866753,1.3085695640606512,20 °C,0,TRUE,TRUE,0.5730187155759918,-0.16253213290866753,1.3085695640606512,0.5730187155759918,-0.16253213290866753,1.3085695640606512,0.18815095220117495,-0.004293561657247045,2.2407347250841863
2.810716981132073,20,0,37,0.5767101369084987,0.37567388303725785,-0.15961067384452665,1.313030947661524,20 °C,0,TRUE,TRUE,0.5767101369084987,-0.15961067384452665,1.313030947661524,0.5767101369084987,-0.15961067384452665,1.313030947661524,0.19181066692775328,-0.004066172448178152,2.2637313591999075
2.84975471698113,20,0,37,0.5804015582410058,0.37608719992772505,-0.1567293536173353,1.317532470099347,20 °C,0,TRUE,TRUE,0.5804015582410058,-0.1567293536173353,1.317532470099347,0.5804015582410058,-0.1567293536173353,1.317532470099347,0.19551753321487034,-0.003849913992614147,2.2870938239463374
2.8887924528301863,20,0,37,0.5840929795735129,0.37652092837564205,-0.15388804004274548,1.3220739991897714,20 °C,0,TRUE,TRUE,0.5840929795735129,-0.15388804004274548,1.3220739991897714,0.5840929795735129,-0.15388804004274548,1.3220739991897714,0.1992718528714682,-0.0036443040627426307,2.310826251317675
2.927830188679243,20,0,37,0.58778440090602,0.3769749979274853,-0.15108659503185118,1.3266553968438912,20 °C,0,TRUE,TRUE,0.58778440090602,-0.15108659503185118,1.3266553968438912,0.58778440090602,-0.15108659503185118,1.3266553968438912,0.20307392770648916,-0.0034488777575239584,2.334932790634893
2.9668679245282994,20,0,37,0.591475822238527,0.377449335172541,-0.14832487469965328,1.3312765191767073,20 °C,0,TRUE,TRUE,0.591475822238527,-0.14832487469965328,1.3312765191767073,0.591475822238527,-0.14832487469965328,1.3312765191767073,0.2069240595288754,-0.0032631870618973426,2.3594176081049443
3.005905660377356,20,0,37,0.5951672435710341,0.37794386380010486,-0.14560272947717134,1.3359372166192396,20 °C,0,TRUE,TRUE,0.5951672435710341,-0.14560272947717134,1.3359372166192396,0.5951672435710341,-0.14560272947717134,1.3359372166192396,0.21082255014756945,-0.003086800408761702,2.384284886382741
3.0449433962264125,20,0,37,0.5988586649035411,0.3784585046584429,-0.1429200042270069,1.3406373340340891,20 °C,0,TRUE,TRUE,0.5988586649035411,-0.1429200042270069,1.3406373340340891,0.5988586649035411,-0.1429200042270069,1.3406373340340891,0.21476970137151336,-0.0029193022441121393,2.4095388241362907
3.0839811320754693,20,0,37,0.6025500862360482,0.3789931758154104,-0.14027653836215614,1.3453767108342527,20 °C,0,TRUE,TRUE,0.6025500862360482,-0.14027653836215614,1.3453767108342527,0.6025500862360482,-0.14027653836215614,1.3453767108342527,0.2187658150096497,-0.0027602925956982404,2.435183635615359
3.1230188679245257,20,0,37,0.6062415075685552,0.37954779262062627,-0.13767216596787224,1.3501551811049826,20 °C,0,TRUE,TRUE,0.6062415075685552,-0.13767216596787224,1.3501551811049826,0.6062415075685552,-0.13767216596787224,1.3501551811049826,0.2228111928709205,-0.0026093866455556493,2.461223550223989
3.1620566037735824,20,0,37,0.6099329289010623,0.38012226776909913,-0.1351067159263719,1.3549725737284966,20 °C,0,TRUE,TRUE,0.6099329289010623,-0.1351067159263719,1.3549725737284966,0.6099329289010623,-0.1351067159263719,1.3549725737284966,0.2269061367642683,-0.0024662143067467174,2.4876628120972626
3.201094339622639,20,0,37,0.6136243502335694,0.3807165113661987,-0.13258001204418002,1.3598287125113189,20 °C,0,TRUE,TRUE,0.6136243502335694,-0.13258001204418002,1.3598287125113189,0.6136243502335694,-0.13258001204418002,1.3598287125113189,0.23105094849863525,-0.002330419804630205,2.5145056796825482
3.2401320754716956,20,0,37,0.6173157715660766,0.38133043099386715,-0.13009187318190296,1.3647234163140562,20 °C,0,TRUE,TRUE,0.6173157715660766,-0.13009187318190296,1.3647234163140562,0.6173157715660766,-0.13009187318190296,1.3647234163140562,0.23524592988296383,-0.002201661262963758,2.5417564253256164
3.279169811320752,20,0,37,0.6210071928985835,0.38196393177796456,-0.127642113386227,1.3696564991833942,20 °C,0,TRUE,TRUE,0.6210071928985835,-0.127642113386227,1.3696564991833942,0.6210071928985835,-0.127642113386227,1.3696564991833942,0.23949138272619583,-0.0020796102951267737,2.5694193348618604
3.3182075471698087,20,0,37,0.6246986142310906,0.38261691645664075,-0.12523054202392525,1.3746277704861065,20 °C,0,TRUE,TRUE,0.6246986142310906,-0.12523054202392525,1.3746277704861065,0.6246986142310906,-0.12523054202392525,1.3746277704861065,0.24378760883727413,-0.0019639516007340166,2.5974987072129068
3.357245283018865,20,0,37,0.6283900355635978,0.38328928544963015,-0.1228569639176772,1.379637035044873,20 °C,0,TRUE,TRUE,0.6283900355635978,-0.1228569639176772,1.379637035044873,0.6283900355635978,-0.1228569639176772,1.379637035044873,0.24813491002514096,-0.0018543825678945863,2.625998853988883
3.396283018867922,20,0,37,0.6320814568961048,0.38398093692836016,-0.12052117948348107,1.3846840932756908,20 °C,0,TRUE,TRUE,0.6320814568961048,-0.12052117948348107,1.3846840932756908,0.6320814568961048,-0.12052117948348107,1.3846840932756908,0.25253358809873816,-0.0017506128813527914,2.654924099096537
3.435320754716978,20,0,37,0.6357728782286118,0.38469176688677403,-0.11822298486946525,1.389768741326689,20 °C,0,TRUE,TRUE,0.6357728782286118,-0.11822298486946525,1.389768741326689,0.6357728782286118,-0.11822298486946525,1.389768741326689,0.2569839448670084,-0.0016523641367318241,2.684278778353513
3.474358490566035,20,0,37,0.6394642995611189,0.3854216692127576,-0.115962172095886,1.3948907712181238,20 °C,0,TRUE,TRUE,0.6394642995611189,-0.115962172095886,1.3948907712181238,0.6394642995611189,-0.115962172095886,1.3948907712181238,0.26148628213889397,-0.0015593694610833108,2.7140672391088736
3.5133962264150913,20,0,37,0.6431557208936259,0.3861705357600732,-0.11373852919611749,1.4000499709833694,20 °C,0,TRUE,TRUE,0.6431557208936259,-0.11373852919611749,1.4000499709833694,0.6431557208936259,-0.11373852919611749,1.4000499709833694,0.266040901723337,-0.0014713731399298578,2.7442938398701533
3.552433962264148,20,0,37,0.646847142226133,0.38693825642069696,-0.11155184035843302,1.405246124810699,20 °C,0,TRUE,TRUE,0.646847142226133,-0.11155184035843302,1.405246124810699,0.646847142226133,-0.11155184035843302,1.405246124810699,0.27064810542928003,-0.0013881302509706178,2.7749629499370663
3.5914716981132044,20,0,37,0.6505385635586401,0.3877247191974605,-0.10940188606838241,1.4104790131856628,20 °C,0,TRUE,TRUE,0.6505385635586401,-0.10940188606838241,1.4104790131856628,0.6505385635586401,-0.10940188606838241,1.4104790131856628,0.27530819506566523,-0.0013094063046036534,2.806078949042024
3.6305094339622612,20,0,37,0.6542299848911474,0.3885298102768994,-0.1072884432515755,1.4157484130338702,20 °C,0,TRUE,TRUE,0.6542299848911474,-0.1072884432515755,1.4157484130338702,0.6542299848911474,-0.1072884432515755,1.4157484130338702,0.28002147244143494,-0.0012349768914027112,2.837646226997609
3.6695471698113176,20,0,37,0.6579214062236542,0.38935341410221497,-0.10521128541668712,1.4210540978639956,20 °C,0,TRUE,TRUE,0.6579214062236542,-0.10521128541668712,1.4210540978639956,0.6579214062236542,-0.10521128541668712,1.4210540978639956,0.28478823936553105,-0.001164627336670131,2.869669183351141
3.7085849056603744,20,0,37,0.6616128275561614,0.39019541344625225,-0.103170182798493,1.4263958379108157,20 °C,0,TRUE,TRUE,0.6616128275561614,-0.103170182798493,1.4263958379108157,0.6616128275561614,-0.103170182798493,1.4263958379108157,0.2896087976468965,-0.001098152362171637,2.902152227046398
3.747622641509431,20,0,37,0.6653042488886685,0.3910556894844084,-0.10116490250077192,1.4317734002781088,20 °C,0,TRUE,TRUE,0.6653042488886685,-0.10116490250077192,1.4317734002781088,0.6653042488886685,-0.10116490250077192,1.4317734002781088,0.2944834490944733,-0.0010353557551442223,2.9350997760926307
3.7866603773584875,20,0,37,0.6689956702211757,0.3919341218673793,-0.09919520863888776,1.4371865490812392,20 °C,0,TRUE,TRUE,0.6689956702211757,-0.09919520863888776,1.4371865490812392,0.6689956702211757,-0.09919520863888776,1.4371865490812392,0.29941249551720395,-9.760500446524884e-4,2.968516257240917
3.8256981132075443,20,0,37,0.6726870915536827,0.39283058879366145,-0.0972608624818938,1.4426350455892591,20 °C,0,TRUE,TRUE,0.6726870915536827,-0.0972608624818938,1.4426350455892591,0.6726870915536827,-0.0972608624818938,1.4426350455892591,0.30439623872403015,-9.200561853551364e-4,3.002406105667923
3.8647358490566006,20,0,37,0.6763785128861897,0.3937449670817258,-0.09536162259399283,1.4481186483663722,20 °C,0,TRUE,TRUE,0.6763785128861897,-0.09536162259399283,1.4481186483663722,0.6763785128861897,-0.09536162259399283,1.4481186483663722,0.3094349805238947,-8.672032487287068e-4,3.0367737646671453
3.9037735849056574,20,0,37,0.6800699342186968,0.3946771322417822,-0.09349724497519629,1.4536371134125898,20 °C,0,TRUE,TRUE,0.6800699342186968,-0.09349724497519629,1.4536371134125898,0.6800699342186968,-0.09349724497519629,1.4536371134125898,0.31452902272573985,-8.173281217822489e-4,3.071623685347603
3.9428113207547137,20,0,37,0.6837613555512038,0.39562695854706187,-0.09166748320103746,1.4591901943034449,20 °C,0,TRUE,TRUE,0.6837613555512038,-0.09166748320103746,1.4591901943034449,0.6837613555512038,-0.09166748320103746,1.4591901943034449,0.3196786671385078,-7.702752132835776e-4,3.1069603263400767
3.9818490566037705,20,0,37,0.6874527768837109,0.3965943191045397,-0.08987208856118689,1.4647776423286087,20 °C,0,TRUE,TRUE,0.6874527768837109,-0.08987208856118689,1.4647776423286087,0.6874527768837109,-0.08987208856118689,1.4647776423286087,0.32488421557114094,-7.258961675048078e-4,3.142788153510856
4.020886792452827,20,0,37,0.691144198216218,0.3975790859250292,-0.0881108101968393,1.4703992066292753,20 °C,0,TRUE,TRUE,0.691144198216218,-0.0881108101968393,1.4703992066292753,0.691144198216218,-0.0881108101968393,1.4703992066292753,0.33014596983258154,-6.840495854831251e-4,3.179111639682987
4.059924528301884,20,0,37,0.6948356195487252,0.39858112999258183,-0.08638339523673522,1.4760546343341856,20 °C,0,TRUE,TRUE,0.6948356195487252,-0.08638339523673522,1.4760546343341856,0.6948356195487252,-0.08638339523673522,1.4760546343341856,0.33546423173177203,-6.446007537808264e-4,3.215935264365045
4.0989622641509404,20,0,37,0.6985270408812322,0.3996003213331273,-0.08468958893169731,1.4817436706941618,20 °C,0,TRUE,TRUE,0.6985270408812322,-0.08468958893169731,1.4817436706941618,0.6985270408812322,-0.08468958893169731,1.4817436706941618,0.34083930307765425,-6.074213807178588e-4,3.2532635134873646
4.137999999999996,20,0,37,0.7022184622137393,0.40063652908229325,-0.08302913478755547,1.4874660592150342,20 °C,0,TRUE,TRUE,0.7022184622137393,-0.08302913478755547,1.4874660592150342,0.7022184622137393,-0.08302913478755547,1.4874660592150342,0.346271485679171,-5.723893400392652e-4,3.291100879145704
4.177037735849053,20,0,37,0.7059098835462464,0.4016896215523487,-0.08140177469635712,1.49322154178885,20 °C,0,TRUE,TRUE,0.7059098835462464,-0.08140177469635712,1.49322154178885,0.7059098835462464,-0.08140177469635712,1.49322154178885,0.35176108134526435,-5.393884219703483e-4,3.3294518593522984
4.21607547169811,20,0,37,0.7096013048787535,0.40275946629821696,-0.07980724906575176,1.4990098588232588,20 °C,0,TRUE,TRUE,0.7096013048787535,-0.07980724906575176,1.4990098588232588,0.7096013048787535,-0.07980724906575176,1.4990098588232588,0.35730839188487656,-5.083080916026101e-4,3.368320957794257
4.255113207547167,20,0,37,0.7132927262112605,0.4038459301825059,-0.0782452969464511,1.504830749368972,20 °C,0,TRUE,TRUE,0.7132927262112605,-0.0782452969464511,1.504830749368972,0.7132927262112605,-0.0782452969464511,1.504830749368972,0.3629137191069499,-4.790432545448016e-4,3.407712683599199
4.294150943396223,20,0,37,0.7169841475437674,0.404948879439511,-0.07671565615767417,1.510683951245209,20 °C,0,TRUE,TRUE,0.7169841475437674,-0.07671565615767417,1.510683951245209,0.7169841475437674,-0.07671565615767417,1.510683951245209,0.36857736482042663,-4.5149402976512134e-4,3.447631551108104
4.333188679245279,20,0,37,0.7206755688762745,0.4060681797381462,-0.07521806341049198,1.516569201163041,20 °C,0,TRUE,FALSE,0.7206755688762745,-0.07521806341049198,1.516569201163041,NA,NA,NA,0.37429963083424944,-4.2556552954280125e-4,3.488082079655269
4.372226415094336,20,0,37,0.7243669902087816,0.4072036962437603,-0.07375225442898858,1.5224862348465518,20 °C,0,TRUE,FALSE,0.7243669902087816,-0.07375225442898858,1.5224862348465518,NA,NA,NA,0.38008081895736034,-4.011676464400157e-4,3.529068793355269
4.411264150943393,20,0,37,0.7280584115412887,0.4083552936788051,-0.07231796406916924,1.5284347871517467,20 °C,0,TRUE,FALSE,0.7280584115412887,-0.07231796406916924,1.5284347871517467,NA,NA,NA,0.38592123099870174,-3.7821484719849786e-4,3.5705962208968556
4.450301886792449,20,0,37,0.7317498328737957,0.40952283638231834,-0.0709149264355482,1.5344145921831396,20 °C,0,TRUE,FALSE,0.7317498328737957,-0.0709149264355482,1.5344145921831396,NA,NA,NA,0.3918211687672157,-3.5662597345899604e-4,3.6126688953436807
4.489339622641506,20,0,37,0.7354412542063029,0.4107061883681917,-0.06954287499535283,1.5404253834079586,20 °C,0,TRUE,FALSE,0.7354412542063029,-0.06954287499535283,1.5404253834079586,NA,NA,NA,0.39778093407184495,-3.363240491960244e-4,3.65529135394174
4.5283773584905624,20,0,37,0.73913267553881,0.4119052133821949,-0.06820154269029188,1.5464668937679118,20 °C,0,TRUE,FALSE,0.73913267553881,-0.06820154269029188,1.5464668937679118,NA,NA,NA,0.40380082872153134,-3.1723609475530954e-4,3.6984681379333852
4.567415094339619,20,0,37,0.742824096871317,0.4131197749577329,-0.06689066204583949,1.5525388557884736,20 °C,0,TRUE,FALSE,0.742824096871317,-0.06689066204583949,1.5525388557884736,NA,NA,NA,0.4098811545252172,-2.992929473766405e-4,3.742203792377875
4.606452830188675,20,0,37,0.7465155182038241,0.41434973647031276,-0.0656099652779889,1.5586410016856371,20 °C,0,TRUE,FALSE,0.7465155182038241,-0.0656099652779889,1.5586410016856371,NA,NA,NA,0.41602221329184513,-2.8242908808062e-4,3.786502865978236
4.645490566037732,20,0,37,0.7502069395363312,0.41559496119070166,-0.06435918439744404,1.5647730634701065,20 °C,0,TRUE,FALSE,0.7502069395363312,-0.06435918439744404,1.5647730634701065,NA,NA,NA,0.42222430683035717,-2.665824747942264e-4,3.8313699109144133
4.684528301886789,20,0,37,0.7538983608688383,0.4168553123367595,-0.06313805131121031,1.570934773048887,20 °C,0,TRUE,FALSE,0.7538983608688383,-0.06313805131121031,1.570934773048887,NA,NA,NA,0.42848773694969583,-2.5169438158668137e-4,3.876809482682485
4.7235660377358455,20,0,37,0.7575897822013453,0.41813065312393377,-0.06194629792156481,1.5771258623242554,20 °C,0,TRUE,FALSE,0.7575897822013453,-0.06194629792156481,1.5771258623242554,NA,NA,NA,0.4348128054588031,-2.377092438844737e-4,3.922826139939896
4.762603773584901,20,0,37,0.7612812035338522,0.41942084681440306,-0.0607836562223778,1.5833460632900822,20 °C,0,TRUE,FALSE,0.7612812035338522,-0.0607836562223778,1.5833460632900822,NA,NA,NA,0.4411998141666212,-2.245745095318241e-4,3.9694244443565005
4.801641509433958,20,0,37,0.7649726248663593,0.42072575676486423,-0.05964985839277459,1.589595108125493,20 °C,0,TRUE,FALSE,0.7649726248663593,-0.05964985839277459,1.589595108125493,NA,NA,NA,0.44764906488209316,-2.1224049556102374e-4,4.016608960471341
4.840679245283015,20,0,37,0.7686640461988665,0.4220452464729558,-0.05854463688812683,1.5958727292858599,20 °C,0,TRUE,FALSE,0.7686640461988665,-0.05854463688812683,1.5958727292858599,NA,NA,NA,0.45416085941416096,-2.0066025053540071e-4,4.064384255555003
4.879716981132072,20,0,37,0.7723554675313735,0.4233791796223119,-0.0574677245283578,1.6021786595911047,20 °C,0,TRUE,FALSE,0.7723554675313735,-0.0574677245283578,1.6021786595911047,NA,NA,NA,0.4607354995717663,-1.8978942232632438e-4,4.112754899477364
4.918754716981128,20,0,37,0.7760468888638805,0.4247274201262489,-0.056418854583567324,1.6085126323113283,20 °C,0,TRUE,FALSE,0.7760468888638805,-0.056418854583567324,1.6085126323113283,NA,NA,NA,0.46737328716385207,-1.7958613118494406e-4,4.161725464580692
4.957792452830184,20,0,37,0.7797383101963877,0.42608983217008317,-0.05539776085697523,1.6148743812497508,20 °C,0,TRUE,FALSE,0.7797383101963877,-0.05539776085697523,1.6148743812497508,NA,NA,NA,0.47407452399936073,-1.7001084796865822e-4,4.211300525557853
4.996830188679241,20,0,37,0.7834297315288948,0.4274662802520846,-0.05440417776519102,1.6212636408229808,20 °C,0,TRUE,FALSE,0.7834297315288948,-0.05440417776519102,1.6212636408229808,NA,NA,NA,0.48083951188723406,-1.6102627738210745e-4,4.261484659335569
5.035867924528298,20,0,37,0.7871211528614018,0.4288566292230671,-0.05343784041580968,1.6276801461386134,20 °C,0,TRUE,FALSE,0.7871211528614018,-0.05343784041580968,1.6276801461386134,NA,NA,NA,0.48766855263641445,-1.5259724609241273e-4,4.3122824449625154
5.074905660377355,20,0,37,0.7908125741939089,0.43026074432462724,-0.0524984846823604,1.6341236330701783,20 °C,0,TRUE,FALSE,0.7908125741939089,-0.0524984846823604,1.6341236330701783,NA,NA,NA,0.49456194805584447,-1.4469059557891363e-4,4.363698463502189
5.113943396226411,20,0,37,0.794503995526416,0.4316784912260356,-0.05158584727661364,1.6405938383294458,20 °C,0,TRUE,FALSE,0.794503995526416,-0.05158584727661364,1.6405938383294458,NA,NA,NA,0.5015199999544663,-1.372750795780013e-4,4.415737297930336
5.1529811320754675,20,0,37,0.798195416858923,0.4331097360597939,-0.05069966581827301,1.647090499536119,20 °C,0,TRUE,FALSE,0.798195416858923,-0.05069966581827301,1.647090499536119,NA,NA,NA,0.5085430101412219,-1.3032126598462387e-4,4.468403533036869
5.192018867924524,20,0,37,0.8018868381914303,0.4345543454558654,-0.049839678902065976,1.6536133552849264,20 °C,0,TRUE,FALSE,0.8018868381914303,-0.049839678902065976,1.6536133552849264,NA,NA,NA,0.5156312804250544,-1.238014430729514e-4,4.5217017553320735
5.231056603773581,20,0,37,0.8055782595239374,0.436012186574596,-0.04900562616227078,1.6601621452101454,20 °C,0,TRUE,FALSE,0.8055782595239374,-0.04900562616227078,1.6601621452101454,NA,NA,NA,0.5227851126149053,-1.1768952990010867e-4,4.575636552957017
5.270094339622637,20,0,37,0.8092696808564444,0.43748312713833687,-0.04819724833469585,1.6667366100475847,20 °C,0,TRUE,FALSE,0.8092696808564444,-0.04819724833469585,1.6667366100475847,NA,NA,NA,0.530004808519717,-1.1196099075813786e-4,4.6302125155980045
5.309132075471694,20,0,37,0.8129611021889515,0.438967035461787,-0.04741428731615105,1.6733364916940539,20 °C,0,TRUE,FALSE,0.8129611021889515,-0.04741428731615105,1.6733364916940539,NA,NA,NA,0.5372906699484321,-1.0659275354113971e-4,4.685434234404947
5.3481698113207505,20,0,37,0.8166525235214586,0.4404637804810683,-0.04665648622143537,1.6799615332643525,20 °C,0,TRUE,FALSE,0.8166525235214586,-0.04665648622143537,1.6799615332643525,NA,NA,NA,0.5446429987099929,-1.0156313189620181e-4,4.7413063019135055
5.387207547169807,20,0,37,0.8203439448539657,0.4419732317815562,-0.04592358943788444,1.6866114791458158,20 °C,0,TRUE,FALSE,0.8203439448539657,-0.04592358943788444,1.6866114791458158,NA,NA,NA,0.5520620966133415,-9.685175102877408e-5,4.797833311970894
5.426245283018863,20,0,37,0.8240353661864726,0.4434952596244799,-0.04521534267750804,1.693286075050453,20 °C,0,TRUE,FALSE,0.8240353661864726,-0.04521534267750804,1.693286075050453,NA,NA,NA,0.5595482654674198,-9.243947703511504e-5,4.8550198596652185
5.46528301886792,20,0,37,0.8277267875189798,0.44502973497231635,-0.044531493026760294,1.69998506806472,20 °C,0,TRUE,FALSE,0.8277267875189798,-0.044531493026760294,1.69998506806472,NA,NA,NA,0.5671018070811712,-8.830834963669439e-5,4.912870541258228
5.504320754716977,20,0,37,0.831418208851487,0.4465765295129927,-0.0438717889939787,1.7067082066969528,20 °C,0,TRUE,FALSE,0.831418208851487,-0.0438717889939787,1.7067082066969528,NA,NA,NA,0.5747230232635374,-8.444151819368039e-5,4.9713899541212845
5.543358490566034,20,0,37,0.8351096301839939,0.44813551568292487,-0.04323598055453881,1.7134552409225265,20 °C,0,TRUE,FALSE,0.8351096301839939,-0.04323598055453881,1.7134552409225265,NA,NA,NA,0.58241221582346,-8.082318087708749e-5,5.030582696674571
5.5823962264150895,20,0,37,0.838801051516501,0.4497065666889094,-0.04262381919376146,1.7202259222267635,20 °C,0,TRUE,FALSE,0.838801051516501,-0.04262381919376146,1.7202259222267635,NA,NA,NA,0.5901696865698823,-7.743852688156565e-5,5.090453368329302
5.621433962264146,20,0,37,0.8424924728490079,0.45128955652889363,-0.04203505794762363,1.7270200036456393,20 °C,0,TRUE,FALSE,0.8424924728490079,-0.04203505794762363,1.7270200036456393,NA,NA,NA,0.5979957373117459,-7.427368156343371e-5,5.151006569432838
5.660471698113203,20,0,37,0.8461838941815151,0.4528843600116458,-0.041469451441310645,1.7338372398043407,20 °C,0,TRUE,FALSE,0.8461838941815151,-0.041469451441310645,1.7338372398043407,NA,NA,NA,0.6058906698579941,-7.131565439108095e-5,5.212246901216673
5.69950943396226,20,0,37,0.8498753155140221,0.45449085277534856,-0.040926755925661085,1.7406773869537053,20 °C,0,TRUE,FALSE,0.8498753155140221,-0.040926755925661085,1.7406773869537053,NA,NA,NA,0.613854786017568,-6.855228959759114e-5,5.27417896574704
5.738547169811316,20,0,37,0.8535667368465292,0.4561089113051432,-0.040406729311551426,1.7475402030046099,20 °C,0,TRUE,FALSE,0.8535667368465292,-0.040406729311551426,1.7475402030046099,NA,NA,NA,0.6218883875994109,-6.597221942810649e-5,5.33680736587821
5.7775849056603725,20,0,37,0.8572581581790362,0.4577384129496406,-0.039909131202259474,1.7544254475603318,20 °C,0,TRUE,FALSE,0.8572581581790362,-0.039909131202259474,1.7544254475603318,NA,NA,NA,0.6299917764124643,-6.356481987713758e-5,5.400136705208181
5.816622641509429,20,0,37,0.8609495795115434,0.459379235936434,-0.039433722923867154,1.761332881946954,20 °C,0,TRUE,FALSE,0.8609495795115434,-0.039433722923867154,1.761332881946954,NA,NA,NA,0.6381652542656713,-6.132016881388137e-5,5.464171588036841
5.855660377358486,20,0,37,0.8646410008440505,0.4610312593866292,-0.03898026755374273,1.7682622692418437,20 °C,0,TRUE,FALSE,0.8646410008440505,-0.03898026755374273,1.7682622692418437,NA,NA,NA,0.6464091229679735,-5.9229006396268794e-5,5.528916619326354
5.894698113207542,20,0,37,0.8683324221765575,0.4626943633284227,-0.03854852994715097,1.7752133743002658,20 °C,0,TRUE,FALSE,0.8683324221765575,-0.03854852994715097,1.7752133743002658,NA,NA,NA,0.6547236843283131,-5.728269767728064e-5,5.594376404663792
5.933735849056599,20,0,37,0.8720238435090647,0.46436842870974854,-0.0381382767620424,1.7821859637801718,20 °C,0,TRUE,FALSE,0.8720238435090647,-0.0381382767620424,1.7821859637801718,NA,NA,NA,0.6631092401556333,-5.547319730985636e-5,5.660555550225822
5.972773584905656,20,0,37,0.8757152648415717,0.4660533374100228,-0.037749276482072935,1.7891798061652162,20 °C,0,TRUE,FALSE,0.8757152648415717,-0.037749276482072935,1.7891798061652162,NA,NA,NA,0.6715660922588754,-5.379301625948571e-5,5.7274586627454145
6.011811320754712,20,0,37,0.8794066861740788,0.4677489722510076,-0.03738129943789603,1.7961946717860537,20 °C,0,TRUE,FALSE,0.8794066861740788,-0.03738129943789603,1.7961946717860537,NA,NA,NA,0.6800945424469823,-5.223519043629135e-5,5.795090349480506
6.050849056603768,20,0,37,0.8830981075065856,0.4694552170068202,-0.03703411782678201,1.803230332839953,20 °C,0,TRUE,FALSE,0.8830981075065856,-0.03703411782678201,1.803230332839953,NA,NA,NA,0.6886948925288954,-5.079325116120534e-5,5.863455218184416
6.089886792452825,20,0,37,0.8867895288390928,0.4711719564131134,-0.036707505730609435,1.810286563408795,20 °C,0,TRUE,FALSE,0.8867895288390928,-0.036707505730609435,1.810286563408795,NA,NA,NA,0.6973674443135587,-4.946119738351719e-5,5.932557877078121
6.128924528301882,20,0,37,0.8904809501715998,0.4728990761754502,-0.03640123913228255,1.8173631394754821,20 °C,0,TRUE,FALSE,0.8904809501715998,-0.03640123913228255,1.8173631394754821,NA,NA,NA,0.7061124996099131,-4.823346956980017e-5,6.002402934824086
6.167962264150939,20,0,37,0.8941723715041069,0.47463646297689915,-0.03611509593061546,1.8244598389388291,20 °C,0,TRUE,FALSE,0.8941723715041069,-0.03611509593061546,1.8244598389388291,NA,NA,NA,0.7149303602269014,-4.710492518682751e-5,6.0729950005018045
6.2069999999999945,20,0,37,0.8978637928366139,0.4763840044848712,-0.03584885595373366,1.8315764416269613,20 °C,0,TRUE,FALSE,0.8978637928366139,-0.03584885595373366,1.8315764416269613,NA,NA,NA,0.7238213279734657,-4.607081570375682e-5,6.14433868358475
0,10,7,37,0.33838458282274253,0.3901206672495082,-0.4262519249862936,1.1030210906317786,10 °C,7,TRUE,TRUE,0.33838458282274253,-0.4262519249862936,1.1030210906317786,0.33838458282274253,-0.4262519249862936,1.1030210906317786,0.038746430871488324,-0.07744601214222854,1.3419967056292137
0.03903773584905657,10,7,37,0.3297771326566574,0.3894138873374484,-0.4334740865247415,1.0930283518380564,10 °C,7,TRUE,TRUE,0.3297771326566574,-0.4334740865247415,1.0930283518380564,0.3297771326566574,-0.4334740865247415,1.0930283518380564,0.035864238401014395,-0.08144968709255132,1.3058529711207172
0.07807547169811314,10,7,37,0.3211696824905725,0.3887214054806772,-0.4407242722515548,1.0830636372326998,10 °C,7,TRUE,TRUE,0.3211696824905725,-0.4407242722515548,1.0830636372326998,0.3211696824905725,-0.4407242722515548,1.0830636372326998,0.03312864149225691,-0.08560535013642331,1.2704627183883968
0.11711320754716972,10,7,37,0.31256223232448715,0.38804329822589634,-0.4480026321982697,1.073127096847244,10 °C,7,TRUE,TRUE,0.31256223232448715,-0.4480026321982697,1.073127096847244,0.31256223232448715,-0.4480026321982697,1.073127096847244,0.030535813882363934,-0.08991697688747644,1.2358150598586408
0.1561509433962263,10,7,37,0.30395478215840227,0.3873796410612457,-0.4553093143216393,1.0632188786384438,10 °C,7,TRUE,TRUE,0.30395478215840227,-0.4553093143216393,1.0632188786384438,0.30395478215840227,-0.4553093143216393,1.0632188786384438,0.028081929308483976,-0.09438861301875803,1.2018991780172574
0.19518867924528285,10,7,37,0.2953473319923169,0.3867305083788916,-0.4626444644303107,1.0533391284149445,10 °C,7,TRUE,TRUE,0.2953473319923169,-0.4626444644303107,1.0533391284149445,0.2953473319923169,-0.4626444644303107,1.0533391284149445,0.025763161507765,-0.09902437511873904,1.1687043262654715
0.23422641509433945,10,7,37,0.2867398818262318,0.3860959734376947,-0.47000822611164983,1.0434879897641134,10 °C,7,TRUE,TRUE,0.2867398818262318,-0.47000822611164983,1.0434879897641134,0.2867398818262318,-0.47000822611164983,1.0434879897641134,0.023575684217355463,-0.10382845153960407,1.1362198297682269
0.273264150943396,10,7,37,0.2781324316601467,0.3854761083259959,-0.4774007406588052,1.0336656039790986,10 °C,7,TRUE,TRUE,0.2781324316601467,-0.4774007406588052,1.0336656039790986,0.2781324316601467,-0.4774007406588052,1.0336656039790986,0.021515671174403537,-0.10880510323711926,1.1044350862940466
0.3123018867924526,10,7,37,0.2695249814940615,0.3848709839245582,-0.4848221469980725,1.0238721099861956,10 °C,7,TRUE,TRUE,0.2695249814940615,-0.4848221469980725,1.0238721099861956,0.2695249814940615,-0.4848221469980725,1.0238721099861956,0.019579296116057448,-0.11395866460134842,1.073339567045752
0.35133962264150914,10,7,37,0.2609175313279766,0.38428066986970466,-0.4922725816166445,1.0141076442725978,10 °C,7,TRUE,TRUE,0.2609175313279766,-0.4922725816166445,1.0141076442725978,0.2609175313279766,-0.4922725816166445,1.0141076442725978,0.01776273277946551,-0.11929354427749621,1.0429228174813057
0.3903773584905657,10,7,37,0.25231008116189124,0.3837052345166912,-0.49975217849082354,1.004372340814606,10 °C,7,TRUE,TRUE,0.25231008116189124,-0.49975217849082354,1.004372340814606,0.25231008116189124,-0.49975217849082354,1.004372340814606,0.016062154901775812,-0.12481422597614819,1.0131744581240467
0.42941509433962227,10,7,37,0.24370263099580636,0.3831447449033562,-0.5072610690147717,0.9946663310063845,10 °C,7,TRUE,TRUE,0.24370263099580636,-0.5072610690147717,0.9946663310063845,0.24370263099580636,-0.5072610690147717,0.9946663310063845,0.014473736220136786,-0.13052526927217123,0.9840841853616051
0.4684528301886789,10,7,37,0.23509518082972103,0.38259926671408495,-0.5147993819298855,0.9849897435893276,10 °C,7,TRUE,TRUE,0.23509518082972103,-0.5147993819298855,0.9849897435893276,0.23509518082972103,-0.5147993819298855,0.9849897435893276,0.012993650471696505,-0.1364313103915448,0.9556417722327131
0.5074905660377355,10,7,37,0.22648773066363603,0.38206886424413317,-0.5223672432548649,0.975342704582137,10 °C,7,TRUE,TRUE,0.22648773066363603,-0.5223672432548649,0.975342704582137,0.22648773066363603,-0.5223672432548649,0.975342704582137,0.011618071393603348,-0.1425370629853796,0.927837069201241
0.546528301886792,10,7,37,0.21788028049755076,0.3815536003643485,-0.5299647762165722,0.9657253372116739,10 °C,7,TRUE,TRUE,0.21788028049755076,-0.5299647762165722,0.9657253372116739,0.21788028049755076,-0.5299647762165722,0.9657253372116739,0.010343172723005457,-0.14884731889039843,0.9006600049166676
0.5855660377358486,10,7,37,0.20927283033146563,0.3810535364863326,-0.5375921011817463,0.9561377618446775,10 °C,7,TRUE,TRUE,0.20927283033146563,-0.5375921011817463,0.9561377618446775,0.20927283033146563,-0.5375921011817463,0.9561377618446775,0.009165128197051139,-0.15536694887513502,0.8741005869602844
0.6246037735849052,10,7,37,0.20066538016538038,0.38056873252808543,-0.545249335589667,0.9465800959204278,10 °C,7,TRUE,TRUE,0.20066538016538038,-0.545249335589667,0.9465800959204278,0.20066538016538038,-0.545249335589667,0.9465800959204278,0.008080111552888604,-0.16210090337112962,0.8481489025763893
0.6636415094339617,10,7,37,0.19205792999929538,0.38009924688017305,-0.5529365938858438,0.9370524538844346,10 °C,7,TRUE,TRUE,0.19205792999929538,-0.5529365938858438,0.9370524538844346,0.19205792999929538,-0.5529365938858438,0.9370524538844346,0.007084296527666137,-0.16905421318838942,0.8227951193877473
0.7026792452830183,10,7,37,0.18345047983321047,0.3796451363724615,-0.560653987456814,0.927554947123235,10 °C,7,TRUE,TRUE,0.18345047983321047,-0.560653987456814,0.927554947123235,0.18345047983321047,-0.560653987456814,0.927554947123235,0.006173856858531957,-0.1762319902143982,0.7980294860945993
0.7417169811320748,10,7,37,0.17484302966712514,0.3792064562414566,-0.5684016245661297,0.9180876839003801,10 °C,7,TRUE,TRUE,0.17484302966712514,-0.5684016245661297,0.9180876839003801,0.17484302966712514,-0.5684016245661297,0.9180876839003801,0.005344966282634259,-0.18363942809595787,0.7738423331565023
0.7807547169811314,10,7,37,0.16623557950104006,0.3787832600982933,-0.5761796102916147,0.9086507692936948,10 °C,7,TRUE,TRUE,0.16623557950104006,-0.5761796102916147,0.9086507692936948,0.16623557950104006,-0.5761796102916147,0.9086507692936948,0.004593798537121353,-0.1912818029031591,0.7502240734563066
0.819792452830188,10,7,37,0.1576281293349548,0.37837559989741365,-0.583988046463976,0.8992443051338854,10 °C,7,TRUE,TRUE,0.1576281293349548,-0.583988046463976,0.8992443051338854,0.1576281293349548,-0.583988046463976,0.8992443051338854,0.003916527359141443,-0.1991644737747897,0.7271652029455561
0.8588301886792445,10,7,37,0.14902067916886982,0.37798352590597484,-0.5918270316068408,0.8898683899445805,10 °C,7,TRUE,TRUE,0.14902067916886982,-0.5918270316068408,0.8898683899445805,0.14902067916886982,-0.5918270316068408,0.8898683899445805,0.0033093264858428074,-0.20729288354448816,0.7046563012706488
0.8978679245283011,10,7,37,0.1404132290027847,0.3776070866740276,-0.5996966608783094,0.8805231188838787,10 °C,7,TRUE,TRUE,0.1404132290027847,-0.5996966608783094,0.8805231188838787,0.1404132290027847,-0.5996966608783094,0.8805231188838787,0.002768369654373656,-0.21567255934698348,0.6826880323790682
0.9369056603773578,10,7,37,0.1318057788366995,0.3772463290055043,-0.6075970260140889,0.871208583687488,10 °C,7,TRUE,TRUE,0.1318057788366995,-0.6075970260140889,0.871208583687488,0.1318057788366995,-0.6075970260140889,0.871208583687488,0.002289830601882241,-0.22430911320375116,0.6612511451050488
0.9759433962264144,10,7,37,0.12319832867061449,0.37690129793005556,-0.6155282152722944,0.8619248726135235,10 °C,7,TRUE,TRUE,0.12319832867061449,-0.6155282152722944,0.8619248726135235,0.12319832867061449,-0.6155282152722944,0.8619248726135235,0.0018698830655168176,-0.2332082425874535,0.6403364737340099
1.014981132075471,10,7,37,0.11459087850452926,0.3765720366757741,-0.6234903133799881,0.8526720703890465,10 °C,7,TRUE,TRUE,0.11459087850452926,-0.6234903133799881,0.8526720703890465,0.11459087850452926,-0.6234903133799881,0.8526720703890465,0.001504700782425609,-0.24237573096453566,0.6199349385451526
1.0540188679245275,10,7,37,0.10598342833844424,0.37625858664284256,-0.6314834014815272,0.8434502581584156,10 °C,7,TRUE,TRUE,0.10598342833844424,-0.6314834014815272,0.8434502581584156,0.10598342833844424,-0.6314834014815272,0.8434502581584156,0.0011904574897568768,-0.25181744831536534,0.6000375463316044
1.093056603773584,10,7,37,0.0973759781723588,0.37596098737814143,-0.6395075570887985,0.834259513433516,10 °C,7,TRUE,TRUE,0.0973759781723588,-0.6395075570887985,0.834259513433516,0.0973759781723588,-0.6395075570887985,0.834259513433516,9.233269246588428e-4,-0.26153935163133807,0.5806353908975154
1.1320943396226406,10,7,37,0.08876852800627401,0.3756792765508544,-0.6475628540334006,0.8250999100459486,10 °C,7,TRUE,TRUE,0.08876852800627401,-0.6475628540334006,0.8250999100459486,0.08876852800627401,-0.6475628540334006,0.8250999100459486,6.994828242797814e-4,-0.2715474853883689,0.5617196535315614
1.1711320754716972,10,7,37,0.08016107784018855,0.3754134899291026,-0.6556493624208526,0.8159715181012297,10 °C,7,TRUE,TRUE,0.08016107784018855,-0.6556493624208526,0.8159715181012297,0.08016107784018855,-0.6556493624208526,0.8159715181012297,5.150989257679012e-4,-0.28184798199623934,0.5432816034562771
1.2101698113207537,10,7,37,0.07155362767410349,0.375163661357643,-0.6637671485868768,0.8068744039350837,10 °C,7,TRUE,TRUE,0.07155362767410349,-0.6637671485868768,0.8068744039350837,0.07155362767410349,-0.6637671485868768,0.8068744039350837,3.6634896627146964e-4,-0.29244706222325667,0.5253125982527302
1.2492075471698103,10,7,37,0.06294617750801854,0.3749298227366621,-0.6719162750558391,0.7978086300718762,10 °C,7,TRUE,TRUE,0.06294617750801854,-0.6719162750558391,0.7978086300718762,0.06294617750801854,-0.6719162750558391,0.7978086300718762,2.49406682938722e-4,-0.3033510355957516,0.5078040842600086
1.2882452830188669,10,7,37,0.0543387273419333,0.37471200400169474,-0.6800968005013883,0.788774255185255,10 °C,7,TRUE,TRUE,0.0543387273419333,-0.6800968005013883,0.788774255185255,0.0543387273419333,-0.6800968005013883,0.788774255185255,1.604458129178967e-4,-0.31456630077192055,0.4907475969490638
1.3272830188679234,10,7,37,0.04573127717584851,0.3745102331046993,-0.6883087797093621,0.779771334061059,10 °C,7,TRUE,TRUE,0.04573127717584851,-0.6883087797093621,0.779771334061059,0.04573127717584851,-0.6883087797093621,0.779771334061059,9.564009335724388e-5,-0.32609934588957745,0.4741347612704696
1.36632075471698,10,7,37,0.03712382700976306,0.374324535996313,-0.6965522635430105,0.7707999175625365,10 °C,7,TRUE,TRUE,0.03712382700976306,-0.6965522635430105,0.7707999175625365,0.03712382700976306,-0.6965522635430105,0.7707999175625365,5.116326140499881e-5,-0.33795674888739424,0.4579572919756522
1.4053584905660366,10,7,37,0.028516376843678044,0.37415493660931776,-0.7048272989105847,0.7618600525979408,10 °C,7,TRUE,TRUE,0.028516376843678044,-0.7048272989105847,0.7618600525979408,0.028516376843678044,-0.7048272989105847,0.7618600525979408,2.3189054209411016e-5,-0.3501451777992334,0.4422069939112347
1.4443962264150931,10,7,37,0.019908926677593034,0.37400145684333763,-0.7131339287353488,0.7529517820905348,10 °C,7,TRUE,TRUE,0.019908926677593034,-0.7131339287353488,0.7529517820905348,0.019908926677593034,-0.7131339287353488,0.7529517820905348,7.89120891872088e-6,-0.36267139102122603,0.426875762286104
1.4834339622641497,10,7,37,0.011301476511507688,0.37386411655079166,-0.7214721919280439,0.7440751449510593,10 °C,7,TRUE,TRUE,0.011301476511507688,-0.7214721919280439,0.7440751449510593,0.011301476511507688,-0.7214721919280439,0.7440751449510593,1.4434626811713923e-6,-0.3755422375512454,0.4119555829108896
1.5224716981132063,10,7,37,0.0026940263454225833,0.373742933524124,-0.7298421233618605,0.7352301760527057,10 °C,7,TRUE,TRUE,0.0026940263454225833,-0.7298421233618605,0.7352301760527057,0.0026940263454225833,-0.7298421233618605,0.7352301760527057,1.955264500607171e-8,-0.3887646572004933,0.3974385324095524
1.5615094339622628,10,7,37,-0.00591342382066265,0.3736379234843277,-0.738243753849945,0.7264169062086198,10 °C,7,TRUE,TRUE,-0.00591342382066265,-0.738243753849945,0.7264169062086198,-0.00591342382066265,-0.738243753849945,0.7264169062086198,-2.0678404153237198e-7,-0.4023456807769209,0.3833167784027998
1.6005471698113194,10,7,37,-0.014520873986747661,0.3735491000707827,-0.7466771101254817,0.7176353621519864,10 °C,7,TRUE,TRUE,-0.014520873986747661,-0.7466771101254817,0.7176353621519864,-0.014520873986747661,-0.7466771101254817,0.7176353621519864,-3.0618102302009096e-6,-0.4162924302402549,0.36958257966311686
1.639584905660376,10,7,37,-0.023128324152832766,0.3734764748324206,-0.755142214824377,0.7088855665187116,10 °C,7,TRUE,TRUE,-0.023128324152832766,-0.755142214824377,0.7088855665187116,-0.023128324152832766,-0.755142214824377,0.7088855665187116,-1.2371788772756558e-5,-0.4306121188284253,0.3562282862411899
1.6786226415094325,10,7,37,-0.03173577431891781,0.37342005722023086,-0.7636390864705703,0.7001675378327347,10 °C,7,TRUE,TRUE,-0.03173577431891781,-0.7636390864705703,0.7001675378327347,-0.03173577431891781,-0.7636390864705703,0.7001675378327347,-3.196298252095612e-5,-0.4453120511552215,0.34324633956356587
1.717660377358489,10,7,37,-0.04034322448500314,0.3733798545811196,-0.7721677394639975,0.6914812904939912,10 °C,7,TRUE,TRUE,-0.04034322448500314,-0.7721677394639975,0.6914812904939912,-0.04034322448500314,-0.7721677394639975,0.6914812904939912,-6.566165432655792e-5,-0.46039962327905126,0.3306292725014092
1.7566981132075457,10,7,37,-0.048950674651088356,0.37335587215312993,-0.780728184071223,0.6828268347690463,10 °C,7,TRUE,TRUE,-0.048950674651088356,-0.780728184071223,0.6828268347690463,-0.048950674651088356,-0.780728184071223,0.6828268347690463,-1.1729406704131799e-4,-0.47588232274269465,0.3183697094102584
1.7957358490566022,10,7,37,-0.057558124817173276,0.37334811306203136,-0.7893204264187548,0.6742041767844082,10 °C,7,TRUE,TRUE,-0.057558124817173276,-0.7893204264187548,0.6742041767844082,-0.057558124817173276,-0.7893204264187548,0.6742041767844082,-1.9068648351699087e-4,-0.4917677285839917,0.30646036614071137
1.8347735849056588,10,7,37,-0.06616557498325838,0.37335657831928337,-0.7979444684890538,0.665613318522537,10 °C,7,TRUE,TRUE,-0.06616557498325838,-0.7979444684890538,0.665613318522537,-0.06616557498325838,-0.7979444684890538,0.665613318522537,-2.896651666053372e-4,-0.5080635113174333,0.2948940500200146
1.8738113207547156,10,7,37,-0.07477302514934353,0.3733812668213761,-0.8066003081192408,0.6570542578205536,10 °C,7,TRUE,TRUE,-0.07477302514934353,-0.8066003081192408,0.6570542578205536,-0.07477302514934353,-0.8066003081192408,0.6570542578205536,-4.1805637915811326e-4,-0.5247774328866546,0.2836636598045609
1.9128490566037721,10,7,37,-0.08338047531542878,0.3734221753505501,-0.815287939002507,0.6485269883716493,10 °C,7,TRUE,TRUE,-0.08338047531542878,-0.815287939002507,0.6485269883716493,-0.08338047531542878,-0.815287939002507,0.6485269883716493,-5.796863840270779e-4,-0.5419173465878784,0.2727621856033307
1.9518867924528287,10,7,37,-0.09198792548151379,0.37347929857689166,-0.8240073506922214,0.6400314997291938,10 °C,7,TRUE,TRUE,-0.09198792548151379,-0.8240073506922214,0.6400314997291938,-0.09198792548151379,-0.8240073506922214,0.6400314997291938,-7.783814440639808e-4,-0.5594911969643744,0.26218270877235184
1.9909245283018853,10,7,37,-0.10059537564759909,0.3735526290618041,-0.8327585286087351,0.6315677773135369,10 °C,7,TRUE,TRUE,-0.10059537564759909,-0.8327585286087351,0.6315677773135369,-0.10059537564759909,-0.8327585286087351,0.6315677773135369,-0.0010179678221205917,-0.5775070196720535,0.2519184017802907
2.029962264150942,10,7,37,-0.10920282581368403,0.37364215726284605,-0.8415414540488623,0.6231358024214942,10 °C,7,TRUE,TRUE,-0.10920282581368403,-0.8415414540488623,0.6231358024214942,-0.10920282581368403,-0.8415414540488623,0.6231358024214942,-0.001302271781048649,-0.5959729413163243,0.2419625280453153
2.068999999999998,10,7,37,-0.11781027597976912,0.37374787153993216,-0.8503561041980362,0.614735552238498,10 °C,7,TRUE,TRUE,-0.11781027597976912,-0.8503561041980362,0.614735552238498,-0.11781027597976912,-0.8503561041980362,0.614735552238498,-0.0016351195836999245,-0.6148971792604107,0.2323084417434054
2.108037735849055,10,7,37,-0.12641772614585428,0.3738697581628857,-0.8592024521451103,0.6063669998534016,10 °C,7,TRUE,TRUE,-0.12641772614585428,-0.8592024521451103,0.6063669998534016,-0.12641772614585428,-0.8592024521451103,0.6063669998534016,-0.002020337492926175,-0.6342880414053229,0.22294958758832856
2.1470754716981113,10,7,37,-0.13502517631193936,0.37400780132033135,-0.8680804668997888,0.5980301142759101,10 °C,7,TRUE,TRUE,-0.13502517631193936,-0.8680804668997888,0.5980301142759101,-0.13502517631193936,-0.8680804668997888,0.5980301142759101,-0.002461751771579149,-0.6541539259417373,0.2138795005835191
2.186113207547168,10,7,37,-0.14363262647802472,0.37416198312991517,-0.8769901134126585,0.589724860456609,10 °C,7,TRUE,TRUE,-0.14363262647802472,-0.8769901134126585,0.589724860456609,-0.14363262647802472,-0.8769901134126585,0.589724860456609,-0.002963188682510625,-0.6745033210740591,0.2050918057461382
2.2251509433962244,10,7,37,-0.1522400766441096,0.3743322836498372,-0.8859313525977905,0.5814511993095715,10 °C,7,TRUE,TRUE,-0.1522400766441096,-0.8859313525977905,0.5814511993095715,-0.1522400766441096,-0.8859313525977905,0.5814511993095715,-0.0035284744885723143,-0.6953448047169762,0.19658021780363422
2.2641886792452812,10,7,37,-0.16084752681019518,0.37451868089167767,-0.8949041413578834,0.573209087737493,10 °C,7,TRUE,TRUE,-0.16084752681019518,-0.8949041413578834,0.573209087737493,-0.16084752681019518,-0.8949041413578834,0.573209087737493,-0.004161435452616053,-0.7166870441648557,0.18833854086312618
2.3032264150943376,10,7,37,-0.16945497697628006,0.37472115083449853,-0.9039084326118972,0.56499847865933706,10 °C,7,TRUE,TRUE,-0.16945497697628006,-0.9039084326118972,0.56499847865933706,-0.16945497697628006,-0.9039084326118972,0.56499847865933706,-0.0048658978374934965,-0.7385387957343236,0.18036066805400364
2.3422641509433944,10,7,37,-0.1780624271423652,0.374939667440201,-0.9129441753251591,0.5568193210404287,10 °C,7,TRUE,TRUE,-0.1780624271423652,-0.9129441753251591,0.5568193210404287,-0.1780624271423652,-0.9129441753251591,0.5568193210404287,-0.005645687906056472,-0.7609089043804829,0.17264058114412292
2.3813018867924507,10,7,37,-0.1866698773084505,0.3751742026701127,-0.9220113145418714,0.5486715599249703,10 °C,7,TRUE,TRUE,-0.1866698773084505,-0.9220113145418714,0.5486715599249703,-0.1866698773084505,-0.9220113145418714,0.5486715599249703,-0.006504631921156735,-0.7838063032871381,0.16517235013004625
2.4203396226415075,10,7,37,-0.19527732747453544,0.3754247265027835,-0.9311097914199911,0.5405551364709202,10 °C,7,TRUE,TRUE,-0.19527732747453544,-0.9311097914199911,0.5405551364709202,-0.19527732747453544,-0.9311097914199911,0.5405551364709202,-0.00744655614564599,-0.8072400134315295,0.15795013280177322
2.459377358490564,10,7,37,-0.20388477764062052,0.3756912069529623,-0.9402395432684266,0.5324699879871856,10 °C,7,TRUE,TRUE,-0.20388477764062052,-0.9402395432684266,0.5324699879871856,-0.20388477764062052,-0.9402395432684266,0.5324699879871856,-0.008475286842376042,-0.831219143124047,0.15096817428244882
2.4984150943396206,10,7,37,-0.21249222780670568,0.37597361009172714,-0.9494005035864908,0.5244160479730795,10 °C,7,TRUE,TRUE,-0.21249222780670568,-0.9494005035864908,0.5244160479730795,-0.21249222780670568,-0.9494005035864908,0.5244160479730795,-0.009594650274198646,-0.8557528875234242,0.14422080654356484
2.5374528301886774,10,7,37,-0.22109967797279081,0.37627190006774003,-0.9585926021055613,0.5163932461599796,10 °C,7,TRUE,TRUE,-0.22109967797279081,-0.9585926021055613,0.5163932461599796,-0.22109967797279081,-0.9585926021055613,0.5163932461599796,-0.010808472703965545,-0.8808505281279657,0.13770244789618272
2.5764905660377337,10,7,37,-0.2297071281388757,0.37658603912959565,-0.9678157648328832,0.5084015085551318,10 °C,7,TRUE,TRUE,-0.2297071281388757,-0.9678157648328832,0.5084015085551318,-0.2297071281388757,-0.9678157648328832,0.5084015085551318,-0.01212058039452846,-0.9065214322433504,0.13140760245874006
2.6155283018867905,10,7,37,-0.23831457830496128,0.3769159876492322,-0.9770699140974564,0.5004407574875338,10 °C,7,TRUE,TRUE,-0.23831457830496128,-0.9770699140974564,0.5004407574875338,-0.23831457830496128,-0.9770699140974564,0.5004407574875338,-0.0135347996087393,-0.9327750524276069,0.12533085960201928
2.654566037735847,10,7,37,-0.24692202847104616,0.37726170414637056,-0.9863549685979325,0.49251091165584016,10 °C,7,TRUE,TRUE,-0.24692202847104616,-0.9863549685979325,0.49251091165584016,-0.24692202847104616,-0.9863549685979325,0.49251091165584016,-0.015054956609449595,-0.9596209259138366,0.11946689337188435
2.6936037735849037,10,7,37,-0.2555294786371311,0.377623145313949,-0.9956708434524713,0.484611886178209,10 °C,7,TRUE,TRUE,-0.2555294786371311,-0.9956708434524713,0.484611886178209,-0.2555294786371311,-0.9956708434524713,0.484611886178209,-0.01668487765951122,-0.987068674011348,0.1138104618903979
2.73264150943396,10,7,37,-0.2641369288032162,0.3780002660445159,-1.0050174502504674,0.47674359264403493,10 °C,7,TRUE,TRUE,-0.2641369288032162,-1.0050174502504674,0.47674359264403493,-0.2641369288032162,-1.0050174502504674,0.47674359264403493,-0.01842838902177596,-1.0151280014857917,0.1083564067359682
2.771679245283017,10,7,37,-0.27274437896930115,0.3783930194575458,-1.0143946971060909,0.4689059391674886,10 °C,7,TRUE,TRUE,-0.27274437896930115,-1.0143946971060909,0.4689059391674886,-0.27274437896930115,-1.0143946971060909,0.4689059391674886,-0.020289316959095503,-1.0438086959189914,0.10309965230317604
2.810716981132073,10,7,37,-0.28135182913538664,0.3788013569276397,-1.0238024887135604,0.46109883044278716,10 °C,7,TRUE,TRUE,-0.28135182913538664,-1.0238024887135604,0.46109883044278716,-0.28135182913538664,-1.0238024887135604,0.46109883044278716,-0.02227148773432177,-1.0731206270491216,0.09803520514295226
2.84975471698113,10,7,37,-0.2899592793014718,0.3792252281135742,-1.033240726404077,0.45332216780113355,10 °C,7,TRUE,TRUE,-0.2899592793014718,-1.033240726404077,0.45332216780113355,-0.2899592793014718,-1.033240726404077,0.45332216780113355,-0.02437872761030632,-1.1030737460919262,0.09315815328380006
2.8887924528301863,10,7,37,-0.2985667294675567,0.3796645809881564,-1.0427093082043433,0.4455758492692299,10 °C,7,TRUE,TRUE,-0.2985667294675567,-1.0427093082043433,0.4455758492692299,-0.2985667294675567,-1.0427093082043433,0.4455758492692299,-0.0266148628499009,-1.1336780850436778,0.0884636655347492
2.927830188679243,10,7,37,-0.3071741796336418,0.3801193618688491,-1.052208128896586,0.4378597696293024,10 °C,7,TRUE,TRUE,-0.3071741796336418,-1.052208128896586,0.4378597696293024,-0.3071741796336418,-1.052208128896586,0.4378597696293024,-0.02898371971595741,-1.1649437559665823,0.08394699077076181
2.9668679245282994,10,7,37,-0.3157816297997271,0.38058951544912334,-1.0617370800800088,0.43017382048055464,10 °C,7,TRUE,TRUE,-0.3157816297997271,-1.0617370800800088,0.43017382048055464,-0.3157816297997271,-1.0617370800800088,0.43017382048055464,-0.03148912447132761,-1.196880950257351,0.0796034572013071
3.005905660377356,10,7,37,-0.3243890799658125,0.3810749848304986,-1.0712960502335898,0.4225178903019648,10 °C,7,TRUE,TRUE,-0.3243890799658125,-1.0712960502335898,0.4225178903019648,-0.3243890799658125,-1.0712960502335898,0.4225178903019648,-0.03413490337886322,-1.229499937899674,0.07542847162283077
3.0449433962264125,10,7,37,-0.33299653013189756,0.3815757115552296,-1.0808849247801477,0.4148918645163525,10 °C,7,TRUE,TRUE,-0.33299653013189756,-1.0808849247801477,0.4148918645163525,-0.33299653013189756,-1.0808849247801477,0.4148918645163525,-0.03692488270141587,-1.262811066701318,0.07141751865585909
3.0839811320754693,10,7,37,-0.3416039802979825,0.38209163563959825,-1.090503586151595,0.4072956255556301,10 °C,7,TRUE,TRUE,-0.3416039802979825,-1.090503586151595,0.4072956255556301,-0.3416039802979825,-1.090503586151595,0.4072956255556301,-0.03986288870183737,-1.2968247615166086,0.06756615996747656
3.1230188679245257,10,7,37,-0.35021143046406783,0.3826226956077696,-1.1001519138552962,0.3997290529271606,10 °C,7,TRUE,TRUE,-0.35021143046406783,-1.1001519138552962,0.3997290529271606,-0.35021143046406783,-1.1001519138552962,0.3997290529271606,-0.04295274764297966,-1.3315515234550352,0.06387003347992577
3.1620566037735824,10,7,37,-0.358818880630153,0.3831688285261696,-1.1098297845414455,0.39219202328113945,10 °C,7,TRUE,TRUE,-0.358818880630153,-1.1098297845414455,0.39219202328113945,-0.358818880630153,-1.1098297845414455,0.39219202328113945,-0.04619828578769431,-1.3670019290767101,0.06032485256607752
3.201094339622639,10,7,37,-0.3674263307962381,0.38372997003834247,-1.1195370720713893,0.3846844104789131,10 °C,7,TRUE,TRUE,-0.3674263307962381,-1.1195370720713893,0.3846844104789131,-0.3674263307962381,-1.1195370720713893,0.3846844104789131,-0.0496033293988331,-1.4031866295754631,0.05692640523252042
3.2401320754716956,10,7,37,-0.376033780962323,0.38430605440024745,-1.129273647586808,0.37720608566216196,10 °C,7,TRUE,TRUE,-0.376033780962323,-1.129273647586808,0.37720608566216196,-0.376033780962323,-1.129273647586808,0.37720608566216196,-0.053171704739247726,-1.4401163499503078,0.05367055329102544
3.279169811320752,10,7,37,-0.38464123112840853,0.3848970145159525,-1.1390393795796754,0.3697569173228583,10 °C,7,TRUE,TRUE,-0.38464123112840853,-1.1390393795796754,0.3697569173228583,-0.38464123112840853,-1.1390393795796754,0.3697569173228583,-0.056907238071790316,-1.4778018881660304,0.050553231519132956
3.3182075471698087,10,7,37,-0.3932486812944934,0.3855027819736838,-1.1488341339629136,0.36233677137392684,10 °C,7,TRUE,TRUE,-0.3932486812944934,-1.1488341339629136,0.36233677137392684,-0.3932486812944934,-1.1488341339629136,0.36233677137392684,-0.060813755659312053,-1.5162541143036403,0.047570446810614224
3.357245283018865,10,7,37,-0.40185613146057814,0.38612328708218896,-1.1586577741416684,0.35494551122051216,10 °C,7,TRUE,TRUE,-0.40185613146057814,-1.1586577741416684,0.35494551122051216,-0.40185613146057814,-1.1586577741416684,0.35494551122051216,-0.0648950837646649,-1.5554839697014593,0.04471827731654721
3.396283018867922,10,7,37,-0.4104635816266635,0.38675845890737576,-1.1685101610851198,0.3475829978317929,10 °C,7,TRUE,TRUE,-0.4104635816266635,-1.1685101610851198,0.3475829978317929,-0.4104635816266635,-1.1685101610851198,0.3475829978317929,-0.06915504865070102,-1.5955024660875585,0.04199287157775536
3.435320754716978,10,7,37,-0.41907103179274835,0.387408225309183,-1.178391153398747,0.34024908981325036,10 °C,7,TRUE,TRUE,-0.41907103179274835,-1.178391153398747,0.34024908981325036,-0.41907103179274835,-1.178391153398747,0.34024908981325036,-0.07359747658027156,-1.6363206847042755,0.03939044764933995
3.474358490566035,10,7,37,-0.42767848195883373,0.38807251297864664,-1.188300607396981,0.3329436434793137,10 °C,7,TRUE,TRUE,-0.42767848195883373,-1.188300607396981,0.3329436434793137,-0.42767848195883373,-1.188300607396981,0.3329436434793137,-0.07822619381622886,-1.6779497754255914,0.03690729221803523
3.5133962264150913,10,7,37,-0.43628593212491923,0.38875124747511985,-1.1982383771761542,0.3256665129263157,10 °C,7,TRUE,TRUE,-0.43628593212491923,-1.1982383771761542,0.3256665129263157,-0.43628593212491923,-1.1982383771761542,0.3256665129263157,-0.08304502662142446,-1.7204009558680202,0.03453975971311157
3.552433962264148,10,7,37,-0.4448933822910046,0.38944435326360893,-1.208204314687678,0.31841755010566886,10 °C,7,TRUE,TRUE,-0.4448933822910046,-1.208204314687678,0.31841755010566886,-0.4448933822910046,-1.208204314687678,0.31841755010566886,-0.08805780125870999,-1.7636855104957658,0.03228427141153461
3.5914716981132044,10,7,37,-0.4535008324570893,0.39015175375218814,-1.218198269811378,0.31119660489719947,10 °C,7,TRUE,TRUE,-0.4535008324570893,-1.218198269811378,0.31119660489719947,-0.4535008324570893,-1.218198269811378,0.31119660489719947,-0.09326834399093684,-1.8078147897208532,0.03013731453808762
3.6305094339622612,10,7,37,-0.462108282623174,0.3908733713294553,-1.2282200904289065,0.3040035251825584,10 °C,7,TRUE,TRUE,-0.462108282623174,-1.2282200904289065,0.3040035251825584,-0.462108282623174,-1.2282200904289065,0.3040035251825584,-0.09868048108095719,-1.8528002089989053,0.02809544136114734
3.6695471698113176,10,7,37,-0.4707157327892597,0.3916091274019915,-1.238269622497163,0.29683815691864357,10 °C,7,TRUE,TRUE,-0.4707157327892597,-1.238269622497163,0.29683815691864357,-0.4707157327892597,-1.238269622497163,0.29683815691864357,-0.10429803879162342,-1.8986532479212508,0.026155268284796744
3.7085849056603744,10,7,37,-0.47932318295534465,0.3923589424317903,-1.2483467101216537,0.2897003442109643,10 °C,7,TRUE,TRUE,-0.47932318295534465,-1.2483467101216537,0.2897003442109643,-0.47932318295534465,-1.2483467101216537,0.2897003442109643,-0.11012484338578617,-1.9453854493040346,0.024313474937944078
3.747622641509431,10,7,37,-0.48793063312143004,0.393122735973621,-1.258451195629727,0.2825899293868671,10 °C,7,TRUE,TRUE,-0.48793063312143004,-1.258451195629727,0.2825899293868671,-0.48793063312143004,-1.258451195629727,0.2825899293868671,-0.116164721126298,-1.9930084182750145,0.02256680326110147
3.7866603773584875,10,7,37,-0.4965380832875145,0.393900426712293,-1.2685829196436087,0.27550675306857975,10 °C,7,TRUE,TRUE,-0.4965380832875145,-1.2685829196436087,0.27550675306857975,-0.4965380832875145,-1.2685829196436087,0.27550675306857975,-0.12242149827600965,-2.0415338213586325,0.02091205659147237
3.8256981132075443,10,7,37,-0.5051455334535998,0.394691932499787,-1.2787417211531822,0.2684506542459827,10 °C,7,TRUE,TRUE,-0.5051455334535998,-1.2787417211531822,0.2684506542459827,-0.5051455334535998,-1.2787417211531822,0.2684506542459827,-0.12889900109777422,-2.090973385560052,0.01934609874696995
3.8647358490566006,10,7,37,-0.5137529836196851,0.39549717039222304,-1.2889274375884423,0.26142147034907204,10 °C,7,TRUE,TRUE,-0.5137529836196851,-1.2889274375884423,0.26142147034907204,-0.5137529836196851,-1.2889274375884423,0.26142147034907204,-0.13560105585444285,-2.1413388974487053,0.017865853109787024
3.9037735849056574,10,7,37,-0.5223604337857701,0.3963160566866331,-1.299139904891571,0.2544190373200308,10 °C,7,TRUE,TRUE,-0.5223604337857701,-1.299139904891571,0.2544190373200308,-0.5223604337857701,-1.299139904891571,0.2544190373200308,-0.14253148880886704,-2.192642202242021,0.016468301710111027
3.9428113207547137,10,7,37,-0.5309678839518553,0.39714850695750925,-1.3093789575885735,0.24744318968486279,10 °C,7,TRUE,TRUE,-0.5309678839518553,-1.3093789575885735,0.24744318968486279,-0.5309678839518553,-1.3093789575885735,0.24744318968486279,-0.14969412622389894,-2.2448952028898703,0.015150484310570117
3.9818490566037705,10,7,37,-0.5395753341179407,0.39799443609309876,-1.319644428860414,0.24049376062453287,10 °C,7,TRUE,TRUE,-0.5395753341179407,-1.319644428860414,0.24049376062453287,-0.5395753341179407,-1.319644428860414,0.24049376062453287,-0.15709279436239024,-2.2981098591603093,0.013909497491977025
4.020886792452827,10,7,37,-0.5481827842840252,0.3988537583314182,-1.3299361506136047,0.23357058204555436,10 °C,7,TRUE,TRUE,-0.5481827842840252,-1.3299361506136047,0.23357058204555436,-0.5481827842840252,-1.3299361506136047,0.23357058204555436,-0.1647313194871919,-2.352298186727165,0.012742493740919828
4.059924528301884,10,7,37,-0.5567902344501106,0.39972638729596,-1.3402539535501923,0.22667348464997106,10 °C,7,TRUE,TRUE,-0.5567902344501106,-1.3402539535501923,0.22667348464997106,-0.5567902344501106,-1.3402539535501923,0.22667348464997106,-0.1726135278611571,-2.4074722562600246,0.011646680539732994
4.0989622641509404,10,7,37,-0.5653976846161959,0.4006122360310666,-1.3505976672370865,0.21980229800469464,10 °C,7,TRUE,TRUE,-0.5653976846161959,-1.3505976672370865,0.21980229800469464,-0.5653976846161959,-1.3505976672370865,0.21980229800469464,-0.18074324574713688,-2.4636441925170725,0.010619319459366372
4.137999999999996,10,7,37,-0.5740051347822808,0.40151121703694764,-1.3609671201746982,0.21295685061013658,10 °C,7,TRUE,TRUE,-0.5740051347822808,-1.3609671201746982,0.21295685061013658,-0.5740051347822808,-1.3609671201746982,0.21295685061013658,-0.1891242994079826,-2.5208261734413777,0.009657725255648352
4.177037735849053,10,7,37,-0.5826125849483658,0.4024232423043177,-1.3713621398648286,0.20613696996809694,10 °C,7,TRUE,TRUE,-0.5826125849483658,-1.3713621398648286,0.20613696996809694,-0.5826125849483658,-1.3713621398648286,0.20613696996809694,-0.19776051510654646,-2.579030429261035,0.008759264969425343
4.21607547169811,10,7,37,-0.5912200351144506,0.4033482233486309,-1.3817825528777672,0.1993424826488659,10 °C,7,TRUE,TRUE,-0.5912200351144506,-1.3817825528777672,0.1993424826488659,-0.5912200351144506,-1.3817825528777672,0.1993424826488659,-0.2066557191056801,-2.6382692415936266,0.00792135703104027
4.255113207547167,10,7,37,-0.599827485280536,0.4042860712438942,-1.3922281849185687,0.19257321435749664,10 °C,7,TRUE,TRUE,-0.599827485280536,-1.3922281849185687,0.19257321435749664,-0.599827485280536,-1.3922281849185687,0.19257321435749664,-0.21581373766823575,-2.698554942555501,0.007141470369594996
4.294150943396223,10,7,37,-0.6084349354466212,0.40523669665603845,-1.4026988608924564,0.18582898999921416,10 °C,7,TRUE,TRUE,-0.6084349354466212,-1.4026988608924564,0.18582898999921416,-0.6084349354466212,-1.4026988608924564,0.18582898999921416,-0.2252383970570647,-2.759899913876233,0.0064171235274239164
4.333188679245279,10,7,37,-0.6170423856127066,0.40620000987582683,-1.4131944049693272,0.17910963374391398,10 °C,7,TRUE,TRUE,-0.6170423856127066,-1.4131944049693272,0.17910963374391398,-0.6170423856127066,-1.4131944049693272,0.17910963374391398,-0.23493352353501903,-2.8223165860187267,0.005745883780186534
4.372226415094336,10,7,37,-0.6256498357787924,0.40717592085128784,-1.4237146406473165,0.17241496908973175,10 °C,7,TRUE,TRUE,-0.6256498357787924,-1.4237146406473165,0.17241496908973175,-0.6256498357787924,-1.4237146406473165,0.17241496908973175,-0.2449029433649506,-2.885817437305311,0.005125366262971521
4.411264150943393,10,7,37,-0.6342572859448773,0.4081643392196523,-1.4342593908153958,0.1657448189256412,10 °C,7,TRUE,TRUE,-0.6342572859448773,-1.4342593908153958,0.1657448189256412,-0.6342572859448773,-1.4342593908153958,0.1657448189256412,-0.2551504828097098,-2.950414993050231,0.0045532331027837766
4.450301886792449,10,7,37,-0.6428647361109617,0.40916517433878125,-1.444828477814973,0.15909900559304946,10 °C,7,TRUE,TRUE,-0.6428647361109617,-1.444828477814973,0.15909900559304946,-0.6428647361109617,-1.444828477814973,0.15909900559304946,-0.2656799681321489,-3.0161218246988732,0.0040271925577693695
4.489339622641506,10,7,37,-0.6514721862770471,0.4101783353180711,-1.4554217235004665,0.15247735094637227,10 °C,7,TRUE,TRUE,-0.6514721862770471,-1.4554217235004665,0.15247735094637227,-0.6514721862770471,-1.4554217235004665,0.15247735094637227,-0.27649522559512113,-3.0829505489740816,0.0035449981635162727
4.5283773584905624,10,7,37,-0.6600796364431324,0.41120373104882135,-1.4660389492988224,0.1458796764125575,10 °C,7,TRUE,TRUE,-0.6600796364431324,-1.4660389492988224,0.1458796764125575,-0.6600796364431324,-1.4660389492988224,0.1458796764125575,-0.28760008146147736,-3.150913827029816,0.003104447886749585
4.567415094339619,10,7,37,-0.6686870866092174,0.41224127023405543,-1.4766799762679659,0.13930580304953122,10 °C,7,TRUE,TRUE,-0.6686870866092174,-1.4766799762679659,0.13930580304953122,-0.6686870866092174,-1.4766799762679659,0.13930580304953122,-0.29899836199406876,-3.2200243636125654,0.002703383286722932
4.606452830188675,10,7,37,-0.6772945367753027,0.4132908614177821,-1.4873446251541556,0.13275555160355013,10 °C,7,TRUE,TRUE,-0.6772945367753027,-1.4873446251541556,0.13275555160355013,-0.6772945367753027,-1.4873446251541556,0.13275555160355013,-0.31069389345574805,-3.2902949062307396,0.0023396886845909685
4.645490566037732,10,7,37,-0.685901986941388,0.41435241301368825,-1.498032716448217,0.12622874256544092,10 °C,7,TRUE,TRUE,-0.685901986941388,-1.498032716448217,0.12622874256544092,-0.685901986941388,-1.498032716448217,0.12622874256544092,-0.32269050210936656,-3.3617382443322543,0.002011290341030305
4.684528301886789,10,7,37,-0.6945094371074734,0.41542583333325395,-1.5087440704406512,0.11972519622570432,10 °C,7,TRUE,TRUE,-0.6945094371074734,-1.5087440704406512,0.11972519622570432,-0.6945094371074734,-1.5087440704406512,0.11972519622570432,-0.33499201421777597,-3.4343672084906673,0.001716155642359211
4.7235660377358455,10,7,37,-0.7031168872735579,0.4165110306132835,-1.5194785072755934,0.11324473272847768,10 °C,7,TRUE,TRUE,-0.7031168872735579,-1.5194785072755934,0.11324473272847768,-0.7031168872735579,-1.5194785072755934,0.11324473272847768,-0.347602256043827,-3.5081946696000275,0.0014522922953905868
4.762603773584901,10,7,37,-0.7117243374396436,0.4176079130428439,-1.5302358470036177,0.10678717212433042,10 °C,7,TRUE,TRUE,-0.7117243374396436,-1.5302358470036177,0.10678717212433042,-0.7117243374396436,-1.5302358470036177,0.10678717212433042,-0.36052505385037403,-3.5832335380787086,0.0012177475312353848
4.801641509433958,10,7,37,-0.720331787605728,0.4187163887896056,-1.541015909633355,0.10035233442189895,10 °C,7,TRUE,TRUE,-0.720331787605728,-1.541015909633355,0.10035233442189895,-0.720331787605728,-1.541015909633355,0.10035233442189895,-0.37376423390026553,-3.659496763082297,0.0010106073182590597
4.840679245283015,10,7,37,-0.7289392377718138,0.4198363660255809,-1.5518185151819524,0.09394003963832476,10 °C,7,TRUE,TRUE,-0.7289392377718138,-1.5518185151819524,0.09394003963832476,-0.7289392377718138,-1.5518185151819524,0.09394003963832476,-0.38732362245635693,-3.736997331725968,8.289955843762227e-4
4.879716981132072,10,7,37,-0.7375466879378988,0.42096775295225597,-1.5626434837243206,0.0875501078485229,10 °C,7,TRUE,TRUE,-0.7375466879378988,-1.5626434837243206,0.0875501078485229,-0.7375466879378988,-1.5626434837243206,0.0875501078485229,-0.4012070457814969,-3.8157482683162196,6.710734488556481e-4
4.918754716981128,10,7,37,-0.746154138103984,0.4221104578251131,-1.5734906354412055,0.08118235923323758,10 °C,7,TRUE,TRUE,-0.746154138103984,-1.5734906354412055,0.08118235923323758,-0.746154138103984,-1.5734906354412055,0.08118235923323758,-0.4154183301385387,-3.895762633592395,5.350384637904086e-4
4.957792452830184,10,7,37,-0.754761588270069,0.4232643889775399,-1.5843597906660472,0.07483661412590914,10 °C,7,TRUE,TRUE,-0.754761588270069,-1.5843597906660472,0.07483661412590914,-0.754761588270069,-1.5843597906660472,0.07483661412590914,-0.42996130179033337,-3.977053523977928,4.191238653755068e-4
4.996830188679241,10,7,37,-0.7633690384361539,0.4244294548441267,-1.5952507699306422,0.0685126930583344,10 °C,7,TRUE,TRUE,-0.7633690384361539,-1.5952507699306422,0.0685126930583344,-0.7633690384361539,-1.5952507699306422,0.0685126930583344,-0.4448397869997328,-4.059634070841572,3.2159783511982536e-4
5.035867924528298,10,7,37,-0.7719764886022392,0.425605563983348,-1.6061633940096014,0.06221041680512285,10 °C,7,TRUE,TRUE,-0.7719764886022392,-1.6061633940096014,0.06221041680512285,-0.7719764886022392,-1.6061633940096014,0.06221041680512285,-0.4600576120295898,-4.143517439768655,2.4076277110605883e-4
5.074905660377355,10,7,37,-0.7805839387683245,0.42679262509963045,-1.6170974839636,0.055929606426951106,10 °C,7,TRUE,TRUE,-0.7805839387683245,-1.6170974839636,0.055929606426951106,-0.7805839387683245,-1.6170974839636,0.055929606426951106,-0.4756186031427553,-4.228716829842481,1.7495456939879917e-4
5.113943396226411,10,7,37,-0.7891913889344094,0.42799054706480627,-1.6280528611814296,0.0496700833126108,10 °C,7,TRUE,TRUE,-0.7891913889344094,-1.6280528611814296,0.0496700833126108,-0.7891913889344094,-1.6280528611814296,0.0496700833126108,-0.49152658660208026,-4.315245472935977,1.2254191568788505e-4
5.1529811320754675,10,7,37,-0.7977988391004944,0.4291992389389565,-1.6390293474208493,0.0434316692198603,10 °C,7,TRUE,TRUE,-0.7977988391004944,-1.6390293474208493,0.0434316692198603,-0.7977988391004944,-1.6390293474208493,0.0434316692198603,-0.5077853886704173,-4.403116633013664,8.192558724176368e-5
5.192018867924524,10,7,37,-0.8064062892665798,0.43041860999064113,-1.6500267648482363,0.03721418631507689,10 °C,7,TRUE,TRUE,-0.8064062892665798,-1.6500267648482363,0.03721418631507689,-0.8064062892665798,-1.6500267648482363,0.03721418631507689,-0.524398835610619,-4.492343605443956,5.153776523329439e-5
5.231056603773581,10,7,37,-0.8150137394326651,0.43164856971652366,-1.6610449360770514,0.031017457211721222,10 °C,7,TRUE,TRUE,-0.8150137394326651,-1.6610449360770514,0.031017457211721222,-0.8150137394326651,-1.6610449360770514,0.031017457211721222,-0.5413707536855361,-4.582939716321923,2.9841357488856864e-5
5.270094339622637,10,7,37,-0.8236211895987495,0.43288902786039074,-1.6720836842051154,0.024841305007616277,10 °C,7,TRUE,TRUE,-0.8236211895987495,-1.6720836842051154,0.024841305007616277,-0.8236211895987495,-1.6720836842051154,0.024841305007616277,-0.5587049691580187,-4.674918321802486,1.532933170023544e-5
5.309132075471694,10,7,37,-0.8322286397648349,0.4341398944315721,-1.683142832850716,0.018685553321046378,10 °C,7,TRUE,TRUE,-0.8322286397648349,-1.683142832850716,0.018685553321046378,-0.8322286397648349,-1.683142832850716,0.018685553321046378,-0.5764053082909222,-4.768292807444166,6.524059127931497e-6
5.3481698113207505,10,7,37,-0.8408360899309202,0.4354010797227628,-1.6942222061875354,0.012550026325694907,10 °C,7,TRUE,TRUE,-0.8408360899309202,-1.6942222061875354,0.012550026325694907,-0.8408360899309202,-1.6942222061875354,0.012550026325694907,-0.5944755973470964,-4.863076587563241,1.9766688141143793e-6
5.387207547169807,10,7,37,-0.8494435400970052,0.4366724943272562,-1.7053216289784272,0.00643454878441696,10 °C,7,TRUE,TRUE,-0.8494435400970052,-1.7053216289784272,0.00643454878441696,-0.8494435400970052,-1.7053216289784272,0.00643454878441696,-0.6129196625893926,-4.959283104598504,2.664123133425145e-7
5.426245283018863,10,7,37,-0.8580509902630901,0.43795404915558905,-1.7164409266080445,3.389460818644663e-4,10 °C,7,TRUE,TRUE,-0.8580509902630901,-1.7164409266080445,3.389460818644663e-4,-0.8580509902630901,-1.7164409266080445,3.389460818644663e-4,-0.6317413302806627,-5.056925828486514,3.8939632978269395e-11
5.46528301886792,10,7,37,-0.8666584404291754,0.4392456554516088,-1.7275799251143287,-0.00573695574402211,10 °C,7,TRUE,TRUE,-0.8666584404291754,-1.7275799251143287,-0.00573695574402211,-0.8666584404291754,-1.7275799251143287,-0.00573695574402211,-0.65094442668376,-5.156018256047346,-1.8881848077327052e-7
5.504320754716977,10,7,37,-0.8752658905952603,0.44054722480796493,-1.7387384512188715,-0.011793329971649058,10 °C,7,TRUE,TRUE,-0.8752658905952603,-1.7387384512188715,-0.011793329971649058,-0.8752658905952603,-1.7387384512188715,-0.011793329971649058,-0.6705327780615341,-5.256573910380812,-1.640247370380948e-6
5.543358490566034,10,7,37,-0.8838733407613453,0.44185866918103406,-1.7499163323561722,-0.01783034916651849,10 °C,7,TRUE,TRUE,-0.8838733407613453,-1.7499163323561722,-0.01783034916651849,-0.8838733407613453,-1.7499163323561722,-0.01783034916651849,-0.6905102106768379,-5.358606340273188,-5.668648702952826e-6
5.5823962264150895,10,7,37,-0.8924807909274305,0.443179900905285,-1.7611133967017891,-0.023848185153071966,10 °C,7,TRUE,TRUE,-0.8924807909274305,-1.7611133967017891,-0.023848185153071966,-0.8924807909274305,-1.7611133967017891,-0.023848185153071966,-0.7108805507925238,-5.462129119614309,-1.35633198833559e-5
5.621433962264146,10,7,37,-0.9010882410935154,0.44451083270708996,-1.7723294731994117,-0.02984700898761905,10 °C,7,TRUE,TRUE,-0.9010882410935154,-1.7723294731994117,-0.02984700898761905,-0.9010882410935154,-1.7723294731994117,-0.02984700898761905,-0.7316476246714417,-5.567155846825074,-2.6589027248113815e-5
5.660471698113203,10,7,37,-0.9096956912596011,0.4458513777179922,-1.7835643915868657,-0.03582699093233643,10 °C,7,TRUE,TRUE,-0.9096956912596011,-1.7835643915868657,-0.03582699093233643,-0.9096956912596011,-1.7835643915868657,-0.03582699093233643,-0.7528152585764469,-5.673700144295303,-4.598656823724218e-5
5.69950943396226,10,7,37,-0.9183031414256866,0.4472014494874333,-1.7948179824210557,-0.04178830043031734,10 °C,7,TRUE,TRUE,-0.9183031414256866,-1.7948179824210557,-0.04178830043031734,-0.9183031414256866,-1.7948179824210557,-0.04178830043031734,-0.7743872787703878,-5.7817756578317745,-7.297332329474488e-5
5.738547169811316,10,7,37,-0.9269105915917718,0.44856096199495554,-1.8060900771018846,-0.04773110608165898,10 °C,7,TRUE,TRUE,-0.9269105915917718,-1.8060900771018846,-0.04773110608165898,-0.9269105915917718,-1.8060900771018846,-0.04773110608165898,-0.7963675115161166,-5.891396056116604,-1.087437975615995e-4
5.7775849056603725,10,7,37,-0.9355180417578559,0.44992982966187883,-1.8173805078951384,-0.05365557562057344,10 °C,7,TRUE,TRUE,-0.9355180417578559,-1.8173805078951384,-0.05365557562057344,-0.9355180417578559,-1.8173805078951384,-0.05365557562057344,-0.8187597830764826,-6.002575030175624,-1.5447015243115762e-4
5.816622641509429,10,7,37,-0.9441254919239417,0.451307967362469,-1.8286891079543808,-0.05956187589350248,10 °C,7,TRUE,TRUE,-0.9441254919239417,-1.8286891079543808,-0.05956187589350248,-0.9441254919239417,-1.8286891079543808,-0.05956187589350248,-0.8415679197143449,-6.115326292856965,-2.1130272704259227e-4
5.855660377358486,10,7,37,-0.9527329420900266,0.45269529043460166,-1.8400157113418458,-0.06545017283820731,10 °C,7,TRUE,TRUE,-0.9527329420900266,-1.8400157113418458,-0.06545017283820731,-0.9527329420900266,-1.8400157113418458,-0.06545017283820731,-0.8647957476925483,-6.229663578319455,-2.803705497932478e-4
5.894698113207542,10,7,37,-0.9613403922561119,0.45409171468993104,-1.8513601530483768,-0.07132063146384704,10 °C,7,TRUE,TRUE,-0.9613403922561119,-1.8513601530483768,-0.07132063146384704,-0.9613403922561119,-1.8513601530483768,-0.07132063146384704,-0.8884470932739486,-6.345600641531062,-3.627818399562122e-4
5.933735849056599,10,7,37,-0.9699478424221968,0.4554971564235766,-1.8627222690124068,-0.07717341583198667,10 °C,7,TRUE,TRUE,-0.9699478424221968,-1.8627222690124068,-0.07717341583198667,-0.9699478424221968,-1.8627222690124068,-0.07717341583198667,-0.9125257827213945,-6.4631512577770724,-4.59624499493421e-4
5.972773584905656,10,7,37,-0.9785552925882822,0.4569115324233294,-1.8741018961380078,-0.08300868903855663,10 °C,7,TRUE,TRUE,-0.9785552925882822,-1.8741018961380078,-0.08300868903855663,-0.9785552925882822,-1.8741018961380078,-0.08300868903855663,-0.9370356422977411,-6.582329222177975,-5.719665951598542e-4
6.011811320754712,10,7,37,-0.9871627427543676,0.45833475997839745,-1.8854988723120265,-0.08882661319670859,10 °C,7,TRUE,TRUE,-0.9871627427543676,-1.8854988723120265,-0.08882661319670859,-0.9871627427543676,-1.8854988723120265,-0.08882661319670859,-0.9619804982658381,-6.703148349216973,-7.008568309974711e-4
6.050849056603768,10,7,37,-0.9957701929204528,0.45976675688768925,-1.8969130364203237,-0.09462734942058182,10 °C,7,TRUE,TRUE,-0.9957701929204528,-1.8969130364203237,-0.09462734942058182,-0.9957701929204528,-1.8969130364203237,-0.09462734942058182,-0.9873641768885371,-6.8256224722769785,-8.473250113223298e-4
6.089886792452825,10,7,37,-1.0043776430865377,0.46120744146765574,-1.9083442283631429,-0.10041105780993242,10 °C,7,TRUE,TRUE,-1.0043776430865377,-1.9083442283631429,-0.10041105780993242,-1.0043776430865377,-1.9083442283631429,-0.10041105780993242,-1.0131905044286893,-6.949765443187073,-0.0010123824943107356
6.128924528301882,10,7,37,-1.012985093252623,0.46265673255968837,-1.9197922890696122,-0.10617789743563377,10 °C,7,TRUE,TRUE,-1.012985093252623,-1.9197922890696122,-0.10617789743563377,-1.012985093252623,-1.9197922890696122,-0.10617789743563377,-1.0394633071491488,-7.075591131778158,-0.0011970226362945904
6.167962264150939,10,7,37,-1.021592543418708,0.4641145495370965,-1.9312570605114172,-0.11192802632599896,10 °C,7,TRUE,TRUE,-1.021592543418708,-1.9312570605114172,-0.11192802632599896,-1.021592543418708,-1.9312570605114172,-0.11192802632599896,-1.0661864113127655,-7.2031134254478815,-0.00140222122687763
6.2069999999999945,10,7,37,-1.0301999935847932,0.4655808123116601,-1.9427383857156468,-0.11766160145393945,10 °C,7,TRUE,TRUE,-1.0301999935847932,-1.9427383857156468,-0.11766160145393945,-1.0301999935847932,-1.9427383857156468,-0.11766160145393945,-1.0933636431823914,-7.332346228734539,-0.0016289369149886264
0,15,7,37,-0.06029626525247874,0.37702217277466943,-0.7992597238908309,0.6786671933858733,15 °C,7,FALSE,FALSE,NA,NA,NA,NA,NA,NA,NA,NA,NA
0.03903773584905657,15,7,37,-0.05724647747529853,0.3766713164440456,-0.7955222577056279,0.6810293027550308,15 °C,7,FALSE,FALSE,NA,NA,NA,NA,NA,NA,NA,NA,NA
0.07807547169811314,15,7,37,-0.054196689698118326,0.37632588057564736,-0.7917954156263871,0.6834020362301505,15 °C,7,FALSE,FALSE,NA,NA,NA,NA,NA,NA,NA,NA,NA
0.11711320754716972,15,7,37,-0.05114690192093814,0.37598588010957357,-0.7880792269357023,0.685785423093826,15 °C,7,FALSE,FALSE,NA,NA,NA,NA,NA,NA,NA,NA,NA
0.1561509433962263,15,7,37,-0.048097114143757703,0.3756513298045053,-0.7843737205605881,0.6881794922730726,15 °C,7,FALSE,FALSE,NA,NA,NA,NA,NA,NA,NA,NA,NA
0.19518867924528285,15,7,37,-0.04504732636657796,0.3753222442347431,-0.7806789250666744,0.6905842723335185,15 °C,7,FALSE,FALSE,NA,NA,NA,NA,NA,NA,NA,NA,NA
0.23422641509433945,15,7,37,-0.04199753858939775,0.3749986377872636,-0.7769948686524344,0.692999791473639,15 °C,7,FALSE,FALSE,NA,NA,NA,NA,NA,NA,NA,NA,NA
0.273264150943396,15,7,37,-0.03894775081221732,0.37468052465879625,-0.773321579143458,0.6954260775190233,15 °C,7,FALSE,FALSE,NA,NA,NA,NA,NA,NA,NA,NA,NA
0.3123018867924526,15,7,37,-0.0358979630350373,0.3743679188529202,-0.769659083986761,0.6978631579166863,15 °C,7,FALSE,FALSE,NA,NA,NA,NA,NA,NA,NA,NA,NA
0.35133962264150914,15,7,37,-0.03284817525785691,0.374060834177184,-0.7660074102451375,0.7003110597294238,15 °C,7,FALSE,FALSE,NA,NA,NA,NA,NA,NA,NA,NA,NA
0.3903773584905657,15,7,37,-0.029798387480676924,0.37375928424024885,-0.7623665845915646,0.7027698096302109,15 °C,7,FALSE,FALSE,NA,NA,NA,NA,NA,NA,NA,NA,NA
0.42941509433962227,15,7,37,-0.026748599703496714,0.37346328244905663,-0.7587366333036477,0.7052394338966542,15 °C,7,FALSE,FALSE,NA,NA,NA,NA,NA,NA,NA,NA,NA
0.4684528301886789,15,7,37,-0.0236988119263165,0.37317284200602385,-0.7551175822581232,0.7077199584054902,15 °C,7,FALSE,FALSE,NA,NA,NA,NA,NA,NA,NA,NA,NA
0.5074905660377355,15,7,37,-0.02064902414913629,0.37288797590626355,-0.7515094569254128,0.7102114086271403,15 °C,7,FALSE,FALSE,NA,NA,NA,NA,NA,NA,NA,NA,NA
0.546528301886792,15,7,37,-0.0175992363719563,0.37260869693483506,-0.747912282364233,0.7127138096203205,15 °C,7,FALSE,FALSE,NA,NA,NA,NA,NA,NA,NA,NA,NA
0.5855660377358486,15,7,37,-0.014549448594776089,0.3723350176640248,-0.7443260832162648,0.7152271860267125,15 °C,7,FALSE,FALSE,NA,NA,NA,NA,NA,NA,NA,NA,NA
0.6246037735849052,15,7,37,-0.011499660817595656,0.3720669504506573,-0.7407508837008839,0.7177515620656926,15 °C,7,FALSE,FALSE,NA,NA,NA,NA,NA,NA,NA,NA,NA
0.6636415094339617,15,7,37,-0.00844987304041576,0.37180450743343935,-0.7371867076099569,0.7202869615291253,15 °C,7,FALSE,FALSE,NA,NA,NA,NA,NA,NA,NA,NA,NA
0.7026792452830183,15,7,37,-0.0054000852632353265,0.3715477005303373,-0.7336335783026965,0.7228334077762258,15 °C,7,FALSE,FALSE,NA,NA,NA,NA,NA,NA,NA,NA,NA
0.7417169811320748,15,7,37,-0.0023502974860553933,0.3712965414359907,-0.7300915187005972,0.7253909237284863,15 °C,7,FALSE,FALSE,NA,NA,NA,NA,NA,NA,NA,NA,NA
0.7807547169811314,15,7,37,6.994902911247071e-4,0.37105104161916014,-0.7265605512824291,0.7279595318646785,15 °C,7,FALSE,FALSE,NA,NA,NA,NA,NA,NA,NA,NA,NA
0.819792452830188,15,7,37,0.0037492780683050296,0.37081121232021486,-0.723040698079316,0.7305392542159261,15 °C,7,FALSE,FALSE,NA,NA,NA,NA,NA,NA,NA,NA,NA
0.8588301886792445,15,7,37,0.006799065845485352,0.37057706454865696,-0.7195319806698822,0.733130112360853,15 °C,7,FALSE,FALSE,NA,NA,NA,NA,NA,NA,NA,NA,NA
0.8978679245283011,15,7,37,0.00984885362266534,0.3703486090806874,-0.716034420175482,0.7357321274208126,15 °C,7,FALSE,FALSE,NA,NA,NA,NA,NA,NA,NA,NA,NA
0.9369056603773578,15,7,37,0.012898641399845442,0.37012585645681173,-0.7125480372555055,0.7383453200551964,15 °C,7,TRUE,TRUE,0.012898641399845442,-0.7125480372555055,0.7383453200551964,0.012898641399845442,-0.7125480372555055,0.7383453200551964,2.146010817474575e-6,-0.3617782422965293,0.40251176554011747
0.9759433962264144,15,7,37,0.015948429177025762,0.36990881697948935,-0.7090728521027734,0.7409697104568249,15 °C,7,TRUE,TRUE,0.015948429177025762,-0.7090728521027734,0.7409697104568249,0.015948429177025762,-0.7090728521027734,0.7409697104568249,4.056521129190161e-6,-0.35651070439291055,0.4068191288015095
1.014981132075471,15,7,37,0.018998216954205865,0.36969750071082513,-0.7056088844390114,0.7436053183474232,15 °C,7,TRUE,TRUE,0.018998216954205865,-0.7056088844390114,0.7436053183474232,0.018998216954205865,-0.7056088844390114,0.7436053183474232,6.8570691426166654e-6,-0.35131130170628694,0.41117572011548725
1.0540188679245275,15,7,37,0.022048004731386187,0.3694919174703069,-0.7021561535104153,0.7462521629731877,15 °C,7,TRUE,TRUE,0.022048004731386187,-0.7021561535104153,0.7462521629731877,0.022048004731386187,-0.7021561535104153,0.7462521629731877,1.0717855074576992e-5,-0.34617931857998074,0.41558207650943113
1.093056603773584,15,7,37,0.025097792508566176,0.36929207683258775,-0.6987146780833058,0.7489102631004381,15 °C,7,TRUE,TRUE,0.025097792508566176,-0.6987146780833058,0.7489102631004381,0.025097792508566176,-0.6987146780833058,0.7489102631004381,1.580907914189286e-5,-0.3411140439691423,0.42003873962254584
1.1320943396226406,15,7,37,0.028147580285746498,0.36909798812531613,-0.6952844764398731,0.7515796370113661,15 °C,7,TRUE,TRUE,0.028147580285746498,-0.6952844764398731,0.7515796370113661,0.028147580285746498,-0.6952844764398731,0.7515796370113661,2.2300941561387885e-5,-0.3361147714526024,0.4245462557177217
1.1711320754716972,15,7,37,0.031197368062926598,0.36890966042701356,-0.69186556637402,0.7542603024998732,15 °C,7,TRUE,TRUE,0.031197368062926598,-0.69186556637402,0.7542603024998732,0.031197368062926598,-0.69186556637402,0.7542603024998732,3.0363642549883452e-5,-0.33118079924425853,0.42910517569291057
1.2101698113207537,15,7,37,0.03424715584010692,0.3687271025650016,-0.6884579651872961,0.75695227686751,15 °C,7,TRUE,TRUE,0.03424715584010692,-0.6884579651872961,0.75695227686751,0.03424715584010692,-0.6884579651872961,0.75695227686751,4.0167382324203245e-5,-0.3263114302039772,0.43371605509203703
1.2492075471698103,15,7,37,0.03729694361728724,0.36855032311337915,-0.685061689684936,0.7596555769195104,15 °C,7,TRUE,TRUE,0.03729694361728724,-0.685061689684936,0.7596555769195104,0.03729694361728724,-0.685061689684936,0.7596555769195104,5.1882361101169225e-5,-0.32150597184802043,0.4383794541154186
1.2882452830188669,15,7,37,0.040346731394466935,0.3683793303910517,-0.6816767561719943,0.7623702189609283,15 °C,7,TRUE,TRUE,0.040346731394466935,-0.6816767561719943,0.7623702189609283,0.040346731394466935,-0.6816767561719943,0.7623702189609283,6.567877909760089e-5,-0.3167637363589804,0.44309593762970334
1.3272830188679234,15,7,37,0.04339651917164725,0.36821413245981094,-0.6783031804495822,0.7650962187928766,15 °C,7,TRUE,TRUE,0.04339651917164725,-0.6783031804495822,0.7650962187928766,0.04339651917164725,-0.6783031804495822,0.7650962187928766,8.172683653032634e-5,-0.3120840405952201,0.4478660751773132
1.36632075471698,15,7,37,0.04644630694882736,0.36805473712247094,-0.6749409778112156,0.7678335917088703,15 °C,7,TRUE,TRUE,0.04644630694882736,-0.6749409778112156,0.7678335917088703,0.04644630694882736,-0.6749409778112156,0.7678335917088703,1.0019673361616414e-4,-0.3074662060998278,0.4526904409853915
1.4053584905660366,15,7,37,0.049496094726007675,0.36790115192105527,-0.6715901630392607,0.770582352491276,15 °C,7,TRUE,TRUE,0.049496094726007675,-0.6715901630392607,0.770582352491276,0.049496094726007675,-0.6715901630392607,0.770582352491276,1.2125867057193935e-4,-0.30290955910905576,0.4575696139742481
1.4443962264150931,15,7,37,0.052545882503188,0.36775338413504227,-0.6682507504014948,0.7733425154078709,15 °C,7,TRUE,TRUE,0.052545882503188,-0.6682507504014948,0.7733425154078709,0.052545882503188,-0.6682507504014948,0.7733425154078709,1.4508284761447336e-4,-0.29841343056026676,0.46250417776530184
1.4834339622641497,15,7,37,0.05559567028036777,0.3676114407796645,-0.6649227536477746,0.7761140942085103,15 °C,7,TRUE,TRUE,0.05559567028036777,-0.6649227536477746,0.7761140942085103,0.05559567028036777,-0.6649227536477746,0.7761140942085103,1.718394649605835e-4,-0.29397715609936337,0.46749472068850995
1.5224716981132063,15,7,37,0.05864545805754809,0.36747532860426696,-0.6616061860068152,0.7788971021219113,15 °C,7,TRUE,TRUE,0.05864545805754809,-0.6616061860068152,0.7788971021219113,0.05864545805754809,-0.6616061860068152,0.7788971021219113,2.0169872282710193e-4,-0.28960007608770577,0.47254183578929254
1.5615094339622628,15,7,37,0.061695245834728414,0.3673450540907219,-0.6583010601830864,0.7816915518525432,15 °C,7,TRUE,TRUE,0.061695245834728414,-0.6583010601830864,0.7816915518525432,0.061695245834728414,-0.6583010601830864,0.7816915518525432,2.3483082143084668e-4,-0.2852815356085164,0.47764612083492736
1.6005471698113194,15,7,37,0.06474503361190863,0.36722062345190415,-0.6550073883538234,0.7844974555776407,15 °C,7,TRUE,TRUE,0.06474503361190863,-0.6550073883538234,0.7844974555776407,0.06474503361190863,-0.6550073883538234,0.7844974555776407,2.714059609886388e-4,-0.2810208844727627,0.4828081783204381
1.639584905660376,15,7,37,0.06779482138908884,0.36710204263022445,-0.651725182166151,0.7873148249443288,15 °C,7,TRUE,TRUE,0.06779482138908884,-0.651725182166151,0.7873148249443288,0.06779482138908884,-0.651725182166151,0.7873148249443288,3.115943417173019e-4,-0.2768174772245134,0.48802861547395004
1.6786226415094325,15,7,37,0.07084460916626904,0.3669893172962253,-0.6484544527343326,0.7901436710668706,15 °C,7,TRUE,TRUE,0.07084460916626904,-0.6484544527343326,0.7901436710668706,0.07084460916626904,-0.6484544527343326,0.7901436710668706,3.5556616383365853e-4,-0.2726706731457758,0.4933080442615272
1.717660377358489,15,7,37,0.07389439694344925,0.3668824528472358,-0.6451952106371329,0.7929840045240314,15 °C,7,TRUE,TRUE,0.07389439694344925,-0.6451952106371329,0.7929840045240314,0.07389439694344925,-0.6451952106371329,0.7929840045240314,4.0349162755453114e-4,-0.26857983626079673,0.49864708139147346
1.7566981132075457,15,7,37,0.07694418472062925,0.3667814544060906,-0.6419474659153084,0.7958358353565669,15 °C,7,TRUE,TRUE,0.07694418472062925,-0.6419474659153084,0.7958358353565669,0.07694418472062925,-0.6419474659153084,0.7958358353565669,4.5554093309673854e-4,-0.2645443353398392,0.5040463483181072
1.7957358490566022,15,7,37,0.07999397249780968,0.3666863268199107,-0.6387112280692152,0.7986991730648346,15 °C,7,TRUE,TRUE,0.07999397249780968,-0.6387112280692152,0.7986991730648346,0.07999397249780968,-0.6387112280692152,0.7986991730648346,5.118842806771147e-4,-0.2605635439024197,0.5095064712450038
1.8347735849056588,15,7,37,0.08304376027498989,0.3665970746589476,-0.6354865060565473,0.8015740266065272,15 °C,7,TRUE,TRUE,0.08304376027498989,-0.6354865060565473,0.8015740266065272,0.08304376027498989,-0.6354865060565473,0.8015740266065272,5.726918705124703e-4,-0.25663684022001665,0.5150280811276965
1.8738113207547156,15,7,37,0.08609354805216966,0.3665137022154913,-0.6322733082901932,0.8044604043945325,15 °C,7,TRUE,TRUE,0.08609354805216966,-0.6322733082901932,0.8044604043945325,0.08609354805216966,-0.6322733082901932,0.8044604043945325,6.381339028196225e-4,-0.252763607318233,0.5206118136758433
1.9128490566037721,15,7,37,0.08914333582934987,0.3664362135028441,-0.6290716426362246,0.8073583142949243,15 °C,7,TRUE,TRUE,0.08914333582934987,-0.6290716426362246,0.8073583142949243,0.08914333582934987,-0.6290716426362246,0.8073583142949243,7.083805778154119e-4,-0.24894323297842658,0.5262583093548625
1.9518867924528287,15,7,37,0.0921931236065303,0.3663646122543585,-0.6258815164120124,0.810267763625073,15 °C,7,TRUE,TRUE,0.0921931236065303,-0.6258815164120124,0.810267763625073,0.0921931236065303,-0.6258815164120124,0.810267763625073,7.836020957166581e-4,-0.24517510973879922,0.5319682133870114
1.9909245283018853,15,7,37,0.09524291138371029,0.36629890192254083,-0.6227029363844697,0.8131887591518904,15 °C,7,TRUE,TRUE,0.09524291138371029,-0.6227029363844697,0.8131887591518904,0.09524291138371029,-0.6227029363844697,0.8131887591518904,8.639686567401664e-4,-0.24145863489494226,0.5377421757519355
2.029962264150942,15,7,37,0.09829269916089073,0.3662390856782222,-0.6195359087684249,0.8161213070902062,15 °C,7,TRUE,TRUE,0.09829269916089073,-0.6195359087684249,0.8161213070902062,0.09829269916089073,-0.6195359087684249,0.8161213070902062,9.496504611027831e-4,-0.23779321049983979,0.5435808511866782
2.068999999999998,15,7,37,0.10134248693807053,0.36618516640979554,-0.6163804392251286,0.8190654131012698,15 °C,7,TRUE,TRUE,0.10134248693807053,-0.6163804392251286,0.8190654131012698,0.10134248693807053,-0.6163804392251286,0.8190654131012698,0.0010408177090212994,-0.23417824336333315,0.5494848991851353
2.108037735849055,15,7,37,0.10439227471525092,0.36613714672251885,-0.613236532860886,0.8220210822913878,15 °C,7,TRUE,TRUE,0.10439227471525092,-0.613236532860886,0.8220210822913878,0.10439227471525092,-0.613236532860886,0.8220210822913878,0.0011376406007125744,-0.23061314505103395,0.5554549839969775
2.1470754716981113,15,7,37,0.10744206249243136,0.3660950289378883,-0.6101041942258297,0.8249883192106925,15 °C,7,TRUE,TRUE,0.10744206249243136,-0.6101041942258297,0.8249883192106925,0.10744206249243136,-0.6101041942258297,0.8249883192106925,0.0012402893363934154,-0.22709733188270403,0.5614917746260223
2.186113207547168,15,7,37,0.11049185026961135,0.366058815093077,-0.6069834273128195,0.8279671278520423,15 °C,7,TRUE,TRUE,0.11049185026961135,-0.6069834273128195,0.8279671278520423,0.11049185026961135,-0.6069834273128195,0.8279671278520423,0.0013489341162806266,-0.22363022493008342,0.5675959448280642
2.2251509433962244,15,7,37,0.1135416380467916,0.36602850694044314,-0.6038742355564769,0.8309575116500602,15 °C,7,TRUE,TRUE,0.1135416380467916,-0.6038742355564769,0.8309575116500602,0.1135416380467916,-0.6038742355564769,0.8309575116500602,0.0014637451405910555,-0.22021125001417766,0.5737681731081677
2.2641886792452812,15,7,37,0.11659142582397156,0.36600410594710675,-0.6007766218323577,0.8339594734803008,15 °C,7,TRUE,TRUE,0.11659142582397156,-0.6007766218323577,0.8339594734803008,0.11659142582397156,-0.6007766218323577,0.8339594734803008,0.0015848926095415037,-0.21683983770200604,0.5800091427174074
2.3032264150943376,15,7,37,0.11964121360115179,0.36598561329459417,-0.5976905884562528,0.8369730156585563,15 °C,7,TRUE,TRUE,0.11964121360115179,-0.5976905884562528,0.8369730156585563,0.11964121360115179,-0.5976905884562528,0.8369730156585563,0.0017125467233488163,-0.21351542330280088,0.5863195416490742
2.3422641509433944,15,7,37,0.12269100137833197,0.3659730298785522,-0.5946161371836303,0.8399981399402943,15 °C,7,TRUE,TRUE,0.12269100137833197,-0.5946161371836303,0.8399981399402943,0.12269100137833197,-0.5946161371836303,0.8399981399402943,0.0018468776822298022,-0.21023744686367296,0.5927000626343336
2.3813018867924507,15,7,37,0.1257407891555122,0.3659663563085321,-0.5915532692092106,0.843034847520235,15 °C,7,TRUE,TRUE,0.1257407891555122,-0.5915532692092106,0.843034847520235,0.1257407891555122,-0.5915532692092106,0.843034847520235,0.001988055686401289,-0.20700535316473437,0.5991514031373552
2.4203396226415075,15,7,37,0.1287905769326926,0.3659655929078408,-0.5885019851666754,0.8460831390320606,15 °C,7,TRUE,TRUE,0.1287905769326926,-0.5885019851666754,0.8460831390320606,0.1287905769326926,-0.5885019851666754,0.8460831390320606,0.002136250936080105,-0.2038185917136816,0.6056742653498919
2.459377358490564,15,7,37,0.13184036470987245,0.36597073971346383,-0.5854622851285166,0.8491430145482616,15 °C,7,TRUE,TRUE,0.13184036470987245,-0.5854622851285166,0.8491430145482616,0.13184036470987245,-0.5854622851285166,0.8491430145482616,0.0022916336314830373,-0.20067661673984638,0.6122693561853306
2.4984150943396206,15,7,37,0.13489015248705283,0.365981796476055,-0.5824341686060149,0.8522144735801206,15 °C,7,TRUE,TRUE,0.13489015248705283,-0.5824341686060149,0.8522144735801206,0.13489015248705283,-0.5824341686060149,0.8522144735801206,0.002454373972826962,-0.197578887187706,0.6189373872722079
2.5374528301886774,15,7,37,0.13793994026423304,0.3659987626599981,-0.5794176345493631,0.8552975150778293,15 °C,7,TRUE,TRUE,0.13793994026423304,-0.5794176345493631,0.8552975150778293,0.13793994026423304,-0.5794176345493631,0.8552975150778293,0.0026246421603286665,-0.1945248667098698,0.6256790749471882
2.5764905660377337,15,7,37,0.14098972804141285,0.3660216374435353,-0.5764126813479162,0.8583921374307419,15 °C,7,TRUE,TRUE,0.14098972804141285,-0.5764126813479162,0.8583921374307419,0.14098972804141285,-0.5764126813479162,0.8583921374307419,0.0028026083942049584,-0.19151402365952724,0.6324951402475159
2.6155283018867905,15,7,37,0.14403951581859323,0.3660504197189678,-0.5734193068305836,0.86149833846777,15 °C,7,TRUE,TRUE,0.14403951581859323,-0.5734193068305836,0.86149833846777,0.14403951581859323,-0.5734193068305836,0.86149833846777,0.0029884428746727166,-0.1885458310823749,0.6393863089029483
2.654566037735847,15,7,37,0.1470893035957733,0.36608510809292183,-0.5704375082663534,0.8646161154579001,15 °C,7,TRUE,TRUE,0.1470893035957733,-0.5704375082663534,0.8646161154579001,0.1470893035957733,-0.5704375082663534,0.8646161154579001,0.0031823158019487117,-0.18561976670801583,0.6463533113271414
2.6936037735849037,15,7,37,0.15013909137295364,0.3661257008866879,-0.5674672823649546,0.8677454651108619,15 °C,7,TRUE,TRUE,0.15013909137295364,-0.5674672823649546,0.8677454651108619,0.15013909137295364,-0.5674672823649546,0.8677454651108619,0.003384397376249803,-0.1827353129408405,0.6533968826085448
2.73264150943396,15,7,37,0.1531888791501337,0.36617219613662505,-0.5645086252776514,0.8708863835779188,15 °C,7,TRUE,TRUE,0.1531888791501337,-0.5645086252776514,0.8708863835779188,0.1531888791501337,-0.5645086252776514,0.8708863835779188,0.003594857797792777,-0.17989195685038745,0.6605177625007516
2.771679245283017,15,7,37,0.1562386669273143,0.36622459159463583,-0.561561532598172,0.8740388664528005,15 °C,7,TRUE,TRUE,0.1562386669273143,-0.561561532598172,0.8740388664528005,0.1562386669273143,-0.561561532598172,0.8740388664528005,0.0038138672667945117,-0.17708919016118904,0.6677166954123531
2.810716981132073,15,7,37,0.1592884547044939,0.3662828847287091,-0.558625999363776,0.8772029087727639,15 °C,7,TRUE,TRUE,0.1592884547044939,-0.558625999363776,0.8772029087727639,0.1592884547044939,-0.558625999363776,0.8772029087727639,0.004041595983471718,-0.17432650924211243,0.6749944303962686
2.84975471698113,15,7,37,0.1623382424816741,0.3663470727235312,-0.5557020200564471,0.8803785050197952,15 °C,7,TRUE,TRUE,0.1623382424816741,-0.5557020200564471,0.8803785050197952,0.1623382424816741,-0.5557020200564471,0.8803785050197952,0.0042782141480413385,-0.17160341509518523,0.6823517211385872
2.8887924528301863,15,7,37,0.16538803025885454,0.36641715248116313,-0.5527895886042252,0.8835656491219342,15 °C,7,TRUE,TRUE,0.16538803025885454,-0.5527895886042252,0.8835656491219342,0.16538803025885454,-0.5527895886042252,0.8835656491219342,0.004523891960720168,-0.16891941334392613,0.6897893259468831
2.927830188679243,15,7,37,0.16843781803603455,0.36649312062178724,-0.5498886983826684,0.8867643344547375,15 °C,7,TRUE,TRUE,0.16843781803603455,-0.5498886983826684,0.8867643344547375,0.16843781803603455,-0.5498886983826684,0.8867643344547375,0.004778799621724976,-0.16627401422117533,0.6973080077380507
2.9668679245282994,15,7,37,0.17148760581321476,0.36657497348451956,-0.5469993422164435,0.889974553842873,15 °C,7,TRUE,TRUE,0.17148760581321476,-0.5469993422164435,0.889974553842873,0.17148760581321476,-0.5469993422164435,0.889974553842873,0.005043107331272637,-0.16366673255642958,0.7049085340256462
3.005905660377356,15,7,37,0.17453739359039475,0.36666270712828825,-0.5441215123810502,0.8931962995618398,15 °C,7,TRUE,TRUE,0.17453739359039475,-0.5441215123810502,0.8931962995618398,0.17453739359039475,-0.5441215123810502,0.8931962995618398,0.005316985289579935,-0.16109708776269188,0.7125916769067275
3.0449433962264125,15,7,37,0.17758718136757495,0.36675631733277847,-0.5412552006046709,0.8964295633398207,15 °C,7,TRUE,TRUE,0.17758718136757495,-0.5412552006046709,0.8964295633398207,0.17758718136757495,-0.5412552006046709,0.8964295633398207,0.005600603696863733,-0.1585646038228344,0.7203582130482235
3.0839811320754693,15,7,37,0.18063696914475516,0.3668557995994433,-0.5384003980701537,0.899674336359664,15 °C,7,TRUE,TRUE,0.18063696914475516,-0.5384003980701537,0.899674336359664,0.18063696914475516,-0.5384003980701537,0.899674336359664,0.005894132753340837,-0.1560688092754879,0.7282089236728225
3.1230188679245257,15,7,37,0.18368675692193537,0.3669611491525777,-0.5355570954171169,0.9029306092609877,15 °C,7,TRUE,TRUE,0.18368675692193537,-0.5355570954171169,0.9029306092609877,0.18368675692193537,-0.5355570954171169,0.9029306092609877,0.006197742659228064,-0.15360923720045297,0.7361445945443812
3.1620566037735824,15,7,37,0.18673654469911535,0.3670723609404585,-0.5327252827441832,0.9061983721424139,15 °C,7,TRUE,TRUE,0.18673654469911535,-0.5327252827441832,0.9061983721424139,0.18673654469911535,-0.5327252827441832,0.9061983721424139,0.006511603614742217,-0.15118542520364744,0.7441660159528735
3.201094339622639,15,7,37,0.18978633247629603,0.36718942963654655,-0.5299049496113352,0.9094776145639273,15 °C,7,TRUE,TRUE,0.18978633247629603,-0.5299049496113352,0.9094776145639273,0.18978633247629603,-0.5299049496113352,0.9094776145639273,0.006835885820100214,-0.14879691540158987,0.7522739826988772
3.2401320754716956,15,7,37,0.19283612025347616,0.367312349640753,-0.5270960850423997,0.91276832554935206,15 °C,7,TRUE,TRUE,0.19283612025347616,-0.5270960850423997,0.91276832554935206,0.19283612025347616,-0.5270960850423997,0.91276832554935206,0.007170759475518746,-0.14644325440543118,0.7604692940775958
3.279169811320752,15,7,37,0.19588590803065645,0.36744111508076704,-0.524298677527647,0.9160704935889599,15 °C,7,TRUE,TRUE,0.19588590803065645,-0.524298677527647,0.9160704935889599,0.19588590803065645,-0.524298677527647,0.9160704935889599,0.007516394781214714,-0.14412399330453152,0.7687527538624482
3.3182075471698087,15,7,37,0.19893569580783704,0.3675757198134455,-0.5215127150265162,0.9193841066421902,15 °C,7,TRUE,TRUE,0.19893569580783704,-0.5215127150265162,0.9193841066421902,0.19893569580783704,-0.5215127150265162,0.9193841066421902,0.007872961937404955,-0.1418386876495982,0.7771251702881996
3.357245283018865,15,7,37,0.20198548358501686,0.36771615742626235,-0.5187381849704573,0.9227091521404911,15 °C,7,TRUE,TRUE,0.20198548358501686,-0.5187381849704573,0.9227091521404911,0.20198548358501686,-0.5187381849704573,0.9227091521404911,0.008240631144306164,-0.1395868974353852,0.7855873560336556
3.396283018867922,15,7,37,0.20503527136219707,0.36786242123882046,-0.5159750742658911,0.9260456169902851,15 °C,7,TRUE,TRUE,0.20503527136219707,-0.5159750742658911,0.9260456169902851,0.20503527136219707,-0.5159750742658911,0.9260456169902851,0.008619572602135306,-0.13736818708296214,0.7941401282039475
3.435320754716978,15,7,37,0.20808505913937728,0.3680145043044192,-0.5132233692972843,0.9293934875760388,15 °C,7,TRUE,TRUE,0.20808505913937728,-0.5132233692972843,0.9293934875760388,0.20808505913937728,-0.5132233692972843,0.9293934875760388,0.009009956511109151,-0.1351821254215601,0.8027843083123617
3.474358490566035,15,7,37,0.2111348469165575,0.36817239941168267,-0.5104830559303405,0.9327527497634555,15 °C,7,TRUE,TRUE,0.2111348469165575,-0.5104830559303405,0.9327527497634555,0.2111348469165575,-0.5104830559303405,0.9327527497634555,0.009411953071444528,-0.13302828567000113,0.8115207222617765
3.5133962264150913,15,7,37,0.21418463469373727,0.36833609908624493,-0.5077541195153028,0.9361233889027774,15 °C,7,TRUE,TRUE,0.21418463469373727,-0.5077541195153028,0.9361233889027774,0.21418463469373727,-0.5077541195153028,0.9361233889027774,0.009825732483358192,-0.1309062454177183,0.8203502003256798
3.552433962264148,15,7,37,0.21723442247091704,0.3685055955924915,-0.5050365448903663,0.9395053898322004,15 °C,7,TRUE,TRUE,0.21723442247091704,-0.5050365448903663,0.9395053898322004,0.21723442247091704,-0.5050365448903663,0.9395053898322004,0.010251464947067026,-0.12881558660537226,0.8292735771287909
3.5914716981132044,15,7,37,0.2202842102480977,0.3686808809353558,-0.5023303163851995,0.942898736881395,15 °C,7,TRUE,TRUE,0.2202842102480977,-0.5023303163851995,0.942898736881395,0.2202842102480977,-0.5023303163851995,0.942898736881395,0.010689320662787981,-0.1267558955050729,0.8382916916272787
3.6305094339622612,15,7,37,0.2233339980252779,0.36886194686217166,-0.49963541782457854,0.9463034138751343,15 °C,7,TRUE,TRUE,0.2233339980252779,-0.49963541782457854,0.9463034138751343,0.2233339980252779,-0.49963541782457854,0.9463034138751343,0.011139469830737691,-0.12472676270021753,0.8474053870885935
3.6695471698113176,15,7,37,0.2263837858024581,0.3690487848645775,-0.4969518325321137,0.9497194041370299,15 °C,7,TRUE,TRUE,0.2263837858024581,-0.4969518325321137,0.9497194041370299,0.2263837858024581,-0.4969518325321137,0.9497194041370299,0.011602082651133043,-0.12272778306493938,0.8566155110709253
3.7085849056603744,15,7,37,0.2294335735796383,0.3692413861804757,-0.49427954333409396,0.9531466904933706,15 °C,7,TRUE,TRUE,0.2294335735796383,-0.49427954333409396,0.9531466904933706,0.2294335735796383,-0.49427954333409396,0.9531466904933706,0.01207732932419086,-0.12075855574319452,0.8659229154022878
3.747622641509431,15,7,37,0.2324833613568181,0.3694397417960411,-0.4916185325634225,0.9565852552770587,15 °C,7,TRUE,TRUE,0.2324833613568181,-0.4916185325634225,0.9565852552770587,0.2324833613568181,-0.4916185325634225,0.9565852552770587,0.01256538005012789,-0.11881868412747677,0.87532845615923
3.7866603773584875,15,7,37,0.2355331491339983,0.3696438424477812,-0.48896878206365285,0.9600350803316495,15 °C,7,TRUE,TRUE,0.2355331491339983,-0.48896878206365285,0.9600350803316495,0.2355331491339983,-0.48896878206365285,0.9600350803316495,0.013066405029161099,-0.11690777583717664,0.8848329936452012
3.8256981132075443,15,7,37,0.23858293691117852,0.36985367862464624,-0.48633027319312816,0.9634961470154851,15 °C,7,TRUE,FALSE,0.23858293691117852,-0.48633027319312816,0.9634961470154851,NA,NA,NA,0.013580574461507235,-0.11502544269659573,0.8944373923685591
3.8647358490566006,15,7,37,0.24163272468835917,0.3700692405701862,-0.48370298682920576,0.9669684362059241,15 °C,7,TRUE,FALSE,0.24163272468835917,-0.48370298682920576,0.9669684362059241,NA,NA,NA,0.014108058547383204,-0.11317130071261362,0.904142521020241
3.9037735849056574,15,7,37,0.24468251246553893,0.37029051828475684,-0.4810869033725844,0.9704519283036623,15 °C,7,TRUE,FALSE,0.24468251246553893,-0.4810869033725844,0.9704519283036623,NA,NA,NA,0.014649027487005594,-0.1113449700520289,0.9139492524510968
3.9428113207547137,15,7,37,0.24773230024271958,0.37051750152777085,-0.4784820027517113,0.9739466032371504,15 °C,7,TRUE,FALSE,0.24773230024271958,-0.4784820027517113,0.9739466032371504,NA,NA,NA,0.01520365148059154,-0.10954607501856803,0.9238584636489167
3.9818490566037705,15,7,37,0.2507820880198998,0.37075017981999386,-0.4758882644272881,0.9774524404670877,15 °C,7,TRUE,FALSE,0.2507820880198998,-0.4758882644272881,0.9774524404670877,NA,NA,NA,0.015772100728357632,-0.10777424402958566,0.9338710357151067
4.020886792452827,15,7,37,0.25383187579708,0.37098854244588514,-0.47330566739685487,0.9809694189910149,15 °C,7,TRUE,FALSE,0.25383187579708,-0.47330566739685487,0.9809694189910149,NA,NA,NA,0.01635454543052076,-0.10602910959245121,0.9439878538410956
4.059924528301884,15,7,37,0.25688166357426023,0.3712325784559796,-0.47073419019945983,0.9844975173479803,15 °C,7,TRUE,FALSE,0.25688166357426023,-0.47073419019945983,0.9844975173479803,NA,NA,NA,0.01695115578729776,-0.10431030828063749,0.9542098072844114
4.0989622641509404,15,7,37,0.25993145135143997,0.37148227666931305,-0.4681738109204136,0.9880367136232935,15 °C,7,TRUE,FALSE,0.25993145135143997,-0.4681738109204136,0.9880367136232935,NA,NA,NA,0.01756210199890535,-0.1026174807095203,0.9645377893444844
4.137999999999996,15,7,37,0.26298123912862026,0.3717376256758863,-0.4656245071961169,0.9915869854533574,15 °C,7,TRUE,FALSE,0.26298123912862026,-0.4656245071961169,0.9915869854533574,NA,NA,NA,0.018187554265560565,-0.10095027151189173,0.9749726973381686
4.177037735849053,15,7,37,0.2660310269058005,0.37199861383916877,-0.46308625621897026,0.9951483100305712,15 °C,7,TRUE,FALSE,0.2660310269058005,-0.46308625621897026,0.9951483100305712,NA,NA,NA,0.018827682787480097,-0.09930832931320302,0.9855154325749687
4.21607547169811,15,7,37,0.26908081468298106,0.37226522929864003,-0.4605590347423534,0.9987206641083155,15 °C,7,TRUE,FALSE,0.26908081468298106,-0.4605590347423534,0.9987206641083155,NA,NA,NA,0.019482657764880857,-0.09769130670653893,0.9961669003320283
4.255113207547167,15,7,37,0.27213060246016085,0.37253745997236737,-0.45804281908567923,1.0023040240060008,15 °C,7,TRUE,FALSE,0.27213060246016085,-0.45804281908567923,1.0023040240060008,NA,NA,NA,0.02015264939797943,-0.09609886022733717,1.006928009828836
4.294150943396223,15,7,37,0.2751803902373415,0.3728152935596202,-0.4555375851395141,1.005898365614197,15 °C,7,TRUE,FALSE,0.2751803902373415,-0.4555375851395141,1.005898365614197,NA,NA,NA,0.020837827886992986,-0.09453065032785736,1.017799674201716
4.333188679245279,15,7,37,0.2782301780145209,0.37309871754351653,-0.45304330837077156,1.0095036643998134,15 °C,7,TRUE,FALSE,0.2782301780145209,-0.45304330837077156,1.0095036643998134,NA,NA,NA,0.02153836343213789,-0.09298634135141497,1.028782810478032
4.372226415094336,15,7,37,0.28127996579170145,0.3733877191937032,-0.4505599638279568,1.0131198954113598,15 °C,7,TRUE,FALSE,0.28127996579170145,-0.4505599638279568,1.0131198954113598,NA,NA,NA,0.0222544262336315,-0.09146560150637538,1.039878339550213
4.411264150943393,15,7,37,0.28432975356888124,0.3736822855690691,-0.44808752614649416,1.0167470332842568,15 °C,7,TRUE,FALSE,0.28432975356888124,-0.44808752614649416,1.0167470332842568,NA,NA,NA,0.022986186491690198,-0.08996810283993899,1.051087186149512
4.450301886792449,15,7,37,0.28737954134606153,0.37398240352048523,-0.44562596955408956,1.0203850522462126,15 °C,7,TRUE,FALSE,0.28737954134606153,-0.44562596955408956,1.0203850522462126,NA,NA,NA,0.023733814406531106,-0.08849352121169766,1.0624102788195795
4.489339622641506,15,7,37,0.2904293291232417,0.3742880596935776,-0.44317526787617034,1.0240339261226539,15 °C,7,TRUE,FALSE,0.2904293291232417,-0.44317526787617034,1.0240339261226539,NA,NA,NA,0.024497480178370903,-0.08704153626699865,1.073848549889819
4.5283773584905624,15,7,37,0.29347911690042233,0.3745992405315251,-0.44073539454136684,1.0276936283422116,15 °C,7,TRUE,FALSE,0.29347911690042233,-0.44073539454136684,1.0276936283422116,NA,NA,NA,0.025277354007426547,-0.08561183141010455,1.08540293544855
4.567415094339619,15,7,37,0.29652890467760207,0.3749159322778855,-0.4383063225870535,1.0313641319422575,15 °C,7,TRUE,FALSE,0.29652890467760207,-0.4383063225870535,1.0313641319422575,NA,NA,NA,0.02607360609391452,-0.08420409377717032,1.0970743753159797
4.606452830188675,15,7,37,0.29957869245478236,0.37523812097944553,-0.4358880246649309,1.0350454095744956,15 °C,7,TRUE,FALSE,0.29957869245478236,-0.4358880246649309,1.0350454095744956,NA,NA,NA,0.02688640663805202,-0.08281801420903627,1.1088638130170123
4.645490566037732,15,7,37,0.30262848023196176,0.3755657924890955,-0.43348047304666537,1.038737433510589,15 °C,7,TRUE,FALSE,0.30262848023196176,-0.43348047304666537,1.038737433510589,NA,NA,NA,0.02771592584005548,-0.08145328722385682,1.120772195753852
4.684528301886789,15,7,37,0.3056782680091427,0.375898932468726,-0.43108363962956026,1.0424401756478456,15 °C,7,TRUE,FALSE,0.3056782680091427,-0.43108363962956026,1.0424401756478456,NA,NA,NA,0.028562333900142386,-0.08010961098956014,1.1328004743784912
4.7235660377358455,15,7,37,0.3087280557863221,0.3762375263921474,-0.4286974959422868,1.0461536075149311,15 °C,7,TRUE,FALSE,0.3087280557863221,-0.4286974959422868,1.0461536075149311,NA,NA,NA,0.02942580101852871,-0.0787866872961647,1.1449496033649966
4.762603773584901,15,7,37,0.3117778435635032,0.3765815595480267,-0.42632201315062906,1.0498777002776354,15 °C,7,TRUE,FALSE,0.3117778435635032,-0.42632201315062906,1.0498777002776354,NA,NA,NA,0.03030649739543218,-0.07748422152793663,1.1572205407816993
4.801641509433958,15,7,37,0.3148276313406826,0.3769310170428462,-0.4239571620632959,1.053612424744661,15 °C,7,TRUE,FALSE,0.3148276313406826,-0.4239571620632959,1.053612424744661,NA,NA,NA,0.03120459323106866,-0.07620192263542763,1.1696142482631975
4.840679245283015,15,7,37,0.31787741911786355,0.3772858838038777,-0.42160291313773673,1.0573577513734638,15 °C,7,TRUE,FALSE,0.31787741911786355,-0.42160291313773673,1.0573577513734638,NA,NA,NA,0.032120258725655916,-0.07493950310736812,1.1821316909822897
4.879716981132072,15,7,37,0.32092720689504256,0.37764614458217394,-0.4192592364860183,1.0611136502761034,15 °C,7,TRUE,FALSE,0.32092720689504256,-0.4192592364860183,1.0611136502761034,NA,NA,NA,0.03305366407940971,-0.0736966789424567,1.1947738376217183
4.918754716981128,15,7,37,0.32397699467222324,0.37801178395557417,-0.41692610188070206,1.0648800912251486,15 °C,7,TRUE,FALSE,0.32397699467222324,-0.41692610188070206,1.0648800912251486,NA,NA,NA,0.03400497949254799,-0.07247316962102263,1.2075416603458835
4.957792452830184,15,7,37,0.3270267824494034,0.3783827863317242,-0.41460347876077597,1.0686570436595828,15 °C,7,TRUE,FALSE,0.3270267824494034,-0.41460347876077597,1.0686570436595828,NA,NA,NA,0.03497437516528689,-0.07126869807660022,1.2204361347723653
4.996830188679241,15,7,37,0.33007657022658443,0.3787591359511098,-0.41229133623759084,1.0724444766907597,15 °C,7,TRUE,FALSE,0.33007657022658443,-0.41229133623759084,1.0724444766907597,NA,NA,NA,0.03596202129784367,-0.07008299066739747,1.2334582399434366
5.035867924528298,15,7,37,0.33312635800376345,0.3791408168900991,-0.40998964310083075,1.0762423591083576,15 °C,7,TRUE,FALSE,0.33312635800376345,-0.40998964310083075,1.0762423591083576,NA,NA,NA,0.03696808809043422,-0.06891577714768424,1.2466089582974114
5.074905660377355,15,7,37,0.3361761457809444,0.37952781306399674,-0.40769836782448915,1.080050659386378,15 °C,7,TRUE,FALSE,0.3361761457809444,-0.40769836782448915,1.080050659386378,NA,NA,NA,0.037992745743276664,-0.06776679063909462,1.2598892756399935
5.113943396226411,15,7,37,0.339225933558125,0.379920108230108,-0.4054174785728867,1.0838693456891368,15 °C,7,TRUE,FALSE,0.339225933558125,-0.4054174785728867,1.0838693456891368,NA,NA,NA,0.03903616445658708,-0.06663576760187083,1.273300181115478
5.1529811320754675,15,7,37,0.3422757213353045,0.38031768599080695,-0.4031469432066771,1.0876983858772862,15 °C,7,TRUE,FALSE,0.3422757213353045,-0.4031469432066771,1.0876983858772862,NA,NA,NA,0.04009851443058198,-0.06552244780603045,1.2868426671779305
5.192018867924524,15,7,37,0.3453255091124843,0.3807205297966157,-0.40088672928888247,1.091537747513851,15 °C,7,TRUE,FALSE,0.3453255091124843,-0.40088672928888247,1.091537747513851,NA,NA,NA,0.041179965865478715,-0.06442657430248704,1.3005177295623322
5.231056603773581,15,7,37,0.34837529688966523,0.3811286229492838,-0.398636804090931,1.0953873978702615,15 °C,7,TRUE,FALSE,0.34837529688966523,-0.398636804090931,1.0953873978702615,NA,NA,NA,0.04228068896149441,-0.06334789339411952,1.3143263672556165
5.270094339622637,15,7,37,0.3514250846668459,0.3815419486048782,-0.39639713459871534,1.099247303932407,15 °C,7,TRUE,FALSE,0.3514250846668459,-0.39639713459871534,1.099247303932407,NA,NA,NA,0.04340085391884537,-0.0622861546068076,1.3282695824677184
5.309132075471694,15,7,37,0.35447487244402537,0.3819604897768693,-0.39416768751863845,1.1031174324066892,15 °C,7,TRUE,FALSE,0.35447487244402537,-0.39416768751863845,1.1031174324066892,NA,NA,NA,0.04454063093774806,-0.06124111066042612,1.3423483806025636
5.3481698113207505,15,7,37,0.3575246602212063,0.3823842293392246,-0.3919484292836739,1.1069977497260866,15 °C,7,TRUE,FALSE,0.3575246602212063,-0.3919484292836739,1.1069977497260866,NA,NA,NA,0.045700190218420325,-0.060212517439819854,1.3565637702290658
5.387207547169807,15,7,37,0.36057444799838606,0.38281315002949884,-0.3897393260594317,1.1108882220562037,15 °C,7,TRUE,FALSE,0.36057444799838606,-0.3897393260594317,1.1108882220562037,NA,NA,NA,0.04687970196107796,-0.05920013396576249,1.370916763052041
5.426245283018863,15,7,37,0.36362423577556596,0.3832472344519279,-0.3875403437502127,1.1147888153013445,15 °C,7,TRUE,FALSE,0.36362423577556596,-0.3875403437502127,1.1147888153013445,NA,NA,NA,0.04807933636593831,-0.05820372236590042,1.3854083738832015
5.46528301886792,15,7,37,0.3666740235527462,0.38368646508051646,-0.3853514480050661,1.1186994951105584,15 °C,7,TRUE,FALSE,0.3666740235527462,-0.3853514480050661,1.1186994951105584,NA,NA,NA,0.04929926363321826,-0.057223047845695915,1.4000396206120633
5.504320754716977,15,7,37,0.36972381132992715,0.3841308242621288,-0.38317260422384525,1.1226202268836996,15 °C,7,TRUE,FALSE,0.36972381132992715,-0.38317260422384525,1.1226202268836996,NA,NA,NA,0.0505396539631348,-0.05625787865937576,1.414811524176917
5.543358490566034,15,7,37,0.37277359910710695,0.38458029421956935,-0.381003777563249,1.1265509757774628,15 °C,7,TRUE,FALSE,0.37277359910710695,-0.381003777563249,1.1265509757774628,NA,NA,NA,0.05180067755590399,-0.055307986080887,1.4297251085357514
5.5823962264150895,15,7,37,0.37582338688428685,0.3850348570546661,-0.3788449329428587,1.1304917067114324,15 °C,7,TRUE,FALSE,0.37582338688428685,-0.3788449329428587,1.1304917067114324,NA,NA,NA,0.05308250461174316,-0.05437314437487254,1.4447814006372781
5.621433962264146,15,7,37,0.378873174661467,0.38549449475134134,-0.37669603505116195,1.134442384374096,15 °C,7,TRUE,FALSE,0.378873174661467,-0.37669603505116195,1.134442384374096,NA,NA,NA,0.054385305330869216,-0.05345313076766957,1.4599814303918865
5.660471698113203,15,7,37,0.38192296243864754,0.38595918917868155,-0.37455704835156833,1.1384029732288634,15 °C,7,TRUE,FALSE,0.38192296243864754,-0.37455704835156833,1.1384029732288634,NA,NA,NA,0.055709249913499,-0.05254772541834125,1.475326230642701
5.69950943396226,15,7,37,0.38497275021582655,0.3864289220939942,-0.37242793708840205,1.1423734375200552,15 °C,7,TRUE,FALSE,0.38497275021582655,-0.37242793708840205,1.1423734375200552,NA,NA,NA,0.05705450855984854,-0.05165671138974169,1.4908168371366153
5.738547169811316,15,7,37,0.38802253799300723,0.3869036751458638,-0.37030866529288586,1.1463537412789004,15 °C,7,TRUE,FALSE,0.38802253799300723,-0.37030866529288586,1.1463537412789004,NA,NA,NA,0.05842125147013604,-0.050779874619628046,1.50645428849547
5.7775849056603725,15,7,37,0.3910723257701874,0.38738342987718777,-0.36819919678910057,1.1503438483294754,15 °C,7,TRUE,FALSE,0.3910723257701874,-0.36819919678910057,1.1503438483294754,NA,NA,NA,0.05980964884457738,-0.04991700389181978,1.5222396261871218
5.816622641509429,15,7,37,0.394122113547368,0.38786816772821225,-0.36609949519992807,1.154343722294664,15 °C,7,TRUE,FALSE,0.394122113547368,-0.36609949519992807,1.154343722294664,NA,NA,NA,0.061219870883389774,-0.04906789080741533,1.5381738944967362
5.855660377358486,15,7,37,0.3971719013245479,0.38835787003954875,-0.36400952395296765,1.1583533266020634,15 °C,7,TRUE,FALSE,0.3971719013245479,-0.36400952395296765,1.1583533266020634,NA,NA,NA,0.06265208778678956,-0.04823232975606867,1.5542581404980123
5.894698113207542,15,7,37,0.4002216891017276,0.3888525180551851,-0.3619292462864352,1.1623726244898904,15 °C,7,TRUE,FALSE,0.4002216891017276,-0.3619292462864352,1.1623726244898904,NA,NA,NA,0.06410646975499379,-0.047410117887336185,1.5704934140245719
5.933735849056599,15,7,37,0.40327147687890785,0.3893520929254768,-0.35985862525502665,1.1664015790128424,15 °C,7,TRUE,FALSE,0.40327147687890785,-0.35985862525502665,1.1664015790128424,NA,NA,NA,0.0655831869882196,-0.04660105508209273,1.5868807676413437
5.972773584905656,15,7,37,0.40632126465608803,0.3898565757101303,-0.35779762373576735,1.1704401530479434,15 °C,7,TRUE,FALSE,0.40632126465608803,-0.35779762373576735,1.1704401530479434,NA,NA,NA,0.06708240968668354,-0.045804943924031706,1.6034212566160786
6.011811320754712,15,7,37,0.4093710524332678,0.39036594738116764,-0.3557462044338207,1.1744883093003564,15 °C,7,TRUE,FALSE,0.4093710524332678,-0.3557462044338207,1.1744883093003564,NA,NA,NA,0.06860430805060229,-0.045021589671244866,1.6201159388909259
6.050849056603768,15,7,37,0.41242084021044845,0.3908801888258762,-0.35370432988826894,1.1785460103091658,15 °C,7,TRUE,FALSE,0.41242084021044845,-0.35370432988826894,1.1785460103091658,NA,NA,NA,0.07014905228019327,-0.04425080022789271,1.6369658750541027
6.089886792452825,15,7,37,0.4154706279876287,0.3913992808497441,-0.3516719624778698,1.182613218453127,15 °C,7,TRUE,FALSE,0.4154706279876287,-0.3516719624778698,1.182613218453127,NA,NA,NA,0.07171681257567268,-0.04349238611597269,1.6539721283116582
6.128924528301882,15,7,37,0.4185204157648089,0.39192320417937687,-0.3496490644267697,1.1866898959563876,15 °C,7,TRUE,FALSE,0.4185204157648089,-0.3496490644267697,1.1866898959563876,NA,NA,NA,0.07330775913725757,-0.042746160447183504,1.6711357644593536
6.167962264150939,15,7,37,0.42157020354198865,0.39245193946539575,-0.347635597810187,1.1907760048941642,15 °C,7,TRUE,FALSE,0.42157020354198865,-0.347635597810187,1.1907760048941642,NA,NA,NA,0.07492206216516444,-0.04201193889489607,1.6884578518546123
6.2069999999999945,15,7,37,0.42461999131916933,0.3929854672853185,-0.3456315245600549,1.1948715071983935,15 °C,7,TRUE,FALSE,0.42461999131916933,-0.3456315245600549,1.1948715071983935,NA,NA,NA,0.07655989185961094,-0.0412895396662327,1.7059394613886205
0,20,7,37,-0.4589771133277,0.39944009355532983,-1.2418796966961465,0.3239254700407464,20 °C,7,TRUE,FALSE,-0.4589771133277,-1.2418796966961465,0.3239254700407464,NA,NA,NA,-0.0966881143602398,-1.9153078152874117,0.033988757827761
0.03903773584905657,20,7,37,-0.4442700876072545,0.39842675537998534,-1.2251865281520258,0.33664635293751677,20 °C,7,TRUE,FALSE,-0.4442700876072545,-1.2251865281520258,0.33664635293751677,NA,NA,NA,-0.0876882131571577,-1.8391054792942527,0.03815238936802671
0.07807547169811314,20,7,37,-0.42956306188680904,0.39742969833971625,-1.208525270632653,0.34939914685903484,20 °C,7,TRUE,FALSE,-0.42956306188680904,-1.208525270632653,0.34939914685903484,NA,NA,NA,-0.07926487662543501,-1.7650914376134672,0.04265456532949446
0.11711320754716972,20,7,37,-0.41485603616636346,0.3964490452741892,-1.1918961649037745,0.36218409257104744,20 °C,7,TRUE,FALSE,-0.41485603616636346,-1.1918961649037745,0.36218409257104744,NA,NA,NA,-0.07139901828662593,-1.693227319903847,0.04751033749150108
0.1561509433962263,20,7,37,-0.40014901044591794,0.39548491821038845,-1.1752994501382792,0.37500142924644336,20 °C,7,TRUE,FALSE,-0.40014901044591794,-1.1752994501382792,0.37500142924644336,NA,NA,NA,-0.06407155166228484,-1.623474976156445,0.05273497796564138
0.19518867924528285,20,7,37,-0.38544198472547264,0.39453743830159166,-1.1587353637965923,0.38785139434564697,20 °C,7,TRUE,FALSE,-0.38544198472547264,-1.1587353637965923,0.38785139434564697,NA,NA,NA,-0.05726339027396615,-1.5557964801319948,0.05834398263318903
0.23422641509433945,20,7,37,-0.3707349590050273,0.3936067257656174,-1.1422041415056374,0.40073422349558274,20 °C,7,TRUE,FALSE,-0.3707349590050273,-1.1422041415056374,0.40073422349558274,NA,NA,NA,-0.05095544764322402,-1.490154132790464,0.06435307457465772
0.273264150943396,20,7,37,-0.3560279332845816,0.392692899822394,-1.1257060169364739,0.4136501503673107,20 °C,7,TRUE,FALSE,-0.3560279332845816,-1.1257060169364739,0.4136501503673107,NA,NA,NA,-0.04512863729161263,-1.426510465709807,0.07077820748854571
0.3123018867924526,20,7,37,-0.34132090756413624,0.39179607863090554,-1.109241221680711,0.42659940655243855,20 °C,7,TRUE,FALSE,-0.34132090756413624,-1.109241221680711,0.42659940655243855,NA,NA,NA,-0.03976387274068659,-1.3648282444908608,0.07763556909622964
0.35133962264150914,20,7,37,-0.3266138818436905,0.39091637922557293,-1.0928099851258135,0.43958222143843245,20 °C,7,TRUE,FALSE,-0.3266138818436905,-1.0928099851258135,0.43958222143843245,NA,NA,NA,-0.034842067511999905,-1.3050704721452775,0.08494158452990593
0.3903773584905657,20,7,37,-0.3119068561232452,0.3900539174521289,-1.076412534329418,0.45259882208292745,20 °C,7,TRUE,FALSE,-0.3119068561232452,-1.076412534329418,0.45259882208292745,NA,NA,NA,-0.03034413512710719,-1.247200392463337,0.09271291970039636
0.42941509433962227,20,7,37,-0.2971998304027997,0.3892088079030529,-1.0600490938927833,0.46564943308718404,20 °C,7,TRUE,FALSE,-0.2971998304027997,-1.0600490938927833,0.46564943308718404,NA,NA,NA,-0.026250989107562524,-1.191181493358381,0.10096648464158811
0.4684528301886789,20,7,37,-0.2824928046823541,0.38838116385262816,-1.0437198858335053,0.4787342764687971,20 °C,7,TRUE,FALSE,-0.2824928046823541,-1.0437198858335053,0.4787342764687971,NA,NA,NA,-0.022543542974920266,-1.1369775101845832,0.10971943682819524
0.5074905660377355,20,7,37,-0.26778577896190875,0.38757109719169164,-1.0274251294576244,0.4918535715338069,20 °C,7,TRUE,FALSE,-0.26778577896190875,-1.0274251294576244,0.4918535715338069,NA,NA,NA,-0.0192027102507348,-1.0845524290246749,0.11898918446349113
0.546528301886792,20,7,37,-0.25307875324146306,0.3867787183621462,-1.0111650412312696,0.5050075347483436,20 °C,7,TRUE,FALSE,-0.25307875324146306,-1.0111650412312696,0.5050075347483436,NA,NA,NA,-0.0162094044565603,-1.0338704899442333,0.12879338973359963
0.5855660377358486,20,7,37,-0.23837172752101798,0.38600413629131014,-0.9949398346519859,0.5181963796099499,20 °C,7,TRUE,FALSE,-0.23837172752101798,-0.9949398346519859,0.5181963796099499,NA,NA,NA,-0.013544539113951256,-0.9848961902090885,0.13914997202488816
0.6246037735849052,20,7,37,-0.2236647018005722,0.3852474583261768,-0.9787497201198787,0.5314203165187343,20 °C,7,TRUE,FALSE,-0.2236647018005722,-0.9787497201198787,0.5314203165187343,NA,NA,NA,-0.01118902774446174,-0.9375942874623064,0.15007711110097183
0.6636415094339617,20,7,37,-0.20895767608012666,0.3845087901676652,-0.9625949048087505,0.5446795526484971,20 °C,7,TRUE,FALSE,-0.20895767608012666,-0.9625949048087505,0.5446795526484971,NA,NA,NA,-0.009123783869646221,-0.8919298028572887,0.16159325023578974
0.7026792452830183,20,7,37,-0.19425065035968112,0.3837882358049382,-0.94647559253736,0.5579742918179977,20 °C,7,TRUE,FALSE,-0.19425065035968112,-0.94647559253736,0.5579742918179977,NA,NA,NA,-0.0073297210110589706,-0.847868024143352,0.17371709929920454
0.7417169811320748,20,7,37,-0.17954362463923557,0.383085897449874,-0.9303919836409885,0.5713047343625174,20 °C,7,TRUE,FALSE,-0.17954362463923557,-0.9303919836409885,0.5713047343625174,NA,NA,NA,-0.005787752690254288,-0.8053745087002793,0.18646763779154044
0.7807547169811314,20,7,37,-0.16483659891879057,0.3824018754717698,-0.9143442748434594,0.5846710770058783,20 °C,7,TRUE,FALSE,-0.16483659891879057,-0.9143442748434594,0.5846710770058783,NA,NA,NA,-0.0044787924287865285,-0.7644150865181951,0.19986411782346358
0.819792452830188,20,7,37,-0.1501295731983449,0.3817362683323679,-0.898332659129786,0.5980735127330961,20 °C,7,TRUE,FALSE,-0.1501295731983449,-0.898332659129786,0.5980735127330961,NA,NA,NA,-0.003383753748209892,-0.7249558631191889,0.21392606703761027
0.8588301886792445,20,7,37,-0.13542254747789925,0.3810891725212873,-0.8823573256196224,0.6115122306638239,20 °C,7,TRUE,FALSE,-0.13542254747789925,-0.8823573256196224,0.6115122306638239,NA,NA,NA,-0.0024835501700787473,-0.6869632224170908,0.22867329146835105
0.8978679245283011,20,7,37,-0.12071552175745372,0.3804606824919501,-0.8664184594416758,0.6249874159267684,20 °C,7,TRUE,FALSE,-0.12071552175745372,-0.8664184594416758,0.6249874159267684,NA,NA,NA,-0.0017590952159474062,-0.6504038295117747,0.2441258783361027
0.9369056603773578,20,7,37,-0.10600849603700829,0.3798508905980932,-0.8505162416092709,0.6384992495352544,20 °C,7,TRUE,FALSE,-0.10600849603700829,-0.8505162416092709,0.6384992495352544,NA,NA,NA,-0.0011913024073701697,-0.6152446334144436,0.2603041987726107
0.9759433962264144,20,7,37,-0.09130147031656287,0.37925988703095376,-0.8346508488972322,0.6520479082641064,20 °C,7,TRUE,FALSE,-0.09130147031656287,-0.8346508488972322,0.6520479082641064,NA,NA,NA,-7.610852659013385e-4,-0.5814528697003182,0.2772289104736387
1.014981132075471,20,7,37,-0.07659444459611721,0.3786877597572203,-0.818822453720269,0.6656335645280346,20 °C,7,TRUE,FALSE,-0.07659444459611721,-0.818822453720269,0.6656335645280346,NA,NA,NA,-4.4935731309521436e-4,-0.5489960630852156,0.2949209602755479
1.0540188679245275,20,7,37,-0.06188741887567166,0.3781345944578408,-0.8030312240130396,0.6792563862616964,20 °C,7,TRUE,FALSE,-0.06188741887567166,-0.8030312240130396,0.6792563862616964,NA,NA,NA,-2.370320705061123e-4,-0.5178420299225307,0.3134015866522748
1.093056603773584,20,7,37,-0.04718039315522653,0.3776004744677798,-0.7872773231120749,0.6929165368016219,20 °C,7,TRUE,FALSE,-0.04718039315522653,-0.7872773231120749,0.6929165368016219,NA,NA,NA,-1.0502305968833822e-4,-0.4879588806171807,0.33269232212927824
1.1320943396226406,20,7,37,-0.03247336743478121,0.37708548071681586,-0.7715609096397403,0.7066141747701778,20 °C,7,TRUE,FALSE,-0.03247336743478121,-0.7715609096397403,0.7066141747701778,NA,NA,NA,-3.4243802196191836e-5,-0.45931502195313406,0.3528149956110715
1.1711320754716972,20,7,37,-0.01776634171433544,0.3765896916714729,-0.7558821373904223,0.7203494539617514,20 °C,7,TRUE,FALSE,-0.01776634171433544,-0.7558821373904223,0.7203494539617514,NA,NA,NA,-5.60781958398167e-6,-0.43187915933121684,0.37379173461902465
1.2101698113207537,20,7,37,-0.003059315993890115,0.3761131832781737,-0.7402411552191106,0.7341225232313304,20 °C,7,TRUE,TRUE,-0.003059315993890115,-0.7402411552191106,0.7341225232313304,-0.003059315993890115,-0.7402411552191106,0.7341225232313304,-2.8633406015843235e-8,-0.40562029891394363,0.39564496743619204
1.2492075471698103,20,7,37,0.011647709726555652,0.37565602890771005,-0.724638106932556,0.7479335263856672,20 °C,7,TRUE,TRUE,0.011647709726555652,-0.724638106932556,0.7479335263856672,0.011647709726555652,-0.724638106932556,0.7479335263856672,1.580234783400403e-6,-0.3805077496742166,0.4183974251560211
1.2882452830188669,20,7,37,0.026354735447000975,0.375218299301117,-0.7090731311831884,0.7617826020771903,20 °C,7,TRUE,TRUE,0.026354735447000975,-0.7090731311831884,0.7617826020771903,0.026354735447000975,-0.7090731311831884,0.7617826020771903,1.8305263429960624e-5,-0.3565111253448376,0.4420721436318544
1.3272830188679234,20,7,37,0.04106176116744652,0.37480006251704123,-0.6935463613659543,0.7756698837008473,20 °C,7,TRUE,TRUE,0.04106176116744652,-0.6935463613659543,0.7756698837008473,0.04106176116744652,-0.6935463613659543,0.7756698837008473,6.92329309793591e-5,-0.3336003462658423,0.4666924653242721
1.36632075471698,20,7,37,0.055768786887892066,0.37440138388069105,-0.6780579255182624,0.7895954992940466,20 °C,7,TRUE,TRUE,0.055768786887892066,-0.6780579255182624,0.7895954992940466,0.055768786887892066,-0.6780579255182624,0.7895954992940466,1.7344971587728985e-4,-0.3117456411268189,0.49228204104340473
1.4053584905660366,20,7,37,0.07047581260833762,0.37402232593445317,-0.6626079462231906,0.8035595714398658,20 °C,7,TRUE,TRUE,0.07047581260833762,-0.6626079462231906,0.8035595714398658,0.07047581260833762,-0.6626079462231906,0.8035595714398658,3.500420965694469e-4,-0.290917548601444,0.5188648315834713
1.4443962264150931,20,7,37,0.08518283832878315,0.3736629483902614,-0.6471965405161292,0.8175622171736955,20 °C,7,TRUE,TRUE,0.08518283832878315,-0.6471965405161292,0.8175622171736955,0.08518283832878315,-0.6471965405161292,0.8175622171736955,6.180965515015239e-4,-0.2710869188716276,0.5464651092469253
1.4834339622641497,20,7,37,0.09988986404922826,0.3733233080837991,-0.6318238197950179,0.8316035478934745,20 °C,7,TRUE,TRUE,0.09988986404922826,-0.6318238197950179,0.8316035478934745,0.09988986404922826,-0.6318238197950179,0.8316035478934745,9.966995591192023e-4,-0.2522249150387721,0.5751074592557102
1.5224716981132063,20,7,37,0.11459688976967383,0.37300345893061404,-0.6164898897343296,0.8456836692736773,20 °C,7,TRUE,TRUE,0.11459688976967383,-0.6164898897343296,0.8456836692736773,0.11459688976967383,-0.6164898897343296,0.8456836692736773,0.0015049375978681992,-0.23430301441978585,0.60481678104728
1.5615094339622628,20,7,37,0.12930391549011916,0.3727034518842246,-0.6011948502029612,0.8598026811831994,20 °C,7,TRUE,TRUE,0.12930391549011916,-0.6011948502029612,0.8598026811831994,0.12930391549011916,-0.6011948502029612,0.8598026811831994,0.002161897146194186,-0.2172930097256598,0.6356182894531661
1.6005471698113194,20,7,37,0.14401094121056493,0.3724233348962896,-0.5859387951861627,0.8739606776072925,20 °C,7,TRUE,TRUE,0.14401094121056493,-0.5859387951861627,0.8739606776072925,0.14401094121056493,-0.5859387951861627,0.8739606776072925,0.002986664682542891,-0.20116701012053265,0.6675375157580525
1.639584905660376,20,7,37,0.15871796693101006,0.3721631528789146,-0.5707218127116626,0.8881577465736826,20 °C,7,TRUE,TRUE,0.15871796693101006,-0.5707218127116626,0.8881577465736826,0.15871796693101006,-0.5707218127116626,0.8881577465736826,0.003998326685359944,-0.18589744215937187,0.700600308637446
1.6786226415094325,20,7,37,0.17342499265145597,0.37192294766916173,-0.555543984780101,0.9023939700830129,20 °C,7,TRUE,TRUE,0.17342499265145597,-0.555543984780101,0.9023939700830129,0.17342499265145597,-0.555543984780101,0.9023939700830129,0.0052159696330911385,-0.17145705060251676,0.7348328349722336
1.717660377358489,20,7,37,0.18813201837190133,0.3717027579958277,-0.5404053872999209,0.9166694240437235,20 °C,7,TRUE,TRUE,0.18813201837190133,-0.5404053872999209,0.9166694240437235,0.18813201837190133,-0.5404053872999209,0.9166694240437235,0.006658680004182063,-0.15781889910554966,0.7702615805385358
1.7566981132075457,20,7,37,0.20283904409234646,0.37150261944855073,-0.5253060900268129,0.9309841782115058,20 °C,7,TRUE,TRUE,0.20283904409234646,-0.5253060900268129,0.9309841782115058,0.20283904409234646,-0.5253060900268129,0.9309841782115058,0.008345544277078426,-0.14495637078308848,0.8069133505715139
1.7957358490566022,20,7,37,0.21754606981279243,0.3713225644493043,-0.5102461565078439,0.9453382961334288,20 °C,7,TRUE,TRUE,0.21754606981279243,-0.5102461565078439,0.9453382961334288,0.21754606981279243,-0.5102461565078439,0.9453382961334288,0.010295648930226057,-0.13284316864531628,0.8448152702018983
1.8347735849056588,20,7,37,0.23225309553323756,0.3711626222263281,-0.4952256440303655,0.9597318350968407,20 °C,7,TRUE,TRUE,0.23225309553323756,-0.4952256440303655,0.9597318350968407,0.23225309553323756,-0.4952256440303655,0.9597318350968407,0.01252808044207043,-0.12145331590622388,0.8839947847642168
1.8738113207547156,20,7,37,0.24696012125368327,0.3710228187905472,-0.48024460357578924,0.9741648460831558,20 °C,7,TRUE,TRUE,0.24696012125368327,-0.48024460357578924,0.9741648460831558,0.24696012125368327,-0.48024460357578924,0.9741648460831558,0.015061925291057446,-0.11076115616272976,0.9244796599759346
1.9128490566037721,20,7,37,0.2616671469741288,0.3709031769145226,-0.46530307977833557,0.9886373737265932,20 °C,7,TRUE,TRUE,0.2616671469741288,-0.46530307977833557,0.9886373737265932,0.2616671469741288,-0.46530307977833557,0.9886373737265932,0.017916269955632676,-0.10074135344405803,0.9662979819868173
1.9518867924528287,20,7,37,0.27637417269457437,0.37080371611397217,-0.450401110888811,1.0031494562779597,20 °C,7,TRUE,TRUE,0.27637417269457437,-0.450401110888811,1.0031494562779597,0.27637417269457437,-0.450401110888811,1.0031494562779597,0.02111020091424186,-0.09136889213091332,1.009478157298112
1.9909245283018853,20,7,37,0.2910811984150195,0.37072445263189735,-0.43553872874349925,1.0177011255735382,20 °C,7,TRUE,TRUE,0.2910811984150195,-0.43553872874349925,1.0177011255735382,0.2910811984150195,-0.43553872874349925,1.0177011255735382,0.024662804645330567,-0.08261907674422055,1.054048912551285
2.029962264150942,20,7,37,0.30578822413546525,0.37066539942534665,-0.4207159587382142,1.0322924070091446,20 °C,7,TRUE,TRUE,0.30578822413546525,-0.4207159587382142,1.0322924070091446,0.30578822413546525,-0.4207159587382142,1.0322924070091446,0.028593167627344755,-0.07446753160337388,1.1000392941862784
2.068999999999998,20,7,37,0.3204952498559106,0.37062656615483835,-0.40593281980757256,1.0469233195193937,20 °C,7,TRUE,TRUE,0.3204952498559106,-0.40593281980757256,1.0469233195193937,0.3204952498559106,-0.40593281980757256,1.0469233195193937,0.03292037633872986,-0.06689020035415101,1.1474786679694078
2.108037735849055,20,7,37,0.3352022755763565,0.3706079591764657,-0.39118932440951626,1.0615938755622292,20 °C,7,TRUE,TRUE,0.3352022755763565,-0.39118932440951626,1.0615938755622292,0.3352022755763565,-0.39118932440951626,1.0615938755622292,0.03766351725793185,-0.05986334536663754,1.1963967183913053
2.1470754716981113,20,7,37,0.3499093012968017,0.3706095815366976,-0.37648547851512554,1.076304081108729,20 °C,7,TRUE,TRUE,0.3499093012968017,-0.37648547851512554,1.076304081108729,0.3499093012968017,-0.37648547851512554,1.076304081108729,0.04284167686339602,-0.0533635470037157,1.2468234479353917
2.186113207547168,20,7,37,0.3646163270172468,0.37063143296988516,-0.36182128160372806,1.0910539356382216,20 °C,7,TRUE,TRUE,0.3646163270172468,-0.36182128160372806,1.0910539356382216,0.3646163270172468,-0.36182128160372806,1.0910539356382216,0.04847394163356822,-0.04736770276085648,1.2987891762176818
2.2251509433962244,20,7,37,0.3793233527376928,0.3706735098984792,-0.34719672666332646,1.105843432138712,20 °C,7,TRUE,TRUE,0.3793233527376928,-0.34719672666332646,1.105843432138712,0.3793233527376928,-0.34719672666332646,1.105843432138712,0.054579398046894594,-0.04185302627816367,1.3523245389988279
2.2641886792452812,20,7,37,0.3940303784581379,0.37073580543595813,-0.33261180019634,1.1206725571126157,20 °C,7,TRUE,TRUE,0.3940303784581379,-0.33261180019634,1.1206725571126157,0.3940303784581379,-0.33261180019634,1.1206725571126157,0.06117713258182006,-0.03679704622580296,1.4074604870695295
2.3032264150943376,20,7,37,0.40873740417858345,0.3708183093924603,-0.31806648223063877,1.1355412905878057,20 °C,7,TRUE,TRUE,0.40873740417858345,-0.31806648223063877,1.1355412905878057,0.40873740417858345,-0.31806648223063877,1.1355412905878057,0.06828623171679092,-0.03217760506413938,1.464228285010703
2.3422641509433944,20,7,37,0.423444429899029,0.37092100828311053,-0.3035607463358676,1.1504496061339256,20 °C,7,TRUE,TRUE,0.423444429899029,-0.3035607463358676,1.1504496061339256,0.423444429899029,-0.3035607463358676,1.1504496061339256,0.07592578193025264,-0.027972857680104046,1.5226595098298166
2.3813018867924507,20,7,37,0.43815145561947416,0.3710438853390247,-0.28909455964501424,1.1653974708839625,20 °C,7,TRUE,TRUE,0.43815145561947416,-0.28909455964501424,1.1653974708839625,0.43815145561947416,-0.28909455964501424,1.1653974708839625,0.08411486970065075,-0.024161269901482655,1.5827860494751989
2.4203396226415075,20,7,37,0.45285848133991985,0.3711869205209722,-0.27466788288118565,1.1803848455610253,20 °C,7,TRUE,TRUE,0.45285848133991985,-0.27466788288118565,1.1803848455610253,0.45285848133991985,-0.27466788288118565,1.1803848455610253,0.0928725815064314,-0.020721616891004886,1.6446401012301275
2.459377358490564,20,7,37,0.46756550706036504,0.371350090535668,-0.26028067038954417,1.1954116845102742,20 °C,7,TRUE,TRUE,0.46756550706036504,-0.26028067038954417,1.1954116845102742,0.46756550706036504,-0.26028067038954417,1.1954116845102742,0.1022180038260397,-0.017632981422286313,1.7082541699887546
2.4984150943396206,20,7,37,0.48227253278081095,0.3715333688546673,-0.24593287017433696,1.210477935735959,20 °C,7,TRUE,TRUE,0.48227253278081095,-0.24593287017433696,1.210477935735959,0.48227253278081095,-0.24593287017433696,1.210477935735959,0.11217022313792213,-0.01487475203984117,1.7736610664161447
2.5374528301886774,20,7,37,0.49697955850125647,0.3717367257358235,-0.23162442394095756,1.2255835409434706,20 °C,7,TRUE,TRUE,0.49697955850125647,-0.23162442394095756,1.2255835409434706,0.49697955850125647,-0.23162442394095756,1.2255835409434706,0.12274832592052365,-0.012426621105550309,1.8408939049947142
2.5764905660377337,20,7,37,0.511686584221702,0.37196012824727137,-0.21735526714294984,1.240728435586354,20 °C,7,TRUE,TRUE,0.511686584221702,-0.21735526714294984,1.240728435586354,0.511686584221702,-0.21735526714294984,1.240728435586354,0.1339713986522902,-0.010268582734120648,1.9099861019597157
2.6155283018867905,20,7,37,0.5263936099421473,0.37220354029389,-0.20312532903387703,1.2559125489181717,20 °C,7,TRUE,TRUE,0.5263936099421473,-0.20312532903387703,1.2559125489181717,0.5263936099421473,-0.20312532903387703,1.2559125489181717,0.1458585278116674,-0.008380930620226044,1.9809713731263643
2.654566037735847,20,7,37,0.5411006356625929,0.3724669226461961,-0.18893453272395133,1.2711358040491372,20 °C,7,TRUE,TRUE,0.5411006356625929,-0.18893453272395133,1.2711358040491372,0.5411006356625929,-0.18893453272395133,1.2711358040491372,0.15842879987710115,-0.006744255760157927,2.053883731611498
2.6936037735849037,20,7,37,0.5558076613830388,0.3727502329716139,-0.17478279524132445,1.2863981180074022,20 °C,7,TRUE,TRUE,0.5558076613830388,-0.17478279524132445,1.2863981180074022,0.5558076613830388,-0.17478279524132445,1.2863981180074022,0.17170130132703737,-0.005339444070950694,2.128757485452693
2.73264150943396,20,7,37,0.5705146871034842,0.37305342586806617,-0.16067002759792548,1.301699401804894,20 °C,7,TRUE,TRUE,0.5705146871034842,-0.16067002759792548,1.301699401804894,0.5705146871034842,-0.16067002759792548,1.301699401804894,0.1856951186399209,-0.004147673910072196,2.2056272351279564
2.771679245283017,20,7,37,0.5852217128239299,0.3733764528998208,-0.1465961348597189,1.3170395605075786,20 °C,7,TRUE,TRUE,0.5852217128239299,-0.1465961348597189,1.3170395605075786,0.5852217128239299,-0.1465961348597189,1.3170395605075786,0.20042933829419823,-0.0031504134988874716,2.284527870979199
2.810716981132073,20,7,37,0.5999287385443749,0.3737192626355332,-0.13256101622127014,1.33241849331002,20 °C,7,TRUE,TRUE,0.5999287385443749,-0.13256101622127014,1.33241849331002,0.5999287385443749,-0.13256101622127014,1.33241849331002,0.21592304676831411,-0.002329418253215439,2.36549457054278
2.84975471698113,20,7,37,0.6146357642648206,0.37408180068841124,-0.11856456508446545,1.3478360936141067,20 °C,7,TRUE,TRUE,0.6146357642648206,-0.11856456508446545,1.3478360936141067,0.6146357642648206,-0.11856456508446545,1.3478360936141067,0.23219533054071556,-0.001666728024396276,2.4485627957905867
2.8887924528301863,20,7,37,0.6293427899852664,0.3744640097584346,-0.10460666914126537,1.3632922491117982,20 °C,7,TRUE,TRUE,0.6293427899852664,-0.10460666914126537,1.3632922491117982,0.6293427899852664,-0.10460666914126537,1.3632922491117982,0.24926527608984778,-0.0011446642543822601,2.5337682902851126
2.927830188679243,20,7,37,0.6440498157057117,0.3748658296765509,-0.09068721046032802,1.3787868418717515,20 °C,7,TRUE,TRUE,0.6440498157057117,-0.09068721046032802,1.3787868418717515,0.6440498157057117,-0.09068721046032802,1.3787868418717515,0.26715196989415574,-7.458270484452891e-4,2.6211470762521687
2.9668679245282994,20,7,37,0.6587568414261571,0.3752871974507736,-0.07680606557735914,1.3943197484296732,20 °C,7,TRUE,TRUE,0.6587568414261571,-0.07680606557735914,1.3943197484296732,0.6587568414261571,-0.07680606557735914,1.3943197484296732,0.28587449843208573,-4.5309216916993055e-4,2.7107354515748856
3.005905660377356,20,7,37,0.6734638671466023,0.3757280473140995,-0.06296310558903262,1.4098908398822374,20 °C,7,TRUE,TRUE,0.6734638671466023,-0.06296310558903262,1.4098908398822374,0.6734638671466023,-0.06296310558903262,1.4098908398822374,0.30545194818208316,-2.4960795546472974e-4,2.8025699867127174
3.0449433962264125,20,7,37,0.6881708928670474,0.37618831077416454,-0.049158196250315145,1.4254999819844099,20 °C,7,TRUE,TRUE,0.6881708928670474,-0.049158196250315145,1.4254999819844099,0.6881708928670474,-0.049158196250315145,1.4254999819844099,0.3259034056225936,-1.1879217037992905e-4,2.8966875215492482
3.0839811320754693,20,7,37,0.702877918587493,0.37666791666455474,-0.035391198075034214,1.4411470352500202,20 °C,7,TRUE,TRUE,0.702877918587493,-0.035391198075034214,1.4411470352500202,0.702877918587493,-0.035391198075034214,1.4411470352500202,0.3472479572320641,-4.432878156617409e-5,2.993125162172684
3.1230188679245257,20,7,37,0.7175849443079388,0.3771667911976816,-0.021661966439517122,1.4568318550553947,20 °C,7,TRUE,TRUE,0.7175849443079388,-0.021661966439517122,1.4568318550553947,0.7175849443079388,-0.021661966439517122,1.4568318550553947,0.3695046894889395,-1.0164678245612308e-5,3.0919202775927843
3.1620566037735824,20,7,37,0.7322919700283841,0.3776848580191403,-0.007970351689130961,1.4725542917458991,20 °C,7,TRUE,TRUE,0.7322919700283841,-0.007970351689130961,1.4725542917458991,0.7322919700283841,-0.007970351689130961,1.4725542917458991,0.3926926888716645,-5.063285947877143e-7,3.193110496398263
3.201094339622639,20,7,37,0.7469989957488294,0.37822203826345713,0.0056838007524534495,1.4883141907452053,20 °C,7,TRUE,TRUE,0.7469989957488294,0.0056838007524534495,1.4883141907452053,0.7469989957488294,0.0056838007524534495,1.4883141907452053,0.4168310418586858,1.836185423978225e-7,3.296733703358511
3.2401320754716956,20,7,37,0.7617060214692752,0.37877825061113657,0.01930065027144756,1.5041113926671028,20 °C,7,TRUE,TRUE,0.7617060214692752,0.01930065027144756,1.5041113926671028,0.7617060214692752,0.01930065027144756,1.5041113926671028,0.4419388349284497,7.189783683317967e-6,3.402828035973558
3.279169811320752,20,7,37,0.7764130471897202,0.3793534113469195,0.03288036094975788,1.5199457334296824,20 °C,7,TRUE,TRUE,0.7764130471897202,0.03288036094975788,1.5199457334296824,0.7764130471897202,0.03288036094975788,1.5199457334296824,0.4680351545593995,3.5547554547137116e-5,3.5114318809762195
3.3182075471698087,20,7,37,0.791120072910166,0.3799474344191579,0.0464231014486165,1.5358170443717154,20 °C,7,TRUE,TRUE,0.791120072910166,0.0464231014486165,1.5358170443717154,0.791120072910166,0.0464231014486165,1.5358170443717154,0.49513908722998423,1.0004662778459725e-4,3.622583870790395
3.357245283018865,20,7,37,0.8058270986306121,0.38056023150021695,0.05992904489018691,1.5517251523710374,20 °C,7,TRUE,TRUE,0.8058270986306121,0.05992904489018691,1.5517251523710374,0.8058270986306121,0.05992904489018691,1.5517251523710374,0.5232697194186485,2.1523459068975562e-4,3.7363228799493355
3.396283018867922,20,7,37,0.8205341243510573,0.38119171204780955,0.07339836873735062,1.5676698799647641,20 °C,7,TRUE,TRUE,0.8205341243510573,0.07339836873735062,1.5676698799647641,0.8205341243510573,0.07339836873735062,1.5676698799647641,0.5524461376038357,3.954205390097539e-4,3.8526880214778227
3.435320754716978,20,7,37,0.8352411500715028,0.38184178336717534,0.08683125467183916,1.5836510454711665,20 °C,7,TRUE,TRUE,0.8352411500715028,0.08683125467183916,1.5836510454711665,0.8352411500715028,0.08683125467183916,1.5836510454711665,0.5826874282639936,6.546787269997187e-4,3.971718643242156
3.474358490566035,20,7,37,0.849948175791948,0.38251035067400807,0.10022788847089226,1.5996684631130038,20 °C,7,TRUE,TRUE,0.849948175791948,0.10022788847089226,1.5996684631130038,0.849948175791948,0.10022788847089226,1.5996684631130038,0.614012677877567,0.0010068522459082848,4.093454324271623
3.5133962264150913,20,7,37,0.8646552015123931,0.38319731715804517,0.11358845988262456,1.6157219431421614,20 °C,7,TRUE,TRUE,0.8646552015123931,0.11358845988262456,1.6157219431421614,0.8646552015123931,0.11358845988262456,1.6157219431421614,0.6464409729230015,0.0014655567271248916,4.217934871055378
3.552433962264148,20,7,37,0.8793622272328383,0.3839025840472262,0.12691316250027496,1.6318112919654015,20 °C,7,TRUE,TRUE,0.8793622272328383,0.12691316250027496,1.6318112919654015,0.8793622272328383,0.12691316250027496,1.6318112919654015,0.6799913998787439,0.0020441840662722517,4.345200313818349
3.5914716981132044,20,7,37,0.8940692529532845,0.38462605067233124,0.14020219363551534,1.6479363122710537,20 °C,7,TRUE,TRUE,0.8940692529532845,0.14020219363551534,1.6479363122710537,0.8940692529532845,0.14020219363551534,1.6479363122710537,0.7146830452232418,0.0027559061645862576,4.475290902779845
3.6305094339622612,20,7,37,0.9087762786737302,0.38536761453201407,0.15345575419098267,1.6640968031564778,20 °C,7,TRUE,TRUE,0.9087762786737302,0.15345575419098267,1.6640968031564778,0.9087762786737302,0.15345575419098267,1.6640968031564778,0.7505349954349372,0.003613678683989814,4.608247104398472
3.6695471698113176,20,7,37,0.9234833043941748,0.38612717135814,0.16667404853222045,1.6802925602561292,20 °C,7,TRUE,TRUE,0.9234833043941748,0.16667404853222045,1.6802925602561292,0.9234833043941748,0.16667404853222045,1.6802925602561292,0.7875663369922742,0.004630244812338817,4.744109597606915
3.7085849056603744,20,7,37,0.9381903301146205,0.3869046151813455,0.17985728435918336,1.6965233758700577,20 °C,7,TRUE,TRUE,0.9381903301146205,0.17985728435918336,1.6965233758700577,0.9381903301146205,0.17985728435918336,1.6965233758700577,0.8257961563737041,0.0058181390353930565,4.882919270039978
3.747622641509431,20,7,37,0.9528973558350666,0.38769983839673544,0.19300567257746515,1.712789039092668,20 °C,7,TRUE,TRUE,0.9528973558350666,0.19300567257746515,1.712789039092668,0.9528973558350666,0.19300567257746515,1.712789039092668,0.8652435400576711,0.007189690912145321,5.0247172142592
3.7866603773584875,20,7,37,0.9676043815555124,0.38851273182963725,0.20611942716942344,1.7290893359416013,20 °C,7,TRUE,FALSE,0.9676043815555124,0.20611942716942344,1.7290893359416013,NA,NA,NA,0.905927574522619,0.008757028850228887,5.169544723977485
3.8256981132075443,20,7,37,0.9823114072759577,0.38934318480133107,0.21919876506534874,1.7454240494865667,20 °C,7,TRUE,FALSE,0.9823114072759577,0.21919876506534874,1.7454240494865667,NA,NA,NA,0.9478673462469923,0.010532083878211435,5.317443290286807
3.8647358490566006,20,7,37,0.9970184329964027,0.3901910851946808,0.23224390601482825,1.7617929599779771,20 °C,7,TRUE,FALSE,0.9970184329964027,0.23224390601482825,1.7617929599779771,NA,NA,NA,0.991081941709238,0.012526593411676624,5.468454597892133
3.9037735849056574,20,7,37,1.0117254587168483,0.3910563195195864,0.2452550724584589,1.7781958449752375,20 °C,7,TRUE,FALSE,1.0117254587168483,0.2452550724584589,1.7781958449752375,NA,NA,NA,1.035590447387804,0.014752105010092413,5.622620521354535
3.9428113207547137,20,7,37,1.0264324844372934,0.39193877297819135,0.2582324894000384,1.7946324794745485,20 °C,7,TRUE,FALSE,1.0264324844372934,0.2582324894000384,1.7946324794745485,NA,NA,NA,1.0814119497611328,0.017219980121561382,5.7799831213464525
3.9818490566037705,20,7,37,1.0411395101577388,0.3928383295297682,0.27117638427939306,1.8111026360360845,20 °C,7,TRUE,FALSE,1.0411395101577388,0.27117638427939306,1.8111026360360845,NA,NA,NA,1.1285655353076727,0.019941397812655876,5.940584640921859
4.020886792452827,20,7,37,1.0558465358781857,0.39375487195521836,0.2840869868459577,1.8276060849104137,20 °C,7,TRUE,FALSE,1.0558465358781857,0.2840869868459577,1.8276060849104137,NA,NA,NA,1.177070290505873,0.022927358480638982,6.104467501804048
4.059924528301884,20,7,37,1.070553561598631,0.39468828192111954,0.2969645290332368,1.8441425941640253,20 °C,7,TRUE,FALSE,1.070553561598631,0.2969645290332368,1.8441425941640253,NA,NA,NA,1.2269453018341696,0.02618868754548055,6.27167430069356
4.0989622641509404,20,7,37,1.0852605873190764,0.3956384400432586,0.3098092448342895,1.8607119298038632,20 °C,7,TRUE,FALSE,1.0852605873190764,0.3098092448342895,1.8607119298038632,NA,NA,NA,1.2782096557710134,0.029736039119190476,6.442247805598948
4.137999999999996,20,7,37,1.0999676130395217,0.3966052259495885,0.32262137017832826,1.8773138559007152,20 °C,7,TRUE,FALSE,1.0999676130395217,0.32262137017832826,1.8773138559007152,NA,NA,NA,1.3308824387948501,0.03357989965008892,6.616230952192429
4.177037735849053,20,7,37,1.1146746387599673,0.3975885183425551,0.33540114280855937,1.8939481347113754,20 °C,7,TRUE,FALSE,1.1146746387599673,0.33540114280855937,1.8939481347113754,NA,NA,NA,1.384982737384126,0.037730591539752466,6.793666840192973
4.21607547169811,20,7,37,1.129381664480413,0.3985881950607364,0.3481488021613698,1.9106145267994563,20 °C,7,TRUE,FALSE,1.129381664480413,0.3481488021613698,1.9106145267994563,NA,NA,NA,1.440529638017287,0.04219827673048126,6.974598729778825
4.255113207547167,20,7,37,1.144088690200858,0.39960413313974374,0.3608645892469603,1.9273127911547556,20 °C,7,TRUE,FALSE,1.144088690200858,0.3608645892469603,1.9273127911547556,NA,NA,NA,1.4975422271727743,0.04699296026124245,7.159070038031546
4.294150943396223,20,7,37,1.1587957159213031,0.4006362088723379,0.3735487465315208,1.9440426853110855,20 °C,7,TRUE,FALSE,1.1587957159213031,0.3735487465315208,1.9440426853110855,NA,NA,NA,1.556039591329038,0.05212449379015575,7.347124335413573
4.333188679245279,20,7,37,1.1735027416417483,0.40168429786771126,0.3862015178210342,1.9608039654624623,20 °C,7,FALSE,FALSE,NA,NA,NA,NA,NA,NA,NA,NA,NA
4.372226415094336,20,7,37,1.1882097673621936,0.4027482751098956,0.3988231481467983,1.977596386577589,20 °C,7,FALSE,FALSE,NA,NA,NA,NA,NA,NA,NA,NA,NA
4.411264150943393,20,7,37,1.2029167930826394,0.4038280150152525,0.41141388365274456,1.9944197025125343,20 °C,7,FALSE,FALSE,NA,NA,NA,NA,NA,NA,NA,NA,NA
4.450301886792449,20,7,37,1.2176238188030852,0.40492339148901374,0.42397397148461835,2.0112736661215522,20 °C,7,FALSE,FALSE,NA,NA,NA,NA,NA,NA,NA,NA,NA
4.489339622641506,20,7,37,1.232330844523531,0.4060342779808305,0.43650365968110316,2.028158029365959,20 °C,7,FALSE,FALSE,NA,NA,NA,NA,NA,NA,NA,NA,NA
4.5283773584905624,20,7,37,1.247037870243976,0.40716054753930525,0.4490031970669377,2.045072543421014,20 °C,7,FALSE,FALSE,NA,NA,NA,NA,NA,NA,NA,NA,NA
4.567415094339619,20,7,37,1.261744895964422,0.4083020728654733,0.4614728331480943,2.0620169587807498,20 °C,7,FALSE,FALSE,NA,NA,NA,NA,NA,NA,NA,NA,NA
4.606452830188675,20,7,37,1.2764519216848669,0.40945872636521125,0.4739128180090528,2.078991025360681,20 °C,7,FALSE,FALSE,NA,NA,NA,NA,NA,NA,NA,NA,NA
4.645490566037732,20,7,37,1.2911589474053122,0.41063038020054343,0.4863234022122471,2.0959944925983773,20 °C,7,FALSE,FALSE,NA,NA,NA,NA,NA,NA,NA,NA,NA
4.684528301886789,20,7,37,1.3058659731257576,0.41181690633982926,0.49870483669969223,2.113027109551823,20 °C,7,FALSE,FALSE,NA,NA,NA,NA,NA,NA,NA,NA,NA
4.7235660377358455,20,7,37,1.320572998846204,0.41301817660681184,0.5110573726968528,2.1300886249955555,20 °C,7,FALSE,FALSE,NA,NA,NA,NA,NA,NA,NA,NA,NA
4.762603773584901,20,7,37,1.3352800245666483,0.4142340627285096,0.5233812616187695,2.147178787514527,20 °C,7,FALSE,FALSE,NA,NA,NA,NA,NA,NA,NA,NA,NA
4.801641509433958,20,7,37,1.3499870502870945,0.4154644363819373,0.5356767549784974,2.1642973455956915,20 °C,7,FALSE,FALSE,NA,NA,NA,NA,NA,NA,NA,NA,NA
4.840679245283015,20,7,37,1.36469407600754,0.4167091692396491,0.5479441042978276,2.1814440477172523,20 °C,7,FALSE,FALSE,NA,NA,NA,NA,NA,NA,NA,NA,NA
4.879716981132072,20,7,37,1.379401101727985,0.4179681330140841,0.5601835610203802,2.19861864243559,20 °C,7,FALSE,FALSE,NA,NA,NA,NA,NA,NA,NA,NA,NA
4.918754716981128,20,7,37,1.3941081274484302,0.4192411995007204,0.5723953764270181,2.215820878469842,20 °C,7,FALSE,FALSE,NA,NA,NA,NA,NA,NA,NA,NA,NA
4.957792452830184,20,7,37,1.4088151531688766,0.42052824062002003,0.5845798015536374,2.233050504784116,20 °C,7,FALSE,FALSE,NA,NA,NA,NA,NA,NA,NA,NA,NA
4.996830188679241,20,7,37,1.423522178889322,0.4218291284581705,0.5967370871113078,2.250307270667336,20 °C,7,FALSE,FALSE,NA,NA,NA,NA,NA,NA,NA,NA,NA
5.035867924528298,20,7,37,1.4382292046097673,0.4231437353066126,0.6088674834088067,2.267590925810728,20 °C,7,FALSE,FALSE,NA,NA,NA,NA,NA,NA,NA,NA,NA
5.074905660377355,20,7,37,1.4529362303302127,0.4244719337003674,0.6209712402774926,2.284901220382933,20 °C,7,FALSE,FALSE,NA,NA,NA,NA,NA,NA,NA,NA,NA
5.113943396226411,20,7,37,1.4676432560506585,0.4258135964551487,0.633048606998567,2.30223790510275,20 °C,7,FALSE,FALSE,NA,NA,NA,NA,NA,NA,NA,NA,NA
5.1529811320754675,20,7,37,1.482350281771104,0.4271685967032817,0.6450998322326719,2.3196007313095364,20 °C,7,FALSE,FALSE,NA,NA,NA,NA,NA,NA,NA,NA,NA
5.192018867924524,20,7,37,1.4970573074915494,0.4285368079284163,0.6571251639518535,2.3369894510312452,20 °C,7,FALSE,FALSE,NA,NA,NA,NA,NA,NA,NA,NA,NA
5.231056603773581,20,7,37,1.5117643332119948,0.4299181039990586,0.6691248493738399,2.35440381705015,20 °C,7,FALSE,FALSE,NA,NA,NA,NA,NA,NA,NA,NA,NA
5.270094339622637,20,7,37,1.5264713589324406,0.43131235920091254,0.681099134898652,2.371843582966229,20 °C,7,FALSE,FALSE,NA,NA,NA,NA,NA,NA,NA,NA,NA
5.309132075471694,20,7,37,1.541178384652886,0.4327194482680577,0.6930482660474928,2.3893085032582793,20 °C,7,FALSE,FALSE,NA,NA,NA,NA,NA,NA,NA,NA,NA
5.3481698113207505,20,7,37,1.5558854103733317,0.43413924641295715,0.7049724874039357,2.406798333342728,20 °C,7,FALSE,FALSE,NA,NA,NA,NA,NA,NA,NA,NA,NA
5.387207547169807,20,7,37,1.5705924360937777,0.4355716293553241,0.7168720425573425,2.424312829630213,20 °C,7,FALSE,FALSE,NA,NA,NA,NA,NA,NA,NA,NA,NA
5.426245283018863,20,7,37,1.5852994618142227,0.43701647334984517,0.7287471740485262,2.4418517495799192,20 °C,7,FALSE,FALSE,NA,NA,NA,NA,NA,NA,NA,NA,NA
5.46528301886792,20,7,37,1.600006487534668,0.43847365521278875,0.7405981233176021,2.459414851751734,20 °C,7,FALSE,FALSE,NA,NA,NA,NA,NA,NA,NA,NA,NA
5.504320754716977,20,7,37,1.6147135132551134,0.439943052347499,0.7524251306540154,2.4770018958562114,20 °C,7,FALSE,FALSE,NA,NA,NA,NA,NA,NA,NA,NA,NA
5.543358490566034,20,7,37,1.6294205389755594,0.4414245427688048,0.7642284351487021,2.4946126428024167,20 °C,7,FALSE,FALSE,NA,NA,NA,NA,NA,NA,NA,NA,NA
5.5823962264150895,20,7,37,1.6441275646960036,0.4429180051263495,0.7760082746483586,2.5122468547436485,20 °C,7,FALSE,FALSE,NA,NA,NA,NA,NA,NA,NA,NA,NA
5.621433962264146,20,7,37,1.6588345904164499,0.4444233187268702,0.7877648857117843,2.5299042951211153,20 °C,7,FALSE,FALSE,NA,NA,NA,NA,NA,NA,NA,NA,NA
5.660471698113203,20,7,37,1.6735416161368957,0.44594036355542926,0.7994985035682544,2.547584728705537,20 °C,7,FALSE,FALSE,NA,NA,NA,NA,NA,NA,NA,NA,NA
5.69950943396226,20,7,37,1.6882486418573408,0.447469020295634,0.8112093620778982,2.5652879216367834,20 °C,7,FALSE,FALSE,NA,NA,NA,NA,NA,NA,NA,NA,NA
5.738547169811316,20,7,37,1.7029556675777855,0.4490091703488519,0.8228976936940358,2.5830136414615352,20 °C,7,FALSE,FALSE,NA,NA,NA,NA,NA,NA,NA,NA,NA
5.7775849056603725,20,7,37,1.717662693298232,0.4505606958524424,0.8345637294274448,2.600761657169019,20 °C,7,FALSE,FALSE,NA,NA,NA,NA,NA,NA,NA,NA,NA
5.816622641509429,20,7,37,1.7323697190186769,0.45212347969703226,0.8462076988124937,2.61853173922486,20 °C,7,FALSE,FALSE,NA,NA,NA,NA,NA,NA,NA,NA,NA
5.855660377358486,20,7,37,1.7470767447391231,0.45369740554284804,0.857829829875141,2.6363236596031054,20 °C,7,FALSE,FALSE,NA,NA,NA,NA,NA,NA,NA,NA,NA
5.894698113207542,20,7,37,1.7617837704595685,0.45528235783512794,0.8694303491027178,2.654137191816419,20 °C,7,FALSE,FALSE,NA,NA,NA,NA,NA,NA,NA,NA,NA
5.933735849056599,20,7,37,1.7764907961800138,0.4568782218186363,0.8810094814154867,2.671972110944541,20 °C,7,FALSE,FALSE,NA,NA,NA,NA,NA,NA,NA,NA,NA
5.972773584905656,20,7,37,1.791197821900459,0.4584848835512979,0.8925674501399151,2.6898281936610027,20 °C,7,FALSE,FALSE,NA,NA,NA,NA,NA,NA,NA,NA,NA
6.011811320754712,20,7,37,1.8059048476209048,0.4601022299169809,0.9041044769836222,2.7077052182581873,20 °C,7,FALSE,FALSE,NA,NA,NA,NA,NA,NA,NA,NA,NA
6.050849056603768,20,7,37,1.8206118733413494,0.46173014863744044,0.9156207820119662,2.725602964670733,20 °C,7,FALSE,FALSE,NA,NA,NA,NA,NA,NA,NA,NA,NA
6.089886792452825,20,7,37,1.8353188990617952,0.4633685282834506,0.9271165836262321,2.7435212144973584,20 °C,7,FALSE,FALSE,NA,NA,NA,NA,NA,NA,NA,NA,NA
6.128924528301882,20,7,37,1.8500259247822404,0.4650172582851432,0.9385920985433598,2.761459751021121,20 °C,7,FALSE,FALSE,NA,NA,NA,NA,NA,NA,NA,NA,NA
6.167962264150939,20,7,37,1.8647329505026866,0.4666762289415815,0.9500475417771869,2.7794183592281865,20 °C,7,FALSE,FALSE,NA,NA,NA,NA,NA,NA,NA,NA,NA
6.2069999999999945,20,7,37,1.8794399762231315,0.46834533142957924,0.9614831266211562,2.797396825825107,20 °C,7,FALSE,FALSE,NA,NA,NA,NA,NA,NA,NA,NA,NA
0,10,20,37,0.7443720047867625,0.456822394642555,-0.15099988871264525,1.63974389828617,10 °C,20,TRUE,FALSE,0.7443720047867625,-0.15099988871264525,1.63974389828617,NA,NA,NA,0.4124488470574539,-0.0034429433876166835,4.4088778891680445
0.03903773584905657,10,20,37,0.7226426439400138,0.45408508251402646,-0.16736411778747806,1.6126494056675056,10 °C,20,TRUE,FALSE,0.7226426439400138,-0.16736411778747806,1.6126494056675056,NA,NA,NA,0.3773729428152968,-0.0046879941146636475,4.1939174953517195
0.07807547169811314,10,20,37,0.7009132830932646,0.4513899690207657,-0.1838110561874362,1.5856376223739654,10 °C,20,TRUE,FALSE,0.7009132830932646,-0.1838110561874362,1.5856376223739654,NA,NA,NA,0.34434427848947335,-0.006210333054370167,3.9866841110682363
0.11711320754716972,10,20,37,0.679183922246515,0.4487378144967852,-0.2003421941671839,1.558710038660214,10 °C,20,TRUE,FALSE,0.679183922246515,-0.2003421941671839,1.558710038660214,NA,NA,NA,0.3133012950019873,-0.00804113359824076,3.787006035625202
0.1561509433962263,10,20,37,0.6574545613997662,0.44612938509150035,-0.21695903337957445,1.5318681561791068,10 °C,20,TRUE,FALSE,0.6574545613997662,-0.21695903337957445,1.5318681561791068,NA,NA,NA,0.28418243327484366,-0.010212526860913448,3.594712526053361
0.19518867924528285,10,20,37,0.6357252005530166,0.44356545219491,-0.23366308574900696,1.5051134868550402,10 °C,20,TRUE,FALSE,0.6357252005530166,-0.23366308574900696,1.5051134868550402,NA,NA,NA,0.256926134230044,-0.012757639416445522,3.409633834842861
0.23422641509433945,10,20,37,0.613995839706267,0.4410467918210216,-0.2504558722629352,1.4784475516754694,10 °C,20,TRUE,TRUE,0.613995839706267,-0.2504558722629352,1.4784475516754694,0.613995839706267,-0.2504558722629352,1.4784475516754694,0.23147083878959288,-0.01571063200867959,3.2316012486536487
0.273264150943396,10,20,37,0.5922664788595183,0.43857418394878384,-0.267338921680098,1.4518718793991345,10 °C,20,TRUE,TRUE,0.5922664788595183,-0.267338921680098,1.4518718793991345,0.5922664788595183,-0.267338921680098,1.4518718793991345,0.20775498787549468,-0.019106739211080834,3.06044712797529
0.3123018867924526,10,20,37,0.5705371180127691,0.43614841181993724,-0.28431376915430795,1.4253880051798462,10 °C,20,TRUE,TRUE,0.5705371180127691,-0.28431376915430795,1.4253880051798462,0.5705371180127691,-0.28431376915430795,1.4253880051798462,0.18571702240975127,-0.02298231000594253,2.8960049477061727
0.35133962264150914,10,20,37,0.5488077571660204,0.4337702611933547,-0.3013819547729548,1.3989974691049956,10 °C,20,TRUE,TRUE,0.5488077571660204,-0.3013819547729548,1.3989974691049956,0.5488077571660204,-0.3013819547729548,1.3989974691049956,0.16529538331436733,-0.027374849247048683,2.7381093386161828
0.3903773584905657,10,20,37,0.5270783963192712,0.4314405195556329,-0.3185450220097692,1.3727018146483116,10 °C,20,TRUE,TRUE,0.5270783963192712,-0.3185450220097692,1.3727018146483116,0.5270783963192712,-0.3185450220097692,1.3727018146483116,0.1464285115113454,-0.03232305996378348,2.5865961296508
0.42941509433962227,10,20,37,0.5053490354725216,0.42915997528789124,-0.3358045160917452,1.3465025870367886,10 °C,20,TRUE,TRUE,0.5053490354725216,-0.3358045160917452,1.3465025870367886,0.5053490354725216,-0.3358045160917452,1.3465025870367886,0.12905484792268904,-0.037866886458280846,2.4413023910282576
0.4684528301886789,10,20,37,0.483619674625773,0.4269294167889559,-0.35316198228058054,1.3204013315321266,10 °C,20,TRUE,TRUE,0.483619674625773,-0.35316198228058054,1.3204013315321266,0.483619674625773,-0.35316198228058054,1.3204013315321266,0.11311283347040284,-0.04404755814056923,2.3020664780746882
0.5074905660377355,10,20,37,0.4618903137790238,0.4247496315553417,-0.37061896406944583,1.2943995916274935,10 °C,20,TRUE,TRUE,0.4618903137790238,-0.37061896406944583,1.2943995916274935,0.4618903137790238,-0.37061896406944583,1.2943995916274935,0.09854090907648917,-0.05090763403979314,2.168728075735331
0.546528301886792,10,20,37,0.4401609529322742,0.4226214052186953,-0.38817700129636856,1.268498907160917,10 °C,20,TRUE,TRUE,0.4401609529322742,-0.38817700129636856,1.268498907160917,0.4401609529322742,-0.38817700129636856,1.268498907160917,0.08527751566295173,-0.05849104792251706,2.0411282436928477
0.5855660377358486,10,20,37,0.41843159208552505,0.4205455205416369,-0.40583762817608326,1.2427008123471333,10 °C,20,TRUE,TRUE,0.41843159208552505,-0.40583762817608326,1.2427008123471333,0.41843159208552505,-0.40583762817608326,1.2427008123471333,0.0732610941517945,-0.06684315394191172,1.9191094620165117
0.6246037735849052,10,20,37,0.3967022312387758,0.41852275637321545,-0.4236023712527265,1.2170068337302782,10 °C,20,TRUE,TRUE,0.3967022312387758,-0.4236023712527265,1.2170068337302782,0.3967022312387758,-0.4236023712527265,1.2170068337302782,0.06243008546502068,-0.07601077273428741,1.8025156772587334
0.6636415094339617,10,20,37,0.37497287039202715,0.4165538865654923,-0.44147274727633773,1.191418488060392,10 °C,20,TRUE,TRUE,0.37497287039202715,-0.44147274727633773,1.191418488060392,0.37497287039202715,-0.44147274727633773,1.191418488060392,0.05272293052463407,-0.08604223787205577,1.6911923489080225
0.7026792452830183,10,20,37,0.3532435095452779,0.4146396788530808,-0.4594502610067604,1.1659372800973162,10 °C,20,TRUE,TRUE,0.3532435095452779,-0.4594502610067604,1.1659372800973162,0.3532435095452779,-0.4594502610067604,1.1659372800973162,0.044078070252637616,-0.096987442574839,1.584986496100098
0.7417169811320748,10,20,37,0.3315141486985288,0.4127808936977832,-0.47753640294912625,1.1405647003461838,10 °C,20,TRUE,TRUE,0.3315141486985288,-0.47753640294912625,1.1405647003461838,0.3315141486985288,-0.47753640294912625,1.1405647003461838,0.03643394557103519,-0.10889788657311866,1.483746744481542
0.7807547169811314,10,20,37,0.3097847878517796,0.4109782831007994,-0.4957326470257873,1.1153022227293465,10 °C,20,TRUE,TRUE,0.3097847878517796,-0.4957326470257873,1.1153022227293465,0.3097847878517796,-0.4957326470257873,1.1153022227293465,0.029728997401830163,-0.12182672301166639,1.387323373113224
0.819792452830188,10,20,37,0.2880554270050305,0.40923258938531143,-0.5140404481901799,1.090151302200241,10 °C,20,TRUE,TRUE,0.2880554270050305,-0.5140404481901799,1.090151302200241,0.2880554270050305,-0.5140404481901799,1.090151302200241,0.023901666667026127,-0.135828805273023,1.2955683612937858
0.8588301886792445,10,20,37,0.26632606615828147,0.40754454395258266,-0.5324612399887805,1.0651133723053434,10 °C,20,TRUE,TRUE,0.26632606615828147,-0.5324612399887805,1.0651133723053434,0.26632606615828147,-0.5324612399887805,1.0651133723053434,0.018890394288626548,-0.15096073359463338,1.20833543517677
0.8978679245283011,10,20,37,0.24459670531153174,0.4059148660150501,-0.5509964320779664,1.0401898427010299,10 °C,20,TRUE,TRUE,0.24459670531153174,-0.5509964320779664,1.0401898427010299,0.24459670531153174,-0.5509964320779664,1.0401898427010299,0.01463362118863479,-0.16728090134695084,1.1254801140487274
0.9369056603773578,10,20,37,0.222867344464783,0.4043442613102098,-0.5696474077032281,1.0153820966327942,10 °C,20,TRUE,TRUE,0.222867344464783,-0.5696474077032281,1.0153820966327942,0.222867344464783,-0.5696474077032281,1.0153820966327942,0.011069788289054673,-0.18484954083397212,1.0468597561297597
0.9759433962264144,10,20,37,0.20113798361803356,0.40283342079942663,-0.5884155211488425,0.9906914883849097,10 °C,20,TRUE,TRUE,0.20113798361803356,-0.5884155211488425,0.9906914883849097,0.20113798361803356,-0.5884155211488425,0.9906914883849097,0.008137336511889403,-0.20372876847240276,0.9723336037526633
1.014981132075471,10,20,37,0.17940862277128428,0.4013830193561038,-0.6073020951666792,0.9661193407092477,10 °C,20,TRUE,TRUE,0.17940862277128428,-0.6073020951666792,0.9661193407092477,0.17940862277128428,-0.6073020951666792,0.9661193407092477,0.0057747067791426195,-0.2239826292009458,0.9017628277722456
1.0540188679245275,10,20,37,0.15767926192453544,0.3999937144479431,-0.6263084183934331,0.9416669422425039,10 °C,20,TRUE,TRUE,0.15767926192453544,-0.6263084183934331,0.9416669422425039,0.15767926192453544,-0.6263084183934331,0.9416669422425039,0.003920340012817834,-0.24567713996731066,0.8350105710523161
1.093056603773584,10,20,37,0.1359499010777864,0.39866614481830354,-0.6454357427660885,0.91733554492166125,10 °C,20,TRUE,TRUE,0.1359499010777864,-0.6454357427660885,0.91733554492166125,0.1359499010777864,-0.6454357427660885,0.91733554492166125,0.002512677134918487,-0.2688803321373733,0.7719419908748467
1.1320943396226406,10,20,37,0.11422054023103737,0.39740092917191355,-0.6646852809459132,0.8931263614079878,10 °C,20,TRUE,TRUE,0.11422054023103737,-0.6646852809459132,0.8931263614079878,0.11422054023103737,-0.6646852809459132,0.8931263614079878,0.0014901590674480981,-0.2936622926686726,0.7124243001134765
1.1711320754716972,10,20,37,0.09249117938428808,0.3961986648704127,-0.6840582037617209,0.869040562530297,10 °C,20,TRUE,TRUE,0.09249117938428808,-0.6840582037617209,0.869040562530297,0.09249117938428808,-0.6840582037617209,0.869040562530297,7.912267324101634e-4,-0.32009520388914325,0.656326807012238
1.2101698113207537,10,20,37,0.07076181853753886,0.39505992664338985,-0.7035556376835053,0.8450792747585829,10 °C,20,TRUE,TRUE,0.07076181853753886,-0.7035556376835053,0.8450792747585829,0.07076181853753886,-0.7035556376835053,0.8450792747585829,3.543210518081983e-4,-0.3482533817217195,0.6035209534101651
1.2492075471698103,10,20,37,0.04903245769078957,0.39398526532073436,-0.7231786623378498,0.8212435777194289,10 °C,20,TRUE,TRUE,0.04903245769078957,-0.7231786623378498,0.8212435777194289,0.04903245769078957,-0.7231786623378498,0.8212435777194289,1.1788294764570015e-4,-0.37821331219628956,0.5538803512532459
1.2882452830188669,10,20,37,0.02730309684404029,0.3929752065922275,-0.7429283080767256,0.7975345017648062,10 °C,20,TRUE,TRUE,0.02730309684404029,-0.7429283080767256,0.7975345017648062,0.02730309684404029,-0.7429283080767256,0.7975345017648062,2.035334192617135e-5,-0.4100536860924387,0.5072808172371639
1.3272830188679234,10,20,37,0.0055737359972912615,0.3920302498003744,-0.7628055536114425,0.7739530256060251,10 °C,20,TRUE,TRUE,0.0055737359972912615,-0.7628055536114425,0.7739530256060251,0.0055737359972912615,-0.7628055536114425,0.7739530256060251,1.7315665311199277e-7,-0.4438554315596199,0.46360040542747216
1.36632075471698,10,20,37,-0.016155624849457612,0.39115086677248945,-0.7828113237235369,0.7505000740246216,10 °C,20,TRUE,TRUE,-0.016155624849457612,-0.7828113237235369,0.7505000740246216,-0.016155624849457612,-0.7828113237235369,0.7505000740246216,-4.216686169977165e-6,-0.4797017445657358,0.4227194377081722
1.4053584905660366,10,20,37,-0.03788498569620724,0.3903375006980259,-0.802946487064338,0.7271765156719235,10 °C,20,TRUE,TRUE,-0.03788498569620724,-0.802946487064338,0.7271765156719235,-0.03788498569620724,-0.802946487064338,0.7271765156719235,-5.437526453959596e-5,-0.517678117030748,0.3845205319153216
1.4443962264150931,10,20,37,-0.05961434654295567,0.38959056505705913,-0.8232118540547916,0.7039831609688801,10 °C,20,TRUE,TRUE,-0.05961434654295567,-0.8232118540547916,0.7039831609688801,-0.05961434654295567,-0.8232118540547916,0.7039831609688801,-2.1186165645223422e-4,-0.5578723625087472,0.3488886275191166
1.4834339622641497,10,20,37,-0.08134370738970537,0.3889104426057,-0.8436081748968773,0.6809207601174667,10 °C,20,TRUE,TRUE,-0.08134370738970537,-0.8436081748968773,0.6809207601174667,-0.08134370738970537,-0.8436081748968773,0.6809207601174667,-5.382349399044103e-4,-0.6003746392900101,0.3157110087259251
1.5224716981132063,10,20,37,-0.10307306823645374,0.3882974844240305,-0.8641361377075536,0.657990001234646,10 °C,20,TRUE,TRUE,-0.10307306823645374,-0.8641361377075536,0.657990001234646,-0.10307306823645374,-0.8641361377075536,0.657990001234646,-0.0010950541928925802,-0.6452774708037051,0.2848773248810221
1.5615094339622628,10,20,37,-0.12480242908320342,0.38775200903191276,-0.8847963667857524,0.6351915086193456,10 °C,20,TRUE,TRUE,-0.12480242908320342,-0.8847963667857524,0.6351915086193456,-0.12480242908320342,-0.8847963667857524,0.6351915086193456,-0.0019438784934133109,-0.6926757632123889,0.2562796080630557
1.6005471698113194,10,20,37,-0.14653178992995275,0.38727430157773773,-0.9055894210223187,0.6125258411624132,10 °C,20,TRUE,TRUE,-0.14653178992995275,-0.9055894210223187,0.6125258411624132,-0.14653178992995275,-0.9055894210223187,0.6125258411624132,-0.0031462669194630565,-0.7426668201007279,0.2298122877727964
1.639584905660376,10,20,37,-0.16826115077670156,0.38686461310483056,-0.9265157924621694,0.5899934909087663,10 °C,20,TRUE,TRUE,-0.16826115077670156,-0.9265157924621694,0.5899934909087663,-0.16826115077670156,-0.9265157924621694,0.5899934909087663,-0.004763778549038285,-0.7953503541733943,0.20537220263101622
1.6786226415094325,10,20,37,-0.18999051162345124,0.3865231598998458,-0.9475759050271491,0.5675948817802465,10 °C,20,TRUE,TRUE,-0.18999051162345124,-0.9475759050271491,0.5675948817802465,-0.18999051162345124,-0.9475759050271491,0.5675948817802465,-0.00685797246013561,-0.8508284958902975,0.1828586090137179
1.717660377358489,10,20,37,-0.21171987247020005,0.3862501229270471,-0.9687701134072123,0.5453303684668122,10 °C,20,TRUE,TRUE,-0.21171987247020005,-0.9687701134072123,0.5453303684668122,-0.21171987247020005,-0.9687701134072123,0.5453303684668122,-0.009490407730751363,-0.9092057989813863,0.16217318656695667
1.7566981132075457,10,20,37,-0.23344923331694886,0.3860456473518926,-0.9900987021266584,0.5232002354927606,10 °C,20,TRUE,TRUE,-0.23344923331694886,-0.9900987021266584,0.5232002354927606,-0.23344923331694886,-0.9900987021266584,0.5232002354927606,-0.01272264343888211,-0.9705892427980414,0.14322004055820853
1.7957358490566022,10,20,37,-0.2551785941636982,0.3859098421568311,-1.0115618847910872,0.5012046964636907,10 °C,20,TRUE,TRUE,-0.2551785941636982,-1.0115618847910872,0.5012046964636907,-0.2551785941636982,-1.0115618847910872,0.5012046964636907,-0.016616238662524454,-1.0350882314731822,0.1259057010364907
1.8347735849056588,10,20,37,-0.276907955010447,0.38584277985167065,-1.0331598035197214,0.4793438934988274,10 °C,20,TRUE,TRUE,-0.276907955010447,-1.0331598035197214,0.4793438934988274,-0.276907955010447,-1.0331598035197214,0.4793438934988274,-0.0212327524796747,-1.1028145898779227,0.11013911878901843
1.8738113207547156,10,20,37,-0.29863731585719633,0.38584449628030804,-1.0548925285666,0.45761789685220744,10 °C,20,TRUE,TRUE,-0.29863731585719633,-1.0548925285666,0.45761789685220744,-0.29863731585719633,-1.0548925285666,0.45761789685220744,-0.026633743968329564,-1.1738825563783735,0.09583165809799976
1.9128490566037721,10,20,37,-0.32036667670394564,0.38591499052502526,-1.076760058132995,0.4360267047251038,10 °C,20,TRUE,TRUE,-0.32036667670394564,-1.076760058132995,0.4360267047251038,-0.32036667670394564,-1.076760058132995,0.4360267047251038,-0.032880772206485456,-1.24840877241208,0.08289708631707922
1.9518867924528287,10,20,37,-0.3420960375506948,0.38605422490893915,-1.0987623183722155,0.414570243270826,10 °C,20,TRUE,TRUE,-0.3420960375506948,-1.0987623183722155,0.414570243270826,-0.3420960375506948,-1.0987623183722155,0.414570243270826,-0.040035396272138805,-1.3265122689193711,0.0712515603026855
1.9909245283018853,10,20,37,-0.3638253983974445,0.38626212509659663,-1.1208991635867738,0.39324836679188485,10 °C,20,TRUE,TRUE,-0.3638253983974445,-1.1208991635867738,0.39324836679188485,-0.3638253983974445,-1.1208991635867738,0.39324836679188485,-0.04815917524328638,-1.4083144496804398,0.06081360975110888
2.029962264150942,10,20,37,-0.38555475924419336,0.38653858029208615,-1.1431703766166823,0.3720608581282955,10 °C,20,TRUE,TRUE,-0.38555475924419336,-1.1431703766166823,0.3720608581282955,-0.38555475924419336,-1.1431703766166823,0.3720608581282955,-0.05731366819792415,-1.4939390716240784,0.05150411750724587
2.068999999999998,10,20,37,-0.40728412009094217,0.38688344353343684,-1.1655756694164783,0.35100742923459405,10 °C,20,TRUE,TRUE,-0.40728412009094217,-1.1655756694164783,0.35100742923459405,-0.40728412009094217,-1.1655756694164783,0.35100742923459405,-0.06756043421404885,-1.5835122221886067,0.04324629692551286
2.108037735849055,10,20,37,-0.4290134809376915,0.38729653208148435,-1.1881146838174008,0.3300877219420178,10 °C,20,TRUE,TRUE,-0.4290134809376915,-1.1881146838174008,0.3300877219420178,-0.4290134809376915,-1.1881146838174008,0.3300877219420178,-0.0789610323696573,-1.677162293829341,0.03596566637731997
2.1470754716981113,10,20,37,-0.45074284178444063,0.38777762790081655,-1.210786992470041,0.30930130890115975,10 °C,20,TRUE,TRUE,-0.45074284178444063,-1.210786992470041,0.30930130890115975,-0.45074284178444063,-1.210786992470041,0.30930130890115975,-0.09157702174274568,-1.7750199557800372,0.029590021012528833
2.186113207547168,10,20,37,-0.47247220263118955,0.3883264782298649,-1.2335920999617247,0.28864769469934565,10 °C,20,TRUE,TRUE,-0.47247220263118955,-1.2335920999617247,0.28864769469934565,-0.47247220263118955,-1.2335920999617247,0.28864769469934565,-0.1054699614113104,-1.8772181231878782,0.024049401894418915
2.2251509433962244,10,20,37,-0.49420156347793875,0.38894279623669714,-1.256529444101865,0.26812631714598767,10 °C,20,TRUE,TRUE,-0.49420156347793875,-1.256529444101865,0.26812631714598767,-0.49420156347793875,-1.256529444101865,0.26812631714598767,-0.12070141045334828,-1.9838919237525114,0.019276062638736956
2.2641886792452812,10,20,37,-0.5159309243246881,0.3896262617565942,-1.2795983973676126,0.24773654871823647,10 °C,20,TRUE,TRUE,-0.5159309243246881,-1.2795983973676126,0.24773654871823647,-0.5159309243246881,-1.2795983973676126,0.24773654871823647,-0.13733292794685584,-2.0951786620096664,0.015204433697307927
2.3032264150943376,10,20,37,-0.5376602851714373,0.390376522107056,-1.3027982685012671,0.22747769815839247,10 °C,20,TRUE,TRUE,-0.5376602851714373,-1.3027982685012671,0.22747769815839247,-0.5376602851714373,-1.3027982685012671,0.22747769815839247,-0.1554260729698292,-2.2112177814084846,0.011771084435376293
2.3422641509433944,10,20,37,-0.5593896460181866,0.39119319297550303,-1.3261283042501726,0.2073490122137993,10 °C,20,TRUE,TRUE,-0.5593896460181866,-1.3261283042501726,0.2073490122137993,-0.5593896460181866,-1.3261283042501726,0.2073490122137993,-0.17504240460026524,-2.3321508243392004,0.008914683159275533
2.3813018867924507,10,20,37,-0.5811190068649353,0.39207585937459,-1.3495876912391318,0.18734967750926101,10 °C,20,TRUE,TRUE,-0.5811190068649353,-1.3495876912391318,0.18734967750926101,-0.5811190068649353,-1.3495876912391318,0.18734967750926101,-0.19624348191615965,-2.458121390273844,0.0065759552571368705
2.4203396226415075,10,20,37,-0.6028483677116846,0.3930240766597679,-1.3731755579648297,0.16747882254146051,10 °C,20,TRUE,TRUE,-0.6028483677116846,-1.3731755579648297,0.16747882254146051,-0.6028483677116846,-1.3731755579648297,0.16747882254146051,-0.2190908639955101,-2.5892750921875027,0.004697639620140644
2.459377358490564,10,20,37,-0.6245777285584339,0.39403737160349217,-1.3968909769012785,0.1477355197844108,10 °C,20,TRUE,TRUE,-0.6245777285584339,-1.3968909769012785,0.1477355197844108,-0.6245777285584339,-1.3968909769012785,0.1477355197844108,-0.24364610991631255,-2.725759511431063,0.003224443515277159
2.4984150943396206,10,20,37,-0.6463070894051828,0.39511524352029204,-1.4207329667049553,0.12811878789458964,10 °C,20,TRUE,TRUE,-0.6463070894051828,-1.4207329667049553,0.12811878789458964,-0.6463070894051828,-1.4207329667049553,0.12811878789458964,-0.26997077875656306,-2.867724151228607,0.002102996082727572
2.5374528301886774,10,20,37,-0.668036450251932,0.3962571654367864,-1.4447004945080333,0.10862759400416933,10 °C,20,TRUE,TRUE,-0.668036450251932,-1.4447004945080333,0.10862759400416933,-0.668036450251932,-1.4447004945080333,0.10862759400416933,-0.298126429594259,-3.015320388973387,0.0012818006318388393
2.5764905660377337,10,20,37,-0.6897658110986813,0.39746258530065337,-1.4687924782879618,0.0892608560905993,10 °C,20,TRUE,TRUE,-0.6897658110986813,-1.4687924782879618,0.0892608560905993,-0.6897658110986813,-1.4687924782879618,0.0892608560905993,-0.32817462150739646,-3.168701427495973,7.111859092863996e-4
2.6155283018867905,10,20,37,-0.7114951719454298,0.3987309272225413,-1.4930077893016107,0.07001744541075117,10 °C,20,TRUE,TRUE,-0.7114951719454298,-1.4930077893016107,0.07001744541075117,-0.7114951719454298,-1.4930077893016107,0.07001744541075117,-0.3601769135739707,-3.3280222454766544,3.432565114552463e-4
2.654566037735847,10,20,37,-0.7332245327921798,0.4000615927449191,-1.5173452545722212,0.050896188987861635,10 °C,20,TRUE,TRUE,-0.7332245327921798,-1.5173452545722212,0.050896188987861635,-0.7332245327921798,-1.5173452545722212,0.050896188987861635,-0.3941948648719818,-3.4934395471713873,1.3184261039265636e-4
2.6936037735849037,10,20,37,-0.7549538936389283,0.40145396213195006,-1.5418036594175504,0.031895872139693804,10 °C,20,TRUE,TRUE,-0.7549538936389283,-1.5418036594175504,0.031895872139693804,-0.7549538936389283,-1.5418036594175504,0.031895872139693804,-0.43029003447942143,-3.6651117116169303,3.2449158974805475e-5
2.73264150943396,10,20,37,-0.7766832544856775,0.4029073956745728,-1.56638175000784,0.013015241036485103,10 °C,20,TRUE,TRUE,-0.7766832544856775,-1.56638175000784,0.013015241036485103,-0.7766832544856775,-1.56638175000784,0.013015241036485103,-0.4685239814742898,-3.8431987414762694,2.2047362683168082e-06
2.771679245283017,10,20,37,-0.7984126153324277,0.4044212350051341,-1.5910782359424904,-0.00574699472236484,10 °C,20,TRUE,TRUE,-0.7984126153324277,-1.5910782359424904,-0.00574699472236484,-0.7984126153324277,-1.5910782359424904,-0.00574699472236484,-0.5089582649345838,-4.027862211679586,-1.8981144479413553e-7
2.810716981132073,10,20,37,-0.8201419761791768,0.4059948044161091,-1.6158917928347507,-0.024392159523603074,10 °C,20,TRUE,TRUE,-0.8201419761791768,-1.6158917928347507,-0.024392159523603074,-0.8201419761791768,-1.6158917928347507,-0.024392159523603074,-0.5516544439382965,-4.21926521801015,-1.4512784781263733e-5
2.84975471698113,10,20,37,-0.8418713370259253,0.4076274121776617,-1.6408210648941424,-0.042921609157708374,10 °C,20,TRUE,TRUE,-0.8418713370259253,-1.6408210648941424,-0.042921609157708374,-0.8418713370259253,-1.6408210648941424,-0.042921609157708374,-0.5966740775634248,-4.417572325777372,-7.907295823710291e-5
2.8887924528301863,10,20,37,-0.8636006978726737,0.4093183518490533,-1.6658646674968183,-0.061336728248529204,10 °C,20,TRUE,TRUE,-0.8636006978726737,-1.6658646674968183,-0.061336728248529204,-0.8636006978726737,-1.6658646674968183,-0.061336728248529204,-0.6440787248879662,-4.622949518711721,-2.3076068524071594e-4
2.927830188679243,10,20,37,-0.8853300587194238,0.41106690357918546,-1.6910211897346272,-0.07963892770422032,10 °C,20,TRUE,TRUE,-0.8853300587194238,-1.6910211897346272,-0.07963892770422032,-0.8853300587194238,-1.6910211897346272,-0.07963892770422032,-0.6939299449899216,-4.835564148208496,-5.050986544155456e-4
2.9668679245282994,10,20,37,-0.9070594195661722,0.4128723353918486,-1.7162891969341953,-0.09782964219814894,10 °C,20,TRUE,TRUE,-0.9070594195661722,-1.7162891969341953,-0.09782964219814894,-0.9070594195661722,-1.7162891969341953,-0.09782964219814894,-0.7462892969472792,-5.05558488303886,-9.36292178472492e-4
3.005905660377356,10,20,37,-0.9287887804129216,0.41473390445157066,-1.741667233138,-0.11591032768784304,10 °C,20,TRUE,TRUE,-0.9287887804129216,-1.741667233138,-0.11591032768784304,-0.9287887804129216,-1.741667233138,-0.11591032768784304,-0.8012183398380422,-5.283181659638456,-0.0015572789056927832
3.0449433962264125,10,20,37,-0.9505181412596707,0.4166508583062747,-1.767153823539969,-0.13388245897937234,10 °C,20,TRUE,TRUE,-0.9505181412596707,-1.767153823539969,-0.13388245897937234,-0.9505181412596707,-1.767153823539969,-0.13388245897937234,-0.8587786327402042,-5.518525633074573,-0.0023997778526652904
3.0839811320754693,10,20,37,-0.9722475021064209,0.4186224361032888,-1.792747476868867,-0.1517475273439748,10 °C,20,TRUE,TRUE,-0.9722475021064209,-1.792747476868867,-0.1517475273439748,-0.9722475021064209,-1.792747476868867,-0.1517475273439748,-0.9190317347317649,-5.761789128784803,-0.003494337665725927
3.1230188679245257,10,20,37,-0.9939768629531692,0.42064786977558155,-1.8184466877133092,-0.16950703819302937,10 °C,20,TRUE,TRUE,-0.9939768629531692,-1.8184466877133092,-0.16950703819302937,-0.9939768629531692,-1.8184466877133092,-0.16950703819302937,-0.9820392048907132,-6.013145595170564,-0.004870384027325333
3.1620566037735824,10,20,37,-1.0157062237999186,0.42272638519543915,-1.8442499387829794,-0.18716250881685792,10 °C,20,TRUE,TRUE,-1.0157062237999186,-1.8442499387829794,-0.18716250881685792,-1.0157062237999186,-1.8442499387829794,-0.18716250881685792,-1.0478626022950532,-6.272769557120991,-0.006556266132255655
3.201094339622639,10,20,37,-1.037435584646667,0.4248572032931261,-1.8701557031011942,-0.20471546619213987,10 °C,20,TRUE,TRUE,-1.037435584646667,-1.8701557031011942,-0.20471546619213987,-1.037435584646667,-1.8701557031011942,-0.20471546619213987,-1.1165634860227756,-6.5408365705332585,-0.00857930216722333
3.2401320754716956,10,20,37,-1.059164945493417,0.4270395411384012,-1.8961624461246833,-0.2221674448621508,10 °C,20,TRUE,TRUE,-1.059164945493417,-1.8961624461246833,-0.2221674448621508,-1.059164945493417,-1.8961624461246833,-0.2221674448621508,-1.1882034151518854,-6.817523177887908,-0.01096582373561622
3.279169811320752,10,20,37,-1.0808943063401646,0.42927261298308034,-1.922268627787002,-0.23951998489332715,10 °C,20,TRUE,TRUE,-1.0808943063401646,-1.922268627787002,-0.23951998489332715,-1.0808943063401646,-1.922268627787002,-0.23951998489332715,-1.2628439487603649,-7.1030068649288225,-0.013741219177406385
3.3182075471698087,10,20,37,-1.1026236671869147,0.431555631263146,-1.9484727044626808,-0.25677462991114863,10 °C,20,TRUE,TRUE,-1.1026236671869147,-1.9484727044626808,-0.25677462991114863,-1.1026236671869147,-1.9484727044626808,-0.25677462991114863,-1.3405466459262287,-7.397466018490615,-0.01692997574194037
3.357245283018865,10,20,37,-1.124353028033664,0.43388780755919965,-1.9747731308496954,-0.2739329252176327,10 °C,20,TRUE,TRUE,-1.124353028033664,-1.9747731308496954,-0.2739329252176327,-1.124353028033664,-1.9747731308496954,-0.2739329252176327,-1.4213730657274608,-7.70107988550755,-0.020555720578814926
3.396283018867922,10,20,37,-1.1460823888804124,0.4362683535143381,-2.001168361768515,-0.29099641599230963,10 °C,20,TRUE,TRUE,-1.1460823888804124,-2.001168361768515,-0.29099641599230963,-1.1460823888804124,-2.001168361768515,-0.29099641599230963,-1.5053847672420573,-8.014028533232407,-0.024641260519148053
3.435320754716978,10,20,37,-1.1678117497271625,0.4386964817088001,-2.027656853876411,-0.3079666455779143,10 °C,20,TRUE,FALSE,-1.1678117497271625,-2.027656853876411,-0.3079666455779143,NA,NA,NA,-1.5926433095480255,-8.336492810685826,-0.02920862062623883
3.474358490566035,10,20,37,-1.1895411105739118,0.4411714064909843,-2.054237067296241,-0.3248451538515825,10 °C,20,TRUE,FALSE,-1.1895411105739118,-2.054237067296241,-0.3248451538515825,NA,NA,NA,-1.6832102517233507,-8.668654311350853,-0.03427908150090385
3.5133962264150913,10,20,37,-1.2112704714206601,0.44369234476467206,-2.080907467159417,-0.34163347568190294,10 °C,20,TRUE,FALSE,-1.2112704714206601,-2.080907467159417,-0.34163347568190294,NA,NA,NA,-1.7771471528460299,-9.010695337121872,-0.03987321533265311
3.552433962264148,10,20,37,-1.2329998322674094,0.44625851673250777,-2.1076665250631246,-0.3583331394716942,10 °C,20,TRUE,FALSE,-1.2329998322674094,-2.1076665250631246,-0.3583331394716942,NA,NA,NA,-1.8745155719940667,-9.362798863511022,-0.046010920693291865
3.5914716981132044,10,20,37,-1.2547291931141586,0.448869146595986,-2.134512720442291,-0.37494566578602617,10 °C,20,TRUE,FALSE,-1.2547291931141586,-2.134512720442291,-0.37494566578602617,NA,NA,NA,-1.9753770682454541,-9.725148506110445,-0.05271145607455205
3.6305094339622612,10,20,37,-1.276458553960908,0.45152346321238435,-2.1614445418571813,-0.39147256606463465,10 °C,20,TRUE,FALSE,-1.276458553960908,-2.1614445418571813,-0.39147256606463465,NA,NA,NA,-2.0797932006781883,-10.09792848830455,-0.059993472175933094
3.6695471698113176,10,20,37,-1.2981879148076563,0.4542207007092339,-2.1884604881977547,-0.4079153414175578,10 °C,20,TRUE,FALSE,-1.2981879148076563,-2.1884604881977547,-0.4079153414175578,NA,NA,NA,-2.187825528370262,-10.481323610221555,-0.06787504295309078
3.7085849056603744,10,20,37,-1.3199172756544064,0.4569600990570794,-2.215559069806282,-0.4242754815025308,10 °C,20,TRUE,FALSE,-1.3199172756544064,-2.215559069806282,-0.4242754815025308,NA,NA,NA,-2.299535610399684,-10.875519218910595,-0.07637369544085731
3.747622641509431,10,20,37,-1.341646636501155,0.4597409046013954,-2.24273880951989,-0.4405544634824201,10 °C,20,TRUE,FALSE,-1.341646636501155,-2.24273880951989,-0.4405544634824201,NA,NA,NA,-2.4149850058444344,-11.280701179726401,-0.08550643836832258
3.7866603773584875,10,20,37,-1.3633759973479052,0.4625623705546625,-2.269998243635044,-0.45675375106076666,10 °C,20,TRUE,FALSE,-1.3633759973479052,-2.269998243635044,-0.45675375106076666,NA,NA,NA,-2.5342352737825262,-11.69705584890206,-0.09528978958637643
3.8256981132075443,10,20,37,-1.3851053581946535,0.46542375744967496,-2.2973359227960164,-0.47287479359329065,10 °C,20,FALSE,FALSE,NA,NA,NA,NA,NA,NA,NA,NA,NA
3.8647358490566006,10,20,37,-1.4068347190414028,0.4683243335552666,-2.3247504128097254,-0.4889190252730803,10 °C,20,FALSE,FALSE,NA,NA,NA,NA,NA,NA,NA,NA,NA
3.9037735849056574,10,20,37,-1.428564079888152,0.4712633752556855,-2.3522402953892954,-0.5048878643870085,10 °C,20,FALSE,FALSE,NA,NA,NA,NA,NA,NA,NA,NA,NA
3.9428113207547137,10,20,37,-1.4502934407349013,0.4742401673949217,-2.3798041688289477,-0.5207827126408547,10 °C,20,FALSE,FALSE,NA,NA,NA,NA,NA,NA,NA,NA,NA
3.9818490566037705,10,20,37,-1.4720228015816506,0.4772540035873258,-2.407440648612809,-0.5366049545504921,10 °C,20,FALSE,FALSE,NA,NA,NA,NA,NA,NA,NA,NA,NA
4.020886792452827,10,20,37,-1.493752162428399,0.48030418649589657,-2.4351483679603563,-0.5523559568964417,10 °C,20,FALSE,FALSE,NA,NA,NA,NA,NA,NA,NA,NA,NA
4.059924528301884,10,20,37,-1.515481523275149,0.48339002807962883,-2.4629259783112216,-0.5680370682390766,10 °C,20,FALSE,FALSE,NA,NA,NA,NA,NA,NA,NA,NA,NA
4.0989622641509404,10,20,37,-1.5372108841218985,0.48651084981133697,-2.490772149752119,-0.5836496184916781,10 °C,20,FALSE,FALSE,NA,NA,NA,NA,NA,NA,NA,NA,NA
4.137999999999996,10,20,37,-1.5589402449686476,0.4896659828673624,-2.5186855713886778,-0.5991949185486173,10 °C,20,FALSE,FALSE,NA,NA,NA,NA,NA,NA,NA,NA,NA
4.177037735849053,10,20,37,-1.5806696058153968,0.4928547682905748,-2.5466649516649236,-0.6146742599658703,10 °C,20,FALSE,FALSE,NA,NA,NA,NA,NA,NA,NA,NA,NA
4.21607547169811,10,20,37,-1.6023989666621454,0.49607655712806925,-2.574709018633161,-0.6300889146911297,10 °C,20,FALSE,FALSE,NA,NA,NA,NA,NA,NA,NA,NA,NA
4.255113207547167,10,20,37,-1.6241283275088947,0.4993307105449313,-2.60281652017696,-0.6454401348408294,10 °C,20,FALSE,FALSE,NA,NA,NA,NA,NA,NA,NA,NA,NA
4.294150943396223,10,20,37,-1.6458576883556435,0.5026165999154423,-2.6309862241899102,-0.6607291525213767,10 °C,20,FALSE,FALSE,NA,NA,NA,NA,NA,NA,NA,NA,NA
4.333188679245279,10,20,37,-1.667587049202393,0.5059336068930379,-2.6592169187127475,-0.6759571796920387,10 °C,20,FALSE,FALSE,NA,NA,NA,NA,NA,NA,NA,NA,NA
4.372226415094336,10,20,37,-1.6893164100491416,0.5092811234603377,-2.6875074120314033,-0.6911254080668797,10 °C,20,FALSE,FALSE,NA,NA,NA,NA,NA,NA,NA,NA,NA
4.411264150943393,10,20,37,-1.7110457708958908,0.5126585519604979,-2.7158565327384667,-0.7062350090533149,10 °C,20,FALSE,FALSE,NA,NA,NA,NA,NA,NA,NA,NA,NA
4.450301886792449,10,20,37,-1.7327751317426408,0.5160653051111174,-2.744263129760431,-0.7212871337248508,10 °C,20,FALSE,FALSE,NA,NA,NA,NA,NA,NA,NA,NA,NA
4.489339622641506,10,20,37,-1.7545044925893893,0.5195008060018893,-2.7727260723530924,-0.7362829128256863,10 °C,20,FALSE,FALSE,NA,NA,NA,NA,NA,NA,NA,NA,NA
4.5283773584905624,10,20,37,-1.7762338534361386,0.5229644880771359,-2.8012442500673247,-0.7512234568049523,10 °C,20,FALSE,FALSE,NA,NA,NA,NA,NA,NA,NA,NA,NA
4.567415094339619,10,20,37,-1.7979632142828879,0.5264557951043315,-2.8298165726873776,-0.7661098558783981,10 °C,20,FALSE,FALSE,NA,NA,NA,NA,NA,NA,NA,NA,NA
4.606452830188675,10,20,37,-1.819692575129637,0.5299741811296783,-2.858441970143806,-0.7809431801154674,10 °C,20,FALSE,FALSE,NA,NA,NA,NA,NA,NA,NA,NA,NA
4.645490566037732,10,20,37,-1.8414219359763855,0.5335191104217335,-2.887119392402983,-0.7957244795497878,10 °C,20,FALSE,FALSE,NA,NA,NA,NA,NA,NA,NA,NA,NA
4.684528301886789,10,20,37,-1.8631512968231339,0.5370900574040713,-2.915847809335114,-0.810454784311154,10 °C,20,FALSE,FALSE,NA,NA,NA,NA,NA,NA,NA,NA,NA
4.7235660377358455,10,20,37,-1.8848806576698849,0.5406865065778919,-2.9446262105625527,-0.8251351047772169,10 °C,20,FALSE,FALSE,NA,NA,NA,NA,NA,NA,NA,NA,NA
4.762603773584901,10,20,37,-1.906610018516633,0.5443079524354635,-2.9734536052901417,-0.8397664317431246,10 °C,20,FALSE,FALSE,NA,NA,NA,NA,NA,NA,NA,NA,NA
4.801641509433958,10,20,37,-1.9283393793633823,0.5479538993652242,-3.0023290221192216,-0.8543497366075428,10 °C,20,FALSE,FALSE,NA,NA,NA,NA,NA,NA,NA,NA,NA
4.840679245283015,10,20,37,-1.9500687402101315,0.5516238615493424,-3.0312515088468426,-0.8688859715734205,10 °C,20,FALSE,FALSE,NA,NA,NA,NA,NA,NA,NA,NA,NA
4.879716981132072,10,20,37,-1.9717981010568801,0.5553173628544736,-3.0602201322516485,-0.8833760698621118,10 °C,20,FALSE,FALSE,NA,NA,NA,NA,NA,NA,NA,NA,NA
4.918754716981128,10,20,37,-1.99352746190363,0.5590339367164319,-3.0892339778678366,-0.8978209459394235,10 °C,20,FALSE,FALSE,NA,NA,NA,NA,NA,NA,NA,NA,NA
4.957792452830184,10,20,37,-2.0152568227503784,0.5627731260194306,-3.1182921497484624,-0.9122214957522945,10 °C,20,FALSE,FALSE,NA,NA,NA,NA,NA,NA,NA,NA,NA
4.996830188679241,10,20,37,-2.036986183597128,0.5665344829705236,-3.147393770219354,-0.9265785969749019,10 °C,20,FALSE,FALSE,NA,NA,NA,NA,NA,NA,NA,NA,NA
5.035867924528298,10,20,37,-2.0587155444438765,0.5703175689698331,-3.176537979624749,-0.9408931092630037,10 °C,20,FALSE,FALSE,NA,NA,NA,NA,NA,NA,NA,NA,NA
5.074905660377355,10,20,37,-2.0804449052906273,0.5741219544771196,-3.2057239360657817,-0.955165874515473,10 °C,20,FALSE,FALSE,NA,NA,NA,NA,NA,NA,NA,NA,NA
5.113943396226411,10,20,37,-2.1021742661373755,0.5779472188752024,-3.2349508151327724,-0.9693977171419788,10 °C,20,FALSE,FALSE,NA,NA,NA,NA,NA,NA,NA,NA,NA
5.1529811320754675,10,20,37,-2.123903626984124,0.5817929503307169,-3.264217809632329,-0.983589444335919,10 °C,20,FALSE,FALSE,NA,NA,NA,NA,NA,NA,NA,NA,NA
5.192018867924524,10,20,37,-2.1456329878308726,0.5856587456526581,-3.2935241293100823,-0.9977418463516627,10 °C,20,FALSE,FALSE,NA,NA,NA,NA,NA,NA,NA,NA,NA
5.231056603773581,10,20,37,-2.167362348677623,0.5895442101491245,-3.322869000569907,-1.011855696785339,10 °C,20,FALSE,FALSE,NA,NA,NA,NA,NA,NA,NA,NA,NA
5.270094339622637,10,20,37,-2.189091709524371,0.5934489574826557,-3.3522516661903765,-1.025931752858366,10 °C,20,FALSE,FALSE,NA,NA,NA,NA,NA,NA,NA,NA,NA
5.309132075471694,10,20,37,-2.210821070371121,0.597372609524519,-3.381671385039178,-1.039970755703064,10 °C,20,FALSE,FALSE,NA,NA,NA,NA,NA,NA,NA,NA,NA
5.3481698113207505,10,20,37,-2.2325504312178714,0.601314796208276,-3.4111274317860927,-1.0539734306496504,10 °C,20,FALSE,FALSE,NA,NA,NA,NA,NA,NA,NA,NA,NA
5.387207547169807,10,20,37,-2.25427979206462,0.6052751553829497,-3.4406190966152015,-1.0679404875140386,10 °C,20,FALSE,FALSE,NA,NA,NA,NA,NA,NA,NA,NA,NA
5.426245283018863,10,20,37,-2.276009152911368,0.6092533326660533,-3.4701456849368326,-1.0818726208859037,10 °C,20,FALSE,FALSE,NA,NA,NA,NA,NA,NA,NA,NA,NA
5.46528301886792,10,20,37,-2.2977385137581168,0.6132489812967629,-3.4997065170997717,-1.0957705104164617,10 °C,20,FALSE,FALSE,NA,NA,NA,NA,NA,NA,NA,NA,NA
5.504320754716977,10,20,37,-2.3194678746048667,0.6172617619894557,-3.5293009281042,-1.1096348211055336,10 °C,20,FALSE,FALSE,NA,NA,NA,NA,NA,NA,NA,NA,NA
5.543358490566034,10,20,37,-2.341197235451617,0.6212913427878451,-3.5589282673157934,-1.1234662035874405,10 °C,20,FALSE,FALSE,NA,NA,NA,NA,NA,NA,NA,NA,NA
5.5823962264150895,10,20,37,-2.362926596298365,0.6253373989198995,-3.588587898181368,-1.1372652944153623,10 °C,20,FALSE,FALSE,NA,NA,NA,NA,NA,NA,NA,NA,NA
5.621433962264146,10,20,37,-2.384655957145115,0.6293996126537358,-3.6182791979464373,-1.151032716343793,10 °C,20,FALSE,FALSE,NA,NA,NA,NA,NA,NA,NA,NA,NA
5.660471698113203,10,20,37,-2.4063853179918637,0.6334776731546469,-3.648001557374972,-1.164769078608756,10 °C,20,FALSE,FALSE,NA,NA,NA,NA,NA,NA,NA,NA,NA
5.69950943396226,10,20,37,-2.4281146788386123,0.6375712763434096,-3.6777543804716952,-1.1784749772055296,10 °C,20,FALSE,FALSE,NA,NA,NA,NA,NA,NA,NA,NA,NA
5.738547169811316,10,20,37,-2.4498440396853622,0.6416801247560107,-3.707537084207143,-1.1921509951635814,10 °C,20,FALSE,FALSE,NA,NA,NA,NA,NA,NA,NA,NA,NA
5.7775849056603725,10,20,37,-2.471573400532111,0.6458039274049043,-3.7373490982457236,-1.2057977028184983,10 °C,20,FALSE,FALSE,NA,NA,NA,NA,NA,NA,NA,NA,NA
5.816622641509429,10,20,37,-2.493302761378859,0.6499423996419184,-3.767189864677019,-1.219415658080699,10 °C,20,FALSE,FALSE,NA,NA,NA,NA,NA,NA,NA,NA,NA
5.855660377358486,10,20,37,-2.5150321222256093,0.6540952630228848,-3.7970588377504635,-1.2330054067007552,10 °C,20,FALSE,FALSE,NA,NA,NA,NA,NA,NA,NA,NA,NA
5.894698113207542,10,20,37,-2.5367614830723593,0.6582622451740978,-3.826955483613591,-1.2465674825311275,10 °C,20,FALSE,FALSE,NA,NA,NA,NA,NA,NA,NA,NA,NA
5.933735849056599,10,20,37,-2.558490843919108,0.662443079660658,-3.8568792800539975,-1.2601024077842182,10 °C,20,FALSE,FALSE,NA,NA,NA,NA,NA,NA,NA,NA,NA
5.972773584905656,10,20,37,-2.580220204765856,0.6666375058567706,-3.8868297162451264,-1.2736106932865856,10 °C,20,FALSE,FALSE,NA,NA,NA,NA,NA,NA,NA,NA,NA
6.011811320754712,10,20,37,-2.6019495656126064,0.6708452688180491,-3.9168062924959823,-1.2870928387292302,10 °C,20,FALSE,FALSE,NA,NA,NA,NA,NA,NA,NA,NA,NA
6.050849056603768,10,20,37,-2.6236789264593545,0.6750661191558721,-3.946808520004864,-1.3005493329138451,10 °C,20,FALSE,FALSE,NA,NA,NA,NA,NA,NA,NA,NA,NA
6.089886792452825,10,20,37,-2.6454082873061027,0.6792998129138313,-3.976835920617212,-1.3139806539949932,10 °C,20,FALSE,FALSE,NA,NA,NA,NA,NA,NA,NA,NA,NA
6.128924528301882,10,20,37,-2.667137648152853,0.683546111446293,-4.006888026587587,-1.3273872697181188,10 °C,20,FALSE,FALSE,NA,NA,NA,NA,NA,NA,NA,NA,NA
6.167962264150939,10,20,37,-2.688867008999603,0.687804781299109,-4.036964380345856,-1.3407696376533493,10 °C,20,FALSE,FALSE,NA,NA,NA,NA,NA,NA,NA,NA,NA
6.2069999999999945,10,20,37,-2.7105963698463515,0.6920755940924863,-4.067064534267624,-1.3541282054250785,10 °C,20,FALSE,FALSE,NA,NA,NA,NA,NA,NA,NA,NA,NA
0,15,20,37,-0.5722142604021804,0.4003950054504833,-1.3569884710851277,0.2125599502807669,15 °C,20,TRUE,TRUE,-0.5722142604021804,-1.3569884710851277,0.2125599502807669,-0.5722142604021804,-1.3569884710851277,0.2125599502807669,-0.18735963451342133,-2.498782603814811,0.00960382680601116
0.03903773584905657,15,20,37,-0.5654966524622463,0.39937704448455913,-1.3482756596519823,0.21728235472748958,15 °C,20,TRUE,TRUE,-0.5654966524622463,-1.3482756596519823,0.21728235472748958,-0.5654966524622463,-1.3482756596519823,0.21728235472748958,-0.1808381748642056,-2.4509592060861713,0.010258252328247853
0.07807547169811314,15,20,37,-0.5587790445223122,0.39837374727457275,-1.3395915891804748,0.22203350013585044,15 °C,20,TRUE,TRUE,-0.5587790445223122,-1.3395915891804748,0.22203350013585044,-0.5587790445223122,-1.3395915891804748,0.22203350013585044,-0.17446982769670147,-2.403904643062837,0.010946001809547917
0.11711320754716972,15,20,37,-0.552061436582379,0.39738522488736705,-1.3309364773616186,0.22681360419686036,15 °C,20,TRUE,TRUE,-0.552061436582379,-1.3309364773616186,0.22681360419686036,-0.552061436582379,-1.3309364773616186,0.22681360419686036,-0.1682527741679188,-2.3576101044256794,0.011668292285756316
0.1561509433962263,15,20,37,-0.545343828642445,0.3964115878538568,-1.3223105408360043,0.23162288355111427,15 °C,20,TRUE,TRUE,-0.545343828642445,-1.3223105408360043,0.23162288355111427,-0.545343828642445,-1.3223105408360043,0.23162288355111427,-0.16218519543486482,-2.3120668122448738,0.012426373182037173
0.19518867924528285,15,20,37,-0.538626220702511,0.3954529461208797,-1.3137139950994352,0.23646155369441324,15 °C,20,TRUE,TRUE,-0.538626220702511,-1.3137139950994352,0.23646155369441324,-0.538626220702511,-1.3137139950994352,0.23646155369441324,-0.15626527265454906,-2.2672660216756007,0.01322152700854122
0.23422641509433945,15,20,37,-0.5319086127625777,0.3945094090023524,-1.3051470544071884,0.24132982888203292,15 °C,20,TRUE,TRUE,-0.5319086127625777,-1.3051470544071884,0.24132982888203292,-0.5319086127625777,-1.3051470544071884,0.24132982888203292,-0.15049118698398112,-2.223199021660456,0.014055070062840286
0.273264150943396,15,20,37,-0.5251910048226437,0.39358108512976325,-1.2966099316769797,0.2462279220316923,15 °C,20,TRUE,TRUE,-0.5251910048226437,-1.2966099316769797,0.2462279220316923,-0.5251910048226437,-1.2966099316769797,0.2462279220316923,-0.1448611195801685,-2.179857135638328,0.014928353138807839
0.3123018867924526,15,20,37,-0.5184733968827097,0.3926680824020372,-1.2881028383907025,0.2511560446252833,15 °C,20,TRUE,TRUE,-0.5184733968827097,-1.2881028383907025,0.2511560446252833,-0.5184733968827097,-1.2881028383907025,0.2511560446252833,-0.1393732516001207,-2.137231722259403,0.015842762241605676
0.35133962264150914,15,20,37,-0.5117557889427756,0.39177050793480983,-1.2796259844950029,0.2561144066094516,15 °C,20,TRUE,TRUE,-0.5117557889427756,-1.2796259844950029,0.2561144066094516,-0.5117557889427756,-1.2796259844950029,0.2561144066094516,-0.13402576420084658,-2.0953141761058944,0.01679971930842243
0.3903773584905657,15,20,37,-0.505038181002842,0.39088846800914867,-1.2711795783007735,0.26110321629508937,15 °C,20,TRUE,TRUE,-0.505038181002842,-1.2711795783007735,0.26110321629508937,-0.505038181002842,-1.2711795783007735,0.26110321629508937,-0.12881683853935535,-2.054095928418151,0.01780068293458457
0.42941509433962227,15,20,37,-0.49832057306290795,0.3900220680197651,-1.2627638263816474,0.2661226802558316,15 °C,20,TRUE,TRUE,-0.49832057306290795,-1.2627638263816474,0.2661226802558316,-0.49832057306290795,-1.2627638263816474,0.2661226802558316,-0.12374465577265509,-2.013568447825744,0.018847149104646497
0.4684528301886789,15,20,37,-0.4916029651229743,0.38917141242275716,-1.2543789334715783,0.27117300322562976,15 °C,20,TRUE,TRUE,-0.4916029651229743,-1.2543789334715783,0.27117300322562976,-0.4916029651229743,-1.2543789334715783,0.27117300322562976,-0.1188073970577554,-1.9737232410831347,0.019940651928042806
0.5074905660377355,15,20,37,-0.4848853571830406,0.38833660468293224,-1.2460251023615878,0.2762543879955066,15 °C,20,TRUE,TRUE,-0.4848853571830406,-1.2460251023615878,0.2762543879955066,-0.4848853571830406,-1.2460251023615878,0.2762543879955066,-0.11400324355166475,-1.934551853809445,0.021082764378872278
0.546528301886792,15,20,37,-0.4781677492431065,0.38751774722075216,-1.2377025337957808,0.2813670353095677,15 °C,20,TRUE,TRUE,-0.4781677492431065,-1.2377025337957808,0.2813670353095677,-0.4781677492431065,-1.2377025337957808,0.2813670353095677,-0.10933037641139176,-1.896045871231914,0.022275099039357725
0.5855660377358486,15,20,37,-0.471450141303173,0.3867149413589552,-1.229411426366725,0.2865111437603791,15 °C,20,TRUE,TRUE,-0.471450141303173,-1.229411426366725,0.2865111437603791,-0.471450141303173,-1.229411426366725,0.2865111437603791,-0.10478697679394591,-1.8581969189325835,0.023519308846513147
0.6246037735849052,15,20,37,-0.46473253336323933,0.385928287268902,-1.2211519764102872,0.29168690968380856,15 °C,20,TRUE,TRUE,-0.46473253336323933,-1.2211519764102872,0.29168690968380856,-0.46473253336323933,-1.2211519764102872,0.29168690968380856,-0.10037122585633562,-1.8209966635976627,0.024817087841528286
0.6636415094339617,15,20,37,-0.45801492542330496,0.38515788391670064,-1.2129243779000383,0.2968945270534283,15 °C,20,TRUE,TRUE,-0.45801492542330496,-1.2129243779000383,0.2968945270534283,-0.45801492542330496,-1.2129243779000383,0.2968945270534283,-0.09608130475556934,-1.7844368137691282,0.02617017192136156
0.7026792452830183,15,20,37,-0.45129731748337126,0.38440382900916564,-1.204728822341336,0.30213418737459335,15 °C,20,TRUE,TRUE,-0.45129731748337126,-1.204728822341336,0.30213418737459335,-0.45129731748337126,-1.204728822341336,0.30213418737459335,-0.09191539464865682,-1.7485091205980143,0.02758033959201731
0.7417169811320748,15,20,37,-0.4445797095434378,0.3836662189396659,-1.196565498665183,0.3074060795783074,15 °C,20,TRUE,TRUE,-0.4445797095434378,-1.196565498665183,0.3074060795783074,-0.4445797095434378,-1.196565498665183,0.3074060795783074,-0.0878716766926066,-1.7132053785988097,0.029049412722965087
0.7807547169811314,15,20,37,-0.43786210160350364,0.3829451487339223,-1.1884345931219913,0.31271038991498407,15 °C,20,TRUE,TRUE,-0.43786210160350364,-1.1884345931219913,0.31271038991498407,-0.43786210160350364,-1.1884345931219913,0.31271038991498407,-0.08394833204442702,-1.6785174264044647,0.03057925730213973
0.819792452830188,15,20,37,-0.43114449366356977,0.38224071199581416,-1.1803362891753655,0.31804730184822594,15 °C,20,TRUE,TRUE,-0.43114449366356977,-1.1803362891753655,0.31804730184822594,-0.43114449366356977,-1.1803362891753655,0.31804730184822594,-0.08014354186112747,-1.6444371475214172,0.0321717841909473
0.8588301886792445,15,20,37,-0.42442688572363585,0.38155300085325294,-1.1722707673960118,0.32341699594873996,15 °C,20,TRUE,TRUE,-0.42442688572363585,-1.1722707673960118,0.32341699594873996,-0.42442688572363585,-1.1722707673960118,0.32341699594873996,-0.07645548729971663,-1.610956471083981,0.03382894987868488
0.8978679245283011,15,20,37,-0.41770927778370237,0.38088210590419275,-1.1642382053559202,0.3288196497885154,15 °C,20,TRUE,TRUE,-0.41770927778370237,-1.1642382053559202,0.3288196497885154,-0.41770927778370237,-1.1642382053559202,0.3288196497885154,-0.07288234951720361,-1.5780673726075969,0.03555275723576818
0.9369056603773578,15,20,37,-0.41099166984376806,0.380228116162834,-1.1562387775229226,0.3342554378353865,15 °C,20,TRUE,TRUE,-0.41099166984376806,-1.1562387775229226,0.3342554378353865,-0.41099166984376806,-1.1562387775229226,0.3342554378353865,-0.06942230967059658,-1.545761874740229,0.03734525626514479
0.9759433962264144,15,20,37,-0.4042740619038346,0.3795911190060917,-1.1482726551557743,0.33972453134810515,15 °C,20,TRUE,TRUE,-0.4042740619038346,-1.1482726551557743,0.33972453134810515,-0.4042740619038346,-1.1482726551557743,0.33972453134810515,-0.06607354891690524,-1.514032048011348,0.03920854485125723
1.014981132075471,15,20,37,-0.3975564539639007,0.37897120012039287,-1.1403400061998707,0.3452270982720693,15 °C,20,TRUE,TRUE,-0.3975564539639007,-1.1403400061998707,0.3452270982720693,-0.3975564539639007,-1.1403400061998707,0.3452270982720693,-0.06283424841313785,-1.4828700115777806,0.04114476950591349
1.0540188679245275,15,20,37,-0.3908388460239668,0.37836844344886833,-1.1324409951837486,0.35076330313581516,15 °C,20,TRUE,TRUE,-0.3908388460239668,-1.1324409951837486,0.35076330313581516,-0.3908388460239668,-1.1324409951837486,0.35076330313581516,-0.05970258931630342,-1.452267933965833,0.04315612611039766
1.093056603773584,15,20,37,-0.3841212380840329,0.37778293113901074,-1.124575783116494,0.3563333069484281,15 °C,20,TRUE,TRUE,-0.3841212380840329,-1.124575783116494,0.3563333069484281,-0.3841212380840329,-1.124575783116494,0.3563333069484281,-0.05667675278341083,-1.4222180338089752,0.04524486065315754
1.1320943396226406,15,20,37,-0.37740363014409856,0.3772147434908667,-1.1167445273861973,0.36193726709800017,15 °C,20,TRUE,TRUE,-0.37740363014409856,-1.1167445273861973,0.36193726709800017,-0.37740363014409856,-1.1167445273861973,0.36193726709800017,-0.05375491997146872,-1.392712580580423,0.04741326996238698
1.1711320754716972,15,20,37,-0.3706860222041655,0.37666395890583,-1.1089473816595923,0.3675753372512613,15 °C,20,TRUE,TRUE,-0.3706860222041655,-1.1089473816595923,0.3675753372512613,-0.3706860222041655,-1.1089473816595923,0.3675753372512613,-0.0509352720374867,-1.3637438953199281,0.04966370243281039
1.2101698113207537,15,20,37,-0.3639684142642316,0.3761306538361102,-1.1011844957830077,0.37324766725454445,15 °C,20,TRUE,TRUE,-0.3639684142642316,-1.1011844957830077,0.37324766725454445,-0.3639684142642316,-1.1011844957830077,0.37324766725454445,-0.04821599013847268,-1.3353043513540592,0.05199855874598241
1.2492075471698103,15,20,37,-0.3572508063242973,0.3756149027349439,-1.0934560156847875,0.37895440303619277,15 °C,20,TRUE,TRUE,-0.3572508063242973,-1.0934560156847875,0.37895440303619277,-0.3572508063242973,-1.0934560156847875,0.37895440303619277,-0.04559525543143575,-1.3073863750093249,0.054420292583387986
1.2882452830188669,15,20,37,-0.35053319838436375,0.3751167780076194,-1.0857620832792978,0.38469568651057023,15 °C,20,TRUE,TRUE,-0.35053319838436375,-1.0857620832792978,0.38469568651057023,-0.35053319838436375,-1.0857620832792978,0.38469568651057023,-0.0430712490733852,-1.2799824463173692,0.05693141133164467
1.3272830188679234,15,20,37,-0.3438155904444303,0.3746363499633858,-1.0781028363726664,0.39047165548380586,15 °C,20,TRUE,TRUE,-0.3438155904444303,-1.0781028363726664,0.39047165548380586,-0.3438155904444303,-1.0781028363726664,0.39047165548380586,-0.04064215222132959,-1.2530850997115517,0.059534476779092196
1.36632075471698,15,20,37,-0.33709798250449596,0.37417368676831586,-1.070478408570395,0.3962824435614031,15 °C,20,TRUE,TRUE,-0.33709798250449596,-1.070478408570395,0.3962824435614031,-0.33709798250449596,-1.070478408570395,0.3962824435614031,-0.038306146032277465,-1.2266869247142114,0.06223210580305278
1.4053584905660366,15,20,37,-0.3303803745645625,0.37372885439919384,-1.0628889291869825,0.40212818005785744,15 °C,20,TRUE,TRUE,-0.3303803745645625,-1.0628889291869825,0.40212818005785744,-0.3303803745645625,-1.0628889291869825,0.40212818005785744,-0.03606141166323826,-1.2007805666139038,0.06502697104704944
1.4443962264150931,15,20,37,-0.32366276662462856,0.3733019165984931,-1.0553345231576752,0.40800898990841794,15 °C,20,TRUE,TRUE,-0.32366276662462856,-1.0553345231576752,0.40800898990841794,-0.32366276662462856,-1.0553345231576752,0.40800898990841794,-0.03390613027122038,-1.175358727131826,0.06792180158726717
1.4834339622641497,15,20,37,-0.3169451586846951,0.37289293483051894,-1.0478153109525121,0.41392499358312207,15 °C,20,TRUE,TRUE,-0.3169451586846951,-1.0478153109525121,0.41392499358312207,-0.3169451586846951,-1.0478153109525121,0.41392499358312207,-0.03183848301323298,-1.150414165076843,0.0709193835875419
1.5224716981132063,15,20,37,-0.3102275507447607,0.37250196823877507,-1.0403314084927597,0.4198763070032384,15 °C,20,TRUE,TRUE,-0.3102275507447607,-1.0403314084927597,0.4198763070032384,-0.3102275507447607,-1.0403314084927597,0.4198763070032384,-0.02985665104628448,-1.1259396969882638,0.07402256094216765
1.5615094339622628,15,20,37,-0.3035099428048273,0.3721290736046296,-1.0328829270699014,0.4258630414602467,15 °C,20,TRUE,TRUE,-0.3035099428048273,-1.0328829270699014,0.4258630414602467,-0.3035099428048273,-1.0328829270699014,0.4258630414602467,-0.027958815527384297,-1.101928197765791,0.07723423590581617
1.6005471698113194,15,20,37,-0.29679233486489337,0.37177430530733674,-1.0254699732672734,0.4318853035374866,15 °C,20,TRUE,TRUE,-0.29679233486489337,-1.0254699732672734,0.4318853035374866,-0.29679233486489337,-1.0254699732672734,0.4318853035374866,-0.02614315761354085,-1.078372601285824,0.08055736970987179
1.639584905660376,15,20,37,-0.29007472692495867,0.37143771528548414,-1.0180926488845077,0.4379431950345903,15 °C,20,TRUE,TRUE,-0.29007472692495867,-1.0180926488845077,0.4379431950345903,-0.29007472692495867,-1.0180926488845077,0.4379431950345903,-0.024407858461762938,-1.0552659010035343,0.0839949831644851
1.6786226415094325,15,20,37,-0.28335711898502564,0.37111935299992443,-1.0107510508648776,0.44403681289482627,15 °C,20,TRUE,TRUE,-0.28335711898502564,-1.0107510508648776,0.44403681289482627,-0.28335711898502564,-1.0107510508648776,0.44403681289482627,-0.02275109922906003,-1.0326011505399628,0.08755015724566535
1.717660377358489,15,20,37,-0.2766395110450917,0.370819265398252,-1.0034452712256656,0.45016624913548214,15 °C,20,TRUE,TRUE,-0.2766395110450917,-1.0034452712256656,0.45016624913548214,-0.2766395110450917,-1.0034452712256656,0.45016624913548214,-0.021171061072440336,-1.0103714642534556,0.09122603366674664
1.7566981132075457,15,20,37,-0.26992190310515696,0.3705374968808834,-0.9961753969916883,0.4563315907813744,15 °C,20,TRUE,TRUE,-0.26992190310515696,-0.9961753969916883,0.4563315907813744,-0.26992190310515696,-0.9961753969916883,0.4563315907813744,-0.01966592514891274,-0.9885700177948609,0.09502581543355336
1.7957358490566022,15,20,37,-0.26320429516522426,0.3702740892687966,-0.9889415101320657,0.46253291980161715,15 °C,20,TRUE,TRUE,-0.26320429516522426,-0.9889415101320657,0.46253291980161715,-0.26320429516522426,-0.9889415101320657,0.46253291980161715,-0.018233872615486722,-0.9671900486457573,0.09895276738263194
1.8347735849056588,15,20,37,-0.2564866872252895,0.3700290817729834,-0.9817436875003369,0.46877031304975797,15 °C,20,TRUE,TRUE,-0.2564866872252895,-0.9817436875003369,0.46877031304975797,-0.2564866872252895,-0.9817436875003369,0.46877031304975797,-0.016873084629170264,-0.9462248566390891,0.10301021670192188
1.8738113207547156,15,20,37,-0.2497690792853561,0.36980251096566724,-0.9745820007780639,0.47504384220735174,15 °C,20,TRUE,TRUE,-0.2497690792853561,-0.9745820007780639,0.47504384220735174,-0.2497690792853561,-0.9745820007780639,0.47504384220735174,-0.015581742346972904,-0.9256678044617042,0.10720155343323377
1.9128490566037721,15,20,37,-0.24305147134542224,0.3695944107533316,-0.9674565164219522,0.48135357373110765,15 °C,20,TRUE,TRUE,-0.24305147134542224,-0.9674565164219522,0.48135357373110765,-0.24305147134542224,-0.9674565164219522,0.48135357373110765,-0.014358026925903138,-0.9055123181380154,0.11153023095596533
1.9518867924528287,15,20,37,-0.23633386340548868,0.36940481235160816,-0.9603672956146406,0.4876995688036633,15 °C,20,TRUE,TRUE,-0.23633386340548868,-0.9603672956146406,0.4876995688036633,-0.23633386340548868,-0.9603672956146406,0.4876995688036633,-0.013200119522969955,-0.8857518874943863,0.11599976645145724
1.9909245283018853,15,20,37,-0.22961625546555436,0.3692337442620673,-0.9533143942192062,0.4940818832880975,15 °C,20,TRUE,TRUE,-0.22961625546555436,-0.9533143942192062,0.4940818832880975,-0.22961625546555436,-0.9533143942192062,0.4940818832880975,-0.012106201295182032,-0.8663800666035789,0.12061374134745309
2.029962264150942,15,20,37,-0.22289864752562097,0.36908123225094935,-0.9462978627374816,0.5005005676862397,15 °C,20,TRUE,TRUE,-0.22289864752562097,-0.9462978627374816,0.5005005676862397,-0.22289864752562097,-0.9462978627374816,0.5005005676862397,-0.011074453399548488,-0.8473904742087884,0.12537580174211882
2.068999999999998,15,20,37,-0.2161810395856874,0.36894729932987363,-0.9393177462722397,0.5069556671008648,15 °C,20,TRUE,TRUE,-0.2161810395856874,-0.9393177462722397,0.5069556671008648,-0.2161810395856874,-0.9393177462722397,0.5069556671008648,-0.010103056993077996,-0.8287767941267046,0.1302896588071259
2.108037735849055,15,20,37,-0.2094634316457531,0.3688319657385602,-0.932374084493331,0.5134472212018248,15 °C,20,TRUE,TRUE,-0.2094634316457531,-0.932374084493331,0.5134472212018248,-0.2094634316457531,-0.932374084493331,0.5134472212018248,-0.009190193232779332,-0.8105327756291806,0.13535908916930678
2.1470754716981113,15,20,37,-0.20274582370581953,0.3687352489295915,-0.9254669116078188,0.5199752641961798,15 °C,20,TRUE,TRUE,-0.20274582370581953,-0.9254669116078188,0.5199752641961798,-0.20274582370581953,-0.9254669116078188,0.5199752641961798,-0.008334043275661554,-0.792652233803007,0.1405879352704275
2.186113207547168,15,20,37,-0.19602821576588447,0.36865716355524647,-0.9185962563341675,0.5265398248023986,15 °C,20,TRUE,TRUE,-0.19602821576588447,-0.9185962563341675,0.5265398248023986,-0.19602821576588447,-0.9185962563341675,0.5265398248023986,-0.007532788278733231,-0.7751290498873776,0.14598010570466574
2.2251509433962244,15,20,37,-0.1893106078259509,0.3685977214564226,-0.9117621418805392,0.5331409262286374,15 °C,20,TRUE,TRUE,-0.1893106078259509,-0.9117621418805392,0.5331409262286374,-0.1893106078259509,-0.9117621418805392,0.5331409262286374,-0.006784609399003572,-0.7579571715886673,0.1515395755333638
2.2641886792452812,15,20,37,-0.18259299988601752,0.36855693165366943,-0.9049645859272096,0.5397785861551746,15 °C,20,TRUE,TRUE,-0.18259299988601752,-0.9049645859272096,0.5397785861551746,-0.18259299988601752,-0.9049645859272096,0.5397785861551746,-0.006087687793481259,-0.7411306133720892,0.15727038657671902
2.3032264150943376,15,20,37,-0.17587539194608395,0.36853480034035224,-0.8982036006131743,0.5464528167210064,15 °C,20,TRUE,TRUE,-0.17587539194608395,-0.8982036006131743,0.5464528167210064,-0.17587539194608395,-0.8982036006131743,0.5464528167210064,-0.0054402046191751085,-0.7246434567299853,0.16317664768205142
2.3422641509433944,15,20,37,-0.16915778400615053,0.36853133087795137,-0.8914791925269352,0.5531636245146341,15 °C,20,TRUE,TRUE,-0.16915778400615053,-0.8914791925269352,0.5531636245146341,-0.16915778400615053,-0.8914791925269352,0.5531636245146341,-0.004840341033094,-0.7084898504263646,0.1692625349683447
2.3813018867924507,15,20,37,-0.16244017606621608,0.36854652379350833,-0.8847913627014924,0.5599110105690602,15 °C,20,TRUE,TRUE,-0.16244017606621608,-0.8847913627014924,0.5599110105690602,-0.16244017606621608,-0.8847913627014924,0.5599110105690602,-0.00428627819224669,-0.692664010717429,0.17553229204678678
2.4203396226415075,15,20,37,-0.15572256812628266,0.3685803767792291,-0.8781401066135717,0.5666949703610065,15 °C,20,TRUE,TRUE,-0.15572256812628266,-0.8781401066135717,0.5666949703610065,-0.15572256812628266,-0.8781401066135717,0.5666949703610065,-0.0037761972536421956,-0.6771602215478996,0.18199023021706814
2.459377358490564,15,20,37,-0.14900496018634835,0.36863288469423444,-0.8715254141870479,0.5735154938143512,15 °C,20,TRUE,TRUE,-0.14900496018634835,-0.8715254141870479,0.5735154938143512,-0.14900496018634835,-0.8715254141870479,0.5735154938143512,-0.003308279374289223,-0.661972834722832,0.18864072863922754
2.4984150943396206,15,20,37,-0.14228735224641406,0.36870403956846104,-0.8649472698005977,0.5803725653077695,15 °C,20,TRUE,TRUE,-0.14228735224641406,-0.8649472698005977,0.5803725653077695,-0.14228735224641406,-0.8649472698005977,0.5803725653077695,-0.002880705711196691,-0.6470962700548397,0.19548823448085573
2.5374528301886774,15,20,37,-0.13556974430648064,0.36879383060870896,-0.8584056522995501,0.5872661636865889,15 °C,20,TRUE,TRUE,-0.13556974430648064,-0.8584056522995501,0.5872661636865889,-0.13556974430648064,-0.8584056522995501,0.5872661636865889,-0.0024916574213734973,-0.6325250154865404,0.2025372630395419
2.5764905660377337,15,20,37,-0.12885213636654708,0.36890224420681283,-0.8519005350119002,0.5941962622788062,15 °C,20,TRUE,TRUE,-0.12885213636654708,-0.8519005350119002,0.5941962622788062,-0.12885213636654708,-0.8519005350119002,0.5941962622788062,-0.0021393156618284264,-0.6182536271880847,0.20979239784042225
2.6155283018867905,15,20,37,-0.12213452842661277,0.36902926394994134,-0.8454318857684978,0.6011628289152723,15 °C,20,TRUE,TRUE,-0.12213452842661277,-0.8454318857684978,0.6011628289152723,-0.12213452842661277,-0.8454318857684978,0.6011628289152723,-0.0018218615895703044,-0.6042767296297912,0.21725829070879285
2.654566037735847,15,20,37,-0.1154169204866801,0.3691748706329872,-0.838999666927335,0.6081658259539748,15 °C,20,TRUE,TRUE,-0.1154169204866801,-0.838999666927335,0.6081658259539748,-0.1154169204866801,-0.838999666927335,0.6081658259539748,-0.0015374763616080884,-0.590589015629749,0.22493966181771294
2.6936037735849037,15,20,37,-0.10869931254674668,0.36933904227303765,-0.8326038354019005,0.6152052103084071,15 °C,20,TRUE,TRUE,-0.10869931254674668,-0.8326038354019005,0.6152052103084071,-0.10869931254674668,-0.8326038354019005,0.6152052103084071,-0.00128434113495052,-0.577185246376417,0.23284129971062795
2.73264150943396,15,20,37,-0.10198170460681237,0.36952175412589855,-0.8262443426935735,0.6222809334799488,15 °C,20,TRUE,TRUE,-0.10198170460681237,-0.8262443426935735,0.6222809334799488,-0.10198170460681237,-0.8262443426935735,0.6222809334799488,-0.001060637066606456,-0.5640602514262958,0.24096806129901707
2.771679245283017,15,20,37,-0.09526409666687806,0.36972297870464066,-0.8199211349279738,0.6293929415942177,15 °C,20,TRUE,TRUE,-0.09526409666687806,-0.8199211349279738,0.6293929415942177,-0.09526409666687806,-0.8199211349279738,0.6293929415942177,-8.645453135847817e-4,-0.5512089286766793,0.24932487183514804
2.810716981132073,15,20,37,-0.08854648872694451,0.3699426858001357,-0.8136341528952103,0.6365411754413214,15 °C,20,TRUE,TRUE,-0.08854648872694451,-0.8136341528952103,0.6365411754413214,-0.08854648872694451,-0.8136341528952103,0.6365411754413214,-6.94247032894365e-4,-0.5386262443136001,0.2579167248600303
2.84975471698113,15,20,37,-0.0818288807870102,0.3701808425035498,-0.8073833320939678,0.6437255705199474,15 °C,20,TRUE,TRUE,-0.0818288807870102,-0.8073833320939678,0.6437255705199474,-0.0818288807870102,-0.8073833320939678,0.6437255705199474,-5.479233815440172e-4,-0.5263072327351213,0.2667486821267093
2.8887924528301863,15,20,37,-0.07511127284707665,0.3704374132307543,-0.8011686027793551,0.6509460570852018,15 °C,20,TRUE,TRUE,-0.07511127284707665,-0.8011686027793551,0.6509460570852018,-0.07511127284707665,-0.8011686027793551,0.6509460570852018,-4.237555165426213e-4,-0.5142469964501378,0.2758258734990536
2.927830188679243,15,20,37,-0.06839366490714323,0.37071235974860905,-0.794989890014417,0.6582025602001305,15 °C,20,TRUE,TRUE,-0.06839366490714323,-0.794989890014417,0.6582025602001305,-0.06839366490714323,-0.794989890014417,0.6582025602001305,-3.1992459489901186e-4,-0.5024407059528598,0.2851534968262519
2.9668679245282994,15,20,37,-0.06167605696720967,0.37100564120307694,-0.7888471137252405,0.6654949997908212,15 °C,20,TRUE,TRUE,-0.06167605696720967,-0.7888471137252405,0.6654949997908212,-0.06167605696720967,-0.7888471137252405,0.6654949997908212,-2.3461177362203513e-4,-0.49088359957323996,0.29473681779323674
3.005905660377356,15,20,37,-0.05495844902727461,0.37131721414912183,-0.7827401887595534,0.6728232907050041,15 °C,20,TRUE,TRUE,-0.05495844902727461,-0.7827401887595534,0.6728232907050041,-0.05495844902727461,-0.7827401887595534,0.6728232907050041,-1.659982097205302e-4,-0.47957098330359743,0.3045811697473097
3.0449433962264125,15,20,37,-0.04824084108734181,0.371647032582339,-0.7766690249487262,0.6801873427740426,15 °C,20,TRUE,TRUE,-0.04824084108734181,-0.7766690249487262,0.6801873427740426,-0.04824084108734181,-0.7766690249487262,0.6801873427740426,-1.1226506020338309e-4,-0.4684982306017457,0.3146919535012497
3.0839811320754693,15,20,37,-0.041523233147406746,0.3719950479722625,-0.7706335271730413,0.6875870608782277,15 °C,20,TRUE,TRUE,-0.041523233147406746,-0.7706335271730413,0.6875870608782277,-0.041523233147406746,-0.7706335271730413,0.6875870608782277,-7.159348207940731e-5,-0.4576607821708874,0.3250746371132522
3.1230188679245257,15,20,37,-0.03480562520747319,0.3723612092973006,-0.7646335954301824,0.695022345015236,15 °C,20,TRUE,TRUE,-0.03480562520747319,-0.7646335954301824,0.695022345015236,-0.03480562520747319,-0.7646335954301824,0.695022345015236,-4.216463235747793e-5,-0.4470541457167434,0.33573475564400407
3.1620566037735824,15,20,37,-0.028088017267539775,0.37274546308123624,-0.7586691249067627,0.7024930903716833,15 °C,20,TRUE,TRUE,-0.028088017267539775,-0.7586691249067627,0.7024930903716833,-0.028088017267539775,-0.7586691249067627,0.7024930903716833,-2.2159668046435142e-5,-0.436673895682166,0.34667791089133954
3.201094339622639,15,20,37,-0.02137040932760622,0.373147753431234,-0.7527400060528249,0.7099991873976124,15 °C,20,TRUE,TRUE,-0.02137040932760622,-0.7527400060528249,0.7099991873976124,-0.02137040932760622,-0.7527400060528249,0.7099991873976124,-9.75974615512852e-6,-0.4265156729597337,0.3579097711028157
3.2401320754716956,15,20,37,-0.014652801387672047,0.37356802207729645,-0.746846124659173,0.717540521883829,15 °C,20,TRUE,TRUE,-0.014652801387672047,-0.746846124659173,0.717540521883829,-0.014652801387672047,-0.746846124659173,0.717540521883829,-3.146023692408535e-6,-0.4165751845827255,0.36943607066669204
3.279169811320752,15,20,37,-0.007935193447736851,0.3740062084131009,-0.7409873619374145,0.7251169750419408,15 °C,20,TRUE,TRUE,-0.007935193447736851,-0.7409873619374145,0.7251169750419408,-0.007935193447736851,-0.7409873619374145,0.7251169750419408,-4.996576671263251e-7,-0.4068482033949295,0.381262609781735
3.3182075471698087,15,20,37,-0.0012175855078025428,0.3744622495381601,-0.7351635946025963,0.7327284235869913,15 °C,20,TRUE,TRUE,-0.0012175855078025428,-0.7351635946025963,0.7327284235869913,-0.0012175855078025428,-0.7351635946025963,0.7327284235869913,-1.805088132331586e-9,-0.3973305676997838,0.3933952541063552
3.357245283018865,15,20,37,0.0055000224321301245,0.3749360803012289,-0.7293746949582784,0.7403747398225387,15 °C,20,TRUE,TRUE,0.0055000224321301245,-0.7293746949582784,0.7403747398225387,0.0055000224321301245,-0.7293746949582784,0.7403747398225387,1.663770357241116e-7,-0.38801818088930695,0.40583993438754595
3.396283018867922,15,20,37,0.012217630372063543,0.3754276333449019,-0.7236205309839442,0.7480557917280714,15 °C,20,TRUE,TRUE,0.012217630372063543,-0.7236205309839442,0.7480557917280714,0.012217630372063543,-0.7236205309839442,0.7480557917280714,1.823731695592561e-6,-0.37890701105338404,0.41860264607017894
3.435320754716978,15,20,37,0.018935238311997987,0.3759368391513307,-0.7179009664246102,0.7557714430486061,15 °C,20,TRUE,FALSE,0.018935238311997987,-0.7179009664246102,0.7557714430486061,NA,NA,NA,6.789101882623636e-6,-0.36999309056994706,0.4316894488871641
3.474358490566035,15,20,37,0.025652846251931406,0.3764636260889856,-0.7122158608824803,0.7635215533863432,15 °C,20,TRUE,FALSE,0.025652846251931406,-0.7122158608824803,0.7635215533863432,NA,NA,NA,1.6881330587965575e-5,-0.361272515676569,0.4451064664310468
3.5133962264150913,15,20,37,0.032370454191866606,0.37700792046040016,-0.7065650699105177,0.7713059782942508,15 °C,20,TRUE,FALSE,0.032370454191866606,-0.7065650699105177,0.7713059782942508,NA,NA,NA,3.3919260802773954e-5,-0.3527414460240655,0.4588598857076282
3.552433962264148,15,20,37,0.03908806213180002,0.3775696465508304,-0.7009484451078275,0.7791245693714276,15 °C,20,TRUE,FALSE,0.03908806213180002,-0.7009484451078275,0.7791245693714276,NA,NA,NA,5.9721735518189655e-5,-0.3443961042127358,0.4729559566721761
3.5914716981132044,15,20,37,0.04580567007173194,0.3781487266777404,-0.6953658342166392,0.7869771743601032,15 °C,20,TRUE,FALSE,0.04580567007173194,-0.6953658342166392,0.7869771743601032,NA,NA,NA,9.610759772535628e-5,-0.3362327753117332,0.48740099174882057
3.6305094339622612,15,20,37,0.052523278011666244,0.37874508124107575,-0.6898170812208423,0.7948636372441747,15 °C,20,TRUE,FALSE,0.052523278011666244,-0.6898170812208423,0.7948636372441747,NA,NA,NA,1.448956904154466e-4,-0.3282478063623179,0.5022013653338138
3.6695471698113176,15,20,37,0.059240885951601444,0.37935862877421855,-0.6843020264458669,0.8027837983490699,15 °C,20,TRUE,FALSE,0.059240885951601444,-0.6843020264458669,0.8027837983490699,NA,NA,NA,2.0790485657960932e-4,-0.32043760586551,0.5173635132831479
3.7085849056603744,15,20,37,0.06595849389153487,0.3799892859955882,-0.678820506659818,0.8107374944428877,15 °C,20,TRUE,FALSE,0.06595849389153487,-0.678820506659818,0.8107374944428877,NA,NA,NA,2.8695393920896657e-4,-0.31279864325484363,0.5328939323853271
3.747622641509431,15,20,37,0.07267610183146828,0.3806369678607858,-0.6733723551756718,0.8187245588386085,15 °C,20,TRUE,FALSE,0.07267610183146828,-0.6733723551756718,0.8187245588386085,NA,NA,NA,3.838617812946825e-4,-0.3053274483547849,0.5487991798198012
3.7866603773584875,15,20,37,0.07939370977140259,0.38130158761524113,-0.6679574019544701,0.8267448214972752,15 °C,20,TRUE,FALSE,0.07939370977140259,-0.6679574019544701,0.8267448214972752,NA,NA,NA,5.004472258279236e-4,-0.2980206108255624,0.565085872601779
3.8256981132075443,15,20,37,0.08611131771133601,0.3819830568472754,-0.6625754737093237,0.8347981091319958,15 °C,20,TRUE,FALSE,0.08611131771133601,-0.6625754737093237,0.8347981091319958,NA,NA,NA,6.385291157998087e-4,-0.29087477959498653,0.5817606870140444
3.8647358490566006,15,20,37,0.09282892565126881,0.38268128554151765,-0.6572263940101059,0.8428842453126434,15 °C,20,TRUE,FALSE,0.09282892565126881,-0.6572263940101059,0.8428842453126434,NA,NA,NA,7.999262942014854e-4,-0.28388666227793063,0.5988303580264475
3.9037735849056574,15,20,37,0.09954653359120312,0.38339618213261184,-0.6519099833887161,0.8510030505711224,15 °C,20,TRUE,FALSE,0.09954653359120312,-0.6519099833887161,0.8510030505711224,NA,NA,NA,9.86457604024159e-4,-0.27705302458414993,0.6163016787037304
3.9428113207547137,15,20,37,0.10626414153113743,0.38412765355914186,-0.6466260594447807,0.8591543425070555,15 °C,20,TRUE,FALSE,0.10626414153113743,-0.6466260594447807,0.8591543425070555,NA,NA,NA,0.0011999418882589468,-0.27037068971508876,0.6341814996023102
3.9818490566037705,15,20,37,0.11298174947107084,0.3848756053177131,-0.6413744369516468,0.8673379358937885,15 °C,20,TRUE,FALSE,0.11298174947107084,-0.6413744369516468,0.8673379358937885,NA,NA,NA,0.0014421979898969642,-0.26383653775031407,0.6524767281567287
4.020886792452827,15,20,37,0.11969935741100365,0.3856399415171286,-0.6361549279625683,0.8755536427845757,15 °C,20,TRUE,FALSE,0.11969935741100365,-0.6361549279625683,0.8755536427845757,NA,NA,NA,0.0017150447519293616,-0.257447505024261,0.6711943280563989
4.059924528301884,15,20,37,0.12641696535093858,0.3864205649325967,-0.6309673419169509,0.8838012726188281,15 °C,20,TRUE,FALSE,0.12641696535093858,-0.6309673419169509,0.8838012726188281,NA,NA,NA,0.0020203010173474095,-0.2512005834939303,0.6903413186133097
4.0989622641509404,15,20,37,0.1331345732908729,0.38721737705990744,-0.6258114857465457,0.8920806323282914,15 °C,20,TRUE,FALSE,0.1331345732908729,-0.6258114857465457,0.8920806323282914,NA,NA,NA,0.002359785629142146,-0.24509282009819805,0.7099247741213047
4.137999999999996,15,20,37,0.13985218123080567,0.3880302781695217,-0.6206871639814568,0.9003915264430682,15 °C,20,TRUE,FALSE,0.13985218123080567,-0.6206871639814568,0.9003915264430682,NA,NA,NA,0.002735317430304657,-0.23912131610935858,0.7299518232076542
4.177037735849053,15,20,37,0.14656978917073998,0.38885916736051457,-0.6155941788558685,0.9087337571973486,15 °C,20,TRUE,FALSE,0.14656978917073998,-0.6155941788558685,0.9087337571973486,NA,NA,NA,0.0031487152638262636,-0.23328322647756264,0.7504296481774967
4.21607547169811,15,20,37,0.15328739711067252,0.38970394261431895,-0.6105323304133926,0.9171071246347376,15 °C,20,TRUE,FALSE,0.15328739711067252,-0.6105323304133926,0.9171071246347376,NA,NA,NA,0.00360179797269791,-0.22757575916879394,0.771365484351785
4.255113207547167,15,20,37,0.16000500505060683,0.39056450084820876,-0.6055014166118824,0.9255114267130959,15 °C,20,TRUE,FALSE,0.16000500505060683,-0.6055014166118824,0.9255114267130959,NA,NA,NA,0.004096384399910985,-0.2219961744969511,0.7927666193994055
4.294150943396223,15,20,37,0.16672261299054142,0.39144073796848333,-0.6005012334276858,0.9339464594087687,15 °C,20,TRUE,FALSE,0.16672261299054142,-0.6005012334276858,0.9339464594087687,NA,NA,NA,0.0046342933884565484,-0.21654178445073627,0.8146403926640331
4.333188679245279,15,20,37,0.17344022093047573,0.39233254892328984,-0.5955315749591723,0.9424120168201238,15 °C,20,TRUE,FALSE,0.17344022093047573,-0.5955315749591723,0.9424120168201238,NA,NA,NA,0.005217343781325705,-0.21120995201587903,0.8369941944863726
4.372226415094336,15,20,37,0.18015782887041154,0.39323982775504246,-0.5905922335294717,0.9509078912702947,15 °C,20,TRUE,FALSE,0.18015782887041154,-0.5905922335294717,0.9509078912702947,NA,NA,NA,0.005847354421509772,-0.20599809049332712,0.8598354655223597
4.411264150943393,15,20,37,0.18687543681034255,0.3941624676523879,-0.5856829997883377,0.9594338734090229,15 °C,20,TRUE,FALSE,0.18687543681034255,-0.5856829997883377,0.9594338734090229,NA,NA,NA,0.0065261441519992745,-0.20090366281399089,0.8831716960578562
4.450301886792449,15,20,37,0.19359304475027864,0.39510036100168083,-0.5808036628130158,0.967989752313573,15 °C,20,TRUE,FALSE,0.19359304475027864,-0.5808036628130158,0.967989752313573,NA,NA,NA,0.007255531815786364,-0.195924180850576,0.907010425320583
4.489339622641506,15,20,37,0.20031065269020967,0.39605339943791956,-0.5759540102081127,0.976575315588532,15 °C,20,TRUE,FALSE,0.20031065269020967,-0.5759540102081127,0.976575315588532,NA,NA,NA,0.008037336255861088,-0.1910572047271484,0.9313592407895481
4.5283773584905624,15,20,37,0.20702826063014548,0.39702147389510306,-0.5711338282042565,0.9851903494645474,15 °C,20,FALSE,FALSE,NA,NA,NA,NA,NA,NA,NA,NA,NA
4.567415094339619,15,20,37,0.21374586857007652,0.3980044746559803,-0.566342901755645,0.9938346388957979,15 °C,20,FALSE,FALSE,NA,NA,NA,NA,NA,NA,NA,NA,NA
4.606452830188675,15,20,37,0.22046347651001258,0.39900229140113974,-0.5615810146362212,1.0025079676562465,15 °C,20,FALSE,FALSE,NA,NA,NA,NA,NA,NA,NA,NA,NA
4.645490566037732,15,20,37,0.2271810844499469,0.40001481325742383,-0.5568479495346038,1.0112101184344975,15 °C,20,FALSE,FALSE,NA,NA,NA,NA,NA,NA,NA,NA,NA
4.684528301886789,15,20,37,0.23389869238987943,0.4010419288456237,-0.5521434881475429,1.0199408729273018,15 °C,20,FALSE,FALSE,NA,NA,NA,NA,NA,NA,NA,NA,NA
4.7235660377358455,15,20,37,0.24061630032981374,0.4020835263274285,-0.5474674112719461,1.0287000119315737,15 °C,20,FALSE,FALSE,NA,NA,NA,NA,NA,NA,NA,NA,NA
4.762603773584901,15,20,37,0.24733390826974833,0.40313949345160277,-0.542819498895393,1.0374873154348898,15 °C,20,FALSE,FALSE,NA,NA,NA,NA,NA,NA,NA,NA,NA
4.801641509433958,15,20,37,0.25405151620968264,0.4042097175993738,-0.5381995302850899,1.0463025627044553,15 °C,20,FALSE,FALSE,NA,NA,NA,NA,NA,NA,NA,NA,NA
4.840679245283015,15,20,37,0.2607691241496152,0.405294085828982,-0.5336072840751895,1.0551455323744199,15 °C,20,FALSE,FALSE,NA,NA,NA,NA,NA,NA,NA,NA,NA
4.879716981132072,15,20,37,0.2674867320895495,0.4063924849194067,-0.5290425383524877,1.0640160025315866,15 °C,20,FALSE,FALSE,NA,NA,NA,NA,NA,NA,NA,NA,NA
4.918754716981128,15,20,37,0.2742043400294838,0.4075048014132151,-0.5245050707404177,1.0729137507993853,15 °C,20,FALSE,FALSE,NA,NA,NA,NA,NA,NA,NA,NA,NA
4.957792452830184,15,20,37,0.28092194796941655,0.40863092165854625,-0.5199946584813342,1.0818385544201672,15 °C,20,FALSE,FALSE,NA,NA,NA,NA,NA,NA,NA,NA,NA
4.996830188679241,15,20,37,0.28763955590935236,0.4097707318501847,-0.5155110785170096,1.0907901903357144,15 °C,20,FALSE,FALSE,NA,NA,NA,NA,NA,NA,NA,NA,NA
5.035867924528298,15,20,37,0.2943571638492834,0.41092411806974,-0.5110541075674069,1.0997684352659738,15 °C,20,FALSE,FALSE,NA,NA,NA,NA,NA,NA,NA,NA,NA
5.074905660377355,15,20,37,0.3010747717892192,0.41209096632489567,-0.5066235222075763,1.1087730657860146,15 °C,20,FALSE,FALSE,NA,NA,NA,NA,NA,NA,NA,NA,NA
5.113943396226411,15,20,37,0.307792379729152,0.4132711625877294,-0.5022190989427975,1.1178038584011016,15 °C,20,FALSE,FALSE,NA,NA,NA,NA,NA,NA,NA,NA,NA
5.1529811320754675,15,20,37,0.31450998766908633,0.4144645928320959,-0.4978406142818217,1.1268605896199944,15 °C,20,FALSE,FALSE,NA,NA,NA,NA,NA,NA,NA,NA,NA
5.192018867924524,15,20,37,0.32122759560902064,0.41567114307006103,-0.49348784480829894,1.1359430360263403,15 °C,20,FALSE,FALSE,NA,NA,NA,NA,NA,NA,NA,NA,NA
5.231056603773581,15,20,37,0.3279452035489532,0.416890699387384,-0.4891605672503194,1.1450509743482258,15 °C,20,FALSE,FALSE,NA,NA,NA,NA,NA,NA,NA,NA,NA
5.270094339622637,15,20,37,0.3346628114888875,0.41812314797804184,-0.4848585585480745,1.1541841815258496,15 °C,20,FALSE,FALSE,NA,NA,NA,NA,NA,NA,NA,NA,NA
5.309132075471694,15,20,37,0.3413804194288203,0.41936837517779985,-0.48058159591966737,1.163342434777308,15 °C,20,FALSE,FALSE,NA,NA,NA,NA,NA,NA,NA,NA,NA
5.3481698113207505,15,20,37,0.3480980273687561,0.4206262674968156,-0.47632945692500245,1.1725255116625146,15 °C,20,FALSE,FALSE,NA,NA,NA,NA,NA,NA,NA,NA,NA
5.387207547169807,15,20,37,0.35481563530868715,0.4218967116512896,-0.4721019195278405,1.1817331901452148,15 °C,20,FALSE,FALSE,NA,NA,NA,NA,NA,NA,NA,NA,NA
5.426245283018863,15,20,37,0.3615332432486232,0.4231795945941576,-0.4678987621559257,1.190965248653172,15 °C,20,FALSE,FALSE,NA,NA,NA,NA,NA,NA,NA,NA,NA
5.46528301886792,15,20,37,0.3682508511885575,0.42447480354482,-0.4637197637592897,1.2002214661364046,15 °C,20,FALSE,FALSE,NA,NA,NA,NA,NA,NA,NA,NA,NA
5.504320754716977,15,20,37,0.37496845912849003,0.425782226017934,-0.45956470386666054,1.2095016221236405,15 °C,20,FALSE,FALSE,NA,NA,NA,NA,NA,NA,NA,NA,NA
5.543358490566034,15,20,37,0.38168606706842434,0.4271017498512439,-0.45543336264001366,1.2188054967768625,15 °C,20,FALSE,FALSE,NA,NA,NA,NA,NA,NA,NA,NA,NA
5.5823962264150895,15,20,37,0.38840367500835893,0.4284332632324857,-0.45132552092731304,1.228132870944031,15 °C,20,FALSE,FALSE,NA,NA,NA,NA,NA,NA,NA,NA,NA
5.621433962264146,15,20,37,0.39512128294829324,0.42977665472535115,-0.44724096031339494,1.2374835262099815,15 °C,20,FALSE,FALSE,NA,NA,NA,NA,NA,NA,NA,NA,NA
5.660471698113203,15,20,37,0.4018388908882258,0.4311318132945256,-0.44317946316904444,1.246857244945496,15 °C,20,FALSE,FALSE,NA,NA,NA,NA,NA,NA,NA,NA,NA
5.69950943396226,15,20,37,0.4085564988281601,0.4324986283298153,-0.4391408126982778,1.256253810354598,15 °C,20,FALSE,FALSE,NA,NA,NA,NA,NA,NA,NA,NA,NA
5.738547169811316,15,20,37,0.4152741067680944,0.43387698966936683,-0.43512479298386453,1.2656730065200534,15 °C,20,FALSE,FALSE,NA,NA,NA,NA,NA,NA,NA,NA,NA
5.7775849056603725,15,20,37,0.4219917147080272,0.43526678762199034,-0.43113118903107384,1.2751146184471283,15 °C,20,FALSE,FALSE,NA,NA,NA,NA,NA,NA,NA,NA,NA
5.816622641509429,15,20,37,0.428709322647963,0.43666791298859786,-0.4271597868096888,1.2845784321056148,15 °C,20,FALSE,FALSE,NA,NA,NA,NA,NA,NA,NA,NA,NA
5.855660377358486,15,20,37,0.43542693058789406,0.43808025708276527,-0.42321037329432587,1.294064234470114,15 °C,20,FALSE,FALSE,NA,NA,NA,NA,NA,NA,NA,NA,NA
5.894698113207542,15,20,37,0.4421445385278301,0.43950371175044706,-0.41928273650304615,1.3035718135587064,15 °C,20,FALSE,FALSE,NA,NA,NA,NA,NA,NA,NA,NA,NA
5.933735849056599,15,20,37,0.4488621464677611,0.4409381693888324,-0.4153766655343504,1.3131009584698727,15 °C,20,FALSE,FALSE,NA,NA,NA,NA,NA,NA,NA,NA,NA
5.972773584905656,15,20,37,0.45557975440769694,0.44238352296436456,-0.4114919506024576,1.3226514594178513,15 °C,20,FALSE,FALSE,NA,NA,NA,NA,NA,NA,NA,NA,NA
6.011811320754712,15,20,37,0.46229736234763125,0.4438396660299589,-0.4076283830710881,1.3322231077663507,15 °C,20,FALSE,FALSE,NA,NA,NA,NA,NA,NA,NA,NA,NA
6.050849056603768,15,20,37,0.46901497028756584,0.44530649274139644,-0.4037857554855712,1.3418156960607028,15 °C,20,FALSE,FALSE,NA,NA,NA,NA,NA,NA,NA,NA,NA
6.089886792452825,15,20,37,0.47573257822749687,0.4467838978729368,-0.39996386160345926,1.351429018058453,15 °C,20,FALSE,FALSE,NA,NA,NA,NA,NA,NA,NA,NA,NA
6.128924528301882,15,20,37,0.4824501861674327,0.4482717768321608,-0.3961624964236024,1.3610628687584678,15 °C,20,FALSE,FALSE,NA,NA,NA,NA,NA,NA,NA,NA,NA
6.167962264150939,15,20,37,0.489167794107367,0.44977002567403657,-0.39238145621374465,1.3707170444284786,15 °C,20,FALSE,FALSE,NA,NA,NA,NA,NA,NA,NA,NA,NA
6.2069999999999945,15,20,37,0.4958854020472998,0.4512785411142642,-0.388620538536658,1.3803913426312575,15 °C,20,FALSE,FALSE,NA,NA,NA,NA,NA,NA,NA,NA,NA
0,20,20,37,-1.888800525591123,0.4737523068994179,-2.817355047113982,-0.9602460040682641,20 °C,20,TRUE,FALSE,-1.888800525591123,-2.817355047113982,-0.9602460040682641,NA,NA,NA,-6.738423228315744,-22.362725995767203,-0.8854163263546689
0.03903773584905657,20,20,37,-1.8536359488645058,0.4709677641040668,-2.7767327665084767,-0.9305391312205348,20 °C,20,TRUE,FALSE,-1.8536359488645058,-2.7767327665084767,-0.9305391312205348,NA,NA,NA,-6.369030524723015,-21.40928953112972,-0.8057566948829263
0.07807547169811314,20,20,37,-1.8184713721378891,0.4682133685203266,-2.7361695744377292,-0.900773169838049,20 °C,20,TRUE,FALSE,-1.8184713721378891,-2.7361695744377292,-0.900773169838049,NA,NA,NA,-6.013390474035831,-20.484672640100573,-0.7308804172059693
0.11711320754716972,20,20,37,-1.7833067954112731,0.4654896553097845,-2.6956665198184506,-0.8709470710040955,20 °C,20,TRUE,FALSE,-1.7833067954112731,-2.6956665198184506,-0.8709470710040955,NA,NA,NA,-5.67124218024676,-19.588378817359793,-0.6606558560009694
0.1561509433962263,20,20,37,-1.748142218684656,0.46279716620026556,-2.6552246644371764,-0.8410597729321355,20 °C,20,TRUE,FALSE,-1.748142218684656,-2.6552246644371764,-0.8410597729321355,NA,NA,NA,-5.342324747348353,-18.719912772740425,-0.5949501587920378
0.19518867924528285,20,20,37,-1.7129776419580391,0.4601364493157157,-2.614845082616842,-0.8111102012992364,20 °C,20,TRUE,FALSE,-1.7129776419580391,-2.614845082616842,-0.8111102012992364,NA,NA,NA,-5.0263772793331905,-17.878780483504208,-0.5336292056746895
0.23422641509433945,20,20,37,-1.6778130652314227,0.45750805898700336,-2.574528860845949,-0.7810972696168962,20 °C,20,TRUE,FALSE,-1.6778130652314227,-2.574528860845949,-0.7810972696168962,NA,NA,NA,-4.723138880193843,-17.064489248469926,-0.47655755518730464
0.273264150943396,20,20,37,-1.6426484885048058,0.4549125555428651,-2.5342770973688213,-0.7510198796407903,20 °C,20,TRUE,FALSE,-1.6426484885048058,-2.5342770973688213,-0.7510198796407903,NA,NA,NA,-4.432348653922869,-16.276547744022448,-0.42359838830224983
0.3123018867924526,20,20,37,-1.607483911778189,0.4523505050802185,-2.4940909017354174,-0.7208769218209606,20 °C,20,TRUE,FALSE,-1.607483911778189,-2.4940909017354174,-0.7208769218209606,NA,NA,NA,-4.153745704512841,-15.514466082025733,-0.3746134505127647
0.35133962264150914,20,20,37,-1.5723193350515718,0.44982247921310115,-2.4539713943092503,-0.6906672757938936,20 °C,20,TRUE,FALSE,-1.5723193350515718,-2.4539713943092503,-0.6906672757938936,NA,NA,NA,-3.887069135956326,-14.777755869660329,-0.3294629919954867
0.3903773584905657,20,20,37,-1.537154758324955,0.4473290547995025,-2.41391970573198,-0.66038981091793,20 °C,20,TRUE,FALSE,-1.537154758324955,-2.41391970573198,-0.66038981091793,NA,NA,NA,-3.6320580522458945,-14.065930271201033,-0.2880057058328362
0.42941509433962227,20,20,37,-1.501990181598338,0.44487081364539455,-2.3739369763433116,-0.6300433868533648,20 °C,20,TRUE,FALSE,-1.501990181598338,-2.3739369763433116,-0.6300433868533648,NA,NA,NA,-3.3884515573741134,-13.378504071745713,-0.25009866428415517
0.4684528301886789,20,20,37,-1.4668256048717214,0.4424483421852972,-2.334024355554904,-0.5996268541885389,20 °C,20,TRUE,FALSE,-1.4668256048717214,-2.334024355554904,-0.5996268541885389,NA,NA,NA,-3.155988755333551,-12.714993742901305,-0.2155972530996999
0.5074905660377355,20,20,37,-1.4316610281451045,0.4400622311387607,-2.2941830011770756,-0.5691390551131336,20 °C,20,TRUE,FALSE,-1.4316610281451045,-2.2941830011770756,-0.5691390551131336,NA,NA,NA,-2.9344087501167735,-12.074917510427246,-0.18435510387724444
0.546528301886792,20,20,37,-1.3964964514184877,0.4377130751421915,-2.2544140786971827,-0.5385788241397924,20 °C,20,TRUE,FALSE,-1.3964964514184877,-2.2544140786971827,-0.5385788241397924,NA,NA,NA,-2.7234506457163494,-11.457795423830301,-0.15622402446722103
0.5855660377358486,20,20,37,-1.361331874691871,0.43540147235551097,-2.2147187605086724,-0.5079449888750696,20 °C,20,TRUE,FALSE,-1.361331874691871,-2.2147187605086724,-0.5079449888750696,NA,NA,NA,-2.522853546124848,-10.863149427898344,-0.13105392743896654
0.6246037735849052,20,20,37,-1.3261672979652546,0.4331280240431963,-2.1750982250899193,-0.4772363708405899,20 °C,20,TRUE,FALSE,-1.3261672979652546,-2.1750982250899193,-0.4772363708405899,NA,NA,NA,-2.3323565553348375,-10.290503436153246,-0.10869275662782245
0.6636415094339617,20,20,37,-1.2910027212386375,0.4308933341293223,-2.1355536561321093,-0.4464517863451658,20 °C,20,TRUE,FALSE,-1.2910027212386375,-2.1355536561321093,-0.4464517863451658,NA,NA,NA,-2.1516987773388805,-9.739383406195463,-0.08898641179050597
0.7026792452830183,20,20,37,-1.2558381445120208,0.4286980087263151,-2.0960862416155983,-0.4155900474084433,20 °C,20,TRUE,FALSE,-1.2558381445120208,-2.0960862416155983,-0.4155900474084433,NA,NA,NA,-1.9806193161295516,-9.20931741690491,-0.0717786714043365
0.7417169811320748,20,20,37,-1.2206735677854037,0.4265426556372,-2.0566971728343155,-0.38464996273649166,20 °C,20,TRUE,FALSE,-1.2206735677854037,-2.0566971728343155,-0.38464996273649166,NA,NA,NA,-1.8188572756994132,-8.699835747453491,-0.056911113654589875
0.7807547169811314,20,20,37,-1.185508991058787,0.4244278838312416,-2.0173876433680205,-0.3536303387495535,20 °C,20,TRUE,FALSE,-1.185508991058787,-2.0173876433680205,-0.3536303387495535,NA,NA,NA,-1.666151760041038,-8.210470958076293,-0.04422303566340851
0.819792452830188,20,20,37,-1.1503444143321704,0.4223543028929624,-1.9781588480023766,-0.32252998066196414,20 °C,20,TRUE,FALSE,-1.1503444143321704,-1.9781588480023766,-0.32252998066196414,NA,NA,NA,-1.5222418731469918,-7.74075797253797,-0.033551371023324963
0.8588301886792445,20,20,37,-1.1151798376055533,0.4203225224446559,-1.939011981597079,-0.2913476936140277,20 °C,20,TRUE,FALSE,-1.1151798376055533,-1.939011981597079,-0.2913476936140277,NA,NA,NA,-1.386866719009841,-7.290234162221537,-0.02473060570853279
0.8978679245283011,20,20,37,-1.0800152608789366,0.4183331515426188,-1.8999482379024695,-0.2600822838554038,20 °C,20,TRUE,FALSE,-1.0800152608789366,-1.8999482379024695,-0.2600822838554038,NA,NA,NA,-1.2597654016221564,-6.858439431755699,-0.01759269244752663
0.9369056603773578,20,20,37,-1.044850684152319,0.4163867980474702,-1.8609688083253606,-0.22873255997927755,20 °C,20,TRUE,FALSE,-1.044850684152319,-1.8609688083253606,-0.22873255997927755,NA,NA,NA,-1.140677024976502,-6.444916306086373,-0.011966963651592596
0.9759433962264144,20,20,37,-1.0096861074257029,0.4144840679690515,-1.8220748806450437,-0.19729733420636186,20 °C,20,TRUE,TRUE,-1.0096861074257029,-1.8220748806450437,-0.19729733420636186,-1.0096861074257029,-1.8220748806450437,-0.19729733420636186,-1.029340693065452,-6.049210018886673,-0.007680043004840196
1.014981132075471,20,20,37,-0.9745215306990863,0.4126255647865572,-1.7832676376807384,-0.16577542371743414,20 °C,20,TRUE,TRUE,-0.9745215306990863,-1.7832676376807384,-0.16577542371743414,-0.9745215306990863,-1.7832676376807384,-0.16577542371743414,-0.9254955098815698,-5.670868602188119,-0.004555755832930784
1.0540188679245275,20,20,37,-0.9393569539724689,0.41081188874469154,-1.7445482559120644,-0.13416565203287345,20 °C,20,TRUE,TRUE,-0.9393569539724689,-1.7445482559120644,-0.13416565203287345,-0.9393569539724689,-1.7445482559120644,-0.13416565203287345,-0.8288805794174214,-5.309442977104408,-0.0024150383793720078
1.093056603773584,20,20,37,-0.9041923772458522,0.4090436361268075,-1.7059179040543948,-0.10246685043730952,20 °C,20,TRUE,TRUE,-0.9041923772458522,-1.7059179040543948,-0.10246685043730952,-0.9041923772458522,-1.7059179040543948,-0.10246685043730952,-0.7392350056655796,-4.964487045506828,-0.0010758461300942749
1.1320943396226406,20,20,37,-0.8690278005192351,0.40732139850614624,-1.6673777415912818,-0.07067785944718852,20 °C,20,TRUE,TRUE,-0.8690278005192351,-1.6673777415912818,-0.07067785944718852,-0.8690278005192351,-1.6673777415912818,-0.07067785944718852,-0.6562978926186089,-4.6355577824987035,-3.5306133896596375e-4
1.1711320754716972,20,20,37,-0.8338632237926189,0.40564576197646757,-1.6289289172664954,-0.038797530318742446,20 °C,20,TRUE,TRUE,-0.8338632237926189,-1.6289289172664954,-0.038797530318742446,-0.8338632237926189,-1.6289289172664954,-0.038797530318742446,-0.5798083442690805,-4.322215329524394,-5.839991883908931e-5
1.2101698113207537,20,20,37,-0.7986986470660026,0.40401730636352556,-1.5905725675385125,-0.006824726593492536,20 °C,20,TRUE,TRUE,-0.7986986470660026,-1.5905725675385125,-0.006824726593492536,-0.7986986470660026,-1.5905725675385125,-0.006824726593492536,-0.5095054646095596,-4.0240230879362535,-3.178745608175185e-7
1.2492075471698103,20,20,37,-0.7635340703393851,0.4024366044190215,-1.5523098150006673,0.025241674321897056,20 °C,20,TRUE,TRUE,-0.7635340703393851,-1.5523098150006673,0.025241674321897056,-0.7635340703393851,-1.5523098150006673,0.025241674321897056,-0.44512835763261266,-3.740547812831558,1.6082533954742742e-5
1.2882452830188669,20,20,37,-0.7283694936127685,0.4009042209988426,-1.5141417667705,0.05740277954496298,20 °C,20,TRUE,TRUE,-0.7283694936127685,-1.5141417667705,0.05740277954496298,-0.7283694936127685,-1.5141417667705,0.05740277954496298,-0.38641612733081104,-3.4713597069599538,1.89146699131103e-4
1.3272830188679234,20,20,37,-0.6932049168861514,0.39942071222755754,-1.4760695128521641,0.08965967907986139,20 °C,20,TRUE,TRUE,-0.6932049168861514,-1.4760695128521641,0.08965967907986139,-0.6932049168861514,-1.4760695128521641,0.08965967907986139,-0.3331078776967205,-3.216032514490843,7.207614331739762e-4
1.36632075471698,20,20,37,-0.6580403401595344,0.3979866246513232,-1.4380941244761278,0.12201344415705906,20 °C,20,TRUE,TRUE,-0.6580403401595344,-1.4380941244761278,0.12201344415705906,-0.6580403401595344,-1.4380941244761278,0.12201344415705906,-0.28494271272291,-2.9741436144200013,0.0018164483746562325
1.4053584905660366,20,20,37,-0.6228757634329181,0.3966024943815163,-1.4002166524206898,0.1544651255548538,20 °C,20,TRUE,TRUE,-0.6228757634329181,-1.4002166524206898,0.1544651255548538,-0.6228757634329181,-1.4002166524206898,0.1544651255548538,-0.24165973640194788,-2.7452741133845655,0.0036854568035060114
1.4443962264150931,20,20,37,-0.5877111867063011,0.3952688462315638,-1.362438125320166,0.18701575190756392,20 °C,20,TRUE,TRUE,-0.5877111867063011,-1.362438125320166,0.18701575190756392,-0.5877111867063011,-1.362438125320166,0.18701575190756392,-0.20299805272640048,-2.5290089376465774,0.0065408556245674905
1.4834339622641497,20,20,37,-0.552546609979684,0.3939861928496049,-1.3247595479649097,0.21966632800554164,20 °C,20,TRUE,TRUE,-0.552546609979684,-1.3247595479649097,0.21966632800554164,-0.552546609979684,-1.3247595479649097,0.21966632800554164,-0.1686967656888365,-2.3249369239970767,0.010599624271674532
1.5224716981132063,20,20,37,-0.5173820332530678,0.39275503384975735,-1.2871818995985922,0.2524178330924567,20 °C,20,TRUE,TRUE,-0.5173820332530678,-1.2871818995985922,0.2524178330924567,-0.5173820332530678,-1.2871818995985922,0.2524178330924567,-0.1384949792818246,-2.132650909325379,0.01608274227693411
1.5615094339622628,20,20,37,-0.48221745652645065,0.39157585494489544,-1.2497061322184457,0.28527121916554443,20 °C,20,TRUE,TRUE,-0.48221745652645065,-1.2497061322184457,0.28527121916554443,-0.48221745652645065,-1.2497061322184457,0.28527121916554443,-0.11213179749793123,-1.9517478185921102,0.02321527724377445
1.6005471698113194,20,20,37,-0.44705287979983366,0.3904491270839657,-1.2123331688844063,0.318227409284739,20 °C,20,TRUE,TRUE,-0.44705287979983366,-1.2123331688844063,0.318227409284739,-0.44705287979983366,-1.2123331688844063,0.318227409284739,-0.08934632432972517,-1.7818287509396626,0.032226470957383895
1.639584905660376,20,20,37,-0.41188830307321656,0.38937530559697736,-1.1750639020432923,0.35128729589685903,20 °C,20,TRUE,TRUE,-0.41188830307321656,-1.1750639020432923,0.35128729589685903,-0.41188830307321656,-1.1750639020432923,0.35128729589685903,-0.06987766376977413,-1.6224990636700578,0.04334982336257565
1.6786226415094325,20,20,37,-0.3767237263466003,0.38835482935088056,-1.1378991918743262,0.3844517391811256,20 °C,20,TRUE,TRUE,-0.3767237263466003,-1.1378991918743262,0.3844517391811256,-0.3767237263466003,-1.1378991918743262,0.3844517391811256,-0.05346491981064647,-1.473368453818078,0.056823174136929305
1.717660377358489,20,20,37,-0.34155914961998407,0.3873881199196322,-1.100839864662463,0.417721565422495,20 °C,20,TRUE,TRUE,-0.34155914961998407,-1.100839864662463,0.417721565422495,-0.34155914961998407,-1.100839864662463,0.417721565422495,-0.03984719644490965,-1.3340510370469076,0.07288878158642487
1.7566981132075457,20,20,37,-0.30639457289336697,0.38647558077178235,-1.0638867112060604,0.4510975654193264,20 °C,20,TRUE,TRUE,-0.30639457289336697,-1.0638867112060604,0.4510975654193264,-0.30639457289336697,-1.0638867112060604,0.4510975654193264,-0.02876359766513129,-1.2041654235944022,0.0917933985917199
1.7957358490566022,20,20,37,-0.27122999616675,0.3856175964789593,-1.0270404852655102,0.4845804929320103,20 °C,20,TRUE,TRUE,-0.27122999616675,-1.0270404852655102,0.4845804929320103,-0.27122999616675,-1.0270404852655102,0.4845804929320103,-0.0199532274638797,-1.0833347910008189,0.11378834533586094
1.8347735849056588,20,20,37,-0.23606541944013198,0.3848145319486203,-0.9903019020594277,0.5181710631791638,20 °C,20,TRUE,TRUE,-0.23606541944013198,-0.9903019020594277,0.5181710631791638,-0.23606541944013198,-0.9903019020594277,0.5181710631791638,-0.013155189833722577,-0.9711869533530669,0.13912957854856153
1.8738113207547156,20,20,37,-0.2009008427135159,0.3840667316844372,-0.9536716368150129,0.551869951387981,20 °C,20,TRUE,TRUE,-0.2009008427135159,-0.9536716368150129,0.551869951387981,-0.2009008427135159,-0.9536716368150129,0.551869951387981,-0.008108588767228317,-0.867354426786847,0.16807775700830493
1.9128490566037721,20,20,37,-0.16573626598689892,0.3833745190776235,-0.917150323379041,0.5856777914052431,20 °C,20,TRUE,TRUE,-0.16573626598689892,-0.917150323379041,0.5856777914052431,-0.16573626598689892,-0.917150323379041,0.5856777914052431,-0.004552528256964348,-0.7714744909957045,0.2008983030514429
1.9518867924528287,20,20,37,-0.13057168926028256,0.38273819573245604,-0.8807385528958964,0.6195951743753312,20 °C,20,TRUE,TRUE,-0.13057168926028256,-0.8807385528958964,0.6195951743753312,-0.13057168926028256,-0.8807385528958964,0.6195951743753312,-0.0022261122954987584,-0.6831892465060012,0.23786145984713025
1.9909245283018853,20,20,37,-0.09540711253366545,0.3821580408291527,-0.8444368725588047,0.6536226474914739,20 °C,20,TRUE,TRUE,-0.09540711253366545,-0.8444368725588047,0.6536226474914739,-0.09540711253366545,-0.8444368725588047,0.6536226474914739,-8.684448753993679e-4,-0.6021456674880524,0.27924234420848126
2.029962264150942,20,20,37,-0.06024253580704846,0.3816343105271334,-0.8082457844402299,0.687760712826133,20 °C,20,TRUE,TRUE,-0.06024253580704846,-0.8082457844402299,0.687760712826133,-0.06024253580704846,-0.8082457844402299,0.687760712826133,-2.186299892341431e-4,-0.5279956498870249,0.3253209947234558
2.068999999999998,20,20,37,-0.025077959080432238,0.38116723741157005,-0.7721657444071095,0.7220098262462451,20 °C,20,TRUE,TRUE,-0.025077959080432238,-0.7721657444071095,0.7220098262462451,-0.025077959080432238,-0.7721657444071095,0.7220098262462451,-1.5771629570982612e-5,-0.4603960546720523,0.37638241500398223
2.108037735849055,20,20,37,0.01008661764618474,0.38075702998594674,-0.7361971611262708,0.7563703964186403,20 °C,20,TRUE,TRUE,0.01008661764618474,-0.7361971611262708,0.7563703964186403,0.01008661764618474,-0.7361971611262708,0.7563703964186403,1.0262110222133324e-6,-0.3990087460185347,0.43271661186826177
2.1470754716981113,20,20,37,0.045251194372801236,0.38040387221317024,-0.7003403951650125,0.7908427839106149,20 °C,20,TRUE,TRUE,0.045251194372801236,-0.7003403951650125,0.7908427839106149,0.045251194372801236,-0.7003403951650125,0.7908427839106149,9.265953997752914e-5,-0.3435006242566331,0.4946186282892472
2.186113207547168,20,20,37,0.08041577109941897,0.3801079231075457,-0.6645957581913706,0.8254273003902086,20 °C,20,TRUE,TRUE,0.08041577109941897,-0.6645957581913706,0.8254273003902086,0.08041577109941897,-0.6645957581913706,0.8254273003902086,5.200243647270746e-4,-0.29354365343830136,0.5623885709616941
2.2251509433962244,20,20,37,0.11558034782603534,0.37986931637971666,-0.6289635122782093,0.86012420793028,20 °C,20,TRUE,TRUE,0.11558034782603534,-0.6289635122782093,0.86012420793028,0.11558034782603534,-0.6289635122782093,0.86012420793028,0.001544016692702907,-0.2488148833960052,0.6363316323608551
2.2641886792452812,20,20,37,0.15074492455265232,0.37968816013639295,-0.5934438693146779,0.8949337184199825,20 °C,20,TRUE,TRUE,0.15074492455265232,-0.5934438693146779,0.8949337184199825,0.15074492455265232,-0.5934438693146779,0.8949337184199825,0.003425532531337158,-0.20899646618788656,0.7167581071876787
2.3032264150943376,20,20,37,0.18590950127926853,0.3795645366364297,-0.5580369905281336,0.9298559930866707,20 °C,20,TRUE,TRUE,0.18590950127926853,-0.5580369905281336,0.9298559930866707,0.18590950127926853,-0.5580369905281336,0.9298559930866707,0.006425467888061833,-0.17377566684698878,0.8039834031179931
2.3422641509433944,20,20,37,0.2210740780058864,0.3794985021045539,-0.5227429861190391,0.964891142130812,20 °C,20,TRUE,TRUE,0.2210740780058864,-0.5227429861190391,0.964891142130812,0.2210740780058864,-0.5227429861190391,0.964891142130812,0.010804718770309285,-0.14284486837556243,0.8983280457968594
2.3813018867924507,20,20,37,0.2562386547325028,0.3794900866036895,-0.4875619150107286,1.0000392244757341,20 °C,20,TRUE,TRUE,0.2562386547325028,-0.4875619150107286,1.0000392244757341,0.2562386547325028,-0.4875619150107286,1.0000392244757341,0.01682418118551122,-0.11590157094949051,1.0001176780429413
2.4203396226415075,20,20,37,0.291403231459119,0.37953929396658664,-0.45249378471539076,1.0353002476336288,20 °C,20,TRUE,TRUE,0.291403231459119,-0.45249378471539076,1.0353002476336288,0.291403231459119,-0.45249378471539076,1.0353002476336288,0.024744751141099836,-0.09264838532233184,1.1096830532526007
2.459377358490564,20,20,37,0.3265678081857361,0.3796461017870962,-0.41753855131697243,1.0706741676884446,20 °C,20,TRUE,TRUE,0.3265678081857361,-0.41753855131697243,1.0706741676884446,0.3265678081857361,-0.41753855131697243,1.0706741676884446,0.03482732464450752,-0.07279302044300993,1.2273600230175628
2.4984150943396206,20,20,37,0.3617323849123531,0.37981046147114567,-0.38269611957109234,1.1061608893957986,20 °C,20,TRUE,TRUE,0.3617323849123531,-0.38269611957109234,1.1061608893957986,0.3617323849123531,-0.38269611957109234,1.1061608893957986,0.047332797703166146,-0.05604826532569959,1.3534895189947915
2.5374528301886774,20,20,37,0.39689696163897004,0.380032298347146,-0.34796634312143615,1.1417602663993762,20 °C,20,TRUE,TRUE,0.39689696163897004,-0.34796634312143615,1.1417602663993762,0.39689696163897004,-0.34796634312143615,1.1417602663993762,0.06252206632450782,-0.04213196523472512,1.488417529091405
2.5764905660377337,20,20,37,0.4320615383655872,0.3803115118352426,-0.31334902483148824,1.1774721015626626,20 °C,20,TRUE,TRUE,0.4320615383655872,-0.31334902483148824,1.1774721015626626,0.4320615383655872,-0.31334902483148824,1.1774721015626626,0.08065602651596476,-0.030766992271080523,1.632495068051203
2.6155283018867905,20,20,37,0.4672261150922049,0.38064797567451386,-0.27884391722984225,1.213296147414252,20 °C,20,TRUE,TRUE,0.4672261150922049,-0.27884391722984225,1.213296147414252,0.4672261150922049,-0.27884391722984225,1.213296147414252,0.10199557428496939,-0.021681210470314655,1.786078142552531
2.654566037735847,20,20,37,0.5023906918188197,0.38104153820693293,-0.24445072306676885,1.249232106704408,20 °C,20,TRUE,TRUE,0.5023906918188197,-0.24445072306676885,1.249232106704408,0.5023906918188197,-0.24445072306676885,1.249232106704408,0.12680160563895126,-0.014607435543813515,1.9495277109495421
2.6936037735849037,20,20,37,0.5375552685454382,0.3814920227166088,-0.21016909597911504,1.2852796330699916,20 °C,20,TRUE,TRUE,0.5375552685454382,-0.21016909597911504,1.2852796330699916,0.5375552685454382,-0.21016909597911504,1.2852796330699916,0.1553350165853474,-0.009283389416745553,2.123209637810247
2.73264150943396,20,20,37,0.5727198452720544,0.3819992278225404,-0.17599864126012477,1.3214383318042335,20 °C,20,TRUE,TRUE,0.5727198452720544,-0.17599864126012477,1.3214383318042335,0.5727198452720544,-0.17599864126012477,1.3214383318042335,0.18785670313158512,-0.005451649735995652,2.307494643424289
2.771679245283017,20,20,37,0.6078844219986707,0.3825629279228826,-0.14193891673017922,1.3577077607275205,20 °C,20,TRUE,TRUE,0.6078844219986707,-0.14193891673017922,1.3577077607275205,0.6078844219986707,-0.14193891673017922,1.3577077607275205,0.22462756128509834,-0.0028595945400907426,2.5027582484730133
2.810716981132073,20,20,37,0.6430489987252863,0.3831828736884558,-0.10798943370408709,1.3940874311546598,20 °C,20,TRUE,TRUE,0.6430489987252863,-0.10798943370408709,1.3940874311546598,0.6430489987252863,-0.10798943370408709,1.3940874311546598,0.2659084870533184,-0.001259342300345737,2.709380714070511
2.84975471698113,20,20,37,0.678213575451905,0.3838587926030372,-0.07414965805004792,1.430576808953858,20 °C,20,TRUE,TRUE,0.678213575451905,-0.07414965805004792,1.430576808953858,0.678213575451905,-0.07414965805004792,1.430576808953858,0.311960376443682,-4.076875580502498e-4,2.9277469774009037
2.8887924528301863,20,20,37,0.7133781521785221,0.3845903895477411,-0.040419011335050437,1.4671753156920946,20 °C,20,TRUE,TRUE,0.7133781521785221,-0.040419011335050437,1.4671753156920946,0.7133781521785221,-0.040419011335050437,1.4671753156920946,0.3630441254636157,-6.603239643413932e-5,3.1582465831901807
2.927830188679243,20,20,37,0.7485427289051374,0.38537734742666013,-0.006796872051116454,1.5038823298613913,20 °C,20,TRUE,TRUE,0.7485427289051374,-0.006796872051116454,1.5038823298613913,0.7485427289051374,-0.006796872051116454,1.5038823298613913,0.4194206301205504,-3.1399829049518046e-7,3.401273611263937
2.9668679245282994,20,20,37,0.7837073056317545,0.38621932783075125,0.026717423083482128,1.5406971881800269,20 °C,20,TRUE,TRUE,0.7837073056317545,0.026717423083482128,1.5406971881800269,0.7837073056317545,0.026717423083482128,1.5406971881800269,0.481350786421924,1.9071449546703168e-5,3.657226600451814
3.005905660377356,20,20,37,0.8188718823583732,0.38711597173685564,0.060124577754136155,1.5776191869626102,20 °C,20,TRUE,TRUE,0.8188718823583732,0.060124577754136155,1.5776191869626102,0.8188718823583732,0.060124577754136155,1.5776191869626102,0.5490954903751689,2.173482352090981e-4,3.9265084691084953
3.0449433962264125,20,20,37,0.8540364590849887,0.3880669002386134,0.09342533461730651,1.6146475835526708,20 °C,20,TRUE,TRUE,0.8540364590849887,0.09342533461730651,1.6146475835526708,0.8540364590849887,0.09342533461730651,1.6146475835526708,0.622915637987708,8.154437080230741e-4,4.209526432527397
3.0839811320754693,20,20,37,0.889201035811604,0.38907171530599,0.1266204738118637,1.6517815978113444,20 °C,20,TRUE,TRUE,0.889201035811604,0.1266204738118637,1.6517815978113444,0.889201035811604,0.1266204738118637,1.6517815978113444,0.7030721252669784,0.0020300736909562188,4.506691917528377
3.1230188679245257,20,20,37,0.9243656125382211,0.39013000057005137,0.15971081142092047,1.6890204136555218,20 °C,20,TRUE,TRUE,0.9243656125382211,0.15971081142092047,1.6890204136555218,0.9243656125382211,0.15971081142092047,1.6890204136555218,0.7898258482204171,0.004073830435358291,4.818420474502896
3.1620566037735824,20,20,37,0.9595301892648398,0.39124132212962226,0.19269719789078021,1.7263631806388995,20 °C,20,TRUE,TRUE,0.9595301892648398,0.19269719789078021,1.7263631806388995,0.9595301892648398,0.19269719789078021,1.7263631806388995,0.8834377028554569,0.007155272832936303,5.145131687202047
3.201094339622639,20,20,37,0.994694765991456,0.3924052293764511,0.22558051641361188,1.7638090155693003,20 °C,20,TRUE,TRUE,0.994694765991456,0.22558051641361188,1.7638090155693003,0.994694765991456,0.22558051641361188,1.7638090155693003,0.9841685851795187,0.011479018600482801,5.487249080551801
3.2401320754716956,20,20,37,1.0298593427180722,0.3936212558355286,0.25836168128043624,1.801357004155708,20 °C,20,TRUE,TRUE,1.0298593427180722,0.25836168128043624,1.801357004155708,1.0298593427180722,0.25836168128043624,1.801357004155708,1.092279391200041,0.017245838155097445,5.8452000267778566
3.279169811320752,20,20,37,1.0650239194446902,0.3948889200172566,0.2910416362108672,1.8390062026785132,20 °C,20,TRUE,TRUE,1.0650239194446902,0.2910416362108672,1.8390062026785132,1.0650239194446902,0.2910416362108672,1.8390062026785132,1.2080310169244617,0.02465274990139967,6.2194156501184175
3.3182075471698087,20,20,37,1.1001884961713064,0.39620772627821943,0.32362135266599634,1.8767556396766165,20 °C,20,TRUE,TRUE,1.1001884961713064,0.32362135266599634,1.8767556396766165,1.1001884961713064,0.32362135266599634,1.8767556396766165,1.3316843583602016,0.033893116657445835,6.610330730398213
3.357245283018865,20,20,37,1.1353530728979226,0.3975771656873925,0.3561018281506334,1.9146043176452119,20 °C,20,TRUE,TRUE,1.1353530728979226,0.3561018281506334,1.9146043176452119,1.1353530728979226,0.3561018281506334,1.9146043176452119,1.463500311514698,0.04515674295261425,7.018383605730638
3.396283018867922,20,20,37,1.1705176496245413,0.3989967168947488,0.3884840845108336,1.952551214738249,20 °C,20,TRUE,TRUE,1.1705176496245413,0.3884840845108336,1.952551214738249,1.1705176496245413,0.3884840845108336,1.952551214738249,1.6037397723953932,0.05862997293845117,7.444016074607007
3.435320754716978,20,20,37,1.2056822263511568,0.4004658469992917,0.4207691662325451,1.9905952864697687,20 °C,20,TRUE,TRUE,1.2056822263511568,0.4207691662325451,1.9905952864697687,1.2056822263511568,0.4207691662325451,1.9905952864697687,1.752663637009697,0.074495788662348,7.887673297622649
3.474358490566035,20,20,37,1.2408468030777737,0.4019840124137205,0.4529581387468815,2.0287354674086657,20 °C,20,TRUE,TRUE,1.2408468030777737,0.4529581387468815,2.0287354674086657,1.2408468030777737,0.4529581387468815,2.0287354674086657,1.9105328013650598,0.09293390846371644,8.349803699080958
3.5133962264150913,20,20,37,1.2760113798043902,0.4035506597230547,0.4850520867472029,2.0669706728615775,20 °C,20,TRUE,TRUE,1.2760113798043902,0.4850520867472029,2.0669706728615775,1.2760113798043902,0.4850520867472029,2.0669706728615775,2.0776081614689055,0.11412088526293127,8.830858868704404
3.552433962264148,20,20,37,1.311175956531007,0.4051652265346749,0.5170521125230443,2.10529980053897,20 °C,20,TRUE,TRUE,1.311175956531007,0.5170521125230443,2.10529980053897,1.311175956531007,0.5170521125230443,2.10529980053897,2.254150613328671,0.13823020452473153,9.331293463671006
3.5914716981132044,20,20,37,1.3463405332576242,0.40682714231744677,0.5489593343154285,2.1437217321998197,20 °C,20,TRUE,TRUE,1.3463405332576242,0.5489593343154285,2.1437217321998197,1.3463405332576242,0.5489593343154285,2.1437217321998197,2.440421052951787,0.16543238168958663,9.851565111183117
3.6305094339622612,20,20,37,1.3815051099842413,0.40853582922770565,0.5807748846979381,2.182235335270544,20 °C,20,TRUE,TRUE,1.3815051099842413,0.5807748846979381,2.182235335270544,1.3815051099842413,0.5807748846979381,2.182235335270544,2.6366803763456845,0.19589505887898928,10.392134311762023
3.6695471698113176,20,20,37,1.4166696867108584,0.41029070292009034,0.6124999089874813,2.2208394644342353,20 °C,20,TRUE,TRUE,1.4166696867108584,0.6124999089874813,2.2208394644342353,1.4166696867108584,0.6124999089874813,2.2208394644342353,2.8431894795177968,0.22978310069326957,10.9534643434502
3.7085849056603744,20,20,37,1.451834263437474,0.41209117334135875,0.6441355636884107,2.259532963186537,20 °C,20,TRUE,TRUE,1.451834263437474,0.6441355636884107,2.259532963186537,1.451834263437474,0.6441355636884107,2.259532963186537,3.0602092584755445,0.26725868893347776,11.536021167089347
3.747622641509431,20,20,37,1.4869988401640923,0.41393664550551407,0.6756830149732848,2.2983146653549,20 °C,20,TRUE,TRUE,1.4869988401640923,0.6756830149732848,2.2983146653549,1.4869988401640923,0.6756830149732848,2.2983146653549,3.2880006092263887,0.30848141609188534,12.140273332830093
3.7866603773584875,20,20,37,1.5221634168907077,0.4158265202487216,0.7071434372032134,2.337183396578202,20 °C,20,TRUE,FALSE,1.5221634168907077,0.7071434372032134,2.337183396578202,NA,NA,NA,3.526824427777722,0.35360837746866264,12.766691888014918
3.8256981132075443,20,20,37,1.5573279936173263,0.4177601949626925,0.738518011490449,2.3761379757442036,20 °C,20,TRUE,FALSE,1.5573279936173263,0.738518011490449,2.3761379757442036,NA,NA,NA,3.7769416101370212,0.4027942617853054,13.415750286565272
3.8647358490566006,20,20,37,1.592492570343942,0.4197370643053547,0.769807924305447,2.415177216382437,20 °C,20,TRUE,FALSE,1.592492570343942,0.769807924305447,2.415177216382437,NA,NA,NA,4.038613052311673,0.4561914401780096,14.087924299987652
3.9037735849056574,20,20,37,1.6276571470705592,0.421756520887811,0.8010143661304496,2.454299928010669,20 °C,20,TRUE,FALSE,1.6276571470705592,0.8010143661304496,2.454299928010669,NA,NA,NA,4.312099650309142,0.5139500534669356,14.783691930104721
3.9428113207547137,20,20,37,1.6628217237971745,0.42381795593675414,0.8321385301611364,2.4935049174332127,20 °C,20,TRUE,FALSE,1.6628217237971745,0.8321385301611364,2.4935049174332127,NA,NA,NA,4.597662300136834,0.5762180976091973,15.503533323602172
3.9818490566037705,20,20,37,1.6979863005237916,0.4259207599316204,0.8631816110578157,2.532790989989768,20 °C,20,TRUE,FALSE,1.6979863005237916,0.8631816110578157,2.532790989989768,NA,NA,NA,4.895561897802211,0.643141507255635,16.247930688471964
4.020886792452827,20,20,37,1.7331508772504103,0.42806432321597804,0.8941448037470934,2.572156950753727,20 °C,20,TRUE,FALSE,1.7331508772504103,0.8941448037470934,2.572156950753727,NA,NA,NA,5.206059339312706,0.7148642373423838,17.017368212420784
4.059924528301884,20,20,37,1.7683154539770256,0.4302480365827148,0.9250293022749045,2.6116016056791467,20 °C,20,TRUE,FALSE,1.7683154539770256,0.9250293022749045,2.6116016056791467,NA,NA,NA,5.529415520675704,0.7915283426596005,17.812331983301174
4.0989622641509404,20,20,37,1.803480030703644,0.4324712918327788,0.9558362987113975,2.6511237626958906,20 °C,20,TRUE,FALSE,1.803480030703644,0.9558362987113975,2.6511237626958906,NA,NA,NA,5.865891337898699,0.8732740553498974,18.633309911613452
4.137999999999996,20,20,37,1.8386446074302598,0.4347334823073181,0.9865669821079163,2.6907222327526035,20 °C,20,FALSE,FALSE,NA,NA,NA,NA,NA,NA,NA,NA,NA
4.177037735849053,20,20,37,1.873809184156877,0.43703400339319776,1.0172225375062092,2.7303958308075447,20 °C,20,FALSE,FALSE,NA,NA,NA,NA,NA,NA,NA,NA,NA
4.21607547169811,20,20,37,1.9089737608834938,0.43937225300197114,1.0478041449996303,2.7701433767673573,20 °C,20,FALSE,FALSE,NA,NA,NA,NA,NA,NA,NA,NA,NA
4.255113207547167,20,20,37,1.9441383376101105,0.44174763202248607,1.078312978846038,2.809963696374183,20 °C,20,FALSE,FALSE,NA,NA,NA,NA,NA,NA,NA,NA,NA
4.294150943396223,20,20,37,1.9793029143367267,0.4441595447474056,1.1087502066318118,2.8498556220416416,20 °C,20,FALSE,FALSE,NA,NA,NA,NA,NA,NA,NA,NA,NA
4.333188679245279,20,20,37,2.0144674910633436,0.44660739927398746,1.1391169884863281,2.889817993640359,20 °C,20,FALSE,FALSE,NA,NA,NA,NA,NA,NA,NA,NA,NA
4.372226415094336,20,20,37,2.049632067789962,0.44909060787955823,1.169414476346028,2.929849659233896,20 °C,20,FALSE,FALSE,NA,NA,NA,NA,NA,NA,NA,NA,NA
4.411264150943393,20,20,37,2.0847966445165773,0.4516085873721743,1.1996438132671157,2.9699494757660387,20 °C,20,FALSE,FALSE,NA,NA,NA,NA,NA,NA,NA,NA,NA
4.450301886792449,20,20,37,2.119961221243193,0.45416075941703093,1.2298061327858125,3.0101163097005736,20 °C,20,FALSE,FALSE,NA,NA,NA,NA,NA,NA,NA,NA,NA
4.489339622641506,20,20,37,2.1551257979698115,0.4567465508392168,1.2599025583249466,3.0503490376146765,20 °C,20,FALSE,FALSE,NA,NA,NA,NA,NA,NA,NA,NA,NA
4.5283773584905624,20,20,37,2.190290374696427,0.459365393903471,1.2899342026456238,3.09064654674723,20 °C,20,FALSE,FALSE,NA,NA,NA,NA,NA,NA,NA,NA,NA
4.567415094339619,20,20,37,2.2254549514230457,0.46201672657163123,1.3199021673426485,3.131007735503443,20 °C,20,FALSE,FALSE,NA,NA,NA,NA,NA,NA,NA,NA,NA
4.606452830188675,20,20,37,2.2606195281496615,0.46469999273847895,1.3498075423822429,3.17143151391708,20 °C,20,FALSE,FALSE,NA,NA,NA,NA,NA,NA,NA,NA,NA
4.645490566037732,20,20,37,2.29578410487628,0.4674146424467512,1.3796514056806477,3.211916804071912,20 °C,20,FALSE,FALSE,NA,NA,NA,NA,NA,NA,NA,NA,NA
4.684528301886789,20,20,37,2.3309486816028953,0.47016013208204727,1.4094348227220825,3.252462540483708,20 °C,20,FALSE,FALSE,NA,NA,NA,NA,NA,NA,NA,NA,NA
4.7235660377358455,20,20,37,2.3661132583295124,0.4729359245484489,1.4391588462145526,3.293067670444472,20 °C,20,FALSE,FALSE,NA,NA,NA,NA,NA,NA,NA,NA,NA
4.762603773584901,20,20,37,2.401277835056128,0.4757414894255991,1.468824515781954,3.3337311543303025,20 °C,20,FALSE,FALSE,NA,NA,NA,NA,NA,NA,NA,NA,NA
4.801641509433958,20,20,37,2.4364424117827452,0.47857630310806487,1.498432857690938,3.3744519658745524,20 °C,20,FALSE,FALSE,NA,NA,NA,NA,NA,NA,NA,NA,NA
4.840679245283015,20,20,37,2.4716069885093623,0.4814398489277562,1.52798488461096,3.4152290924077646,20 °C,20,FALSE,FALSE,NA,NA,NA,NA,NA,NA,NA,NA,NA
4.879716981132072,20,20,37,2.506771565235979,0.4843316172602017,1.5574815954059837,3.4560615350659742,20 °C,20,FALSE,FALSE,NA,NA,NA,NA,NA,NA,NA,NA,NA
4.918754716981128,20,20,37,2.5419361419625948,0.4872511056154597,1.5869239749562938,3.4969483089688955,20 °C,20,FALSE,FALSE,NA,NA,NA,NA,NA,NA,NA,NA,NA
4.957792452830184,20,20,37,2.577100718689213,0.4901978187144436,1.6163129940089038,3.5378884433695226,20 °C,20,FALSE,FALSE,NA,NA,NA,NA,NA,NA,NA,NA,NA
4.996830188679241,20,20,37,2.6122652954158285,0.49317126855141385,1.6456496090550574,3.5788809817765994,20 °C,20,FALSE,FALSE,NA,NA,NA,NA,NA,NA,NA,NA,NA
5.035867924528298,20,20,37,2.6474298721424474,0.4961709744434146,1.6749347622333548,3.61992498205154,20 °C,20,FALSE,FALSE,NA,NA,NA,NA,NA,NA,NA,NA,NA
5.074905660377355,20,20,37,2.6825944488690627,0.49919646306734505,1.7041693812570664,3.6610195164810593,20 °C,20,FALSE,FALSE,NA,NA,NA,NA,NA,NA,NA,NA,NA
5.113943396226411,20,20,37,2.71775902559568,0.5022472684854248,1.7333543793642474,3.7021636718271123,20 °C,20,FALSE,FALSE,NA,NA,NA,NA,NA,NA,NA,NA,NA
5.1529811320754675,20,20,37,2.752923602322297,0.5053229321597199,1.762490655289246,3.743356549355348,20 °C,20,FALSE,FALSE,NA,NA,NA,NA,NA,NA,NA,NA,NA
5.192018867924524,20,20,37,2.7880881790489154,0.508423002956423,1.7915790932543265,3.7845972648435042,20 °C,20,FALSE,FALSE,NA,NA,NA,NA,NA,NA,NA,NA,NA
5.231056603773581,20,20,37,2.8232527557755325,0.5115470371405367,1.8206205629800805,3.8258849485709847,20 °C,20,FALSE,FALSE,NA,NA,NA,NA,NA,NA,NA,NA,NA
5.270094339622637,20,20,37,2.858417332502148,0.5146945983615898,1.8496159197134319,3.867218745290864,20 °C,20,FALSE,FALSE,NA,NA,NA,NA,NA,NA,NA,NA,NA
5.309132075471694,20,20,37,2.8935819092287636,0.5178652576310173,1.8785660042719696,3.9085978141855575,20 °C,20,FALSE,FALSE,NA,NA,NA,NA,NA,NA,NA,NA,NA
5.3481698113207505,20,20,37,2.928746485955382,0.5210585932917565,1.9074716431035392,3.9500213288072246,20 °C,20,FALSE,FALSE,NA,NA,NA,NA,NA,NA,NA,NA,NA
5.387207547169807,20,20,37,2.963911062681999,0.5242741909806662,1.9363336483598934,3.991488477004105,20 °C,20,FALSE,FALSE,NA,NA,NA,NA,NA,NA,NA,NA,NA
5.426245283018863,20,20,37,2.9990756394086144,0.527511643584275,1.9651528179834354,4.032998460833793,20 °C,20,FALSE,FALSE,NA,NA,NA,NA,NA,NA,NA,NA,NA
5.46528301886792,20,20,37,3.0342402161352333,0.5307705511884011,1.9939299358059672,4.074550496464499,20 °C,20,FALSE,FALSE,NA,NA,NA,NA,NA,NA,NA,NA,NA
5.504320754716977,20,20,37,3.06940479286185,0.5340505210221197,2.0226657716584953,4.116143814065205,20 °C,20,FALSE,FALSE,NA,NA,NA,NA,NA,NA,NA,NA,NA
5.543358490566034,20,20,37,3.1045693695884657,0.5373511673965735,2.051361081491182,4.15777765768575,20 °C,20,FALSE,FALSE,NA,NA,NA,NA,NA,NA,NA,NA,NA
5.5823962264150895,20,20,37,3.139733946315083,0.5406721116390466,2.0800166075025515,4.199451285127614,20 °C,20,FALSE,FALSE,NA,NA,NA,NA,NA,NA,NA,NA,NA
5.621433962264146,20,20,37,3.174898523041697,0.5440129820227587,2.10863307827709,4.241163967806304,20 °C,20,FALSE,FALSE,NA,NA,NA,NA,NA,NA,NA,NA,NA
5.660471698113203,20,20,37,3.2100630997683153,0.5473734136927624,2.137211208930501,4.2829149906061295,20 °C,20,FALSE,FALSE,NA,NA,NA,NA,NA,NA,NA,NA,NA
5.69950943396226,20,20,37,3.2452276764949324,0.5507530485883341,2.1657517012617977,4.324703651728067,20 °C,20,FALSE,FALSE,NA,NA,NA,NA,NA,NA,NA,NA,NA
5.738547169811316,20,20,37,3.2803922532215495,0.554151535362237,2.194255243911565,4.366529262531534,20 °C,20,FALSE,FALSE,NA,NA,NA,NA,NA,NA,NA,NA,NA
5.7775849056603725,20,20,37,3.3155568299481666,0.5575685292971687,2.222722512525716,4.408391147370617,20 °C,20,FALSE,FALSE,NA,NA,NA,NA,NA,NA,NA,NA,NA
5.816622641509429,20,20,37,3.350721406674785,0.5610036922197522,2.251154169924071,4.450288643425499,20 °C,20,FALSE,FALSE,NA,NA,NA,NA,NA,NA,NA,NA,NA
5.855660377358486,20,20,37,3.385885983401399,0.5644566924123458,2.279550866273201,4.492221100529597,20 °C,20,FALSE,FALSE,NA,NA,NA,NA,NA,NA,NA,NA,NA
5.894698113207542,20,20,37,3.421050560128015,0.5679272045229731,2.3079132392629873,4.534187880993042,20 °C,20,FALSE,FALSE,NA,NA,NA,NA,NA,NA,NA,NA,NA
5.933735849056599,20,20,37,3.456215136854633,0.5714149094736471,2.336241914286285,4.576188359422981,20 °C,20,FALSE,FALSE,NA,NA,NA,NA,NA,NA,NA,NA,NA
5.972773584905656,20,20,37,3.49137971358125,0.5749194943673219,2.364537504621299,4.618221922541201,20 °C,20,FALSE,FALSE,NA,NA,NA,NA,NA,NA,NA,NA,NA
6.011811320754712,20,20,37,3.5265442903078688,0.5784406523937288,2.3928006116161606,4.660287968999577,20 °C,20,FALSE,FALSE,NA,NA,NA,NA,NA,NA,NA,NA,NA
6.050849056603768,20,20,37,3.561708867034483,0.5819780827342984,2.421031824875258,4.702385909193708,20 °C,20,FALSE,FALSE,NA,NA,NA,NA,NA,NA,NA,NA,NA
6.089886792452825,20,20,37,3.5968734437611,0.5855314904663983,2.4492317224469593,4.74451516507524,20 °C,20,FALSE,FALSE,NA,NA,NA,NA,NA,NA,NA,NA,NA
6.128924528301882,20,20,37,3.6320380204877183,0.5891005864670458,2.4774008710123088,4.786675169963128,20 °C,20,FALSE,FALSE,NA,NA,NA,NA,NA,NA,NA,NA,NA
6.167962264150939,20,20,37,3.6672025972143323,0.5926850873163046,2.505539826074375,4.82886536835429,20 °C,20,FALSE,FALSE,NA,NA,NA,NA,NA,NA,NA,NA,NA
6.2069999999999945,20,20,37,3.702367173940951,0.5962847152005147,2.5336491321479424,4.8710852157339595,20 °C,20,FALSE,FALSE,NA,NA,NA,NA,NA,NA,NA,NA,NA
