deployment_id,deployment_day_id,observation_order,previous_image_filename,previous_timestamp_recorded,current_image_filename,current_timestamp_recorded,previous_bi,current_bi,delta_bi,delta_bi_signed_cuberoot,previous_sun_exposed_bi,mean_temperature_c,maximum_wind_gust_m_s,minutes_since_first_daily_observation,minutes_gust_at_or_above_2_m_s,primary_observer
SC10,SC10_20240106,11,SC10_20240106113604.JPG,2024-01-06 11:36:04,SC10_20240106120604.JPG,2024-01-06 12:06:04,0.0,1.0,1.0,1.0,0.0,17.0,2.0,300.0,1,Emery
SC10,SC10_20240106,12,SC10_20240106120604.JPG,2024-01-06 12:06:04,SC10_20240106123604.JPG,2024-01-06 12:36:04,1.0,4.0,3.0,1.4422495703074083,1.0,17.0,2.0,330.0,1,Emery
SC10,SC10_20240106,13,SC10_20240106123604.JPG,2024-01-06 12:36:04,SC10_20240106130604.JPG,2024-01-06 13:06:04,4.0,3.0,-1.0,-1.0,4.0,17.0,2.2,360.0,1,Emery
SC10,SC10_20240106,14,SC10_20240106130604.JPG,2024-01-06 13:06:04,SC10_20240106133604.JPG,2024-01-06 13:36:04,3.0,25.0,22.0,2.802039330655387,3.0,16.5,2.0,390.0,1,Emery
SC10,SC10_20240106,15,SC10_20240106133604.JPG,2024-01-06 13:36:04,SC10_20240106140604.JPG,2024-01-06 14:06:04,25.0,19.0,-6.0,-1.8171205928321397,0.0,15.5,1.6,420.0,0,Emery
SC10,SC10_20240106,16,SC10_20240106140604.JPG,2024-01-06 14:06:04,SC10_20240106143604.JPG,2024-01-06 14:36:04,19.0,30.0,11.0,2.2239800905693152,0.0,15.0,1.3,450.0,0,Emery
SC10,SC10_20240106,17,SC10_20240106143604.JPG,2024-01-06 14:36:04,SC10_20240106150604.JPG,2024-01-06 15:06:04,30.0,20.0,-10.0,-2.154434690031884,0.0,15.0,1.6,480.0,0,Emery
SC10,SC10_20240106,18,SC10_20240106150604.JPG,2024-01-06 15:06:04,SC10_20240106153604.JPG,2024-01-06 15:36:04,20.0,19.0,-1.0,-1.0,0.0,14.5,1.3,510.0,0,Emery
SC10,SC10_20240106,19,SC10_20240106153604.JPG,2024-01-06 15:36:04,SC10_20240106160604.JPG,2024-01-06 16:06:04,19.0,39.0,20.0,2.7144176165949063,0.0,13.5,0.9,540.0,0,Emery
SC10,SC10_20240106,20,SC10_20240106160604.JPG,2024-01-06 16:06:04,SC10_20240106163604.JPG,2024-01-06 16:36:04,39.0,28.0,-11.0,-2.2239800905693152,0.0,13.0,1.2,570.0,0,Emery
SC10,SC10_20240106,21,SC10_20240106163604.JPG,2024-01-06 16:36:04,SC10_20240106170604.JPG,2024-01-06 17:06:04,28.0,15.0,-13.0,-2.3513346877207573,0.0,12.5,3.0,600.0,15,Emery
SC10,SC10_20240106,22,SC10_20240106170604.JPG,2024-01-06 17:06:04,SC10_20240106173605.JPG,2024-01-06 17:36:05,15.0,0.0,-15.0,-2.46621207433047,0.0,12.0,3.7,630.0166666666667,30,Emery
SC10,SC10_20240107,2,SC10_20240107070604.JPG,2024-01-07 07:06:04,SC10_20240107073604.JPG,2024-01-07 07:36:04,10.0,10.0,0.0,0.0,0.0,5.0,1.3,30.0,0,Emery
SC10,SC10_20240107,3,SC10_20240107073604.JPG,2024-01-07 07:36:04,SC10_20240107080604.JPG,2024-01-07 08:06:04,10.0,9.0,-1.0,-1.0,0.0,5.5,1.6,60.0,0,Emery
SC10,SC10_20240107,4,SC10_20240107080604.JPG,2024-01-07 08:06:04,SC10_20240107083604.JPG,2024-01-07 08:36:04,9.0,4.0,-5.0,-1.7099759466766968,0.0,6.5,2.0,90.0,2,Emery
SC10,SC10_20240107,5,SC10_20240107083604.JPG,2024-01-07 08:36:04,SC10_20240107090604.JPG,2024-01-07 09:06:04,4.0,4.0,0.0,0.0,0.0,7.5,1.8,120.0,0,Emery
SC10,SC10_20240107,6,SC10_20240107090604.JPG,2024-01-07 09:06:04,SC10_20240107093604.JPG,2024-01-07 09:36:04,4.0,7.0,3.0,1.4422495703074083,2.0,9.0,1.6,150.0,0,Emery
SC10,SC10_20240107,7,SC10_20240107093604.JPG,2024-01-07 09:36:04,SC10_20240107100604.JPG,2024-01-07 10:06:04,7.0,3.0,-4.0,-1.5874010519681994,7.0,11.0,1.8,180.0,0,Emery
SC10,SC10_20240107,8,SC10_20240107100604.JPG,2024-01-07 10:06:04,SC10_20240107103604.JPG,2024-01-07 10:36:04,3.0,0.0,-3.0,-1.4422495703074083,3.0,12.5,2.4,210.0,8,Emery
SC10,SC10_20240107,11,SC10_20240107113604.JPG,2024-01-07 11:36:04,SC10_20240107120604.JPG,2024-01-07 12:06:04,0.0,5.0,5.0,1.7099759466766968,0.0,16.5,3.0,300.0,24,Emery
SC10,SC10_20240107,12,SC10_20240107120604.JPG,2024-01-07 12:06:04,SC10_20240107123604.JPG,2024-01-07 12:36:04,5.0,8.0,3.0,1.4422495703074083,5.0,17.0,2.8,330.0,25,Emery
SC10,SC10_20240107,13,SC10_20240107123604.JPG,2024-01-07 12:36:04,SC10_20240107130604.JPG,2024-01-07 13:06:04,8.0,34.0,26.0,2.9624960684073702,8.0,17.5,3.0,360.0,25,Emery
SC10,SC10_20240107,14,SC10_20240107130604.JPG,2024-01-07 13:06:04,SC10_20240107133604.JPG,2024-01-07 13:36:04,34.0,39.0,5.0,1.7099759466766968,34.0,18.5,2.8,390.0,18,Emery
SC10,SC10_20240107,15,SC10_20240107133604.JPG,2024-01-07 13:36:04,SC10_20240107140604.JPG,2024-01-07 14:06:04,39.0,77.0,38.0,3.361975406798963,39.0,18.5,2.6,420.0,16,Emery
SC10,SC10_20240107,16,SC10_20240107140604.JPG,2024-01-07 14:06:04,SC10_20240107143604.JPG,2024-01-07 14:36:04,77.0,59.0,-18.0,-2.6207413942088964,4.0,18.5,2.4,450.0,14,Emery
SC10,SC10_20240107,17,SC10_20240107143604.JPG,2024-01-07 14:36:04,SC10_20240107150604.JPG,2024-01-07 15:06:04,59.0,68.0,9.0,2.080083823051904,2.0,18.5,3.0,480.0,29,Emery
SC10,SC10_20240107,18,SC10_20240107150604.JPG,2024-01-07 15:06:04,SC10_20240107153604.JPG,2024-01-07 15:36:04,68.0,78.0,10.0,2.154434690031884,0.0,16.5,3.7,510.0,27,Emery
SC10,SC10_20240107,19,SC10_20240107153604.JPG,2024-01-07 15:36:04,SC10_20240107160604.JPG,2024-01-07 16:06:04,78.0,68.0,-10.0,-2.154434690031884,0.0,14.0,3.2,540.0,30,Emery
SC10,SC10_20240107,20,SC10_20240107160604.JPG,2024-01-07 16:06:04,SC10_20240107163604.JPG,2024-01-07 16:36:04,68.0,69.0,1.0,1.0,0.0,12.5,4.1,570.0,30,Emery
SC10,SC10_20240107,21,SC10_20240107163604.JPG,2024-01-07 16:36:04,SC10_20240107170604.JPG,2024-01-07 17:06:04,69.0,58.0,-11.0,-2.2239800905693152,0.0,11.5,3.2,600.0,29,Emery
SC10,SC10_20240108,2,SC10_20240108070604.JPG,2024-01-08 07:06:04,SC10_20240108073604.JPG,2024-01-08 07:36:04,60.0,69.0,9.0,2.080083823051904,0.0,3.0,0.0,30.0,0,Emery
SC10,SC10_20240108,3,SC10_20240108073604.JPG,2024-01-08 07:36:04,SC10_20240108080604.JPG,2024-01-08 08:06:04,69.0,61.0,-8.0,-2.0,0.0,3.0,0.0,60.0,0,Emery
SC10,SC10_20240108,4,SC10_20240108080604.JPG,2024-01-08 08:06:04,SC10_20240108083604.JPG,2024-01-08 08:36:04,61.0,68.0,7.0,1.912931182772389,0.0,4.0,0.0,90.0,0,Emery
SC10,SC10_20240108,5,SC10_20240108083604.JPG,2024-01-08 08:36:04,SC10_20240108090604.JPG,2024-01-08 09:06:04,68.0,28.0,-40.0,-3.4199518933533937,0.0,6.0,1.3,120.0,0,Emery
SC10,SC10_20240108,6,SC10_20240108090604.JPG,2024-01-08 09:06:04,SC10_20240108093604.JPG,2024-01-08 09:36:04,28.0,49.0,21.0,2.7589241763811203,0.0,8.5,1.3,150.0,0,Emery
SC10,SC10_20240108,7,SC10_20240108093604.JPG,2024-01-08 09:36:04,SC10_20240108100604.JPG,2024-01-08 10:06:04,49.0,46.0,-3.0,-1.4422495703074083,7.0,11.0,1.3,180.0,0,Emery
SC10,SC10_20240108,8,SC10_20240108100604.JPG,2024-01-08 10:06:04,SC10_20240108103604.JPG,2024-01-08 10:36:04,46.0,46.0,0.0,0.0,46.0,13.0,1.6,210.0,0,Emery
SC10,SC10_20240108,9,SC10_20240108103604.JPG,2024-01-08 10:36:04,SC10_20240108110604.JPG,2024-01-08 11:06:04,46.0,36.0,-10.0,-2.154434690031884,46.0,15.0,2.4,240.0,3,Emery
SC10,SC10_20240108,10,SC10_20240108110604.JPG,2024-01-08 11:06:04,SC10_20240108113604.JPG,2024-01-08 11:36:04,36.0,20.0,-16.0,-2.5198420997897464,36.0,16.5,2.2,270.0,6,Emery
SC10,SC10_20240108,11,SC10_20240108113604.JPG,2024-01-08 11:36:04,SC10_20240108120604.JPG,2024-01-08 12:06:04,20.0,47.0,27.0,3.0,20.0,17.5,2.4,300.0,8,Emery
SC10,SC10_20240108,12,SC10_20240108120604.JPG,2024-01-08 12:06:04,SC10_20240108123604.JPG,2024-01-08 12:36:04,47.0,9.0,-38.0,-3.361975406798963,0.0,18.5,3.2,330.0,24,Emery
SC10,SC10_20240108,13,SC10_20240108123604.JPG,2024-01-08 12:36:04,SC10_20240108130604.JPG,2024-01-08 13:06:04,9.0,66.0,57.0,3.8485011312768047,9.0,18.5,3.0,360.0,30,Emery
SC10,SC10_20240108,14,SC10_20240108130604.JPG,2024-01-08 13:06:04,SC10_20240108133604.JPG,2024-01-08 13:36:04,66.0,66.0,0.0,0.0,2.0,18.0,2.8,390.0,27,Emery
SC10,SC10_20240108,15,SC10_20240108133604.JPG,2024-01-08 13:36:04,SC10_20240108140604.JPG,2024-01-08 14:06:04,66.0,80.0,14.0,2.4101422641752297,4.0,18.0,3.0,420.0,22,Emery
SC10,SC10_20240108,16,SC10_20240108140604.JPG,2024-01-08 14:06:04,SC10_20240108143604.JPG,2024-01-08 14:36:04,80.0,108.0,28.0,3.0365889718756622,3.0,18.5,2.6,450.0,21,Emery
SC10,SC10_20240108,17,SC10_20240108143604.JPG,2024-01-08 14:36:04,SC10_20240108150604.JPG,2024-01-08 15:06:04,108.0,130.0,22.0,2.802039330655387,3.0,18.5,2.8,480.0,19,Emery
SC10,SC10_20240108,18,SC10_20240108150604.JPG,2024-01-08 15:06:04,SC10_20240108153604.JPG,2024-01-08 15:36:04,130.0,91.0,-39.0,-3.3912114430141664,0.0,17.0,2.6,510.0,16,Emery
SC10,SC10_20240108,19,SC10_20240108153604.JPG,2024-01-08 15:36:04,SC10_20240108160604.JPG,2024-01-08 16:06:04,91.0,127.0,36.0,3.3019272488946263,0.0,14.5,2.8,540.0,13,Emery
SC10,SC10_20240108,20,SC10_20240108160604.JPG,2024-01-08 16:06:04,SC10_20240108163604.JPG,2024-01-08 16:36:04,127.0,127.0,0.0,0.0,0.0,12.5,2.2,570.0,5,Emery
SC10,SC10_20240108,21,SC10_20240108163604.JPG,2024-01-08 16:36:04,SC10_20240108170604.JPG,2024-01-08 17:06:04,127.0,110.0,-17.0,-2.571281590658235,0.0,11.5,1.8,600.0,0,Emery
SC10,SC10_20240109,2,SC10_20240109070604.JPG,2024-01-09 07:06:04,SC10_20240109073604.JPG,2024-01-09 07:36:04,109.0,109.0,0.0,0.0,0.0,5.5,0.0,30.0,0,Emery
SC10,SC10_20240109,3,SC10_20240109073604.JPG,2024-01-09 07:36:04,SC10_20240109080604.JPG,2024-01-09 08:06:04,109.0,109.0,0.0,0.0,0.0,6.0,0.0,60.0,0,Emery
SC10,SC10_20240109,4,SC10_20240109080604.JPG,2024-01-09 08:06:04,SC10_20240109083604.JPG,2024-01-09 08:36:04,109.0,108.0,-1.0,-1.0,0.0,7.0,0.0,90.0,0,Emery
SC10,SC10_20240109,5,SC10_20240109083604.JPG,2024-01-09 08:36:04,SC10_20240109090604.JPG,2024-01-09 09:06:04,108.0,65.0,-43.0,-3.503398060386724,0.0,9.0,1.2,120.0,0,Emery
SC10,SC10_20240109,6,SC10_20240109090604.JPG,2024-01-09 09:06:04,SC10_20240109093604.JPG,2024-01-09 09:36:04,65.0,88.0,23.0,2.8438669798515654,1.0,11.0,2.6,150.0,8,Emery
SC10,SC10_20240109,7,SC10_20240109093604.JPG,2024-01-09 09:36:04,SC10_20240109100604.JPG,2024-01-09 10:06:04,88.0,64.0,-24.0,-2.8844991406148166,4.0,12.5,2.6,180.0,20,Emery
SC10,SC10_20240109,8,SC10_20240109100604.JPG,2024-01-09 10:06:04,SC10_20240109103604.JPG,2024-01-09 10:36:04,64.0,77.0,13.0,2.3513346877207573,64.0,13.5,2.8,210.0,25,Emery
SC10,SC10_20240109,9,SC10_20240109103604.JPG,2024-01-09 10:36:04,SC10_20240109110604.JPG,2024-01-09 11:06:04,77.0,56.0,-21.0,-2.7589241763811203,77.0,15.0,3.0,240.0,25,Emery
SC10,SC10_20240109,10,SC10_20240109110604.JPG,2024-01-09 11:06:04,SC10_20240109113604.JPG,2024-01-09 11:36:04,56.0,65.0,9.0,2.080083823051904,56.0,15.5,2.8,270.0,23,Emery
SC10,SC10_20240109,11,SC10_20240109113604.JPG,2024-01-09 11:36:04,SC10_20240109120604.JPG,2024-01-09 12:06:04,65.0,55.0,-10.0,-2.154434690031884,65.0,16.5,3.0,300.0,24,Emery
SC10,SC10_20240109,12,SC10_20240109120604.JPG,2024-01-09 12:06:04,SC10_20240109123604.JPG,2024-01-09 12:36:04,55.0,27.0,-28.0,-3.0365889718756622,55.0,18.0,3.0,330.0,26,Emery
SC10,SC10_20240109,13,SC10_20240109123604.JPG,2024-01-09 12:36:04,SC10_20240109130604.JPG,2024-01-09 13:06:04,27.0,21.0,-6.0,-1.8171205928321397,27.0,18.5,3.0,360.0,29,Emery
SC10,SC10_20240109,14,SC10_20240109130604.JPG,2024-01-09 13:06:04,SC10_20240109133604.JPG,2024-01-09 13:36:04,21.0,86.0,65.0,4.020725758589058,17.0,19.0,3.2,390.0,29,Emery
SC10,SC10_20240109,15,SC10_20240109133604.JPG,2024-01-09 13:36:04,SC10_20240109140604.JPG,2024-01-09 14:06:04,86.0,110.0,24.0,2.8844991406148166,45.0,18.0,3.2,420.0,30,Emery
SC10,SC10_20240109,16,SC10_20240109140604.JPG,2024-01-09 14:06:04,SC10_20240109143604.JPG,2024-01-09 14:36:04,110.0,128.0,18.0,2.6207413942088964,0.0,18.0,3.2,450.0,29,Emery
SC10,SC10_20240109,17,SC10_20240109143604.JPG,2024-01-09 14:36:04,SC10_20240109150604.JPG,2024-01-09 15:06:04,128.0,145.0,17.0,2.571281590658235,5.0,19.0,3.7,480.0,28,Emery
SC10,SC10_20240109,18,SC10_20240109150604.JPG,2024-01-09 15:06:04,SC10_20240109153604.JPG,2024-01-09 15:36:04,145.0,113.0,-32.0,-3.1748021039363987,0.0,17.5,3.4,510.0,29,Emery
SC10,SC10_20240109,19,SC10_20240109153604.JPG,2024-01-09 15:36:04,SC10_20240109160604.JPG,2024-01-09 16:06:04,113.0,141.0,28.0,3.0365889718756622,0.0,15.0,3.8,540.0,29,Emery
SC10,SC10_20240109,20,SC10_20240109160604.JPG,2024-01-09 16:06:04,SC10_20240109163604.JPG,2024-01-09 16:36:04,141.0,148.0,7.0,1.912931182772389,0.0,13.5,3.4,570.0,28,Emery
SC10,SC10_20240109,21,SC10_20240109163604.JPG,2024-01-09 16:36:04,SC10_20240109170604.JPG,2024-01-09 17:06:04,148.0,132.0,-16.0,-2.5198420997897464,0.0,12.5,3.4,600.0,26,Emery
SC10,SC10_20240110,2,SC10_20240110070604.JPG,2024-01-10 07:06:04,SC10_20240110073604.JPG,2024-01-10 07:36:04,120.0,128.0,8.0,2.0,0.0,7.0,1.2,30.0,0,Emery
SC10,SC10_20240110,3,SC10_20240110073604.JPG,2024-01-10 07:36:04,SC10_20240110080604.JPG,2024-01-10 08:06:04,128.0,104.0,-24.0,-2.8844991406148166,0.0,7.0,1.6,60.0,0,Emery
SC10,SC10_20240110,4,SC10_20240110080604.JPG,2024-01-10 08:06:04,SC10_20240110083604.JPG,2024-01-10 08:36:04,104.0,282.0,178.0,5.6252263283418555,0.0,7.5,2.8,90.0,11,Emery
SC10,SC10_20240110,5,SC10_20240110083604.JPG,2024-01-10 08:36:04,SC10_20240110090604.JPG,2024-01-10 09:06:04,282.0,69.0,-213.0,-5.972092619826399,11.0,9.0,3.2,120.0,22,Emery
SC10,SC10_20240110,6,SC10_20240110090604.JPG,2024-01-10 09:06:04,SC10_20240110093604.JPG,2024-01-10 09:36:04,69.0,180.0,111.0,4.805895533705332,6.0,10.5,3.0,150.0,21,Emery
SC10,SC10_20240110,7,SC10_20240110093604.JPG,2024-01-10 09:36:04,SC10_20240110100604.JPG,2024-01-10 10:06:04,180.0,94.0,-86.0,-4.414004962442103,40.0,11.5,2.8,180.0,25,Emery
SC10,SC10_20240110,8,SC10_20240110100604.JPG,2024-01-10 10:06:04,SC10_20240110103604.JPG,2024-01-10 10:36:04,94.0,75.0,-19.0,-2.668401648721945,94.0,12.5,3.2,210.0,26,Emery
SC10,SC10_20240110,9,SC10_20240110103604.JPG,2024-01-10 10:36:04,SC10_20240110110604.JPG,2024-01-10 11:06:04,75.0,47.0,-28.0,-3.0365889718756622,75.0,14.0,3.0,240.0,28,Emery
SC10,SC10_20240110,10,SC10_20240110110604.JPG,2024-01-10 11:06:04,SC10_20240110113604.JPG,2024-01-10 11:36:04,47.0,44.0,-3.0,-1.4422495703074083,47.0,15.5,2.8,270.0,27,Emery
SC10,SC10_20240110,11,SC10_20240110113604.JPG,2024-01-10 11:36:04,SC10_20240110120604.JPG,2024-01-10 12:06:04,44.0,56.0,12.0,2.2894284851066637,44.0,16.5,3.0,300.0,27,Emery
SC10,SC10_20240110,12,SC10_20240110120604.JPG,2024-01-10 12:06:04,SC10_20240110123604.JPG,2024-01-10 12:36:04,56.0,48.0,-8.0,-2.0,54.0,17.5,3.0,330.0,24,Emery
SC10,SC10_20240110,13,SC10_20240110123604.JPG,2024-01-10 12:36:04,SC10_20240110130604.JPG,2024-01-10 13:06:04,48.0,68.0,20.0,2.7144176165949063,4.0,18.0,3.4,360.0,27,Emery
SC10,SC10_20240110,14,SC10_20240110130604.JPG,2024-01-10 13:06:04,SC10_20240110133604.JPG,2024-01-10 13:36:04,68.0,88.0,20.0,2.7144176165949063,10.0,18.0,3.7,390.0,28,Emery
SC10,SC10_20240110,15,SC10_20240110133604.JPG,2024-01-10 13:36:04,SC10_20240110140604.JPG,2024-01-10 14:06:04,88.0,88.0,0.0,0.0,0.0,17.5,3.8,420.0,30,Emery
SC10,SC10_20240110,16,SC10_20240110140604.JPG,2024-01-10 14:06:04,SC10_20240110143604.JPG,2024-01-10 14:36:04,88.0,99.0,11.0,2.2239800905693152,0.0,17.0,3.7,450.0,30,Emery
SC10,SC10_20240110,17,SC10_20240110143604.JPG,2024-01-10 14:36:04,SC10_20240110150604.JPG,2024-01-10 15:06:04,99.0,100.0,1.0,1.0,0.0,15.5,4.3,480.0,30,Emery
SC10,SC10_20240110,18,SC10_20240110150604.JPG,2024-01-10 15:06:04,SC10_20240110153604.JPG,2024-01-10 15:36:04,100.0,93.0,-7.0,-1.912931182772389,0.0,14.0,3.8,510.0,30,Emery
SC10,SC10_20240110,19,SC10_20240110153604.JPG,2024-01-10 15:36:04,SC10_20240110160604.JPG,2024-01-10 16:06:04,93.0,129.0,36.0,3.3019272488946263,0.0,13.0,3.8,540.0,29,Emery
SC10,SC10_20240110,20,SC10_20240110160604.JPG,2024-01-10 16:06:04,SC10_20240110163604.JPG,2024-01-10 16:36:04,129.0,117.0,-12.0,-2.2894284851066637,0.0,12.0,3.8,570.0,30,Emery
SC10,SC10_20240110,21,SC10_20240110163604.JPG,2024-01-10 16:36:04,SC10_20240110170604.JPG,2024-01-10 17:06:04,117.0,89.0,-28.0,-3.0365889718756622,0.0,11.5,3.4,600.0,27,Emery
SC10,SC10_20240111,2,SC10_20240111070604.JPG,2024-01-11 07:06:04,SC10_20240111073604.JPG,2024-01-11 07:36:04,109.0,101.0,-8.0,-2.0,0.0,6.0,1.6,30.0,0,Emery
SC10,SC10_20240111,3,SC10_20240111073604.JPG,2024-01-11 07:36:04,SC10_20240111080604.JPG,2024-01-11 08:06:04,101.0,86.0,-15.0,-2.46621207433047,0.0,6.0,1.2,60.0,0,Emery
SC10,SC10_20240111,4,SC10_20240111080604.JPG,2024-01-11 08:06:04,SC10_20240111083604.JPG,2024-01-11 08:36:04,86.0,189.0,103.0,4.687548147653597,0.0,6.5,1.2,90.0,0,Emery
SC10,SC10_20240111,5,SC10_20240111083604.JPG,2024-01-11 08:36:04,SC10_20240111090604.JPG,2024-01-11 09:06:04,189.0,67.0,-122.0,-4.9596756638423,0.0,8.0,2.4,120.0,4,Emery
SC10,SC10_20240111,6,SC10_20240111090604.JPG,2024-01-11 09:06:04,SC10_20240111093604.JPG,2024-01-11 09:36:04,67.0,59.0,-8.0,-2.0,15.0,9.5,2.4,150.0,13,Emery
SC10,SC10_20240111,7,SC10_20240111093604.JPG,2024-01-11 09:36:04,SC10_20240111100604.JPG,2024-01-11 10:06:04,59.0,94.0,35.0,3.2710663101885897,8.0,10.5,2.4,180.0,20,Emery
SC10,SC10_20240111,8,SC10_20240111100604.JPG,2024-01-11 10:06:04,SC10_20240111103604.JPG,2024-01-11 10:36:04,94.0,93.0,-1.0,-1.0,94.0,11.5,2.6,210.0,25,Emery
SC10,SC10_20240111,9,SC10_20240111103604.JPG,2024-01-11 10:36:04,SC10_20240111110604.JPG,2024-01-11 11:06:04,93.0,104.0,11.0,2.2239800905693152,83.0,13.0,2.8,240.0,29,Emery
SC10,SC10_20240111,10,SC10_20240111110604.JPG,2024-01-11 11:06:04,SC10_20240111113604.JPG,2024-01-11 11:36:04,104.0,68.0,-36.0,-3.3019272488946263,93.0,14.5,3.0,270.0,29,Emery
SC10,SC10_20240111,11,SC10_20240111113604.JPG,2024-01-11 11:36:04,SC10_20240111120604.JPG,2024-01-11 12:06:04,68.0,61.0,-7.0,-1.912931182772389,46.0,15.5,3.7,300.0,30,Emery
SC10,SC10_20240111,12,SC10_20240111120604.JPG,2024-01-11 12:06:04,SC10_20240111123604.JPG,2024-01-11 12:36:04,61.0,61.0,0.0,0.0,9.0,16.0,3.0,330.0,28,Emery
SC10,SC10_20240111,13,SC10_20240111123604.JPG,2024-01-11 12:36:04,SC10_20240111130604.JPG,2024-01-11 13:06:04,61.0,85.0,24.0,2.8844991406148166,28.0,16.5,2.8,360.0,27,Emery
SC10,SC10_20240111,14,SC10_20240111130604.JPG,2024-01-11 13:06:04,SC10_20240111133604.JPG,2024-01-11 13:36:04,85.0,88.0,3.0,1.4422495703074083,25.0,17.5,3.0,390.0,30,Emery
SC10,SC10_20240111,15,SC10_20240111133604.JPG,2024-01-11 13:36:04,SC10_20240111140604.JPG,2024-01-11 14:06:04,88.0,109.0,21.0,2.7589241763811203,55.0,17.5,3.2,420.0,29,Emery
SC10,SC10_20240111,16,SC10_20240111140604.JPG,2024-01-11 14:06:04,SC10_20240111143604.JPG,2024-01-11 14:36:04,109.0,306.0,197.0,5.818647867496961,0.0,17.0,3.4,450.0,29,Emery
SC10,SC10_20240111,17,SC10_20240111143604.JPG,2024-01-11 14:36:04,SC10_20240111150604.JPG,2024-01-11 15:06:04,306.0,220.0,-86.0,-4.414004962442103,0.0,17.0,3.0,480.0,28,Emery
SC10,SC10_20240111,18,SC10_20240111150604.JPG,2024-01-11 15:06:04,SC10_20240111153604.JPG,2024-01-11 15:36:04,220.0,202.0,-18.0,-2.6207413942088964,0.0,15.5,3.0,510.0,23,Emery
SC10,SC10_20240111,19,SC10_20240111153604.JPG,2024-01-11 15:36:04,SC10_20240111160604.JPG,2024-01-11 16:06:04,202.0,211.0,9.0,2.080083823051904,0.0,13.0,2.4,540.0,15,Emery
SC10,SC10_20240111,20,SC10_20240111160604.JPG,2024-01-11 16:06:04,SC10_20240111163604.JPG,2024-01-11 16:36:04,211.0,135.0,-76.0,-4.235823584254893,0.0,12.0,2.2,570.0,8,Emery
SC10,SC10_20240111,21,SC10_20240111163604.JPG,2024-01-11 16:36:04,SC10_20240111170604.JPG,2024-01-11 17:06:04,135.0,137.0,2.0,1.2599210498948732,0.0,11.5,2.0,600.0,2,Emery
SC10,SC10_20240112,2,SC10_20240112070604.JPG,2024-01-12 07:06:04,SC10_20240112073604.JPG,2024-01-12 07:36:04,120.0,216.0,96.0,4.5788569702133275,0.0,5.0,1.2,30.0,0,Emery
SC10,SC10_20240112,3,SC10_20240112073604.JPG,2024-01-12 07:36:04,SC10_20240112080604.JPG,2024-01-12 08:06:04,216.0,317.0,101.0,4.657009507803835,0.0,5.0,1.6,60.0,0,Emery
SC10,SC10_20240112,4,SC10_20240112080604.JPG,2024-01-12 08:06:04,SC10_20240112083604.JPG,2024-01-12 08:36:04,317.0,121.0,-196.0,-5.808785733563703,0.0,6.0,1.2,90.0,0,Emery
SC10,SC10_20240112,5,SC10_20240112083604.JPG,2024-01-12 08:36:04,SC10_20240112090604.JPG,2024-01-12 09:06:04,121.0,151.0,30.0,3.1072325059538586,0.0,8.0,1.6,120.0,0,Emery
SC10,SC10_20240112,6,SC10_20240112090604.JPG,2024-01-12 09:06:04,SC10_20240112093604.JPG,2024-01-12 09:36:04,151.0,161.0,10.0,2.154434690031884,13.0,10.0,2.0,150.0,2,Emery
SC10,SC10_20240112,7,SC10_20240112093604.JPG,2024-01-12 09:36:04,SC10_20240112100604.JPG,2024-01-12 10:06:04,161.0,96.0,-65.0,-4.020725758589058,16.0,11.5,2.2,180.0,6,Emery
SC10,SC10_20240112,8,SC10_20240112100604.JPG,2024-01-12 10:06:04,SC10_20240112103604.JPG,2024-01-12 10:36:04,96.0,59.0,-37.0,-3.332221851645953,36.0,12.5,2.4,210.0,17,Emery
SC10,SC10_20240112,9,SC10_20240112103604.JPG,2024-01-12 10:36:04,SC10_20240112110604.JPG,2024-01-12 11:06:04,59.0,56.0,-3.0,-1.4422495703074083,57.0,14.0,2.6,240.0,19,Emery
SC10,SC10_20240112,10,SC10_20240112110604.JPG,2024-01-12 11:06:04,SC10_20240112113604.JPG,2024-01-12 11:36:04,56.0,47.0,-9.0,-2.080083823051904,56.0,15.5,2.8,270.0,27,Emery
SC10,SC10_20240112,11,SC10_20240112113604.JPG,2024-01-12 11:36:04,SC10_20240112120604.JPG,2024-01-12 12:06:04,47.0,68.0,21.0,2.7589241763811203,47.0,17.0,2.8,300.0,19,Emery
SC10,SC10_20240112,12,SC10_20240112120604.JPG,2024-01-12 12:06:04,SC10_20240112123604.JPG,2024-01-12 12:36:04,68.0,48.0,-20.0,-2.7144176165949063,67.0,18.0,3.0,330.0,23,Emery
SC10,SC10_20240112,13,SC10_20240112123604.JPG,2024-01-12 12:36:04,SC10_20240112130604.JPG,2024-01-12 13:06:04,48.0,56.0,8.0,2.0,37.0,18.0,3.7,360.0,29,Emery
SC10,SC10_20240112,14,SC10_20240112130604.JPG,2024-01-12 13:06:04,SC10_20240112133604.JPG,2024-01-12 13:36:04,56.0,49.0,-7.0,-1.912931182772389,31.0,18.0,4.1,390.0,28,Emery
SC10,SC10_20240112,15,SC10_20240112133604.JPG,2024-01-12 13:36:04,SC10_20240112140604.JPG,2024-01-12 14:06:04,49.0,293.0,244.0,6.248799769526243,16.0,17.0,3.4,420.0,29,Emery
SC10,SC10_20240112,16,SC10_20240112140604.JPG,2024-01-12 14:06:04,SC10_20240112143604.JPG,2024-01-12 14:36:04,293.0,289.0,-4.0,-1.5874010519681994,0.0,17.0,2.8,450.0,28,Emery
SC10,SC10_20240112,17,SC10_20240112143604.JPG,2024-01-12 14:36:04,SC10_20240112150604.JPG,2024-01-12 15:06:04,289.0,393.0,104.0,4.7026693754415145,11.0,18.0,2.8,480.0,25,Emery
SC10,SC10_20240112,18,SC10_20240112150604.JPG,2024-01-12 15:06:04,SC10_20240112153604.JPG,2024-01-12 15:36:04,393.0,481.0,88.0,4.4479601811386305,0.0,16.5,3.0,510.0,18,Emery
SC10,SC10_20240112,19,SC10_20240112153604.JPG,2024-01-12 15:36:04,SC10_20240112160604.JPG,2024-01-12 16:06:04,481.0,770.0,289.0,6.611489018457944,0.0,14.0,2.0,540.0,5,Emery
SC10,SC10_20240112,20,SC10_20240112160604.JPG,2024-01-12 16:06:04,SC10_20240112163604.JPG,2024-01-12 16:36:04,770.0,299.0,-471.0,-7.780490361481424,0.0,12.5,2.2,570.0,7,Emery
SC10,SC10_20240112,21,SC10_20240112163604.JPG,2024-01-12 16:36:04,SC10_20240112170604.JPG,2024-01-12 17:06:04,299.0,309.0,10.0,2.154434690031884,0.0,11.5,2.2,600.0,6,Emery
SC10,SC10_20240112,22,SC10_20240112170604.JPG,2024-01-12 17:06:04,SC10_20240112173604.JPG,2024-01-12 17:36:04,309.0,115.0,-194.0,-5.788960372062403,0.0,11.0,2.2,630.0,14,Emery
SC10,SC10_20240113,2,SC10_20240113070604.JPG,2024-01-13 07:06:04,SC10_20240113073604.JPG,2024-01-13 07:36:04,109.0,209.0,100.0,4.641588833612778,0.0,5.5,0.0,30.0,0,Emery
SC10,SC10_20240113,3,SC10_20240113073604.JPG,2024-01-13 07:36:04,SC10_20240113080604.JPG,2024-01-13 08:06:04,209.0,302.0,93.0,4.530654896083492,0.0,6.0,0.0,60.0,0,Emery
SC10,SC10_20240113,4,SC10_20240113080604.JPG,2024-01-13 08:06:04,SC10_20240113083604.JPG,2024-01-13 08:36:04,302.0,209.0,-93.0,-4.530654896083492,0.0,7.5,0.0,90.0,0,Emery
SC10,SC10_20240113,5,SC10_20240113083604.JPG,2024-01-13 08:36:04,SC10_20240113090604.JPG,2024-01-13 09:06:04,209.0,86.0,-123.0,-4.97318983326859,0.0,9.5,1.2,120.0,0,Emery
SC10,SC10_20240113,6,SC10_20240113090604.JPG,2024-01-13 09:06:04,SC10_20240113093604.JPG,2024-01-13 09:36:04,86.0,190.0,104.0,4.7026693754415145,33.0,11.0,1.3,150.0,0,Emery
SC10,SC10_20240113,7,SC10_20240113093604.JPG,2024-01-13 09:36:04,SC10_20240113100604.JPG,2024-01-13 10:06:04,190.0,87.0,-103.0,-4.687548147653597,18.0,12.5,1.8,180.0,0,Emery
SC10,SC10_20240113,8,SC10_20240113100604.JPG,2024-01-13 10:06:04,SC10_20240113103604.JPG,2024-01-13 10:36:04,87.0,295.0,208.0,5.9249921368147405,87.0,14.0,2.0,210.0,1,Emery
SC10,SC10_20240113,9,SC10_20240113103604.JPG,2024-01-13 10:36:04,SC10_20240113110604.JPG,2024-01-13 11:06:04,295.0,196.0,-99.0,-4.626065009182741,295.0,15.5,2.6,240.0,18,Emery
SC10,SC10_20240113,10,SC10_20240113110604.JPG,2024-01-13 11:06:04,SC10_20240113113604.JPG,2024-01-13 11:36:04,196.0,158.0,-38.0,-3.361975406798963,196.0,16.5,2.8,270.0,24,Emery
SC10,SC10_20240113,11,SC10_20240113113604.JPG,2024-01-13 11:36:04,SC10_20240113120605.JPG,2024-01-13 12:06:05,158.0,96.0,-62.0,-3.9578916096804058,158.0,17.5,2.8,300.01666666666665,25,Emery
SC10,SC10_20240113,12,SC10_20240113120605.JPG,2024-01-13 12:06:05,SC10_20240113123604.JPG,2024-01-13 12:36:04,96.0,79.0,-17.0,-2.571281590658235,96.0,18.0,2.6,330.0,23,Emery
SC10,SC10_20240113,13,SC10_20240113123604.JPG,2024-01-13 12:36:04,SC10_20240113130604.JPG,2024-01-13 13:06:04,79.0,105.0,26.0,2.9624960684073702,67.0,18.0,3.2,360.0,27,Emery
SC10,SC10_20240113,14,SC10_20240113130604.JPG,2024-01-13 13:06:04,SC10_20240113133604.JPG,2024-01-13 13:36:04,105.0,125.0,20.0,2.7144176165949063,25.0,19.0,2.6,390.0,23,Emery
SC10,SC10_20240113,15,SC10_20240113133604.JPG,2024-01-13 13:36:04,SC10_20240113140604.JPG,2024-01-13 14:06:04,125.0,223.0,98.0,4.610436292058446,105.0,19.5,3.2,420.0,30,Emery
SC10,SC10_20240113,16,SC10_20240113140604.JPG,2024-01-13 14:06:04,SC10_20240113143604.JPG,2024-01-13 14:36:04,223.0,497.0,274.0,6.495065288112263,0.0,19.0,3.0,450.0,29,Emery
SC10,SC10_20240113,17,SC10_20240113143604.JPG,2024-01-13 14:36:04,SC10_20240113150604.JPG,2024-01-13 15:06:04,497.0,316.0,-181.0,-5.65665282582291,42.0,19.0,2.6,480.0,22,Emery
SC10,SC10_20240113,18,SC10_20240113150604.JPG,2024-01-13 15:06:04,SC10_20240113153604.JPG,2024-01-13 15:36:04,316.0,409.0,93.0,4.530654896083492,0.0,17.0,2.6,510.0,17,Emery
SC10,SC10_20240113,19,SC10_20240113153604.JPG,2024-01-13 15:36:04,SC10_20240113160604.JPG,2024-01-13 16:06:04,409.0,327.0,-82.0,-4.344481485768611,0.0,14.5,2.4,540.0,20,Emery
SC10,SC10_20240113,20,SC10_20240113160604.JPG,2024-01-13 16:06:04,SC10_20240113163604.JPG,2024-01-13 16:36:04,327.0,421.0,94.0,4.546835943776344,0.0,13.0,2.2,570.0,4,Emery
SC10,SC10_20240113,21,SC10_20240113163604.JPG,2024-01-13 16:36:04,SC10_20240113170604.JPG,2024-01-13 17:06:04,421.0,412.0,-9.0,-2.080083823051904,0.0,12.0,2.4,600.0,2,Emery
SC10,SC10_20240113,22,SC10_20240113170604.JPG,2024-01-13 17:06:04,SC10_20240113173604.JPG,2024-01-13 17:36:04,412.0,322.0,-90.0,-4.481404746557164,0.0,11.5,1.6,630.0,0,Emery
SC10,SC10_20240114,2,SC10_20240114070604.JPG,2024-01-14 07:06:04,SC10_20240114073604.JPG,2024-01-14 07:36:04,499.0,498.0,-1.0,-1.0,0.0,10.0,1.2,30.0,0,Emery
SC10,SC10_20240114,3,SC10_20240114073604.JPG,2024-01-14 07:36:04,SC10_20240114080604.JPG,2024-01-14 08:06:04,498.0,500.0,2.0,1.2599210498948732,0.0,10.0,0.9,60.0,0,Emery
SC10,SC10_20240114,4,SC10_20240114080604.JPG,2024-01-14 08:06:04,SC10_20240114083604.JPG,2024-01-14 08:36:04,500.0,410.0,-90.0,-4.481404746557164,0.0,10.5,0.9,90.0,0,Emery
SC10,SC10_20240114,5,SC10_20240114083604.JPG,2024-01-14 08:36:04,SC10_20240114090604.JPG,2024-01-14 09:06:04,410.0,391.0,-19.0,-2.668401648721945,0.0,11.5,0.9,120.0,0,Emery
SC10,SC10_20240114,6,SC10_20240114090604.JPG,2024-01-14 09:06:04,SC10_20240114093604.JPG,2024-01-14 09:36:04,391.0,298.0,-93.0,-4.530654896083492,0.0,12.5,1.8,150.0,0,Emery
SC10,SC10_20240114,7,SC10_20240114093604.JPG,2024-01-14 09:36:04,SC10_20240114100604.JPG,2024-01-14 10:06:04,298.0,412.0,114.0,4.848807585839879,0.0,13.0,1.6,180.0,0,Emery
SC10,SC10_20240114,8,SC10_20240114100604.JPG,2024-01-14 10:06:04,SC10_20240114103604.JPG,2024-01-14 10:36:04,412.0,300.0,-112.0,-4.820284528350459,0.0,13.5,1.8,210.0,0,Emery
SC10,SC10_20240114,9,SC10_20240114103604.JPG,2024-01-14 10:36:04,SC10_20240114110604.JPG,2024-01-14 11:06:04,300.0,382.0,82.0,4.344481485768611,0.0,14.0,1.6,240.0,0,Emery
SC10,SC10_20240114,10,SC10_20240114110604.JPG,2024-01-14 11:06:04,SC10_20240114113604.JPG,2024-01-14 11:36:04,382.0,309.0,-73.0,-4.179339196381232,0.0,14.0,1.6,270.0,0,Emery
SC10,SC10_20240114,11,SC10_20240114113604.JPG,2024-01-14 11:36:04,SC10_20240114120604.JPG,2024-01-14 12:06:04,309.0,210.0,-99.0,-4.626065009182741,0.0,14.0,1.6,300.0,0,Emery
SC10,SC10_20240114,12,SC10_20240114120604.JPG,2024-01-14 12:06:04,SC10_20240114123604.JPG,2024-01-14 12:36:04,210.0,416.0,206.0,5.9059405836244885,0.0,13.5,1.3,330.0,0,Emery
SC10,SC10_20240114,13,SC10_20240114123604.JPG,2024-01-14 12:36:04,SC10_20240114130604.JPG,2024-01-14 13:06:04,416.0,122.0,-294.0,-6.649399761150975,0.0,13.5,1.3,360.0,0,Emery
SC10,SC10_20240114,14,SC10_20240114130604.JPG,2024-01-14 13:06:04,SC10_20240114133604.JPG,2024-01-14 13:36:04,122.0,221.0,99.0,4.626065009182741,0.0,14.0,1.6,390.0,0,Emery
SC10,SC10_20240114,15,SC10_20240114133604.JPG,2024-01-14 13:36:04,SC10_20240114140604.JPG,2024-01-14 14:06:04,221.0,310.0,89.0,4.464745095584537,0.0,14.0,1.6,420.0,0,Emery
SC10,SC10_20240114,16,SC10_20240114140604.JPG,2024-01-14 14:06:04,SC10_20240114143604.JPG,2024-01-14 14:36:04,310.0,398.0,88.0,4.4479601811386305,0.0,14.0,2.0,450.0,1,Emery
SC10,SC10_20240114,17,SC10_20240114143604.JPG,2024-01-14 14:36:04,SC10_20240114150604.JPG,2024-01-14 15:06:04,398.0,300.0,-98.0,-4.610436292058446,0.0,14.0,2.0,480.0,2,Emery
SC10,SC10_20240114,18,SC10_20240114150604.JPG,2024-01-14 15:06:04,SC10_20240114153604.JPG,2024-01-14 15:36:04,300.0,229.0,-71.0,-4.140817749422853,0.0,13.5,2.2,510.0,3,Emery
SC10,SC10_20240114,19,SC10_20240114153604.JPG,2024-01-14 15:36:04,SC10_20240114160604.JPG,2024-01-14 16:06:04,229.0,337.0,108.0,4.762203155904598,0.0,12.5,2.0,540.0,4,Emery
SC10,SC10_20240114,20,SC10_20240114160604.JPG,2024-01-14 16:06:04,SC10_20240114163604.JPG,2024-01-14 16:36:04,337.0,327.0,-10.0,-2.154434690031884,0.0,12.0,1.8,570.0,0,Emery
SC10,SC10_20240114,21,SC10_20240114163604.JPG,2024-01-14 16:36:04,SC10_20240114170604.JPG,2024-01-14 17:06:04,327.0,436.0,109.0,4.776856181035017,0.0,12.0,1.8,600.0,0,Emery
SC10,SC10_20240115,2,SC10_20240115065604.JPG,2024-01-15 06:56:04,SC10_20240115072604.JPG,2024-01-15 07:26:04,135.0,137.0,2.0,1.2599210498948732,0.0,7.5,0.0,30.0,0,Emery
SC10,SC10_20240115,3,SC10_20240115072604.JPG,2024-01-15 07:26:04,SC10_20240115075604.JPG,2024-01-15 07:56:04,137.0,143.0,6.0,1.8171205928321397,0.0,8.0,0.0,60.0,0,Emery
SC10,SC10_20240115,4,SC10_20240115075604.JPG,2024-01-15 07:56:04,SC10_20240115082604.JPG,2024-01-15 08:26:04,143.0,397.0,254.0,6.333025531362916,0.0,8.5,0.0,90.0,0,Emery
SC10,SC10_20240115,5,SC10_20240115082604.JPG,2024-01-15 08:26:04,SC10_20240115085604.JPG,2024-01-15 08:56:04,397.0,288.0,-109.0,-4.776856181035017,0.0,9.5,0.0,120.0,0,Emery
SC10,SC10_20240115,6,SC10_20240115085604.JPG,2024-01-15 08:56:04,SC10_20240115092604.JPG,2024-01-15 09:26:04,288.0,197.0,-91.0,-4.497941445275415,0.0,11.0,0.9,150.0,0,Emery
SC10,SC10_20240115,7,SC10_20240115092604.JPG,2024-01-15 09:26:04,SC10_20240115095604.JPG,2024-01-15 09:56:04,197.0,114.0,-83.0,-4.362070671454838,12.0,12.5,1.2,180.0,0,Emery
SC10,SC10_20240115,8,SC10_20240115095604.JPG,2024-01-15 09:56:04,SC10_20240115102604.JPG,2024-01-15 10:26:04,114.0,106.0,-8.0,-2.0,113.0,13.0,1.2,210.0,0,Emery
SC10,SC10_20240115,9,SC10_20240115102604.JPG,2024-01-15 10:26:04,SC10_20240115105604.JPG,2024-01-15 10:56:04,106.0,40.0,-66.0,-4.04124002062219,106.0,14.5,1.2,240.0,0,Emery
SC10,SC10_20240115,10,SC10_20240115105604.JPG,2024-01-15 10:56:04,SC10_20240115112604.JPG,2024-01-15 11:26:04,40.0,26.0,-14.0,-2.4101422641752297,40.0,16.5,1.3,270.0,0,Emery
SC10,SC10_20240115,11,SC10_20240115112604.JPG,2024-01-15 11:26:04,SC10_20240115115604.JPG,2024-01-15 11:56:04,26.0,26.0,0.0,0.0,26.0,17.5,2.0,300.0,1,Emery
SC10,SC10_20240115,12,SC10_20240115115604.JPG,2024-01-15 11:56:04,SC10_20240115122604.JPG,2024-01-15 12:26:04,26.0,7.0,-19.0,-2.668401648721945,26.0,18.5,1.8,330.0,0,Emery
SC10,SC10_20240115,13,SC10_20240115122604.JPG,2024-01-15 12:26:04,SC10_20240115125604.JPG,2024-01-15 12:56:04,7.0,18.0,11.0,2.2239800905693152,7.0,19.5,1.8,360.0,0,Emery
SC10,SC10_20240115,14,SC10_20240115125604.JPG,2024-01-15 12:56:04,SC10_20240115132604.JPG,2024-01-15 13:26:04,18.0,20.0,2.0,1.2599210498948732,18.0,20.0,2.0,390.0,1,Emery
SC10,SC10_20240115,15,SC10_20240115132604.JPG,2024-01-15 13:26:04,SC10_20240115135604.JPG,2024-01-15 13:56:04,20.0,15.0,-5.0,-1.7099759466766968,20.0,19.0,2.2,420.0,2,Emery
SC10,SC10_20240115,16,SC10_20240115135604.JPG,2024-01-15 13:56:04,SC10_20240115142604.JPG,2024-01-15 14:26:04,15.0,26.0,11.0,2.2239800905693152,2.0,17.5,2.2,450.0,2,Emery
SC10,SC10_20240115,17,SC10_20240115142604.JPG,2024-01-15 14:26:04,SC10_20240115145604.JPG,2024-01-15 14:56:04,26.0,60.0,34.0,3.239611801277483,3.0,16.5,1.8,480.0,0,Emery
SC10,SC10_20240115,18,SC10_20240115145604.JPG,2024-01-15 14:56:04,SC10_20240115152604.JPG,2024-01-15 15:26:04,60.0,51.0,-9.0,-2.080083823051904,0.0,16.0,1.3,510.0,0,Emery
SC10,SC10_20240115,19,SC10_20240115152604.JPG,2024-01-15 15:26:04,SC10_20240115155604.JPG,2024-01-15 15:56:04,51.0,67.0,16.0,2.5198420997897464,0.0,15.5,1.2,540.0,0,Emery
SC10,SC10_20240115,20,SC10_20240115155604.JPG,2024-01-15 15:56:04,SC10_20240115162604.JPG,2024-01-15 16:26:04,67.0,53.0,-14.0,-2.4101422641752297,0.0,14.0,1.2,570.0,0,Emery
SC10,SC10_20240115,21,SC10_20240115162604.JPG,2024-01-15 16:26:04,SC10_20240115165604.JPG,2024-01-15 16:56:04,53.0,69.0,16.0,2.5198420997897464,0.0,12.5,0.0,600.0,0,Emery
SC10,SC10_20240115,22,SC10_20240115165604.JPG,2024-01-15 16:56:04,SC10_20240115172604.JPG,2024-01-15 17:26:04,69.0,52.0,-17.0,-2.571281590658235,0.0,12.0,0.9,630.0,0,Emery
SC10,SC10_20240116,2,SC10_20240116065604.JPG,2024-01-16 06:56:04,SC10_20240116072604.JPG,2024-01-16 07:26:04,69.0,79.0,10.0,2.154434690031884,0.0,8.0,0.0,30.0,0,Emery
SC10,SC10_20240116,3,SC10_20240116072604.JPG,2024-01-16 07:26:04,SC10_20240116075604.JPG,2024-01-16 07:56:04,79.0,67.0,-12.0,-2.2894284851066637,0.0,8.0,0.0,60.0,0,Emery
SC10,SC10_20240116,4,SC10_20240116075604.JPG,2024-01-16 07:56:04,SC10_20240116082604.JPG,2024-01-16 08:26:04,67.0,67.0,0.0,0.0,0.0,8.5,0.0,90.0,0,Emery
SC10,SC10_20240116,5,SC10_20240116082604.JPG,2024-01-16 08:26:04,SC10_20240116085604.JPG,2024-01-16 08:56:04,67.0,47.0,-20.0,-2.7144176165949063,0.0,9.0,0.0,120.0,0,Emery
SC10,SC10_20240116,6,SC10_20240116085604.JPG,2024-01-16 08:56:04,SC10_20240116092604.JPG,2024-01-16 09:26:04,47.0,45.0,-2.0,-1.2599210498948732,0.0,10.0,0.0,150.0,0,Emery
SC10,SC10_20240116,7,SC10_20240116092604.JPG,2024-01-16 09:26:04,SC10_20240116095604.JPG,2024-01-16 09:56:04,45.0,34.0,-11.0,-2.2239800905693152,45.0,12.5,1.8,180.0,0,Emery
SC10,SC10_20240116,8,SC10_20240116095604.JPG,2024-01-16 09:56:04,SC10_20240116102604.JPG,2024-01-16 10:26:04,34.0,31.0,-3.0,-1.4422495703074083,34.0,13.5,1.8,210.0,0,Emery
SC10,SC10_20240116,9,SC10_20240116102604.JPG,2024-01-16 10:26:04,SC10_20240116105604.JPG,2024-01-16 10:56:04,31.0,12.0,-19.0,-2.668401648721945,31.0,13.5,1.8,240.0,0,Emery
SC10,SC10_20240116,10,SC10_20240116105604.JPG,2024-01-16 10:56:04,SC10_20240116112604.JPG,2024-01-16 11:26:04,12.0,13.0,1.0,1.0,0.0,13.0,1.3,270.0,0,Emery
SC10,SC10_20240116,11,SC10_20240116112604.JPG,2024-01-16 11:26:04,SC10_20240116115604.JPG,2024-01-16 11:56:04,13.0,4.0,-9.0,-2.080083823051904,0.0,13.5,2.2,300.0,1,Emery
SC10,SC10_20240116,12,SC10_20240116115604.JPG,2024-01-16 11:56:04,SC10_20240116122604.JPG,2024-01-16 12:26:04,4.0,4.0,0.0,0.0,4.0,17.0,2.0,330.0,1,Emery
SC10,SC10_20240116,13,SC10_20240116122604.JPG,2024-01-16 12:26:04,SC10_20240116125604.JPG,2024-01-16 12:56:04,4.0,4.0,0.0,0.0,4.0,19.5,2.0,360.0,1,Emery
SC10,SC10_20240116,14,SC10_20240116125604.JPG,2024-01-16 12:56:04,SC10_20240116132604.JPG,2024-01-16 13:26:04,4.0,22.0,18.0,2.6207413942088964,4.0,19.0,2.0,390.0,4,Emery
SC10,SC10_20240116,15,SC10_20240116132604.JPG,2024-01-16 13:26:04,SC10_20240116135604.JPG,2024-01-16 13:56:04,22.0,10.0,-12.0,-2.2894284851066637,22.0,18.5,2.0,420.0,3,Emery
SC10,SC10_20240116,16,SC10_20240116135604.JPG,2024-01-16 13:56:04,SC10_20240116142604.JPG,2024-01-16 14:26:04,10.0,5.0,-5.0,-1.7099759466766968,0.0,19.0,2.0,450.0,2,Emery
SC10,SC10_20240116,17,SC10_20240116142604.JPG,2024-01-16 14:26:04,SC10_20240116145604.JPG,2024-01-16 14:56:04,5.0,3.0,-2.0,-1.2599210498948732,0.0,19.5,2.0,480.0,1,Emery
SC10,SC10_20240116,18,SC10_20240116145604.JPG,2024-01-16 14:56:04,SC10_20240116152604.JPG,2024-01-16 15:26:04,3.0,4.0,1.0,1.0,1.0,18.5,2.0,510.0,1,Emery
SC10,SC10_20240116,19,SC10_20240116152604.JPG,2024-01-16 15:26:04,SC10_20240116155604.JPG,2024-01-16 15:56:04,4.0,7.0,3.0,1.4422495703074083,0.0,16.0,2.0,540.0,1,Emery
SC10,SC10_20240116,20,SC10_20240116155604.JPG,2024-01-16 15:56:04,SC10_20240116162604.JPG,2024-01-16 16:26:04,7.0,4.0,-3.0,-1.4422495703074083,0.0,14.5,1.6,570.0,0,Emery
SC10,SC10_20240116,21,SC10_20240116162604.JPG,2024-01-16 16:26:04,SC10_20240116165604.JPG,2024-01-16 16:56:04,4.0,14.0,10.0,2.154434690031884,0.0,13.5,1.3,600.0,0,Emery
SC10,SC10_20240116,22,SC10_20240116165604.JPG,2024-01-16 16:56:04,SC10_20240116172604.JPG,2024-01-16 17:26:04,14.0,14.0,0.0,0.0,0.0,12.5,0.0,630.0,0,Emery
SC10,SC10_20240117,2,SC10_20240117065604.JPG,2024-01-17 06:56:04,SC10_20240117072604.JPG,2024-01-17 07:26:04,3.0,4.0,1.0,1.0,0.0,12.0,0.0,30.0,0,Emery
SC10,SC10_20240117,3,SC10_20240117072604.JPG,2024-01-17 07:26:04,SC10_20240117075604.JPG,2024-01-17 07:56:04,4.0,3.0,-1.0,-1.0,0.0,12.0,0.0,60.0,0,Emery
SC10,SC10_20240117,4,SC10_20240117075604.JPG,2024-01-17 07:56:04,SC10_20240117082604.JPG,2024-01-17 08:26:04,3.0,4.0,1.0,1.0,0.0,12.5,0.0,90.0,0,Emery
SC10,SC10_20240117,5,SC10_20240117082604.JPG,2024-01-17 08:26:04,SC10_20240117085604.JPG,2024-01-17 08:56:04,4.0,2.0,-2.0,-1.2599210498948732,0.0,13.0,0.0,120.0,0,Emery
SC10,SC10_20240117,6,SC10_20240117085604.JPG,2024-01-17 08:56:04,SC10_20240117092604.JPG,2024-01-17 09:26:04,2.0,3.0,1.0,1.0,0.0,13.5,0.9,150.0,0,Emery
SC10,SC10_20240117,7,SC10_20240117092604.JPG,2024-01-17 09:26:04,SC10_20240117095604.JPG,2024-01-17 09:56:04,3.0,1.0,-2.0,-1.2599210498948732,0.0,14.5,1.2,180.0,0,Emery
SC10,SC10_20240117,8,SC10_20240117095604.JPG,2024-01-17 09:56:04,SC10_20240117102604.JPG,2024-01-17 10:26:04,1.0,2.0,1.0,1.0,0.0,15.0,1.3,210.0,0,Emery
SC10,SC10_20240117,9,SC10_20240117102604.JPG,2024-01-17 10:26:04,SC10_20240117105604.JPG,2024-01-17 10:56:04,2.0,0.0,-2.0,-1.2599210498948732,2.0,15.5,1.3,240.0,0,Emery
SC10,SC10_20240117,18,SC10_20240117145604.JPG,2024-01-17 14:56:04,SC10_20240117152604.JPG,2024-01-17 15:26:04,0.0,3.0,3.0,1.4422495703074083,0.0,17.0,1.8,510.0,0,Emery
SC10,SC10_20240117,19,SC10_20240117152604.JPG,2024-01-17 15:26:04,SC10_20240117155604.JPG,2024-01-17 15:56:04,3.0,4.0,1.0,1.0,0.0,14.5,1.8,540.0,0,Emery
SC10,SC10_20240117,20,SC10_20240117155604.JPG,2024-01-17 15:56:04,SC10_20240117162604.JPG,2024-01-17 16:26:04,4.0,5.0,1.0,1.0,0.0,12.5,1.3,570.0,0,Emery
SC10,SC10_20240117,21,SC10_20240117162604.JPG,2024-01-17 16:26:04,SC10_20240117165604.JPG,2024-01-17 16:56:04,5.0,2.0,-3.0,-1.4422495703074083,0.0,12.0,1.6,600.0,0,Emery
SC10,SC10_20240117,22,SC10_20240117165604.JPG,2024-01-17 16:56:04,SC10_20240117172604.JPG,2024-01-17 17:26:04,2.0,2.0,0.0,0.0,0.0,11.5,1.3,630.0,0,Emery
SC10,SC10_20240118,2,SC10_20240118065604.JPG,2024-01-18 06:56:04,SC10_20240118072604.JPG,2024-01-18 07:26:04,4.0,4.0,0.0,0.0,0.0,8.0,1.8,30.0,0,Emery
SC10,SC10_20240118,3,SC10_20240118072604.JPG,2024-01-18 07:26:04,SC10_20240118075604.JPG,2024-01-18 07:56:04,4.0,0.0,-4.0,-1.5874010519681994,0.0,8.0,0.9,60.0,0,Emery
SC10,SC10_20240118,4,SC10_20240118075604.JPG,2024-01-18 07:56:04,SC10_20240118082604.JPG,2024-01-18 08:26:04,0.0,5.0,5.0,1.7099759466766968,0.0,8.5,0.0,90.0,0,Emery
SC10,SC10_20240118,5,SC10_20240118082604.JPG,2024-01-18 08:26:04,SC10_20240118085604.JPG,2024-01-18 08:56:04,5.0,4.0,-1.0,-1.0,0.0,10.0,0.0,120.0,0,Emery
SC10,SC10_20240118,6,SC10_20240118085604.JPG,2024-01-18 08:56:04,SC10_20240118092604.JPG,2024-01-18 09:26:04,4.0,4.0,0.0,0.0,0.0,12.5,0.0,150.0,0,Emery
SC10,SC10_20240118,7,SC10_20240118092604.JPG,2024-01-18 09:26:04,SC10_20240118095604.JPG,2024-01-18 09:56:04,4.0,0.0,-4.0,-1.5874010519681994,4.0,14.0,0.9,180.0,0,Emery
SC10,SC10_20240118,8,SC10_20240118095604.JPG,2024-01-18 09:56:04,SC10_20240118102604.JPG,2024-01-18 10:26:04,0.0,3.0,3.0,1.4422495703074083,0.0,14.5,1.3,210.0,0,Emery
SC10,SC10_20240118,9,SC10_20240118102604.JPG,2024-01-18 10:26:04,SC10_20240118105604.JPG,2024-01-18 10:56:04,3.0,2.0,-1.0,-1.0,3.0,16.0,1.6,240.0,0,Emery
SC10,SC10_20240118,10,SC10_20240118105604.JPG,2024-01-18 10:56:04,SC10_20240118112604.JPG,2024-01-18 11:26:04,2.0,2.0,0.0,0.0,2.0,17.5,2.6,270.0,4,Emery
SC10,SC10_20240118,11,SC10_20240118112604.JPG,2024-01-18 11:26:04,SC10_20240118115604.JPG,2024-01-18 11:56:04,2.0,1.0,-1.0,-1.0,2.0,18.0,2.6,300.0,5,Emery
SC10,SC10_20240118,12,SC10_20240118115604.JPG,2024-01-18 11:56:04,SC10_20240118122604.JPG,2024-01-18 12:26:04,1.0,0.0,-1.0,-1.0,1.0,18.0,3.0,330.0,14,Emery
SC10,SC10_20240118,13,SC10_20240118122604.JPG,2024-01-18 12:26:04,SC10_20240118125604.JPG,2024-01-18 12:56:04,0.0,1.0,1.0,1.0,0.0,18.0,4.1,360.0,24,Emery
SC10,SC10_20240118,14,SC10_20240118125604.JPG,2024-01-18 12:56:04,SC10_20240118132604.JPG,2024-01-18 13:26:04,1.0,1.0,0.0,0.0,1.0,17.5,2.6,390.0,12,Emery
SC10,SC10_20240118,15,SC10_20240118132604.JPG,2024-01-18 13:26:04,SC10_20240118135604.JPG,2024-01-18 13:56:04,1.0,0.0,-1.0,-1.0,1.0,17.0,2.6,420.0,5,Emery
SC10,SC10_20240118,20,SC10_20240118155604.JPG,2024-01-18 15:56:04,SC10_20240118162604.JPG,2024-01-18 16:26:04,0.0,1.0,1.0,1.0,0.0,14.5,1.8,570.0,0,Emery
SC10,SC10_20240118,21,SC10_20240118162604.JPG,2024-01-18 16:26:04,SC10_20240118165604.JPG,2024-01-18 16:56:04,1.0,1.0,0.0,0.0,0.0,13.5,1.8,600.0,0,Emery
SC10,SC10_20240118,22,SC10_20240118165604.JPG,2024-01-18 16:56:04,SC10_20240118172604.JPG,2024-01-18 17:26:04,1.0,1.0,0.0,0.0,0.0,13.0,0.7,630.0,0,Emery
SC10,SC10_20240122,12,SC10_20240122115604.JPG,2024-01-22 11:56:04,SC10_20240122122604.JPG,2024-01-22 12:26:04,0.0,3.0,3.0,1.4422495703074083,0.0,17.5,2.0,330.0,2,Emery
SC10,SC10_20240122,13,SC10_20240122122604.JPG,2024-01-22 12:26:04,SC10_20240122125604.JPG,2024-01-22 12:56:04,3.0,4.0,1.0,1.0,0.0,15.5,1.8,360.0,0,Emery
SC10,SC10_20240122,14,SC10_20240122125604.JPG,2024-01-22 12:56:04,SC10_20240122132604.JPG,2024-01-22 13:26:04,4.0,3.0,-1.0,-1.0,0.0,14.0,2.0,390.0,2,Emery
SC10,SC10_20240122,15,SC10_20240122132604.JPG,2024-01-22 13:26:04,SC10_20240122135604.JPG,2024-01-22 13:56:04,3.0,3.0,0.0,0.0,0.0,14.0,1.8,420.0,0,Emery
SC10,SC10_20240122,16,SC10_20240122135604.JPG,2024-01-22 13:56:04,SC10_20240122142604.JPG,2024-01-22 14:26:04,3.0,3.0,0.0,0.0,0.0,14.5,2.2,450.0,6,Emery
SC10,SC10_20240122,17,SC10_20240122142604.JPG,2024-01-22 14:26:04,SC10_20240122145604.JPG,2024-01-22 14:56:04,3.0,3.0,0.0,0.0,0.0,14.5,2.4,480.0,5,Emery
SC10,SC10_20240122,18,SC10_20240122145604.JPG,2024-01-22 14:56:04,SC10_20240122152604.JPG,2024-01-22 15:26:04,3.0,2.0,-1.0,-1.0,0.0,13.5,2.2,510.0,2,Emery
SC10,SC10_20240122,19,SC10_20240122152604.JPG,2024-01-22 15:26:04,SC10_20240122155604.JPG,2024-01-22 15:56:04,2.0,3.0,1.0,1.0,0.0,13.0,2.2,540.0,6,Emery
SC10,SC10_20240122,20,SC10_20240122155604.JPG,2024-01-22 15:56:04,SC10_20240122162604.JPG,2024-01-22 16:26:04,3.0,3.0,0.0,0.0,0.0,13.0,2.4,570.0,6,Emery
SC10,SC10_20240122,21,SC10_20240122162604.JPG,2024-01-22 16:26:04,SC10_20240122165604.JPG,2024-01-22 16:56:04,3.0,3.0,0.0,0.0,0.0,13.0,2.2,600.0,4,Emery
SC10,SC10_20240122,22,SC10_20240122165604.JPG,2024-01-22 16:56:04,SC10_20240122172604.JPG,2024-01-22 17:26:04,3.0,3.0,0.0,0.0,0.0,12.5,2.0,630.0,4,Emery
SC10,SC10_20240123,2,SC10_20240123065604.JPG,2024-01-23 06:56:04,SC10_20240123072604.JPG,2024-01-23 07:26:04,0.0,4.0,4.0,1.5874010519681994,0.0,11.0,2.0,30.0,3,Emery
SC10,SC10_20240123,3,SC10_20240123072604.JPG,2024-01-23 07:26:04,SC10_20240123075604.JPG,2024-01-23 07:56:04,4.0,3.0,-1.0,-1.0,0.0,11.0,2.0,60.0,1,Emery
SC10,SC10_20240123,4,SC10_20240123075604.JPG,2024-01-23 07:56:04,SC10_20240123082604.JPG,2024-01-23 08:26:04,3.0,4.0,1.0,1.0,0.0,11.0,1.6,90.0,0,Emery
SC10,SC10_20240123,5,SC10_20240123082604.JPG,2024-01-23 08:26:04,SC10_20240123085604.JPG,2024-01-23 08:56:04,4.0,3.0,-1.0,-1.0,0.0,11.5,1.6,120.0,0,Emery
SC10,SC10_20240123,6,SC10_20240123085604.JPG,2024-01-23 08:56:04,SC10_20240123092604.JPG,2024-01-23 09:26:04,3.0,3.0,0.0,0.0,0.0,12.5,2.0,150.0,1,Emery
SC10,SC10_20240123,7,SC10_20240123092604.JPG,2024-01-23 09:26:04,SC10_20240123095604.JPG,2024-01-23 09:56:04,3.0,4.0,1.0,1.0,0.0,13.0,2.0,180.0,1,Emery
SC10,SC10_20240123,8,SC10_20240123095604.JPG,2024-01-23 09:56:04,SC10_20240123102604.JPG,2024-01-23 10:26:04,4.0,6.0,2.0,1.2599210498948732,4.0,14.0,2.4,210.0,8,Emery
SC10,SC10_20240123,9,SC10_20240123102604.JPG,2024-01-23 10:26:04,SC10_20240123105604.JPG,2024-01-23 10:56:04,6.0,9.0,3.0,1.4422495703074083,6.0,15.5,2.4,240.0,19,Emery
SC10,SC10_20240123,10,SC10_20240123105604.JPG,2024-01-23 10:56:04,SC10_20240123112604.JPG,2024-01-23 11:26:04,9.0,11.0,2.0,1.2599210498948732,9.0,16.5,3.0,270.0,27,Emery
SC10,SC10_20240123,11,SC10_20240123112604.JPG,2024-01-23 11:26:04,SC10_20240123115604.JPG,2024-01-23 11:56:04,11.0,8.0,-3.0,-1.4422495703074083,11.0,17.5,2.8,300.0,24,Emery
SC10,SC10_20240123,12,SC10_20240123115604.JPG,2024-01-23 11:56:04,SC10_20240123122604.JPG,2024-01-23 12:26:04,8.0,17.0,9.0,2.080083823051904,8.0,18.5,3.0,330.0,24,Emery
SC10,SC10_20240123,13,SC10_20240123122604.JPG,2024-01-23 12:26:04,SC10_20240123125604.JPG,2024-01-23 12:56:04,17.0,16.0,-1.0,-1.0,17.0,19.0,3.0,360.0,30,Emery
SC10,SC10_20240123,14,SC10_20240123125604.JPG,2024-01-23 12:56:04,SC10_20240123132604.JPG,2024-01-23 13:26:04,16.0,21.0,5.0,1.7099759466766968,16.0,19.0,3.8,390.0,30,Emery
SC10,SC10_20240123,15,SC10_20240123132604.JPG,2024-01-23 13:26:04,SC10_20240123135604.JPG,2024-01-23 13:56:04,21.0,223.0,202.0,5.867464308442615,21.0,19.0,3.8,420.0,30,Emery
SC10,SC10_20240123,16,SC10_20240123135604.JPG,2024-01-23 13:56:04,SC10_20240123142604.JPG,2024-01-23 14:26:04,223.0,197.0,-26.0,-2.9624960684073702,96.0,18.5,3.8,450.0,21,Emery
SC10,SC10_20240123,17,SC10_20240123142604.JPG,2024-01-23 14:26:04,SC10_20240123145604.JPG,2024-01-23 14:56:04,197.0,173.0,-24.0,-2.8844991406148166,38.0,18.0,3.0,480.0,24,Emery
SC10,SC10_20240123,18,SC10_20240123145604.JPG,2024-01-23 14:56:04,SC10_20240123152604.JPG,2024-01-23 15:26:04,173.0,245.0,72.0,4.160167646103808,19.0,17.5,3.0,510.0,23,Emery
SC10,SC10_20240123,19,SC10_20240123152604.JPG,2024-01-23 15:26:04,SC10_20240123155604.JPG,2024-01-23 15:56:04,245.0,246.0,1.0,1.0,3.0,16.0,2.6,540.0,18,Emery
SC10,SC10_20240123,20,SC10_20240123155604.JPG,2024-01-23 15:56:04,SC10_20240123162604.JPG,2024-01-23 16:26:04,246.0,357.0,111.0,4.805895533705332,5.0,14.5,2.6,570.0,20,Emery
SC10,SC10_20240123,21,SC10_20240123162604.JPG,2024-01-23 16:26:04,SC10_20240123165604.JPG,2024-01-23 16:56:04,357.0,221.0,-136.0,-5.14256318131647,12.0,13.5,3.0,600.0,20,Emery
SC10,SC10_20240123,22,SC10_20240123165604.JPG,2024-01-23 16:56:04,SC10_20240123172604.JPG,2024-01-23 17:26:04,221.0,214.0,-7.0,-1.912931182772389,0.0,13.0,3.4,630.0,26,Emery
SC10,SC10_20240124,2,SC10_20240124065604.JPG,2024-01-24 06:56:04,SC10_20240124072604.JPG,2024-01-24 07:26:04,260.0,252.0,-8.0,-2.0,0.0,11.0,0.0,30.0,0,Emery
SC10,SC10_20240124,3,SC10_20240124072604.JPG,2024-01-24 07:26:04,SC10_20240124075604.JPG,2024-01-24 07:56:04,252.0,268.0,16.0,2.5198420997897464,0.0,11.0,0.0,60.0,0,Emery
SC10,SC10_20240124,4,SC10_20240124075604.JPG,2024-01-24 07:56:04,SC10_20240124082604.JPG,2024-01-24 08:26:04,268.0,265.0,-3.0,-1.4422495703074083,0.0,11.5,0.0,90.0,0,Emery
SC10,SC10_20240124,5,SC10_20240124082604.JPG,2024-01-24 08:26:04,SC10_20240124085604.JPG,2024-01-24 08:56:04,265.0,278.0,13.0,2.3513346877207573,0.0,12.0,0.0,120.0,0,Emery
SC10,SC10_20240124,6,SC10_20240124085604.JPG,2024-01-24 08:56:04,SC10_20240124092604.JPG,2024-01-24 09:26:04,278.0,263.0,-15.0,-2.46621207433047,0.0,12.0,0.0,150.0,0,Emery
SC10,SC10_20240124,7,SC10_20240124092604.JPG,2024-01-24 09:26:04,SC10_20240124095604.JPG,2024-01-24 09:56:04,263.0,273.0,10.0,2.154434690031884,0.0,12.0,0.0,180.0,0,Emery
SC10,SC10_20240124,8,SC10_20240124095604.JPG,2024-01-24 09:56:04,SC10_20240124102604.JPG,2024-01-24 10:26:04,273.0,281.0,8.0,2.0,0.0,12.5,1.3,210.0,0,Emery
SC10,SC10_20240124,9,SC10_20240124102604.JPG,2024-01-24 10:26:04,SC10_20240124105604.JPG,2024-01-24 10:56:04,281.0,275.0,-6.0,-1.8171205928321397,0.0,13.5,0.0,240.0,0,Emery
SC10,SC10_20240124,10,SC10_20240124105604.JPG,2024-01-24 10:56:04,SC10_20240124112604.JPG,2024-01-24 11:26:04,275.0,242.0,-33.0,-3.207534329995826,0.0,13.5,1.6,270.0,0,Emery
SC10,SC10_20240124,11,SC10_20240124112604.JPG,2024-01-24 11:26:04,SC10_20240124115604.JPG,2024-01-24 11:56:04,242.0,272.0,30.0,3.1072325059538586,0.0,13.0,2.0,300.0,1,Emery
SC10,SC10_20240124,12,SC10_20240124115604.JPG,2024-01-24 11:56:04,SC10_20240124122604.JPG,2024-01-24 12:26:04,272.0,279.0,7.0,1.912931182772389,0.0,13.0,1.3,330.0,0,Emery
SC10,SC10_20240124,13,SC10_20240124122604.JPG,2024-01-24 12:26:04,SC10_20240124125604.JPG,2024-01-24 12:56:04,279.0,293.0,14.0,2.4101422641752297,0.0,12.5,1.8,360.0,0,Emery
SC10,SC10_20240124,14,SC10_20240124125604.JPG,2024-01-24 12:56:04,SC10_20240124132604.JPG,2024-01-24 13:26:04,293.0,278.0,-15.0,-2.46621207433047,0.0,12.5,0.9,390.0,0,Emery
SC10,SC10_20240124,15,SC10_20240124132604.JPG,2024-01-24 13:26:04,SC10_20240124135604.JPG,2024-01-24 13:56:04,278.0,288.0,10.0,2.154434690031884,0.0,13.0,0.0,420.0,0,Emery
SC10,SC10_20240124,16,SC10_20240124135604.JPG,2024-01-24 13:56:04,SC10_20240124142604.JPG,2024-01-24 14:26:04,288.0,298.0,10.0,2.154434690031884,0.0,13.5,1.6,450.0,0,Emery
SC10,SC10_20240124,17,SC10_20240124142604.JPG,2024-01-24 14:26:04,SC10_20240124145604.JPG,2024-01-24 14:56:04,298.0,300.0,2.0,1.2599210498948732,0.0,14.0,0.5,480.0,0,Emery
SC10,SC10_20240124,18,SC10_20240124145604.JPG,2024-01-24 14:56:04,SC10_20240124152604.JPG,2024-01-24 15:26:04,300.0,283.0,-17.0,-2.571281590658235,0.0,14.0,0.0,510.0,0,Emery
SC10,SC10_20240124,19,SC10_20240124152604.JPG,2024-01-24 15:26:04,SC10_20240124155604.JPG,2024-01-24 15:56:04,283.0,292.0,9.0,2.080083823051904,0.0,13.5,0.0,540.0,0,Emery
SC10,SC10_20240124,20,SC10_20240124155604.JPG,2024-01-24 15:56:04,SC10_20240124162604.JPG,2024-01-24 16:26:04,292.0,309.0,17.0,2.571281590658235,0.0,13.5,1.3,570.0,0,Emery
SC10,SC10_20240124,21,SC10_20240124162604.JPG,2024-01-24 16:26:04,SC10_20240124165604.JPG,2024-01-24 16:56:04,309.0,279.0,-30.0,-3.1072325059538586,0.0,13.5,0.0,600.0,0,Emery
SC10,SC10_20240124,22,SC10_20240124165604.JPG,2024-01-24 16:56:04,SC10_20240124172604.JPG,2024-01-24 17:26:04,279.0,273.0,-6.0,-1.8171205928321397,0.0,13.0,0.0,630.0,0,Emery
SC10,SC10_20240125,2,SC10_20240125065604.JPG,2024-01-25 06:56:04,SC10_20240125072604.JPG,2024-01-25 07:26:04,187.0,188.0,1.0,1.0,0.0,11.0,1.6,30.0,0,Emery
SC10,SC10_20240125,3,SC10_20240125072604.JPG,2024-01-25 07:26:04,SC10_20240125075604.JPG,2024-01-25 07:56:04,188.0,230.0,42.0,3.4760266448864496,0.0,11.0,0.0,60.0,0,Emery
SC10,SC10_20240125,4,SC10_20240125075604.JPG,2024-01-25 07:56:04,SC10_20240125082604.JPG,2024-01-25 08:26:04,230.0,241.0,11.0,2.2239800905693152,0.0,11.5,1.2,90.0,0,Emery
SC10,SC10_20240125,5,SC10_20240125082604.JPG,2024-01-25 08:26:04,SC10_20240125085604.JPG,2024-01-25 08:56:04,241.0,202.0,-39.0,-3.3912114430141664,0.0,12.0,1.8,120.0,0,Emery
SC10,SC10_20240125,6,SC10_20240125085604.JPG,2024-01-25 08:56:04,SC10_20240125092604.JPG,2024-01-25 09:26:04,202.0,268.0,66.0,4.04124002062219,12.0,12.0,2.0,150.0,1,Emery
SC10,SC10_20240125,7,SC10_20240125092604.JPG,2024-01-25 09:26:04,SC10_20240125095604.JPG,2024-01-25 09:56:04,268.0,270.0,2.0,1.2599210498948732,0.0,12.5,2.0,180.0,1,Emery
SC10,SC10_20240125,8,SC10_20240125095604.JPG,2024-01-25 09:56:04,SC10_20240125102604.JPG,2024-01-25 10:26:04,270.0,242.0,-28.0,-3.0365889718756622,6.0,13.0,2.2,210.0,7,Emery
SC10,SC10_20240125,9,SC10_20240125102604.JPG,2024-01-25 10:26:04,SC10_20240125105604.JPG,2024-01-25 10:56:04,242.0,214.0,-28.0,-3.0365889718756622,71.0,14.0,2.2,240.0,12,Emery
SC10,SC10_20240125,10,SC10_20240125105604.JPG,2024-01-25 10:56:04,SC10_20240125112604.JPG,2024-01-25 11:26:04,214.0,39.0,-175.0,-5.593444710406984,203.0,15.5,2.4,270.0,10,Emery
SC10,SC10_20240125,11,SC10_20240125112604.JPG,2024-01-25 11:26:04,SC10_20240125115604.JPG,2024-01-25 11:56:04,39.0,16.0,-23.0,-2.8438669798515654,33.0,17.0,2.8,300.0,16,Emery
SC10,SC10_20240125,12,SC10_20240125115604.JPG,2024-01-25 11:56:04,SC10_20240125122604.JPG,2024-01-25 12:26:04,16.0,23.0,7.0,1.912931182772389,15.0,18.5,2.8,330.0,24,Emery
SC10,SC10_20240125,13,SC10_20240125122604.JPG,2024-01-25 12:26:04,SC10_20240125125604.JPG,2024-01-25 12:56:04,23.0,16.0,-7.0,-1.912931182772389,20.0,19.0,3.2,360.0,27,Emery
SC10,SC10_20240125,14,SC10_20240125125604.JPG,2024-01-25 12:56:04,SC10_20240125132604.JPG,2024-01-25 13:26:04,16.0,10.0,-6.0,-1.8171205928321397,16.0,19.0,3.0,390.0,24,Emery
SC10,SC10_20240125,15,SC10_20240125132604.JPG,2024-01-25 13:26:04,SC10_20240125135604.JPG,2024-01-25 13:56:04,10.0,16.0,6.0,1.8171205928321397,10.0,19.0,2.6,420.0,27,Emery
SC10,SC10_20240125,16,SC10_20240125135604.JPG,2024-01-25 13:56:04,SC10_20240125142604.JPG,2024-01-25 14:26:04,16.0,13.0,-3.0,-1.4422495703074083,11.0,18.5,3.0,450.0,21,Emery
SC10,SC10_20240125,17,SC10_20240125142604.JPG,2024-01-25 14:26:04,SC10_20240125145604.JPG,2024-01-25 14:56:04,13.0,17.0,4.0,1.5874010519681994,9.0,18.5,3.0,480.0,24,Emery
SC10,SC10_20240125,18,SC10_20240125145604.JPG,2024-01-25 14:56:04,SC10_20240125152604.JPG,2024-01-25 15:26:04,17.0,53.0,36.0,3.3019272488946263,0.0,17.5,2.8,510.0,28,Emery
SC10,SC10_20240125,19,SC10_20240125152604.JPG,2024-01-25 15:26:04,SC10_20240125155604.JPG,2024-01-25 15:56:04,53.0,112.0,59.0,3.892996415873261,0.0,15.0,2.8,540.0,26,Emery
SC10,SC10_20240125,20,SC10_20240125155604.JPG,2024-01-25 15:56:04,SC10_20240125162604.JPG,2024-01-25 16:26:04,112.0,133.0,21.0,2.7589241763811203,0.0,13.5,3.0,570.0,23,Emery
SC10,SC10_20240125,21,SC10_20240125162604.JPG,2024-01-25 16:26:04,SC10_20240125165604.JPG,2024-01-25 16:56:04,133.0,104.0,-29.0,-3.072316825685847,0.0,13.0,2.6,600.0,12,Emery
SC10,SC10_20240125,22,SC10_20240125165604.JPG,2024-01-25 16:56:04,SC10_20240125172604.JPG,2024-01-25 17:26:04,104.0,131.0,27.0,3.0,0.0,12.5,2.2,630.0,1,Emery
SC10,SC10_20240126,2,SC10_20240126065604.JPG,2024-01-26 06:56:04,SC10_20240126072604.JPG,2024-01-26 07:26:04,97.0,95.0,-2.0,-1.2599210498948732,0.0,9.0,1.2,30.0,0,Emery
SC10,SC10_20240126,3,SC10_20240126072604.JPG,2024-01-26 07:26:04,SC10_20240126075604.JPG,2024-01-26 07:56:04,95.0,89.0,-6.0,-1.8171205928321397,0.0,9.5,0.7,60.0,0,Emery
SC10,SC10_20240126,4,SC10_20240126075604.JPG,2024-01-26 07:56:04,SC10_20240126082604.JPG,2024-01-26 08:26:04,89.0,78.0,-11.0,-2.2239800905693152,22.0,10.5,2.0,90.0,2,Emery
SC10,SC10_20240126,5,SC10_20240126082604.JPG,2024-01-26 08:26:04,SC10_20240126085604.JPG,2024-01-26 08:56:04,78.0,68.0,-10.0,-2.154434690031884,14.0,12.0,1.2,120.0,0,Emery
SC10,SC10_20240126,6,SC10_20240126085604.JPG,2024-01-26 08:56:04,SC10_20240126092604.JPG,2024-01-26 09:26:04,68.0,137.0,69.0,4.101565929702347,0.0,14.0,1.2,150.0,0,Emery
SC10,SC10_20240126,7,SC10_20240126092604.JPG,2024-01-26 09:26:04,SC10_20240126095603.JPG,2024-01-26 09:56:03,137.0,12.0,-125.0,-4.999999999999999,14.0,16.0,2.0,179.98333333333332,1,Emery
SC10,SC10_20240126,8,SC10_20240126095603.JPG,2024-01-26 09:56:03,SC10_20240126102604.JPG,2024-01-26 10:26:04,12.0,5.0,-7.0,-1.912931182772389,7.0,18.0,1.8,210.0,0,Emery
SC10,SC10_20240126,9,SC10_20240126102604.JPG,2024-01-26 10:26:04,SC10_20240126105604.JPG,2024-01-26 10:56:04,5.0,2.0,-3.0,-1.4422495703074083,5.0,19.5,2.0,240.0,1,Emery
SC10,SC10_20240126,10,SC10_20240126105604.JPG,2024-01-26 10:56:04,SC10_20240126112604.JPG,2024-01-26 11:26:04,2.0,0.0,-2.0,-1.2599210498948732,2.0,21.0,1.6,270.0,0,Emery
SC10,SC10_20240126,11,SC10_20240126112604.JPG,2024-01-26 11:26:04,SC10_20240126115604.JPG,2024-01-26 11:56:04,0.0,9.0,9.0,2.080083823051904,0.0,22.5,1.8,300.0,0,Emery
SC10,SC10_20240126,12,SC10_20240126115604.JPG,2024-01-26 11:56:04,SC10_20240126122604.JPG,2024-01-26 12:26:04,9.0,20.0,11.0,2.2239800905693152,9.0,22.5,1.8,330.0,0,Emery
SC10,SC10_20240126,13,SC10_20240126122604.JPG,2024-01-26 12:26:04,SC10_20240126125604.JPG,2024-01-26 12:56:04,20.0,36.0,16.0,2.5198420997897464,19.0,22.5,1.8,360.0,0,Emery
SC10,SC10_20240126,14,SC10_20240126125604.JPG,2024-01-26 12:56:04,SC10_20240126132604.JPG,2024-01-26 13:26:04,36.0,18.0,-18.0,-2.6207413942088964,34.0,22.5,1.8,390.0,0,Emery
SC10,SC10_20240126,15,SC10_20240126132604.JPG,2024-01-26 13:26:04,SC10_20240126135604.JPG,2024-01-26 13:56:04,18.0,56.0,38.0,3.361975406798963,17.0,22.5,1.8,420.0,0,Emery
SC10,SC10_20240126,16,SC10_20240126135604.JPG,2024-01-26 13:56:04,SC10_20240126142604.JPG,2024-01-26 14:26:04,56.0,19.0,-37.0,-3.332221851645953,28.0,22.5,1.8,450.0,0,Emery
SC10,SC10_20240126,17,SC10_20240126142604.JPG,2024-01-26 14:26:04,SC10_20240126145604.JPG,2024-01-26 14:56:04,19.0,12.0,-7.0,-1.912931182772389,7.0,22.5,2.0,480.0,1,Emery
SC10,SC10_20240126,18,SC10_20240126145604.JPG,2024-01-26 14:56:04,SC10_20240126152604.JPG,2024-01-26 15:26:04,12.0,7.0,-5.0,-1.7099759466766968,0.0,22.0,1.3,510.0,0,Emery
SC10,SC10_20240126,19,SC10_20240126152604.JPG,2024-01-26 15:26:04,SC10_20240126155604.JPG,2024-01-26 15:56:04,7.0,78.0,71.0,4.140817749422853,0.0,20.0,0.0,540.0,0,Emery
SC10,SC10_20240126,20,SC10_20240126155604.JPG,2024-01-26 15:56:04,SC10_20240126162604.JPG,2024-01-26 16:26:04,78.0,54.0,-24.0,-2.8844991406148166,0.0,18.5,0.0,570.0,0,Emery
SC10,SC10_20240126,21,SC10_20240126162604.JPG,2024-01-26 16:26:04,SC10_20240126165604.JPG,2024-01-26 16:56:04,54.0,14.0,-40.0,-3.4199518933533937,0.0,17.5,0.0,600.0,0,Emery
SC10,SC10_20240126,22,SC10_20240126165604.JPG,2024-01-26 16:56:04,SC10_20240126172604.JPG,2024-01-26 17:26:04,14.0,7.0,-7.0,-1.912931182772389,0.0,16.5,0.0,630.0,0,Emery
SC10,SC10_20240129,16,SC10_20240129135001.JPG,2024-01-29 13:50:01,SC10_20240129142001.JPG,2024-01-29 14:20:01,9.0,15.0,6.0,1.8171205928321397,7.0,24.5,0.0,450.0,0,Emery
SC12,SC12_20240127,2,SC12_20240127130001.JPG,2024-01-27 13:00:01,SC12_20240127133002.JPG,2024-01-27 13:30:02,13.0,14.0,1.0,1.0,0.0,21.5,1.6,30.016666666666666,0,Vincent
SC12,SC12_20240127,3,SC12_20240127133002.JPG,2024-01-27 13:30:02,SC12_20240127140001.JPG,2024-01-27 14:00:01,14.0,14.0,0.0,0.0,0.0,19.5,1.6,60.0,0,Vincent
SC12,SC12_20240127,4,SC12_20240127140001.JPG,2024-01-27 14:00:01,SC12_20240127143001.JPG,2024-01-27 14:30:01,14.0,5.0,-9.0,-2.080083823051904,0.0,19.0,0.9,90.0,0,Vincent
SC12,SC12_20240127,5,SC12_20240127143001.JPG,2024-01-27 14:30:01,SC12_20240127150001.JPG,2024-01-27 15:00:01,5.0,5.0,0.0,0.0,0.0,19.5,0.7,120.0,0,Vincent
SC12,SC12_20240127,6,SC12_20240127150001.JPG,2024-01-27 15:00:01,SC12_20240127153000.JPG,2024-01-27 15:30:00,5.0,23.0,18.0,2.6207413942088964,0.0,18.5,0.0,149.98333333333332,0,Vincent
SC12,SC12_20240127,7,SC12_20240127153000.JPG,2024-01-27 15:30:00,SC12_20240127160001.JPG,2024-01-27 16:00:01,23.0,26.0,3.0,1.4422495703074083,0.0,18.5,0.0,180.0,0,Vincent
SC12,SC12_20240127,8,SC12_20240127160001.JPG,2024-01-27 16:00:01,SC12_20240127163001.JPG,2024-01-27 16:30:01,26.0,48.0,22.0,2.802039330655387,0.0,18.5,0.0,210.0,0,Vincent
SC12,SC12_20240127,9,SC12_20240127163001.JPG,2024-01-27 16:30:01,SC12_20240127170001.JPG,2024-01-27 17:00:01,48.0,49.0,1.0,1.0,0.0,17.5,0.0,240.0,0,Vincent
SC12,SC12_20240127,10,SC12_20240127170001.JPG,2024-01-27 17:00:01,SC12_20240127173001.JPG,2024-01-27 17:30:01,49.0,39.0,-10.0,-2.154434690031884,0.0,16.5,0.0,270.0,0,Vincent
SC12,SC12_20240128,2,SC12_20240128070001.JPG,2024-01-28 07:00:01,SC12_20240128073000.JPG,2024-01-28 07:30:00,28.0,37.0,9.0,2.080083823051904,0.0,15.0,1.3,29.983333333333334,0,Vincent
SC12,SC12_20240128,3,SC12_20240128073000.JPG,2024-01-28 07:30:00,SC12_20240128080001.JPG,2024-01-28 08:00:01,37.0,19.0,-18.0,-2.6207413942088964,0.0,15.0,1.3,60.0,0,Vincent
SC12,SC12_20240128,4,SC12_20240128080001.JPG,2024-01-28 08:00:01,SC12_20240128083001.JPG,2024-01-28 08:30:01,19.0,6.0,-13.0,-2.3513346877207573,5.0,15.5,1.3,90.0,0,Vincent
SC12,SC12_20240128,5,SC12_20240128083001.JPG,2024-01-28 08:30:01,SC12_20240128090001.JPG,2024-01-28 09:00:01,6.0,6.0,0.0,0.0,6.0,16.5,0.0,120.0,0,Vincent
SC12,SC12_20240128,6,SC12_20240128090001.JPG,2024-01-28 09:00:01,SC12_20240128093001.JPG,2024-01-28 09:30:01,6.0,6.0,0.0,0.0,6.0,18.0,0.0,150.0,0,Vincent
SC12,SC12_20240128,7,SC12_20240128093001.JPG,2024-01-28 09:30:01,SC12_20240128100001.JPG,2024-01-28 10:00:01,6.0,15.0,9.0,2.080083823051904,6.0,19.5,0.0,180.0,0,Vincent
SC12,SC12_20240128,8,SC12_20240128100001.JPG,2024-01-28 10:00:01,SC12_20240128103001.JPG,2024-01-28 10:30:01,15.0,5.0,-10.0,-2.154434690031884,15.0,20.5,0.0,210.0,0,Vincent
SC12,SC12_20240128,9,SC12_20240128103001.JPG,2024-01-28 10:30:01,SC12_20240128110001.JPG,2024-01-28 11:00:01,5.0,3.0,-2.0,-1.2599210498948732,5.0,21.5,0.9,240.0,0,Vincent
SC12,SC12_20240128,10,SC12_20240128110001.JPG,2024-01-28 11:00:01,SC12_20240128113001.JPG,2024-01-28 11:30:01,3.0,0.0,-3.0,-1.4422495703074083,3.0,22.5,1.8,270.0,0,Vincent
SC12,SC12_20240128,16,SC12_20240128140001.JPG,2024-01-28 14:00:01,SC12_20240128143001.JPG,2024-01-28 14:30:01,0.0,1.0,1.0,1.0,0.0,27.5,2.8,450.0,11,Vincent
SC12,SC12_20240128,17,SC12_20240128143001.JPG,2024-01-28 14:30:01,SC12_20240128150001.JPG,2024-01-28 15:00:01,1.0,0.0,-1.0,-1.0,1.0,28.5,2.8,480.0,7,Vincent
SC12,SC12_20240128,20,SC12_20240128160001.JPG,2024-01-28 16:00:01,SC12_20240128163001.JPG,2024-01-28 16:30:01,0.0,4.0,4.0,1.5874010519681994,0.0,18.5,0.9,570.0,0,Vincent
SC12,SC12_20240128,21,SC12_20240128163001.JPG,2024-01-28 16:30:01,SC12_20240128170001.JPG,2024-01-28 17:00:01,4.0,6.0,2.0,1.2599210498948732,0.0,17.5,1.3,600.0,0,Vincent
SC12,SC12_20240128,22,SC12_20240128170001.JPG,2024-01-28 17:00:01,SC12_20240128173001.JPG,2024-01-28 17:30:01,6.0,23.0,17.0,2.571281590658235,2.0,16.5,1.8,630.0,0,Vincent
SC12,SC12_20240129,2,SC12_20240129070001.JPG,2024-01-29 07:00:01,SC12_20240129073001.JPG,2024-01-29 07:30:01,15.0,15.0,0.0,0.0,0.0,12.0,1.2,30.0,0,Vincent
SC12,SC12_20240129,3,SC12_20240129073001.JPG,2024-01-29 07:30:01,SC12_20240129080001.JPG,2024-01-29 08:00:01,15.0,15.0,0.0,0.0,0.0,12.0,1.3,60.0,0,Vincent
SC12,SC12_20240129,4,SC12_20240129080001.JPG,2024-01-29 08:00:01,SC12_20240129083001.JPG,2024-01-29 08:30:01,15.0,13.0,-2.0,-1.2599210498948732,13.0,13.0,0.9,90.0,0,Vincent
SC12,SC12_20240129,5,SC12_20240129083001.JPG,2024-01-29 08:30:01,SC12_20240129090001.JPG,2024-01-29 09:00:01,13.0,14.0,1.0,1.0,10.0,14.5,0.9,120.0,0,Vincent
SC12,SC12_20240129,6,SC12_20240129090001.JPG,2024-01-29 09:00:01,SC12_20240129093001.JPG,2024-01-29 09:30:01,14.0,13.0,-1.0,-1.0,14.0,16.0,0.0,150.0,0,Vincent
SC12,SC12_20240129,7,SC12_20240129093001.JPG,2024-01-29 09:30:01,SC12_20240129100001.JPG,2024-01-29 10:00:01,13.0,4.0,-9.0,-2.080083823051904,13.0,18.0,1.3,180.0,0,Vincent
SC12,SC12_20240129,8,SC12_20240129100001.JPG,2024-01-29 10:00:01,SC12_20240129103001.JPG,2024-01-29 10:30:01,4.0,13.0,9.0,2.080083823051904,4.0,18.5,1.6,210.0,0,Vincent
SC12,SC12_20240129,9,SC12_20240129103001.JPG,2024-01-29 10:30:01,SC12_20240129110001.JPG,2024-01-29 11:00:01,13.0,3.0,-10.0,-2.154434690031884,13.0,18.0,1.8,240.0,0,Vincent
SC12,SC12_20240129,10,SC12_20240129110001.JPG,2024-01-29 11:00:01,SC12_20240129113001.JPG,2024-01-29 11:30:01,3.0,4.0,1.0,1.0,3.0,18.0,1.8,270.0,0,Vincent
SC12,SC12_20240129,11,SC12_20240129113001.JPG,2024-01-29 11:30:01,SC12_20240129120001.JPG,2024-01-29 12:00:01,4.0,13.0,9.0,2.080083823051904,4.0,18.5,2.2,300.0,13,Vincent
SC12,SC12_20240129,12,SC12_20240129120001.JPG,2024-01-29 12:00:01,SC12_20240129123001.JPG,2024-01-29 12:30:01,13.0,3.0,-10.0,-2.154434690031884,13.0,19.5,3.0,330.0,5,Vincent
SC12,SC12_20240129,13,SC12_20240129123001.JPG,2024-01-29 12:30:01,SC12_20240129130001.JPG,2024-01-29 13:00:01,3.0,2.0,-1.0,-1.0,3.0,20.0,2.6,360.0,10,Vincent
SC12,SC12_20240129,14,SC12_20240129130001.JPG,2024-01-29 13:00:01,SC12_20240129133001.JPG,2024-01-29 13:30:01,2.0,0.0,-2.0,-1.2599210498948732,1.0,19.5,5.1,390.0,16,Vincent
SC12,SC12_20240129,15,SC12_20240129133001.JPG,2024-01-29 13:30:01,SC12_20240129140001.JPG,2024-01-29 14:00:01,0.0,4.0,4.0,1.5874010519681994,0.0,18.5,4.5,420.0,19,Vincent
SC12,SC12_20240129,16,SC12_20240129140001.JPG,2024-01-29 14:00:01,SC12_20240129143001.JPG,2024-01-29 14:30:01,4.0,5.0,1.0,1.0,2.0,19.0,3.0,450.0,10,Vincent
SC12,SC12_20240129,17,SC12_20240129143001.JPG,2024-01-29 14:30:01,SC12_20240129150001.JPG,2024-01-29 15:00:01,5.0,4.0,-1.0,-1.0,4.0,20.5,2.6,480.0,7,Vincent
SC12,SC12_20240129,18,SC12_20240129150001.JPG,2024-01-29 15:00:01,SC12_20240129153001.JPG,2024-01-29 15:30:01,4.0,15.0,11.0,2.2239800905693152,4.0,19.5,2.0,510.0,4,Vincent
SC12,SC12_20240129,19,SC12_20240129153001.JPG,2024-01-29 15:30:01,SC12_20240129160001.JPG,2024-01-29 16:00:01,15.0,33.0,18.0,2.6207413942088964,0.0,18.0,2.0,540.0,1,Vincent
SC12,SC12_20240129,20,SC12_20240129160001.JPG,2024-01-29 16:00:01,SC12_20240129163001.JPG,2024-01-29 16:30:01,33.0,16.0,-17.0,-2.571281590658235,10.0,17.0,0.7,570.0,0,Vincent
SC12,SC12_20240129,21,SC12_20240129163001.JPG,2024-01-29 16:30:01,SC12_20240129170001.JPG,2024-01-29 17:00:01,16.0,159.0,143.0,5.229321531755983,2.0,16.0,1.2,600.0,0,Vincent
SC12,SC12_20240129,22,SC12_20240129170001.JPG,2024-01-29 17:00:01,SC12_20240129173001.JPG,2024-01-29 17:30:01,159.0,72.0,-87.0,-4.431047621693634,24.0,15.5,0.0,630.0,0,Vincent
SC12,SC12_20240130,2,SC12_20240130070001.JPG,2024-01-30 07:00:01,SC12_20240130073001.JPG,2024-01-30 07:30:01,71.0,79.0,8.0,2.0,0.0,8.0,1.3,30.0,0,Vincent
SC12,SC12_20240130,3,SC12_20240130073001.JPG,2024-01-30 07:30:01,SC12_20240130080001.JPG,2024-01-30 08:00:01,79.0,76.0,-3.0,-1.4422495703074083,11.0,8.5,1.3,60.0,0,Vincent
SC12,SC12_20240130,4,SC12_20240130080001.JPG,2024-01-30 08:00:01,SC12_20240130083002.JPG,2024-01-30 08:30:02,76.0,139.0,63.0,3.979057207896392,23.0,9.5,0.9,90.01666666666667,0,Vincent
SC12,SC12_20240130,5,SC12_20240130083002.JPG,2024-01-30 08:30:02,SC12_20240130090001.JPG,2024-01-30 09:00:01,139.0,51.0,-88.0,-4.4479601811386305,138.0,11.0,0.9,120.0,0,Vincent
SC12,SC12_20240130,6,SC12_20240130090001.JPG,2024-01-30 09:00:01,SC12_20240130093001.JPG,2024-01-30 09:30:01,51.0,133.0,82.0,4.344481485768611,49.0,12.5,1.2,150.0,0,Vincent
SC12,SC12_20240130,7,SC12_20240130093001.JPG,2024-01-30 09:30:01,SC12_20240130100001.JPG,2024-01-30 10:00:01,133.0,52.0,-81.0,-4.3267487109222245,128.0,14.0,3.0,180.0,6,Vincent
SC12,SC12_20240130,8,SC12_20240130100001.JPG,2024-01-30 10:00:01,SC12_20240130103001.JPG,2024-01-30 10:30:01,52.0,143.0,91.0,4.497941445275415,46.0,14.5,1.8,210.0,0,Vincent
SC12,SC12_20240130,9,SC12_20240130103001.JPG,2024-01-30 10:30:01,SC12_20240130110001.JPG,2024-01-30 11:00:01,143.0,52.0,-91.0,-4.497941445275415,100.0,14.5,1.8,240.0,0,Vincent
SC12,SC12_20240130,10,SC12_20240130110001.JPG,2024-01-30 11:00:01,SC12_20240130113001.JPG,2024-01-30 11:30:01,52.0,51.0,-1.0,-1.0,47.0,16.0,1.8,270.0,0,Vincent
SC12,SC12_20240130,11,SC12_20240130113001.JPG,2024-01-30 11:30:01,SC12_20240130120001.JPG,2024-01-30 12:00:01,51.0,42.0,-9.0,-2.080083823051904,18.0,18.0,1.6,300.0,0,Vincent
SC12,SC12_20240130,12,SC12_20240130120001.JPG,2024-01-30 12:00:01,SC12_20240130123001.JPG,2024-01-30 12:30:01,42.0,38.0,-4.0,-1.5874010519681994,0.0,18.5,2.4,330.0,6,Vincent
SC12,SC12_20240130,13,SC12_20240130123001.JPG,2024-01-30 12:30:01,SC12_20240130130001.JPG,2024-01-30 13:00:01,38.0,25.0,-13.0,-2.3513346877207573,0.0,17.0,3.2,360.0,13,Vincent
SC12,SC12_20240130,14,SC12_20240130130001.JPG,2024-01-30 13:00:01,SC12_20240130133001.JPG,2024-01-30 13:30:01,25.0,16.0,-9.0,-2.080083823051904,0.0,16.0,2.2,390.0,6,Vincent
SC12,SC12_20240130,15,SC12_20240130133001.JPG,2024-01-30 13:30:01,SC12_20240130140001.JPG,2024-01-30 14:00:01,16.0,19.0,3.0,1.4422495703074083,0.0,16.0,3.2,420.0,13,Vincent
SC12,SC12_20240130,16,SC12_20240130140001.JPG,2024-01-30 14:00:01,SC12_20240130143001.JPG,2024-01-30 14:30:01,19.0,59.0,40.0,3.4199518933533937,3.0,16.0,3.4,450.0,12,Vincent
SC12,SC12_20240130,17,SC12_20240130143001.JPG,2024-01-30 14:30:01,SC12_20240130150001.JPG,2024-01-30 15:00:01,59.0,59.0,0.0,0.0,1.0,14.5,2.4,480.0,16,Vincent
SC12,SC12_20240130,18,SC12_20240130150001.JPG,2024-01-30 15:00:01,SC12_20240130153001.JPG,2024-01-30 15:30:01,59.0,51.0,-8.0,-2.0,1.0,12.5,2.0,510.0,1,Vincent
SC12,SC12_20240130,19,SC12_20240130153001.JPG,2024-01-30 15:30:01,SC12_20240130160001.JPG,2024-01-30 16:00:01,51.0,48.0,-3.0,-1.4422495703074083,1.0,12.0,2.2,540.0,5,Vincent
SC12,SC12_20240130,20,SC12_20240130160001.JPG,2024-01-30 16:00:01,SC12_20240130163001.JPG,2024-01-30 16:30:01,48.0,49.0,1.0,1.0,1.0,12.5,2.6,570.0,12,Vincent
SC12,SC12_20240130,21,SC12_20240130163001.JPG,2024-01-30 16:30:01,SC12_20240130170001.JPG,2024-01-30 17:00:01,49.0,51.0,2.0,1.2599210498948732,2.0,12.5,1.8,600.0,0,Vincent
SC12,SC12_20240130,22,SC12_20240130170001.JPG,2024-01-30 17:00:01,SC12_20240130173001.JPG,2024-01-30 17:30:01,51.0,52.0,1.0,1.0,3.0,12.0,1.2,630.0,0,Vincent
SC12,SC12_20240131,2,SC12_20240131070001.JPG,2024-01-31 07:00:01,SC12_20240131073001.JPG,2024-01-31 07:30:01,47.0,47.0,0.0,0.0,0.0,11.0,1.6,30.0,0,Vincent
SC12,SC12_20240131,3,SC12_20240131073001.JPG,2024-01-31 07:30:01,SC12_20240131080001.JPG,2024-01-31 08:00:01,47.0,133.0,86.0,4.414004962442103,1.0,11.5,2.4,60.0,1,Vincent
SC12,SC12_20240131,4,SC12_20240131080001.JPG,2024-01-31 08:00:01,SC12_20240131083001.JPG,2024-01-31 08:30:01,133.0,55.0,-78.0,-4.272658681697917,0.0,12.5,1.8,90.0,0,Vincent
SC12,SC12_20240131,5,SC12_20240131083001.JPG,2024-01-31 08:30:01,SC12_20240131090001.JPG,2024-01-31 09:00:01,55.0,51.0,-4.0,-1.5874010519681994,2.0,13.0,2.6,120.0,5,Vincent
SC12,SC12_20240131,6,SC12_20240131090001.JPG,2024-01-31 09:00:01,SC12_20240131093001.JPG,2024-01-31 09:30:01,51.0,149.0,98.0,4.610436292058446,0.0,13.0,3.0,150.0,12,Vincent
SC12,SC12_20240131,7,SC12_20240131093001.JPG,2024-01-31 09:30:01,SC12_20240131100001.JPG,2024-01-31 10:00:01,149.0,36.0,-113.0,-4.834588127111639,10.0,13.0,3.7,180.0,11,Vincent
SC12,SC12_20240131,8,SC12_20240131100001.JPG,2024-01-31 10:00:01,SC12_20240131103001.JPG,2024-01-31 10:30:01,36.0,32.0,-4.0,-1.5874010519681994,4.0,13.5,4.1,210.0,17,Vincent
SC12,SC12_20240131,9,SC12_20240131103001.JPG,2024-01-31 10:30:01,SC12_20240131110001.JPG,2024-01-31 11:00:01,32.0,20.0,-12.0,-2.2894284851066637,0.0,14.0,6.3,240.0,16,Vincent
SC12,SC12_20240131,10,SC12_20240131110001.JPG,2024-01-31 11:00:01,SC12_20240131113001.JPG,2024-01-31 11:30:01,20.0,25.0,5.0,1.7099759466766968,0.0,14.5,4.9,270.0,23,Vincent
SC12,SC12_20240131,11,SC12_20240131113001.JPG,2024-01-31 11:30:01,SC12_20240131120001.JPG,2024-01-31 12:00:01,25.0,28.0,3.0,1.4422495703074083,0.0,15.0,5.9,300.0,23,Vincent
SC12,SC12_20240131,12,SC12_20240131120001.JPG,2024-01-31 12:00:01,SC12_20240131123001.JPG,2024-01-31 12:30:01,28.0,27.0,-1.0,-1.0,0.0,15.0,4.9,330.0,21,Vincent
SC12,SC12_20240131,13,SC12_20240131123001.JPG,2024-01-31 12:30:01,SC12_20240131130001.JPG,2024-01-31 13:00:01,27.0,35.0,8.0,2.0,0.0,15.0,4.9,360.0,27,Vincent
SC12,SC12_20240131,14,SC12_20240131130001.JPG,2024-01-31 13:00:01,SC12_20240131133001.JPG,2024-01-31 13:30:01,35.0,15.0,-20.0,-2.7144176165949063,1.0,15.5,4.7,390.0,28,Vincent
SC12,SC12_20240131,15,SC12_20240131133001.JPG,2024-01-31 13:30:01,SC12_20240131140001.JPG,2024-01-31 14:00:01,15.0,27.0,12.0,2.2894284851066637,0.0,15.5,5.1,420.0,29,Vincent
SC12,SC12_20240131,16,SC12_20240131140001.JPG,2024-01-31 14:00:01,SC12_20240131143001.JPG,2024-01-31 14:30:01,27.0,15.0,-12.0,-2.2894284851066637,0.0,14.5,5.1,450.0,29,Vincent
SC12,SC12_20240131,17,SC12_20240131143001.JPG,2024-01-31 14:30:01,SC12_20240131150001.JPG,2024-01-31 15:00:01,15.0,24.0,9.0,2.080083823051904,0.0,14.0,5.3,480.0,30,Vincent
SC12,SC12_20240131,18,SC12_20240131150001.JPG,2024-01-31 15:00:01,SC12_20240131153001.JPG,2024-01-31 15:30:01,24.0,27.0,3.0,1.4422495703074083,0.0,14.0,4.1,510.0,28,Vincent
SC12,SC12_20240131,19,SC12_20240131153001.JPG,2024-01-31 15:30:01,SC12_20240131160001.JPG,2024-01-31 16:00:01,27.0,24.0,-3.0,-1.4422495703074083,0.0,13.5,4.9,540.0,29,Vincent
SC12,SC12_20240131,20,SC12_20240131160001.JPG,2024-01-31 16:00:01,SC12_20240131163000.JPG,2024-01-31 16:30:00,24.0,15.0,-9.0,-2.080083823051904,0.0,13.0,5.9,569.9833333333333,29,Vincent
SC12,SC12_20240131,21,SC12_20240131163000.JPG,2024-01-31 16:30:00,SC12_20240131170001.JPG,2024-01-31 17:00:01,15.0,15.0,0.0,0.0,0.0,13.5,6.6,600.0,31,Vincent
SC12,SC12_20240131,22,SC12_20240131170001.JPG,2024-01-31 17:00:01,SC12_20240131173001.JPG,2024-01-31 17:30:01,15.0,23.0,8.0,2.0,0.0,13.5,7.2,630.0,30,Vincent
SC12,SC12_20240201,2,SC12_20240201070001.JPG,2024-02-01 07:00:01,SC12_20240201073001.JPG,2024-02-01 07:30:01,8.0,8.0,0.0,0.0,0.0,11.0,1.6,30.0,0,Vincent
SC12,SC12_20240201,3,SC12_20240201073001.JPG,2024-02-01 07:30:01,SC12_20240201080001.JPG,2024-02-01 08:00:01,8.0,8.0,0.0,0.0,0.0,11.0,1.2,60.0,0,Vincent
SC12,SC12_20240201,4,SC12_20240201080001.JPG,2024-02-01 08:00:01,SC12_20240201083001.JPG,2024-02-01 08:30:01,8.0,9.0,1.0,1.0,0.0,11.5,2.0,90.0,4,Vincent
SC12,SC12_20240201,5,SC12_20240201083001.JPG,2024-02-01 08:30:01,SC12_20240201090001.JPG,2024-02-01 09:00:01,9.0,9.0,0.0,0.0,0.0,12.0,1.3,120.0,0,Vincent
SC12,SC12_20240201,6,SC12_20240201090001.JPG,2024-02-01 09:00:01,SC12_20240201093000.JPG,2024-02-01 09:30:00,9.0,9.0,0.0,0.0,4.0,12.5,2.0,149.98333333333332,1,Vincent
SC12,SC12_20240201,7,SC12_20240201093000.JPG,2024-02-01 09:30:00,SC12_20240201100001.JPG,2024-02-01 10:00:01,9.0,10.0,1.0,1.0,0.0,13.0,2.0,180.0,1,Vincent
SC12,SC12_20240201,8,SC12_20240201100001.JPG,2024-02-01 10:00:01,SC12_20240201103001.JPG,2024-02-01 10:30:01,10.0,10.0,0.0,0.0,0.0,13.0,2.0,210.0,1,Vincent
SC12,SC12_20240201,9,SC12_20240201103001.JPG,2024-02-01 10:30:01,SC12_20240201110001.JPG,2024-02-01 11:00:01,10.0,7.0,-3.0,-1.4422495703074083,0.0,13.5,0.9,240.0,0,Vincent
SC12,SC12_20240201,10,SC12_20240201110001.JPG,2024-02-01 11:00:01,SC12_20240201113001.JPG,2024-02-01 11:30:01,7.0,6.0,-1.0,-1.0,6.0,14.0,3.0,270.0,3,Vincent
SC12,SC12_20240201,11,SC12_20240201113001.JPG,2024-02-01 11:30:01,SC12_20240201120001.JPG,2024-02-01 12:00:01,6.0,9.0,3.0,1.4422495703074083,6.0,14.0,2.2,300.0,8,Vincent
SC12,SC12_20240201,12,SC12_20240201120001.JPG,2024-02-01 12:00:01,SC12_20240201123001.JPG,2024-02-01 12:30:01,9.0,7.0,-2.0,-1.2599210498948732,4.0,14.5,3.2,330.0,5,Vincent
SC12,SC12_20240201,13,SC12_20240201123001.JPG,2024-02-01 12:30:01,SC12_20240201130001.JPG,2024-02-01 13:00:01,7.0,6.0,-1.0,-1.0,6.0,15.5,2.8,360.0,9,Vincent
SC12,SC12_20240201,14,SC12_20240201130001.JPG,2024-02-01 13:00:01,SC12_20240201133001.JPG,2024-02-01 13:30:01,6.0,4.0,-2.0,-1.2599210498948732,2.0,15.5,2.6,390.0,8,Vincent
SC12,SC12_20240201,15,SC12_20240201133001.JPG,2024-02-01 13:30:01,SC12_20240201140001.JPG,2024-02-01 14:00:01,4.0,5.0,1.0,1.0,2.0,15.0,2.4,420.0,2,Vincent
SC12,SC12_20240201,16,SC12_20240201140001.JPG,2024-02-01 14:00:01,SC12_20240201143001.JPG,2024-02-01 14:30:01,5.0,12.0,7.0,1.912931182772389,2.0,17.0,2.2,450.0,3,Vincent
SC12,SC12_20240201,17,SC12_20240201143001.JPG,2024-02-01 14:30:01,SC12_20240201150001.JPG,2024-02-01 15:00:01,12.0,21.0,9.0,2.080083823051904,10.0,19.5,3.0,480.0,10,Vincent
SC12,SC12_20240201,18,SC12_20240201150001.JPG,2024-02-01 15:00:01,SC12_20240201153001.JPG,2024-02-01 15:30:01,21.0,29.0,8.0,2.0,20.0,17.5,2.6,510.0,5,Vincent
SC12,SC12_20240201,19,SC12_20240201153001.JPG,2024-02-01 15:30:01,SC12_20240201160001.JPG,2024-02-01 16:00:01,29.0,26.0,-3.0,-1.4422495703074083,1.0,14.5,2.8,540.0,7,Vincent
SC12,SC12_20240201,20,SC12_20240201160001.JPG,2024-02-01 16:00:01,SC12_20240201163001.JPG,2024-02-01 16:30:01,26.0,26.0,0.0,0.0,2.0,14.0,2.6,570.0,29,Vincent
SC12,SC12_20240201,21,SC12_20240201163001.JPG,2024-02-01 16:30:01,SC12_20240201170001.JPG,2024-02-01 17:00:01,26.0,26.0,0.0,0.0,3.0,13.5,3.0,600.0,21,Vincent
SC12,SC12_20240201,22,SC12_20240201170001.JPG,2024-02-01 17:00:01,SC12_20240201173001.JPG,2024-02-01 17:30:01,26.0,25.0,-1.0,-1.0,0.0,12.5,5.5,630.0,28,Vincent
SC12,SC12_20240202,2,SC12_20240202070001.JPG,2024-02-02 07:00:01,SC12_20240202073001.JPG,2024-02-02 07:30:01,26.0,26.0,0.0,0.0,0.0,6.5,0.9,30.0,0,Vincent
SC12,SC12_20240202,3,SC12_20240202073001.JPG,2024-02-02 07:30:01,SC12_20240202080001.JPG,2024-02-02 08:00:01,26.0,35.0,9.0,2.080083823051904,0.0,7.0,1.2,60.0,0,Vincent
SC12,SC12_20240202,4,SC12_20240202080001.JPG,2024-02-02 08:00:01,SC12_20240202083001.JPG,2024-02-02 08:30:01,35.0,33.0,-2.0,-1.2599210498948732,0.0,8.5,0.0,90.0,0,Vincent
SC12,SC12_20240202,5,SC12_20240202083001.JPG,2024-02-02 08:30:01,SC12_20240202090001.JPG,2024-02-02 09:00:01,33.0,16.0,-17.0,-2.571281590658235,33.0,9.5,0.0,120.0,0,Vincent
SC12,SC12_20240202,6,SC12_20240202090001.JPG,2024-02-02 09:00:01,SC12_20240202093001.JPG,2024-02-02 09:30:01,16.0,15.0,-1.0,-1.0,16.0,10.5,0.0,150.0,0,Vincent
SC12,SC12_20240202,7,SC12_20240202093001.JPG,2024-02-02 09:30:01,SC12_20240202100001.JPG,2024-02-02 10:00:01,15.0,16.0,1.0,1.0,14.0,11.5,1.6,180.0,0,Vincent
SC12,SC12_20240202,8,SC12_20240202100001.JPG,2024-02-02 10:00:01,SC12_20240202103001.JPG,2024-02-02 10:30:01,16.0,16.0,0.0,0.0,14.0,12.0,2.2,210.0,1,Vincent
SC12,SC12_20240202,9,SC12_20240202103001.JPG,2024-02-02 10:30:01,SC12_20240202110001.JPG,2024-02-02 11:00:01,16.0,26.0,10.0,2.154434690031884,14.0,12.0,2.2,240.0,4,Vincent
SC12,SC12_20240202,10,SC12_20240202110001.JPG,2024-02-02 11:00:01,SC12_20240202113001.JPG,2024-02-02 11:30:01,26.0,17.0,-9.0,-2.080083823051904,25.0,12.5,3.0,270.0,6,Vincent
SC12,SC12_20240202,11,SC12_20240202113001.JPG,2024-02-02 11:30:01,SC12_20240202120001.JPG,2024-02-02 12:00:01,17.0,16.0,-1.0,-1.0,15.0,12.5,3.2,300.0,20,Vincent
SC12,SC12_20240202,12,SC12_20240202120001.JPG,2024-02-02 12:00:01,SC12_20240202123001.JPG,2024-02-02 12:30:01,16.0,24.0,8.0,2.0,15.0,12.5,3.0,330.0,26,Vincent
SC12,SC12_20240202,13,SC12_20240202123001.JPG,2024-02-02 12:30:01,SC12_20240202130001.JPG,2024-02-02 13:00:01,24.0,26.0,2.0,1.2599210498948732,12.0,13.5,3.0,360.0,27,Vincent
SC12,SC12_20240202,14,SC12_20240202130001.JPG,2024-02-02 13:00:01,SC12_20240202133001.JPG,2024-02-02 13:30:01,26.0,15.0,-11.0,-2.2239800905693152,2.0,13.5,3.4,390.0,30,Vincent
SC12,SC12_20240202,15,SC12_20240202133001.JPG,2024-02-02 13:30:01,SC12_20240202140001.JPG,2024-02-02 14:00:01,15.0,8.0,-7.0,-1.912931182772389,15.0,13.0,3.4,420.0,30,Vincent
SC12,SC12_20240202,16,SC12_20240202140001.JPG,2024-02-02 14:00:01,SC12_20240202143001.JPG,2024-02-02 14:30:01,8.0,15.0,7.0,1.912931182772389,2.0,13.0,3.2,450.0,30,Vincent
SC12,SC12_20240202,17,SC12_20240202143001.JPG,2024-02-02 14:30:01,SC12_20240202150001.JPG,2024-02-02 15:00:01,15.0,16.0,1.0,1.0,12.0,14.5,3.0,480.0,29,Vincent
SC12,SC12_20240202,18,SC12_20240202150001.JPG,2024-02-02 15:00:01,SC12_20240202153001.JPG,2024-02-02 15:30:01,16.0,15.0,-1.0,-1.0,3.0,14.5,3.7,510.0,30,Vincent
SC12,SC12_20240202,19,SC12_20240202153001.JPG,2024-02-02 15:30:01,SC12_20240202160001.JPG,2024-02-02 16:00:01,15.0,16.0,1.0,1.0,2.0,13.0,3.0,540.0,28,Vincent
SC12,SC12_20240202,20,SC12_20240202160001.JPG,2024-02-02 16:00:01,SC12_20240202163001.JPG,2024-02-02 16:30:01,16.0,15.0,-1.0,-1.0,2.0,12.5,4.1,570.0,30,Vincent
SC12,SC12_20240202,21,SC12_20240202163001.JPG,2024-02-02 16:30:01,SC12_20240202170001.JPG,2024-02-02 17:00:01,15.0,8.0,-7.0,-1.912931182772389,2.0,12.0,3.4,600.0,30,Vincent
SC12,SC12_20240202,22,SC12_20240202170001.JPG,2024-02-02 17:00:01,SC12_20240202173001.JPG,2024-02-02 17:30:01,8.0,15.0,7.0,1.912931182772389,2.0,11.5,3.2,630.0,29,Vincent
SC12,SC12_20240203,2,SC12_20240203070001.JPG,2024-02-03 07:00:01,SC12_20240203073001.JPG,2024-02-03 07:30:01,17.0,17.0,0.0,0.0,1.0,6.5,1.6,30.0,0,Vincent
SC12,SC12_20240203,3,SC12_20240203073001.JPG,2024-02-03 07:30:01,SC12_20240203080001.JPG,2024-02-03 08:00:01,17.0,16.0,-1.0,-1.0,1.0,7.5,1.8,60.0,0,Vincent
SC12,SC12_20240203,4,SC12_20240203080001.JPG,2024-02-03 08:00:01,SC12_20240203083001.JPG,2024-02-03 08:30:01,16.0,16.0,0.0,0.0,1.0,8.5,0.7,90.0,0,Vincent
SC12,SC12_20240203,5,SC12_20240203083001.JPG,2024-02-03 08:30:01,SC12_20240203090001.JPG,2024-02-03 09:00:01,16.0,17.0,1.0,1.0,15.0,9.5,0.5,120.0,0,Vincent
SC12,SC12_20240203,6,SC12_20240203090001.JPG,2024-02-03 09:00:01,SC12_20240203093001.JPG,2024-02-03 09:30:01,17.0,17.0,0.0,0.0,2.0,11.0,0.7,150.0,0,Vincent
SC12,SC12_20240203,7,SC12_20240203093001.JPG,2024-02-03 09:30:01,SC12_20240203100001.JPG,2024-02-03 10:00:01,17.0,17.0,0.0,0.0,1.0,12.0,1.6,180.0,0,Vincent
SC12,SC12_20240203,8,SC12_20240203100001.JPG,2024-02-03 10:00:01,SC12_20240203103001.JPG,2024-02-03 10:30:01,17.0,17.0,0.0,0.0,0.0,12.0,1.6,210.0,0,Vincent
SC12,SC12_20240203,9,SC12_20240203103001.JPG,2024-02-03 10:30:01,SC12_20240203110001.JPG,2024-02-03 11:00:01,17.0,17.0,0.0,0.0,0.0,12.0,1.8,240.0,0,Vincent
SC12,SC12_20240203,10,SC12_20240203110001.JPG,2024-02-03 11:00:01,SC12_20240203113001.JPG,2024-02-03 11:30:01,17.0,26.0,9.0,2.080083823051904,0.0,12.0,2.0,270.0,2,Vincent
SC12,SC12_20240203,11,SC12_20240203113001.JPG,2024-02-03 11:30:01,SC12_20240203120001.JPG,2024-02-03 12:00:01,26.0,26.0,0.0,0.0,0.0,12.5,2.6,300.0,19,Vincent
SC12,SC12_20240203,12,SC12_20240203120001.JPG,2024-02-03 12:00:01,SC12_20240203123001.JPG,2024-02-03 12:30:01,26.0,18.0,-8.0,-2.0,0.0,12.5,0.9,330.0,0,Vincent
SC12,SC12_20240203,13,SC12_20240203123001.JPG,2024-02-03 12:30:01,SC12_20240203130001.JPG,2024-02-03 13:00:01,18.0,18.0,0.0,0.0,0.0,12.5,1.2,360.0,0,Vincent
SC12,SC12_20240203,14,SC12_20240203130001.JPG,2024-02-03 13:00:01,SC12_20240203133001.JPG,2024-02-03 13:30:01,18.0,18.0,0.0,0.0,0.0,13.0,1.3,390.0,0,Vincent
SC12,SC12_20240203,15,SC12_20240203133001.JPG,2024-02-03 13:30:01,SC12_20240203140001.JPG,2024-02-03 14:00:01,18.0,8.0,-10.0,-2.154434690031884,0.0,12.5,1.6,420.0,0,Vincent
SC12,SC12_20240203,16,SC12_20240203140001.JPG,2024-02-03 14:00:01,SC12_20240203143001.JPG,2024-02-03 14:30:01,8.0,18.0,10.0,2.154434690031884,0.0,12.0,0.9,450.0,0,Vincent
SC12,SC12_20240203,17,SC12_20240203143001.JPG,2024-02-03 14:30:01,SC12_20240203150001.JPG,2024-02-03 15:00:01,18.0,18.0,0.0,0.0,0.0,12.0,2.2,480.0,1,Vincent
SC12,SC12_20240203,18,SC12_20240203150001.JPG,2024-02-03 15:00:01,SC12_20240203153001.JPG,2024-02-03 15:30:01,18.0,18.0,0.0,0.0,0.0,12.0,1.2,510.0,0,Vincent
SC12,SC12_20240203,19,SC12_20240203153001.JPG,2024-02-03 15:30:01,SC12_20240203160001.JPG,2024-02-03 16:00:01,18.0,18.0,0.0,0.0,1.0,12.0,2.2,540.0,5,Vincent
SC12,SC12_20240203,20,SC12_20240203160001.JPG,2024-02-03 16:00:01,SC12_20240203163001.JPG,2024-02-03 16:30:01,18.0,16.0,-2.0,-1.2599210498948732,0.0,11.5,2.4,570.0,2,Vincent
SC12,SC12_20240203,21,SC12_20240203163001.JPG,2024-02-03 16:30:01,SC12_20240203170001.JPG,2024-02-03 17:00:01,16.0,15.0,-1.0,-1.0,0.0,10.5,2.2,600.0,7,Vincent
SC12,SC12_20240203,22,SC12_20240203170001.JPG,2024-02-03 17:00:01,SC12_20240203173001.JPG,2024-02-03 17:30:01,15.0,15.0,0.0,0.0,0.0,10.0,2.6,630.0,9,Vincent
SC12,SC12_20240204,2,SC12_20240204070001.JPG,2024-02-04 07:00:01,SC12_20240204073001.JPG,2024-02-04 07:30:01,8.0,5.0,-3.0,-1.4422495703074083,0.0,10.0,11.6,30.0,30,Vincent
SC12,SC12_20240204,3,SC12_20240204073001.JPG,2024-02-04 07:30:01,SC12_20240204080001.JPG,2024-02-04 08:00:01,5.0,8.0,3.0,1.4422495703074083,0.0,10.0,12.0,60.0,30,Vincent
SC12,SC12_20240204,4,SC12_20240204080001.JPG,2024-02-04 08:00:01,SC12_20240204083001.JPG,2024-02-04 08:30:01,8.0,5.0,-3.0,-1.4422495703074083,0.0,10.0,12.4,90.0,30,Vincent
SC12,SC12_20240204,5,SC12_20240204083001.JPG,2024-02-04 08:30:01,SC12_20240204090001.JPG,2024-02-04 09:00:01,5.0,17.0,12.0,2.2894284851066637,0.0,10.5,12.2,120.0,30,Vincent
SC1,SC1_20231117,2,SC1_20231117120001.JPG,2023-11-17 12:00:01,SC1_20231117123001.JPG,2023-11-17 12:30:01,108.0,72.0,-36.0,-3.3019272488946263,0.0,18.5,3.8,30.0,29,Skyler
SC1,SC1_20231117,3,SC1_20231117123001.JPG,2023-11-17 12:30:01,SC1_20231117130001.JPG,2023-11-17 13:00:01,72.0,74.0,2.0,1.2599210498948732,0.0,18.0,5.1,60.0,30,Skyler
SC1,SC1_20231117,4,SC1_20231117130001.JPG,2023-11-17 13:00:01,SC1_20231117133001.JPG,2023-11-17 13:30:01,74.0,59.0,-15.0,-2.46621207433047,0.0,17.5,5.9,90.0,29,Skyler
SC1,SC1_20231117,5,SC1_20231117133001.JPG,2023-11-17 13:30:01,SC1_20231117140001.JPG,2023-11-17 14:00:01,59.0,121.0,62.0,3.9578916096804058,0.0,16.5,5.1,120.0,30,Skyler
SC1,SC1_20231117,6,SC1_20231117140001.JPG,2023-11-17 14:00:01,SC1_20231117143001.JPG,2023-11-17 14:30:01,121.0,71.0,-50.0,-3.6840314986403864,0.0,16.5,4.7,150.0,30,Skyler
SC1,SC1_20231117,7,SC1_20231117143001.JPG,2023-11-17 14:30:01,SC1_20231117150001.JPG,2023-11-17 15:00:01,71.0,58.0,-13.0,-2.3513346877207573,0.0,16.5,4.5,180.0,30,Skyler
SC1,SC1_20231117,8,SC1_20231117150001.JPG,2023-11-17 15:00:01,SC1_20231117153001.JPG,2023-11-17 15:30:01,58.0,59.0,1.0,1.0,0.0,15.5,4.1,210.0,30,Skyler
SC1,SC1_20231117,9,SC1_20231117153001.JPG,2023-11-17 15:30:01,SC1_20231117160001.JPG,2023-11-17 16:00:01,59.0,52.0,-7.0,-1.912931182772389,0.0,15.0,4.9,240.0,30,Skyler
SC1,SC1_20231117,10,SC1_20231117160001.JPG,2023-11-17 16:00:01,SC1_20231117163001.JPG,2023-11-17 16:30:01,52.0,51.0,-1.0,-1.0,0.0,15.0,3.8,270.0,28,Skyler
SC1,SC1_20231117,11,SC1_20231117163001.JPG,2023-11-17 16:30:01,SC1_20231117170001.JPG,2023-11-17 17:00:01,51.0,68.0,17.0,2.571281590658235,0.0,15.0,3.0,300.0,6,Skyler
SC1,SC1_20231117,12,SC1_20231117170001.JPG,2023-11-17 17:00:01,SC1_20231117173001.JPG,2023-11-17 17:30:01,68.0,51.0,-17.0,-2.571281590658235,0.0,15.0,2.4,330.0,4,Skyler
SC1,SC1_20231118,2,SC1_20231118063002.JPG,2023-11-18 06:30:02,SC1_20231118070001.JPG,2023-11-18 07:00:01,56.0,33.0,-23.0,-2.8438669798515654,0.0,16.5,4.3,29.983333333333334,29,Skyler
SC1,SC1_20231118,3,SC1_20231118070001.JPG,2023-11-18 07:00:01,SC1_20231118073001.JPG,2023-11-18 07:30:01,33.0,44.0,11.0,2.2239800905693152,0.0,16.5,4.9,59.983333333333334,30,Skyler
SC1,SC1_20231118,4,SC1_20231118073001.JPG,2023-11-18 07:30:01,SC1_20231118080001.JPG,2023-11-18 08:00:01,44.0,55.0,11.0,2.2239800905693152,0.0,16.5,4.3,89.98333333333333,30,Skyler
SC1,SC1_20231118,5,SC1_20231118080001.JPG,2023-11-18 08:00:01,SC1_20231118083001.JPG,2023-11-18 08:30:01,55.0,51.0,-4.0,-1.5874010519681994,0.0,16.5,4.5,119.98333333333332,30,Skyler
SC1,SC1_20231118,6,SC1_20231118083001.JPG,2023-11-18 08:30:01,SC1_20231118090001.JPG,2023-11-18 09:00:01,51.0,42.0,-9.0,-2.080083823051904,0.0,16.5,3.8,149.98333333333332,26,Skyler
SC1,SC1_20231118,7,SC1_20231118090001.JPG,2023-11-18 09:00:01,SC1_20231118093001.JPG,2023-11-18 09:30:01,42.0,48.0,6.0,1.8171205928321397,0.0,17.0,3.4,179.98333333333332,26,Skyler
SC1,SC1_20231118,8,SC1_20231118093001.JPG,2023-11-18 09:30:01,SC1_20231118100001.JPG,2023-11-18 10:00:01,48.0,46.0,-2.0,-1.2599210498948732,0.0,17.0,4.7,209.98333333333332,30,Skyler
SC1,SC1_20231118,9,SC1_20231118100001.JPG,2023-11-18 10:00:01,SC1_20231118103001.JPG,2023-11-18 10:30:01,46.0,46.0,0.0,0.0,0.0,17.0,4.5,239.98333333333332,30,Skyler
SC1,SC1_20231118,10,SC1_20231118103001.JPG,2023-11-18 10:30:01,SC1_20231118110001.JPG,2023-11-18 11:00:01,46.0,56.0,10.0,2.154434690031884,0.0,17.5,4.5,269.98333333333335,30,Skyler
SC1,SC1_20231118,11,SC1_20231118110001.JPG,2023-11-18 11:00:01,SC1_20231118113001.JPG,2023-11-18 11:30:01,56.0,40.0,-16.0,-2.5198420997897464,0.0,18.0,3.7,299.98333333333335,30,Skyler
SC1,SC1_20231118,12,SC1_20231118113001.JPG,2023-11-18 11:30:01,SC1_20231118120001.JPG,2023-11-18 12:00:01,40.0,47.0,7.0,1.912931182772389,0.0,17.5,3.4,329.98333333333335,30,Skyler
SC1,SC1_20231118,13,SC1_20231118120001.JPG,2023-11-18 12:00:01,SC1_20231118123001.JPG,2023-11-18 12:30:01,47.0,44.0,-3.0,-1.4422495703074083,0.0,17.5,3.8,359.98333333333335,29,Skyler
SC1,SC1_20231118,14,SC1_20231118123001.JPG,2023-11-18 12:30:01,SC1_20231118130001.JPG,2023-11-18 13:00:01,44.0,28.0,-16.0,-2.5198420997897464,0.0,18.0,3.8,389.98333333333335,29,Skyler
SC1,SC1_20231118,15,SC1_20231118130001.JPG,2023-11-18 13:00:01,SC1_20231118133000.JPG,2023-11-18 13:30:00,28.0,45.0,17.0,2.571281590658235,0.0,17.5,3.4,419.96666666666664,30,Skyler
SC1,SC1_20231118,16,SC1_20231118133000.JPG,2023-11-18 13:30:00,SC1_20231118140001.JPG,2023-11-18 14:00:01,45.0,41.0,-4.0,-1.5874010519681994,0.0,17.0,3.0,449.98333333333335,13,Skyler
SC1,SC1_20231118,17,SC1_20231118140001.JPG,2023-11-18 14:00:01,SC1_20231118143001.JPG,2023-11-18 14:30:01,41.0,42.0,1.0,1.0,0.0,17.0,1.8,479.98333333333335,0,Skyler
SC1,SC1_20231118,18,SC1_20231118143001.JPG,2023-11-18 14:30:01,SC1_20231118150001.JPG,2023-11-18 15:00:01,42.0,3.0,-39.0,-3.3912114430141664,0.0,17.0,4.5,509.98333333333335,6,Skyler
SC1,SC1_20231118,19,SC1_20231118150001.JPG,2023-11-18 15:00:01,SC1_20231118153001.JPG,2023-11-18 15:30:01,3.0,21.0,18.0,2.6207413942088964,0.0,16.0,4.9,539.9833333333333,13,Skyler
SC1,SC1_20231118,20,SC1_20231118153001.JPG,2023-11-18 15:30:01,SC1_20231118160001.JPG,2023-11-18 16:00:01,21.0,16.0,-5.0,-1.7099759466766968,0.0,15.5,3.2,569.9833333333333,9,Skyler
SC1,SC1_20231118,21,SC1_20231118160001.JPG,2023-11-18 16:00:01,SC1_20231118163001.JPG,2023-11-18 16:30:01,16.0,22.0,6.0,1.8171205928321397,0.0,15.5,2.2,599.9833333333333,1,Skyler
SC1,SC1_20231118,22,SC1_20231118163001.JPG,2023-11-18 16:30:01,SC1_20231118170001.JPG,2023-11-18 17:00:01,22.0,23.0,1.0,1.0,0.0,15.0,0.7,629.9833333333333,0,Skyler
SC1,SC1_20231119,2,SC1_20231119063001.JPG,2023-11-19 06:30:01,SC1_20231119070001.JPG,2023-11-19 07:00:01,11.0,14.0,3.0,1.4422495703074083,0.0,12.5,2.2,30.0,4,Skyler
SC1,SC1_20231119,3,SC1_20231119070001.JPG,2023-11-19 07:00:01,SC1_20231119073001.JPG,2023-11-19 07:30:01,14.0,21.0,7.0,1.912931182772389,0.0,11.5,2.8,60.0,13,Skyler
SC1,SC1_20231119,4,SC1_20231119073001.JPG,2023-11-19 07:30:01,SC1_20231119080001.JPG,2023-11-19 08:00:01,21.0,13.0,-8.0,-2.0,0.0,11.5,2.8,90.0,21,Skyler
SC1,SC1_20231119,5,SC1_20231119080001.JPG,2023-11-19 08:00:01,SC1_20231119083001.JPG,2023-11-19 08:30:01,13.0,12.0,-1.0,-1.0,3.0,12.0,3.4,120.0,14,Skyler
SC1,SC1_20231119,6,SC1_20231119083001.JPG,2023-11-19 08:30:01,SC1_20231119090001.JPG,2023-11-19 09:00:01,12.0,21.0,9.0,2.080083823051904,0.0,12.5,2.4,150.0,13,Skyler
SC1,SC1_20231119,7,SC1_20231119090001.JPG,2023-11-19 09:00:01,SC1_20231119093001.JPG,2023-11-19 09:30:01,21.0,19.0,-2.0,-1.2599210498948732,0.0,13.0,2.6,180.0,4,Skyler
SC1,SC1_20231119,8,SC1_20231119093001.JPG,2023-11-19 09:30:01,SC1_20231119100001.JPG,2023-11-19 10:00:01,19.0,14.0,-5.0,-1.7099759466766968,0.0,13.5,2.8,210.0,8,Skyler
SC1,SC1_20231119,9,SC1_20231119100001.JPG,2023-11-19 10:00:01,SC1_20231119103001.JPG,2023-11-19 10:30:01,14.0,10.0,-4.0,-1.5874010519681994,0.0,14.0,2.2,240.0,4,Skyler
SC1,SC1_20231119,10,SC1_20231119103001.JPG,2023-11-19 10:30:01,SC1_20231119110001.JPG,2023-11-19 11:00:01,10.0,9.0,-1.0,-1.0,0.0,15.0,2.8,270.0,4,Skyler
SC1,SC1_20231119,11,SC1_20231119110001.JPG,2023-11-19 11:00:01,SC1_20231119113001.JPG,2023-11-19 11:30:01,9.0,8.0,-1.0,-1.0,2.0,16.0,3.0,300.0,3,Skyler
SC1,SC1_20231119,12,SC1_20231119113001.JPG,2023-11-19 11:30:01,SC1_20231119120001.JPG,2023-11-19 12:00:01,8.0,7.0,-1.0,-1.0,0.0,16.0,2.6,330.0,7,Skyler
SC1,SC1_20231119,13,SC1_20231119120001.JPG,2023-11-19 12:00:01,SC1_20231119123001.JPG,2023-11-19 12:30:01,7.0,6.0,-1.0,-1.0,0.0,16.5,4.3,360.0,14,Skyler
SC1,SC1_20231119,14,SC1_20231119123001.JPG,2023-11-19 12:30:01,SC1_20231119130001.JPG,2023-11-19 13:00:01,6.0,4.0,-2.0,-1.2599210498948732,0.0,17.0,3.4,390.0,10,Skyler
SC1,SC1_20231119,15,SC1_20231119130001.JPG,2023-11-19 13:00:01,SC1_20231119133001.JPG,2023-11-19 13:30:01,4.0,4.0,0.0,0.0,0.0,17.0,3.4,420.0,8,Skyler
SC1,SC1_20231119,16,SC1_20231119133001.JPG,2023-11-19 13:30:01,SC1_20231119140001.JPG,2023-11-19 14:00:01,4.0,0.0,-4.0,-1.5874010519681994,0.0,17.5,4.5,450.0,7,Skyler
SC1,SC1_20231119,17,SC1_20231119140001.JPG,2023-11-19 14:00:01,SC1_20231119143001.JPG,2023-11-19 14:30:01,0.0,1.0,1.0,1.0,0.0,17.5,2.8,480.0,2,Skyler
SC1,SC1_20231119,18,SC1_20231119143001.JPG,2023-11-19 14:30:01,SC1_20231119150001.JPG,2023-11-19 15:00:01,1.0,0.0,-1.0,-1.0,0.0,17.0,0.0,510.0,0,Skyler
SC1,SC1_20231119,20,SC1_20231119153001.JPG,2023-11-19 15:30:01,SC1_20231119160001.JPG,2023-11-19 16:00:01,0.0,2.0,2.0,1.2599210498948732,0.0,18.5,2.6,570.0,4,Skyler
SC1,SC1_20231119,21,SC1_20231119160001.JPG,2023-11-19 16:00:01,SC1_20231119163001.JPG,2023-11-19 16:30:01,2.0,3.0,1.0,1.0,0.0,18.5,2.6,600.0,6,Skyler
SC1,SC1_20231119,22,SC1_20231119163001.JPG,2023-11-19 16:30:01,SC1_20231119170001.JPG,2023-11-19 17:00:01,3.0,2.0,-1.0,-1.0,0.0,15.5,2.4,630.0,4,Skyler
SC1,SC1_20231120,2,SC1_20231120063001.JPG,2023-11-20 06:30:01,SC1_20231120070001.JPG,2023-11-20 07:00:01,5.0,4.0,-1.0,-1.0,0.0,9.0,1.8,30.0,0,Skyler
SC1,SC1_20231120,3,SC1_20231120070001.JPG,2023-11-20 07:00:01,SC1_20231120073002.JPG,2023-11-20 07:30:02,4.0,3.0,-1.0,-1.0,0.0,8.5,1.6,60.016666666666666,0,Skyler
SC1,SC1_20231120,4,SC1_20231120073002.JPG,2023-11-20 07:30:02,SC1_20231120080001.JPG,2023-11-20 08:00:01,3.0,2.0,-1.0,-1.0,0.0,9.0,2.2,90.0,3,Skyler
SC1,SC1_20231120,5,SC1_20231120080001.JPG,2023-11-20 08:00:01,SC1_20231120083001.JPG,2023-11-20 08:30:01,2.0,3.0,1.0,1.0,2.0,11.0,1.6,120.0,0,Skyler
SC1,SC1_20231120,6,SC1_20231120083001.JPG,2023-11-20 08:30:01,SC1_20231120090001.JPG,2023-11-20 09:00:01,3.0,3.0,0.0,0.0,0.0,12.5,1.6,150.0,0,Skyler
SC1,SC1_20231120,7,SC1_20231120090001.JPG,2023-11-20 09:00:01,SC1_20231120093001.JPG,2023-11-20 09:30:01,3.0,4.0,1.0,1.0,0.0,13.5,1.3,180.0,0,Skyler
SC1,SC1_20231120,8,SC1_20231120093001.JPG,2023-11-20 09:30:01,SC1_20231120100001.JPG,2023-11-20 10:00:01,4.0,5.0,1.0,1.0,0.0,14.5,3.7,210.0,6,Skyler
SC1,SC1_20231120,9,SC1_20231120100001.JPG,2023-11-20 10:00:01,SC1_20231120103001.JPG,2023-11-20 10:30:01,5.0,3.0,-2.0,-1.2599210498948732,0.0,15.5,3.7,240.0,19,Skyler
SC1,SC1_20231120,10,SC1_20231120103001.JPG,2023-11-20 10:30:01,SC1_20231120110001.JPG,2023-11-20 11:00:01,3.0,5.0,2.0,1.2599210498948732,0.0,16.5,2.6,270.0,2,Skyler
SC1,SC1_20231120,11,SC1_20231120110001.JPG,2023-11-20 11:00:01,SC1_20231120113001.JPG,2023-11-20 11:30:01,5.0,2.0,-3.0,-1.4422495703074083,0.0,17.5,2.6,300.0,15,Skyler
SC1,SC1_20231120,12,SC1_20231120113001.JPG,2023-11-20 11:30:01,SC1_20231120120001.JPG,2023-11-20 12:00:01,2.0,2.0,0.0,0.0,0.0,18.5,2.8,330.0,19,Skyler
SC1,SC1_20231120,13,SC1_20231120120001.JPG,2023-11-20 12:00:01,SC1_20231120123001.JPG,2023-11-20 12:30:01,2.0,2.0,0.0,0.0,0.0,19.5,2.6,360.0,9,Skyler
SC1,SC1_20231120,14,SC1_20231120123001.JPG,2023-11-20 12:30:01,SC1_20231120130001.JPG,2023-11-20 13:00:01,2.0,1.0,-1.0,-1.0,0.0,20.0,3.0,390.0,9,Skyler
SC1,SC1_20231120,15,SC1_20231120130001.JPG,2023-11-20 13:00:01,SC1_20231120133001.JPG,2023-11-20 13:30:01,1.0,0.0,-1.0,-1.0,1.0,19.5,6.3,420.0,25,Skyler
SC2,SC2_20231117,2,SC2_20231117140001.JPG,2023-11-17 14:00:01,SC2_20231117143001.JPG,2023-11-17 14:30:01,122.0,90.0,-32.0,-3.1748021039363987,0.0,19.5,4.3,30.0,29,Vincent
SC2,SC2_20231117,3,SC2_20231117143001.JPG,2023-11-17 14:30:01,SC2_20231117150001.JPG,2023-11-17 15:00:01,90.0,111.0,21.0,2.7589241763811203,0.0,17.5,3.2,60.0,29,Vincent
SC2,SC2_20231117,4,SC2_20231117150001.JPG,2023-11-17 15:00:01,SC2_20231117153001.JPG,2023-11-17 15:30:01,111.0,100.0,-11.0,-2.2239800905693152,0.0,15.5,3.0,90.0,24,Vincent
SC2,SC2_20231117,5,SC2_20231117153001.JPG,2023-11-17 15:30:01,SC2_20231117160001.JPG,2023-11-17 16:00:01,100.0,90.0,-10.0,-2.154434690031884,0.0,15.0,3.8,120.0,29,Vincent
SC2,SC2_20231117,6,SC2_20231117160001.JPG,2023-11-17 16:00:01,SC2_20231117163001.JPG,2023-11-17 16:30:01,90.0,90.0,0.0,0.0,0.0,15.0,2.8,150.0,21,Vincent
SC2,SC2_20231117,7,SC2_20231117163001.JPG,2023-11-17 16:30:01,SC2_20231117170001.JPG,2023-11-17 17:00:01,90.0,110.0,20.0,2.7144176165949063,0.0,15.0,2.6,180.0,3,Vincent
SC2,SC2_20231118,2,SC2_20231118063001.JPG,2023-11-18 06:30:01,SC2_20231118070001.JPG,2023-11-18 07:00:01,120.0,108.0,-12.0,-2.2894284851066637,0.0,16.0,3.2,30.0,22,Vincent
SC2,SC2_20231118,3,SC2_20231118070001.JPG,2023-11-18 07:00:01,SC2_20231118073001.JPG,2023-11-18 07:30:01,108.0,98.0,-10.0,-2.154434690031884,0.0,16.5,3.7,60.0,19,Vincent
SC2,SC2_20231118,4,SC2_20231118073001.JPG,2023-11-18 07:30:01,SC2_20231118080001.JPG,2023-11-18 08:00:01,98.0,110.0,12.0,2.2894284851066637,0.0,17.0,0.0,90.0,0,Vincent
SC2,SC2_20231118,5,SC2_20231118080001.JPG,2023-11-18 08:00:01,SC2_20231118083001.JPG,2023-11-18 08:30:01,110.0,106.0,-4.0,-1.5874010519681994,0.0,17.0,4.7,120.0,1,Vincent
SC2,SC2_20231118,6,SC2_20231118083001.JPG,2023-11-18 08:30:01,SC2_20231118090001.JPG,2023-11-18 09:00:01,106.0,111.0,5.0,1.7099759466766968,0.0,17.0,0.0,150.0,0,Vincent
SC2,SC2_20231118,7,SC2_20231118090001.JPG,2023-11-18 09:00:01,SC2_20231118093001.JPG,2023-11-18 09:30:01,111.0,86.0,-25.0,-2.924017738212866,0.0,17.0,0.0,180.0,0,Vincent
SC2,SC2_20231118,8,SC2_20231118093001.JPG,2023-11-18 09:30:01,SC2_20231118100001.JPG,2023-11-18 10:00:01,86.0,91.0,5.0,1.7099759466766968,0.0,17.5,0.0,210.0,0,Vincent
SC2,SC2_20231118,9,SC2_20231118100001.JPG,2023-11-18 10:00:01,SC2_20231118103001.JPG,2023-11-18 10:30:01,91.0,95.0,4.0,1.5874010519681994,0.0,18.0,0.0,240.0,0,Vincent
SC2,SC2_20231118,10,SC2_20231118103001.JPG,2023-11-18 10:30:01,SC2_20231118110001.JPG,2023-11-18 11:00:01,95.0,92.0,-3.0,-1.4422495703074083,0.0,18.0,0.0,270.0,0,Vincent
SC2,SC2_20231118,11,SC2_20231118110001.JPG,2023-11-18 11:00:01,SC2_20231118113001.JPG,2023-11-18 11:30:01,92.0,65.0,-27.0,-3.0,34.0,18.5,0.0,300.0,0,Vincent
SC2,SC2_20231118,12,SC2_20231118113001.JPG,2023-11-18 11:30:01,SC2_20231118120001.JPG,2023-11-18 12:00:01,65.0,88.0,23.0,2.8438669798515654,0.0,19.0,2.4,330.0,17,Vincent
SC2,SC2_20231118,13,SC2_20231118120001.JPG,2023-11-18 12:00:01,SC2_20231118123001.JPG,2023-11-18 12:30:01,88.0,103.0,15.0,2.46621207433047,0.0,18.5,10.5,360.0,21,Vincent
SC2,SC2_20231118,14,SC2_20231118123001.JPG,2023-11-18 12:30:01,SC2_20231118130001.JPG,2023-11-18 13:00:01,103.0,94.0,-9.0,-2.080083823051904,0.0,18.5,0.0,390.0,0,Vincent
SC2,SC2_20231118,15,SC2_20231118130001.JPG,2023-11-18 13:00:01,SC2_20231118133001.JPG,2023-11-18 13:30:01,94.0,86.0,-8.0,-2.0,0.0,18.0,0.0,420.0,0,Vincent
SC2,SC2_20231118,16,SC2_20231118133001.JPG,2023-11-18 13:30:01,SC2_20231118140001.JPG,2023-11-18 14:00:01,86.0,81.0,-5.0,-1.7099759466766968,0.0,17.5,0.0,450.0,0,Vincent
SC2,SC2_20231118,17,SC2_20231118140001.JPG,2023-11-18 14:00:01,SC2_20231118143001.JPG,2023-11-18 14:30:01,81.0,76.0,-5.0,-1.7099759466766968,0.0,17.5,0.0,480.0,0,Vincent
SC2,SC2_20231118,18,SC2_20231118143001.JPG,2023-11-18 14:30:01,SC2_20231118150001.JPG,2023-11-18 15:00:01,76.0,68.0,-8.0,-2.0,0.0,17.0,0.0,510.0,0,Vincent
SC2,SC2_20231118,19,SC2_20231118150001.JPG,2023-11-18 15:00:01,SC2_20231118153001.JPG,2023-11-18 15:30:01,68.0,68.0,0.0,0.0,0.0,16.5,0.0,540.0,0,Vincent
SC2,SC2_20231118,20,SC2_20231118153001.JPG,2023-11-18 15:30:01,SC2_20231118160001.JPG,2023-11-18 16:00:01,68.0,76.0,8.0,2.0,0.0,16.0,0.0,570.0,0,Vincent
SC2,SC2_20231118,21,SC2_20231118160001.JPG,2023-11-18 16:00:01,SC2_20231118163001.JPG,2023-11-18 16:30:01,76.0,87.0,11.0,2.2239800905693152,0.0,16.0,0.0,600.0,0,Vincent
SC2,SC2_20231118,22,SC2_20231118163001.JPG,2023-11-18 16:30:01,SC2_20231118170001.JPG,2023-11-18 17:00:01,87.0,75.0,-12.0,-2.2894284851066637,0.0,16.0,0.0,630.0,0,Vincent
SC2,SC2_20231119,2,SC2_20231119063001.JPG,2023-11-19 06:30:01,SC2_20231119070001.JPG,2023-11-19 07:00:01,51.0,41.0,-10.0,-2.154434690031884,0.0,12.5,0.0,30.0,0,Vincent
SC2,SC2_20231119,3,SC2_20231119070001.JPG,2023-11-19 07:00:01,SC2_20231119073001.JPG,2023-11-19 07:30:01,41.0,25.0,-16.0,-2.5198420997897464,0.0,11.5,0.0,60.0,0,Vincent
SC2,SC2_20231119,4,SC2_20231119073001.JPG,2023-11-19 07:30:01,SC2_20231119080001.JPG,2023-11-19 08:00:01,25.0,34.0,9.0,2.080083823051904,0.0,11.0,0.0,90.0,0,Vincent
SC2,SC2_20231119,5,SC2_20231119080001.JPG,2023-11-19 08:00:01,SC2_20231119083001.JPG,2023-11-19 08:30:01,34.0,42.0,8.0,2.0,0.0,11.5,0.0,120.0,0,Vincent
SC2,SC2_20231119,6,SC2_20231119083001.JPG,2023-11-19 08:30:01,SC2_20231119090001.JPG,2023-11-19 09:00:01,42.0,53.0,11.0,2.2239800905693152,0.0,12.0,0.0,150.0,0,Vincent
SC2,SC2_20231119,7,SC2_20231119090001.JPG,2023-11-19 09:00:01,SC2_20231119093001.JPG,2023-11-19 09:30:01,53.0,54.0,1.0,1.0,0.0,12.5,0.0,180.0,0,Vincent
SC2,SC2_20231119,8,SC2_20231119093001.JPG,2023-11-19 09:30:01,SC2_20231119100001.JPG,2023-11-19 10:00:01,54.0,45.0,-9.0,-2.080083823051904,0.0,13.0,0.0,210.0,0,Vincent
SC2,SC2_20231119,9,SC2_20231119100001.JPG,2023-11-19 10:00:01,SC2_20231119103001.JPG,2023-11-19 10:30:01,45.0,8.0,-37.0,-3.332221851645953,0.0,13.5,0.0,240.0,0,Vincent
SC2,SC2_20231119,10,SC2_20231119103001.JPG,2023-11-19 10:30:01,SC2_20231119110001.JPG,2023-11-19 11:00:01,8.0,0.0,-8.0,-2.0,0.0,15.0,0.0,270.0,0,Vincent
SC4,SC4_20231203,2,SC4_20231203143001.JPG,2023-12-03 14:30:01,SC4_20231203150000.JPG,2023-12-03 15:00:00,436.0,462.0,26.0,2.9624960684073702,0.0,19.0,2.2,29.983333333333334,9,Kevin
SC4,SC4_20231203,3,SC4_20231203150000.JPG,2023-12-03 15:00:00,SC4_20231203153001.JPG,2023-12-03 15:30:01,462.0,554.0,92.0,4.514357435474001,0.0,17.0,2.2,60.0,2,Kevin
SC4,SC4_20231203,4,SC4_20231203153001.JPG,2023-12-03 15:30:01,SC4_20231203160001.JPG,2023-12-03 16:00:01,554.0,551.0,-3.0,-1.4422495703074083,0.0,15.5,2.2,90.0,6,Kevin
SC4,SC4_20231203,5,SC4_20231203160001.JPG,2023-12-03 16:00:01,SC4_20231203163001.JPG,2023-12-03 16:30:01,551.0,372.0,-179.0,-5.635740794544236,0.0,14.5,1.8,120.0,0,Kevin
SC4,SC4_20231203,6,SC4_20231203163001.JPG,2023-12-03 16:30:01,SC4_20231203170001.JPG,2023-12-03 17:00:01,372.0,352.0,-20.0,-2.7144176165949063,0.0,13.5,3.0,150.0,4,Kevin
SC4,SC4_20231204,2,SC4_20231204070001.JPG,2023-12-04 07:00:01,SC4_20231204073001.JPG,2023-12-04 07:30:01,318.0,329.0,11.0,2.2239800905693152,0.0,9.0,0.0,30.0,0,Kevin
SC4,SC4_20231204,3,SC4_20231204073001.JPG,2023-12-04 07:30:01,SC4_20231204080001.JPG,2023-12-04 08:00:01,329.0,497.0,168.0,5.517848352762241,0.0,9.5,0.0,60.0,0,Kevin
SC4,SC4_20231204,4,SC4_20231204080001.JPG,2023-12-04 08:00:01,SC4_20231204083001.JPG,2023-12-04 08:30:01,497.0,315.0,-182.0,-5.667051108097064,5.0,11.0,0.0,90.0,0,Kevin
SC4,SC4_20231204,5,SC4_20231204083001.JPG,2023-12-04 08:30:01,SC4_20231204090001.JPG,2023-12-04 09:00:01,315.0,200.0,-115.0,-4.862944131094279,0.0,13.5,0.0,120.0,0,Kevin
SC4,SC4_20231204,6,SC4_20231204090001.JPG,2023-12-04 09:00:01,SC4_20231204093001.JPG,2023-12-04 09:30:01,200.0,569.0,369.0,7.1725809000887955,67.0,17.0,1.6,150.0,0,Kevin
SC4,SC4_20231204,7,SC4_20231204093001.JPG,2023-12-04 09:30:01,SC4_20231204100001.JPG,2023-12-04 10:00:01,569.0,270.0,-299.0,-6.686883076988654,27.0,19.0,1.3,180.0,0,Kevin
SC4,SC4_20231204,8,SC4_20231204100001.JPG,2023-12-04 10:00:01,SC4_20231204103001.JPG,2023-12-04 10:30:01,270.0,25.0,-245.0,-6.257324745675973,150.0,19.5,1.8,210.0,0,Kevin
SC4,SC4_20231204,9,SC4_20231204103001.JPG,2023-12-04 10:30:01,SC4_20231204110001.JPG,2023-12-04 11:00:01,25.0,5.0,-20.0,-2.7144176165949063,25.0,20.5,2.0,240.0,3,Kevin
SC4,SC4_20231204,10,SC4_20231204110001.JPG,2023-12-04 11:00:01,SC4_20231204113001.JPG,2023-12-04 11:30:01,5.0,35.0,30.0,3.1072325059538586,5.0,21.0,2.0,270.0,1,Kevin
SC4,SC4_20231204,11,SC4_20231204113001.JPG,2023-12-04 11:30:01,SC4_20231204120001.JPG,2023-12-04 12:00:01,35.0,67.0,32.0,3.1748021039363987,35.0,22.0,2.0,300.0,1,Kevin
SC4,SC4_20231204,12,SC4_20231204120001.JPG,2023-12-04 12:00:01,SC4_20231204123001.JPG,2023-12-04 12:30:01,67.0,157.0,90.0,4.481404746557164,7.0,23.5,1.6,330.0,0,Kevin
SC4,SC4_20231204,13,SC4_20231204123001.JPG,2023-12-04 12:30:01,SC4_20231204130001.JPG,2023-12-04 13:00:01,157.0,164.0,7.0,1.912931182772389,23.0,23.5,1.8,360.0,0,Kevin
SC4,SC4_20231204,14,SC4_20231204130001.JPG,2023-12-04 13:00:01,SC4_20231204133001.JPG,2023-12-04 13:30:01,164.0,193.0,29.0,3.072316825685847,33.0,22.5,2.0,390.0,1,Kevin
SC4,SC4_20231204,15,SC4_20231204133001.JPG,2023-12-04 13:30:01,SC4_20231204140001.JPG,2023-12-04 14:00:01,193.0,286.0,93.0,4.530654896083492,0.0,21.0,1.6,420.0,0,Kevin
SC4,SC4_20231204,16,SC4_20231204140001.JPG,2023-12-04 14:00:01,SC4_20231204143001.JPG,2023-12-04 14:30:01,286.0,215.0,-71.0,-4.140817749422853,0.0,20.0,1.6,450.0,0,Kevin
SC4,SC4_20231204,17,SC4_20231204143001.JPG,2023-12-04 14:30:01,SC4_20231204150001.JPG,2023-12-04 15:00:01,215.0,217.0,2.0,1.2599210498948732,0.0,21.5,1.2,480.0,0,Kevin
SC4,SC4_20231204,18,SC4_20231204150001.JPG,2023-12-04 15:00:01,SC4_20231204153001.JPG,2023-12-04 15:30:01,217.0,205.0,-12.0,-2.2894284851066637,0.0,22.5,1.3,510.0,0,Kevin
SC4,SC4_20231204,19,SC4_20231204153001.JPG,2023-12-04 15:30:01,SC4_20231204160001.JPG,2023-12-04 16:00:01,205.0,229.0,24.0,2.8844991406148166,0.0,20.5,0.9,540.0,0,Kevin
SC4,SC4_20231204,20,SC4_20231204160001.JPG,2023-12-04 16:00:01,SC4_20231204163001.JPG,2023-12-04 16:30:01,229.0,210.0,-19.0,-2.668401648721945,0.0,18.0,1.3,570.0,0,Kevin
SC4,SC4_20231204,21,SC4_20231204163001.JPG,2023-12-04 16:30:01,SC4_20231204170001.JPG,2023-12-04 17:00:01,210.0,197.0,-13.0,-2.3513346877207573,0.0,16.0,0.0,600.0,0,Kevin
SC4,SC4_20231205,2,SC4_20231205070001.JPG,2023-12-05 07:00:01,SC4_20231205073001.JPG,2023-12-05 07:30:01,193.0,185.0,-8.0,-2.0,0.0,12.5,0.0,30.0,0,Kevin
SC4,SC4_20231205,3,SC4_20231205073001.JPG,2023-12-05 07:30:01,SC4_20231205080001.JPG,2023-12-05 08:00:01,185.0,174.0,-11.0,-2.2239800905693152,0.0,12.0,0.0,60.0,0,Kevin
SC4,SC4_20231205,4,SC4_20231205080001.JPG,2023-12-05 08:00:01,SC4_20231205083001.JPG,2023-12-05 08:30:01,174.0,187.0,13.0,2.3513346877207573,16.0,13.5,0.0,90.0,0,Kevin
SC4,SC4_20231205,5,SC4_20231205083001.JPG,2023-12-05 08:30:01,SC4_20231205090001.JPG,2023-12-05 09:00:01,187.0,149.0,-38.0,-3.361975406798963,14.0,16.5,0.0,120.0,0,Kevin
SC4,SC4_20231205,6,SC4_20231205090001.JPG,2023-12-05 09:00:01,SC4_20231205093001.JPG,2023-12-05 09:30:01,149.0,55.0,-94.0,-4.546835943776344,17.0,20.5,0.0,150.0,0,Kevin
SC4,SC4_20231205,7,SC4_20231205093001.JPG,2023-12-05 09:30:01,SC4_20231205100001.JPG,2023-12-05 10:00:01,55.0,26.0,-29.0,-3.072316825685847,25.0,23.0,1.3,180.0,0,Kevin
SC4,SC4_20231205,8,SC4_20231205100001.JPG,2023-12-05 10:00:01,SC4_20231205103001.JPG,2023-12-05 10:30:01,26.0,13.0,-13.0,-2.3513346877207573,16.0,23.5,0.9,210.0,0,Kevin
SC4,SC4_20231205,9,SC4_20231205103001.JPG,2023-12-05 10:30:01,SC4_20231205110001.JPG,2023-12-05 11:00:01,13.0,3.0,-10.0,-2.154434690031884,3.0,25.0,0.9,240.0,0,Kevin
SC4,SC4_20231205,10,SC4_20231205110001.JPG,2023-12-05 11:00:01,SC4_20231205113001.JPG,2023-12-05 11:30:01,3.0,5.0,2.0,1.2599210498948732,3.0,26.5,1.2,270.0,0,Kevin
SC4,SC4_20231205,11,SC4_20231205113001.JPG,2023-12-05 11:30:01,SC4_20231205120001.JPG,2023-12-05 12:00:01,5.0,4.0,-1.0,-1.0,4.0,27.5,1.8,300.0,0,Kevin
SC4,SC4_20231205,12,SC4_20231205120001.JPG,2023-12-05 12:00:01,SC4_20231205123001.JPG,2023-12-05 12:30:01,4.0,3.0,-1.0,-1.0,3.0,28.0,1.3,330.0,0,Kevin
SC4,SC4_20231205,13,SC4_20231205123001.JPG,2023-12-05 12:30:01,SC4_20231205130001.JPG,2023-12-05 13:00:01,3.0,3.0,0.0,0.0,2.0,29.0,1.2,360.0,0,Kevin
SC4,SC4_20231205,14,SC4_20231205130001.JPG,2023-12-05 13:00:01,SC4_20231205133001.JPG,2023-12-05 13:30:01,3.0,0.0,-3.0,-1.4422495703074083,1.0,30.0,1.3,390.0,0,Kevin
SC4,SC4_20231205,17,SC4_20231205143001.JPG,2023-12-05 14:30:01,SC4_20231205150001.JPG,2023-12-05 15:00:01,0.0,1.0,1.0,1.0,0.0,28.5,1.2,480.0,0,Kevin
SC4,SC4_20231205,18,SC4_20231205150001.JPG,2023-12-05 15:00:01,SC4_20231205153001.JPG,2023-12-05 15:30:01,1.0,1.0,0.0,0.0,0.0,26.5,0.9,510.0,0,Kevin
SC4,SC4_20231205,19,SC4_20231205153001.JPG,2023-12-05 15:30:01,SC4_20231205160001.JPG,2023-12-05 16:00:01,1.0,0.0,-1.0,-1.0,0.0,23.0,0.7,540.0,0,Kevin
SC4,SC4_20231206,15,SC4_20231206130001.JPG,2023-12-06 13:00:01,SC4_20231206133001.JPG,2023-12-06 13:30:01,0.0,1.0,1.0,1.0,0.0,20.0,2.0,420.0,2,Kevin
SC4,SC4_20231206,16,SC4_20231206133001.JPG,2023-12-06 13:30:01,SC4_20231206140001.JPG,2023-12-06 14:00:01,1.0,1.0,0.0,0.0,0.0,20.0,1.6,450.0,0,Kevin
SC4,SC4_20231206,17,SC4_20231206140001.JPG,2023-12-06 14:00:01,SC4_20231206143001.JPG,2023-12-06 14:30:01,1.0,1.0,0.0,0.0,0.0,18.5,1.6,480.0,0,Kevin
SC4,SC4_20231206,18,SC4_20231206143001.JPG,2023-12-06 14:30:01,SC4_20231206150001.JPG,2023-12-06 15:00:01,1.0,1.0,0.0,0.0,0.0,19.0,1.3,510.0,0,Kevin
SC4,SC4_20231206,19,SC4_20231206150001.JPG,2023-12-06 15:00:01,SC4_20231206153001.JPG,2023-12-06 15:30:01,1.0,6.0,5.0,1.7099759466766968,0.0,19.0,1.2,540.0,0,Kevin
SC4,SC4_20231206,20,SC4_20231206153001.JPG,2023-12-06 15:30:01,SC4_20231206160001.JPG,2023-12-06 16:00:01,6.0,5.0,-1.0,-1.0,0.0,17.0,1.2,570.0,0,Kevin
SC4,SC4_20231206,21,SC4_20231206160001.JPG,2023-12-06 16:00:01,SC4_20231206163001.JPG,2023-12-06 16:30:01,5.0,2.0,-3.0,-1.4422495703074083,0.0,15.0,1.3,600.0,0,Kevin
SC4,SC4_20231206,22,SC4_20231206163001.JPG,2023-12-06 16:30:01,SC4_20231206170001.JPG,2023-12-06 17:00:01,2.0,2.0,0.0,0.0,0.0,13.5,0.0,630.0,0,Kevin
SC4,SC4_20231207,4,SC4_20231207073001.JPG,2023-12-07 07:30:01,SC4_20231207080001.JPG,2023-12-07 08:00:01,0.0,1.0,1.0,1.0,0.0,10.5,2.2,90.0,8,Kevin
SC4,SC4_20231207,5,SC4_20231207080001.JPG,2023-12-07 08:00:01,SC4_20231207083001.JPG,2023-12-07 08:30:01,1.0,0.0,-1.0,-1.0,0.0,12.0,2.8,120.0,22,Kevin
SC4,SC4_20231207,10,SC4_20231207103001.JPG,2023-12-07 10:30:01,SC4_20231207110001.JPG,2023-12-07 11:00:01,0.0,6.0,6.0,1.8171205928321397,0.0,17.5,3.2,270.0,29,Kevin
SC4,SC4_20231207,11,SC4_20231207110001.JPG,2023-12-07 11:00:01,SC4_20231207113001.JPG,2023-12-07 11:30:01,6.0,7.0,1.0,1.0,6.0,18.5,3.4,300.0,30,Kevin
SC4,SC4_20231207,12,SC4_20231207113001.JPG,2023-12-07 11:30:01,SC4_20231207120001.JPG,2023-12-07 12:00:01,7.0,7.0,0.0,0.0,7.0,19.0,4.3,330.0,30,Kevin
SC4,SC4_20231207,13,SC4_20231207120001.JPG,2023-12-07 12:00:01,SC4_20231207123001.JPG,2023-12-07 12:30:01,7.0,9.0,2.0,1.2599210498948732,7.0,19.0,3.8,360.0,29,Kevin
SC4,SC4_20231207,14,SC4_20231207123001.JPG,2023-12-07 12:30:01,SC4_20231207130001.JPG,2023-12-07 13:00:01,9.0,10.0,1.0,1.0,9.0,19.5,3.7,390.0,29,Kevin
SC4,SC4_20231207,15,SC4_20231207130001.JPG,2023-12-07 13:00:01,SC4_20231207133001.JPG,2023-12-07 13:30:01,10.0,42.0,32.0,3.1748021039363987,7.0,20.0,3.2,420.0,30,Kevin
SC4,SC4_20231207,16,SC4_20231207133001.JPG,2023-12-07 13:30:01,SC4_20231207140001.JPG,2023-12-07 14:00:01,42.0,45.0,3.0,1.4422495703074083,37.0,19.5,4.1,450.0,28,Kevin
SC4,SC4_20231207,17,SC4_20231207140001.JPG,2023-12-07 14:00:01,SC4_20231207143001.JPG,2023-12-07 14:30:01,45.0,78.0,33.0,3.207534329995826,7.0,19.0,4.1,480.0,30,Kevin
SC4,SC4_20231207,18,SC4_20231207143001.JPG,2023-12-07 14:30:01,SC4_20231207150001.JPG,2023-12-07 15:00:01,78.0,131.0,53.0,3.756285754221072,0.0,18.5,4.3,510.0,30,Kevin
SC4,SC4_20231207,19,SC4_20231207150001.JPG,2023-12-07 15:00:01,SC4_20231207153001.JPG,2023-12-07 15:30:01,131.0,133.0,2.0,1.2599210498948732,0.0,16.5,4.3,540.0,30,Kevin
SC4,SC4_20231207,20,SC4_20231207153001.JPG,2023-12-07 15:30:01,SC4_20231207160001.JPG,2023-12-07 16:00:01,133.0,184.0,51.0,3.708429769266189,0.0,14.5,4.3,570.0,30,Kevin
SC4,SC4_20231207,21,SC4_20231207160001.JPG,2023-12-07 16:00:01,SC4_20231207163001.JPG,2023-12-07 16:30:01,184.0,170.0,-14.0,-2.4101422641752297,0.0,13.5,4.1,600.0,30,Kevin
SC4,SC4_20231207,22,SC4_20231207163001.JPG,2023-12-07 16:30:01,SC4_20231207170001.JPG,2023-12-07 17:00:01,170.0,168.0,-2.0,-1.2599210498948732,0.0,13.0,3.4,630.0,30,Kevin
SC4,SC4_20231208,2,SC4_20231208070001.JPG,2023-12-08 07:00:01,SC4_20231208073001.JPG,2023-12-08 07:30:01,153.0,153.0,0.0,0.0,0.0,9.0,3.0,30.0,21,Kevin
SC4,SC4_20231208,3,SC4_20231208073001.JPG,2023-12-08 07:30:01,SC4_20231208080001.JPG,2023-12-08 08:00:01,153.0,146.0,-7.0,-1.912931182772389,0.0,9.5,2.6,60.0,18,Kevin
SC4,SC4_20231208,4,SC4_20231208080001.JPG,2023-12-08 08:00:01,SC4_20231208083001.JPG,2023-12-08 08:30:01,146.0,146.0,0.0,0.0,1.0,10.5,3.0,90.0,20,Kevin
SC4,SC4_20231208,5,SC4_20231208083001.JPG,2023-12-08 08:30:01,SC4_20231208090001.JPG,2023-12-08 09:00:01,146.0,111.0,-35.0,-3.2710663101885897,0.0,11.5,3.0,120.0,26,Kevin
SC4,SC4_20231208,6,SC4_20231208090001.JPG,2023-12-08 09:00:01,SC4_20231208093001.JPG,2023-12-08 09:30:01,111.0,69.0,-42.0,-3.4760266448864496,78.0,13.5,2.8,150.0,25,Kevin
SC4,SC4_20231208,7,SC4_20231208093001.JPG,2023-12-08 09:30:01,SC4_20231208100001.JPG,2023-12-08 10:00:01,69.0,57.0,-12.0,-2.2894284851066637,67.0,15.0,3.2,180.0,29,Kevin
SC4,SC4_20231208,8,SC4_20231208100001.JPG,2023-12-08 10:00:01,SC4_20231208103001.JPG,2023-12-08 10:30:01,57.0,27.0,-30.0,-3.1072325059538586,56.0,15.5,4.1,210.0,30,Kevin
SC4,SC4_20231208,9,SC4_20231208103001.JPG,2023-12-08 10:30:01,SC4_20231208110001.JPG,2023-12-08 11:00:01,27.0,56.0,29.0,3.072316825685847,27.0,16.0,3.8,240.0,30,Kevin
SC4,SC4_20231208,10,SC4_20231208110001.JPG,2023-12-08 11:00:01,SC4_20231208113001.JPG,2023-12-08 11:30:01,56.0,37.0,-19.0,-2.668401648721945,35.0,16.5,3.2,270.0,30,Kevin
SC4,SC4_20231208,11,SC4_20231208113001.JPG,2023-12-08 11:30:01,SC4_20231208120001.JPG,2023-12-08 12:00:01,37.0,86.0,49.0,3.6593057100229713,36.0,17.5,3.4,300.0,30,Kevin
SC4,SC4_20231208,12,SC4_20231208120001.JPG,2023-12-08 12:00:01,SC4_20231208123001.JPG,2023-12-08 12:30:01,86.0,94.0,8.0,2.0,55.0,18.0,3.7,330.0,30,Kevin
SC4,SC4_20231208,13,SC4_20231208123001.JPG,2023-12-08 12:30:01,SC4_20231208130001.JPG,2023-12-08 13:00:01,94.0,160.0,66.0,4.04124002062219,82.0,18.5,3.7,360.0,30,Kevin
SC4,SC4_20231208,14,SC4_20231208130001.JPG,2023-12-08 13:00:01,SC4_20231208133001.JPG,2023-12-08 13:30:01,160.0,212.0,52.0,3.732511156817248,19.0,19.5,3.4,390.0,30,Kevin
SC4,SC4_20231208,15,SC4_20231208133001.JPG,2023-12-08 13:30:01,SC4_20231208140001.JPG,2023-12-08 14:00:01,212.0,204.0,-8.0,-2.0,42.0,19.5,3.7,420.0,29,Kevin
SC4,SC4_20231208,16,SC4_20231208140001.JPG,2023-12-08 14:00:01,SC4_20231208143001.JPG,2023-12-08 14:30:01,204.0,197.0,-7.0,-1.912931182772389,39.0,19.0,3.8,450.0,30,Kevin
SC4,SC4_20231208,17,SC4_20231208143001.JPG,2023-12-08 14:30:01,SC4_20231208150001.JPG,2023-12-08 15:00:01,197.0,337.0,140.0,5.1924941018511035,8.0,19.0,3.2,480.0,30,Kevin
SC4,SC4_20231208,18,SC4_20231208150001.JPG,2023-12-08 15:00:01,SC4_20231208153001.JPG,2023-12-08 15:30:01,337.0,131.0,-206.0,-5.9059405836244885,1.0,18.0,3.8,510.0,29,Kevin
SC4,SC4_20231208,19,SC4_20231208153001.JPG,2023-12-08 15:30:01,SC4_20231208160001.JPG,2023-12-08 16:00:01,131.0,268.0,137.0,5.155136735475772,1.0,16.0,3.7,540.0,28,Kevin
SC4,SC4_20231208,20,SC4_20231208160001.JPG,2023-12-08 16:00:01,SC4_20231208163001.JPG,2023-12-08 16:30:01,268.0,266.0,-2.0,-1.2599210498948732,0.0,14.5,2.6,570.0,22,Kevin
SC4,SC4_20231208,21,SC4_20231208163001.JPG,2023-12-08 16:30:01,SC4_20231208170001.JPG,2023-12-08 17:00:01,266.0,236.0,-30.0,-3.1072325059538586,0.0,13.5,2.8,600.0,22,Kevin
SC4,SC4_20231209,2,SC4_20231209070001.JPG,2023-12-09 07:00:01,SC4_20231209073001.JPG,2023-12-09 07:30:01,229.0,257.0,28.0,3.0365889718756622,0.0,8.0,1.6,30.0,0,Kevin
SC4,SC4_20231209,3,SC4_20231209073001.JPG,2023-12-09 07:30:01,SC4_20231209080001.JPG,2023-12-09 08:00:01,257.0,248.0,-9.0,-2.080083823051904,0.0,8.5,0.0,60.0,0,Kevin
SC4,SC4_20231209,4,SC4_20231209080001.JPG,2023-12-09 08:00:01,SC4_20231209083001.JPG,2023-12-09 08:30:01,248.0,202.0,-46.0,-3.583047871015946,0.0,9.5,1.3,90.0,0,Kevin
SC4,SC4_20231209,5,SC4_20231209083001.JPG,2023-12-09 08:30:01,SC4_20231209090001.JPG,2023-12-09 09:00:01,202.0,91.0,-111.0,-4.805895533705332,0.0,12.0,1.6,120.0,0,Kevin
SC4,SC4_20231209,6,SC4_20231209090001.JPG,2023-12-09 09:00:01,SC4_20231209093001.JPG,2023-12-09 09:30:01,91.0,61.0,-30.0,-3.1072325059538586,48.0,16.0,0.0,150.0,0,Kevin
SC4,SC4_20231209,7,SC4_20231209093001.JPG,2023-12-09 09:30:01,SC4_20231209100000.JPG,2023-12-09 10:00:00,61.0,7.0,-54.0,-3.7797631496846193,40.0,19.0,0.0,179.98333333333332,0,Kevin
SC4,SC4_20231209,8,SC4_20231209100000.JPG,2023-12-09 10:00:00,SC4_20231209103001.JPG,2023-12-09 10:30:01,7.0,8.0,1.0,1.0,7.0,20.0,1.3,210.0,0,Kevin
SC4,SC4_20231209,9,SC4_20231209103001.JPG,2023-12-09 10:30:01,SC4_20231209110001.JPG,2023-12-09 11:00:01,8.0,10.0,2.0,1.2599210498948732,8.0,20.5,1.6,240.0,0,Kevin
SC4,SC4_20231209,10,SC4_20231209110001.JPG,2023-12-09 11:00:01,SC4_20231209113001.JPG,2023-12-09 11:30:01,10.0,6.0,-4.0,-1.5874010519681994,10.0,21.5,1.8,270.0,0,Kevin
SC4,SC4_20231209,11,SC4_20231209113001.JPG,2023-12-09 11:30:01,SC4_20231209120001.JPG,2023-12-09 12:00:01,6.0,24.0,18.0,2.6207413942088964,6.0,22.5,1.2,300.0,0,Kevin
SC4,SC4_20231209,12,SC4_20231209120001.JPG,2023-12-09 12:00:01,SC4_20231209123001.JPG,2023-12-09 12:30:01,24.0,24.0,0.0,0.0,24.0,23.5,1.8,330.0,0,Kevin
SC4,SC4_20231209,13,SC4_20231209123001.JPG,2023-12-09 12:30:01,SC4_20231209130001.JPG,2023-12-09 13:00:01,24.0,12.0,-12.0,-2.2894284851066637,24.0,24.5,1.8,360.0,0,Kevin
SC4,SC4_20231209,14,SC4_20231209130001.JPG,2023-12-09 13:00:01,SC4_20231209133001.JPG,2023-12-09 13:30:01,12.0,5.0,-7.0,-1.912931182772389,12.0,25.0,1.3,390.0,0,Kevin
SC4,SC4_20231209,15,SC4_20231209133001.JPG,2023-12-09 13:30:01,SC4_20231209140001.JPG,2023-12-09 14:00:01,5.0,16.0,11.0,2.2239800905693152,5.0,24.5,1.3,420.0,0,Kevin
SC4,SC4_20231209,16,SC4_20231209140001.JPG,2023-12-09 14:00:01,SC4_20231209143001.JPG,2023-12-09 14:30:01,16.0,14.0,-2.0,-1.2599210498948732,3.0,25.0,1.2,450.0,0,Kevin
SC4,SC4_20231209,17,SC4_20231209143001.JPG,2023-12-09 14:30:01,SC4_20231209150001.JPG,2023-12-09 15:00:01,14.0,13.0,-1.0,-1.0,12.0,25.0,1.2,480.0,0,Kevin
SC4,SC4_20231209,18,SC4_20231209150001.JPG,2023-12-09 15:00:01,SC4_20231209153001.JPG,2023-12-09 15:30:01,13.0,21.0,8.0,2.0,0.0,22.0,2.0,510.0,1,Kevin
SC4,SC4_20231209,19,SC4_20231209153001.JPG,2023-12-09 15:30:01,SC4_20231209160001.JPG,2023-12-09 16:00:01,21.0,21.0,0.0,0.0,0.0,18.5,0.9,540.0,0,Kevin
SC4,SC4_20231209,20,SC4_20231209160001.JPG,2023-12-09 16:00:01,SC4_20231209163001.JPG,2023-12-09 16:30:01,21.0,21.0,0.0,0.0,0.0,16.0,0.0,570.0,0,Kevin
SC4,SC4_20231209,21,SC4_20231209163001.JPG,2023-12-09 16:30:01,SC4_20231209170001.JPG,2023-12-09 17:00:01,21.0,26.0,5.0,1.7099759466766968,0.0,14.0,0.0,600.0,0,Kevin
SC4,SC4_20231210,2,SC4_20231210070001.JPG,2023-12-10 07:00:01,SC4_20231210073001.JPG,2023-12-10 07:30:01,18.0,19.0,1.0,1.0,0.0,6.0,0.0,30.0,0,Kevin
SC4,SC4_20231210,3,SC4_20231210073001.JPG,2023-12-10 07:30:01,SC4_20231210080001.JPG,2023-12-10 08:00:01,19.0,18.0,-1.0,-1.0,0.0,6.5,0.0,60.0,0,Kevin
SC4,SC4_20231210,4,SC4_20231210080001.JPG,2023-12-10 08:00:01,SC4_20231210083001.JPG,2023-12-10 08:30:01,18.0,18.0,0.0,0.0,0.0,8.0,0.0,90.0,0,Kevin
SC4,SC4_20231210,5,SC4_20231210083001.JPG,2023-12-10 08:30:01,SC4_20231210090001.JPG,2023-12-10 09:00:01,18.0,16.0,-2.0,-1.2599210498948732,0.0,11.5,0.0,120.0,0,Kevin
SC4,SC4_20231210,6,SC4_20231210090001.JPG,2023-12-10 09:00:01,SC4_20231210093001.JPG,2023-12-10 09:30:01,16.0,6.0,-10.0,-2.154434690031884,3.0,17.0,0.0,150.0,0,Kevin
SC4,SC4_20231210,7,SC4_20231210093001.JPG,2023-12-10 09:30:01,SC4_20231210100001.JPG,2023-12-10 10:00:01,6.0,0.0,-6.0,-1.8171205928321397,6.0,20.0,1.6,180.0,0,Kevin
SC4,SC4_20231210,13,SC4_20231210123001.JPG,2023-12-10 12:30:01,SC4_20231210130001.JPG,2023-12-10 13:00:01,0.0,1.0,1.0,1.0,0.0,21.5,1.8,360.0,0,Kevin
SC4,SC4_20231210,14,SC4_20231210130001.JPG,2023-12-10 13:00:01,SC4_20231210133001.JPG,2023-12-10 13:30:01,1.0,3.0,2.0,1.2599210498948732,1.0,21.5,1.6,390.0,0,Kevin
SC4,SC4_20231210,15,SC4_20231210133001.JPG,2023-12-10 13:30:01,SC4_20231210140001.JPG,2023-12-10 14:00:01,3.0,10.0,7.0,1.912931182772389,3.0,20.5,2.0,420.0,1,Kevin
SC4,SC4_20231210,16,SC4_20231210140001.JPG,2023-12-10 14:00:01,SC4_20231210143001.JPG,2023-12-10 14:30:01,10.0,10.0,0.0,0.0,1.0,20.5,1.6,450.0,0,Kevin
SC4,SC4_20231210,17,SC4_20231210143001.JPG,2023-12-10 14:30:01,SC4_20231210150001.JPG,2023-12-10 15:00:01,10.0,28.0,18.0,2.6207413942088964,5.0,20.5,1.2,480.0,0,Kevin
SC4,SC4_20231210,18,SC4_20231210150001.JPG,2023-12-10 15:00:01,SC4_20231210153001.JPG,2023-12-10 15:30:01,28.0,16.0,-12.0,-2.2894284851066637,0.0,19.0,1.2,510.0,0,Kevin
SC4,SC4_20231210,19,SC4_20231210153001.JPG,2023-12-10 15:30:01,SC4_20231210160001.JPG,2023-12-10 16:00:01,16.0,16.0,0.0,0.0,0.0,17.0,0.7,540.0,0,Kevin
SC4,SC4_20231210,20,SC4_20231210160001.JPG,2023-12-10 16:00:01,SC4_20231210163001.JPG,2023-12-10 16:30:01,16.0,15.0,-1.0,-1.0,0.0,15.0,0.0,570.0,0,Kevin
SC4,SC4_20231210,21,SC4_20231210163001.JPG,2023-12-10 16:30:01,SC4_20231210170001.JPG,2023-12-10 17:00:01,15.0,15.0,0.0,0.0,0.0,13.0,0.0,600.0,0,Kevin
SC4,SC4_20231211,2,SC4_20231211070001.JPG,2023-12-11 07:00:01,SC4_20231211073001.JPG,2023-12-11 07:30:01,15.0,14.0,-1.0,-1.0,0.0,12.0,0.0,30.0,0,Kevin
SC4,SC4_20231211,3,SC4_20231211073001.JPG,2023-12-11 07:30:01,SC4_20231211080001.JPG,2023-12-11 08:00:01,14.0,14.0,0.0,0.0,0.0,12.5,0.7,60.0,0,Kevin
SC4,SC4_20231211,4,SC4_20231211080001.JPG,2023-12-11 08:00:01,SC4_20231211083001.JPG,2023-12-11 08:30:01,14.0,15.0,1.0,1.0,0.0,13.0,1.2,90.0,0,Kevin
SC4,SC4_20231211,5,SC4_20231211083001.JPG,2023-12-11 08:30:01,SC4_20231211090001.JPG,2023-12-11 09:00:01,15.0,13.0,-2.0,-1.2599210498948732,0.0,14.0,1.2,120.0,0,Kevin
SC4,SC4_20231211,6,SC4_20231211090001.JPG,2023-12-11 09:00:01,SC4_20231211093001.JPG,2023-12-11 09:30:01,13.0,0.0,-13.0,-2.3513346877207573,0.0,17.0,1.3,150.0,0,Kevin
SC4,SC4_20231211,10,SC4_20231211110001.JPG,2023-12-11 11:00:01,SC4_20231211113001.JPG,2023-12-11 11:30:01,0.0,2.0,2.0,1.2599210498948732,0.0,21.0,1.8,270.0,0,Kevin
SC4,SC4_20231211,11,SC4_20231211113001.JPG,2023-12-11 11:30:01,SC4_20231211120001.JPG,2023-12-11 12:00:01,2.0,1.0,-1.0,-1.0,2.0,21.5,1.8,300.0,0,Kevin
SC4,SC4_20231211,12,SC4_20231211120001.JPG,2023-12-11 12:00:01,SC4_20231211123000.JPG,2023-12-11 12:30:00,1.0,1.0,0.0,0.0,1.0,22.0,2.0,329.98333333333335,1,Kevin
SC4,SC4_20231211,13,SC4_20231211123000.JPG,2023-12-11 12:30:00,SC4_20231211130001.JPG,2023-12-11 13:00:01,1.0,3.0,2.0,1.2599210498948732,1.0,22.5,2.2,360.0,3,Kevin
SC4,SC4_20231211,14,SC4_20231211130001.JPG,2023-12-11 13:00:01,SC4_20231211133001.JPG,2023-12-11 13:30:01,3.0,5.0,2.0,1.2599210498948732,3.0,23.0,2.4,390.0,5,Kevin
SC4,SC4_20231211,15,SC4_20231211133001.JPG,2023-12-11 13:30:01,SC4_20231211140001.JPG,2023-12-11 14:00:01,5.0,5.0,0.0,0.0,5.0,22.5,2.6,420.0,8,Kevin
SC4,SC4_20231211,16,SC4_20231211140001.JPG,2023-12-11 14:00:01,SC4_20231211143001.JPG,2023-12-11 14:30:01,5.0,6.0,1.0,1.0,0.0,22.0,2.6,450.0,13,Kevin
SC4,SC4_20231211,17,SC4_20231211143001.JPG,2023-12-11 14:30:01,SC4_20231211150001.JPG,2023-12-11 15:00:01,6.0,5.0,-1.0,-1.0,4.0,21.5,2.4,480.0,8,Kevin
SC4,SC4_20231211,18,SC4_20231211150001.JPG,2023-12-11 15:00:01,SC4_20231211153001.JPG,2023-12-11 15:30:01,5.0,7.0,2.0,1.2599210498948732,0.0,19.0,3.2,510.0,18,Kevin
SC4,SC4_20231211,19,SC4_20231211153001.JPG,2023-12-11 15:30:01,SC4_20231211160001.JPG,2023-12-11 16:00:01,7.0,8.0,1.0,1.0,0.0,16.0,2.0,540.0,4,Kevin
SC4,SC4_20231211,20,SC4_20231211160001.JPG,2023-12-11 16:00:01,SC4_20231211163001.JPG,2023-12-11 16:30:01,8.0,27.0,19.0,2.668401648721945,0.0,14.5,2.2,570.0,3,Kevin
SC4,SC4_20231211,21,SC4_20231211163001.JPG,2023-12-11 16:30:01,SC4_20231211170001.JPG,2023-12-11 17:00:01,27.0,37.0,10.0,2.154434690031884,0.0,13.5,1.8,600.0,0,Kevin
SC4,SC4_20231212,2,SC4_20231212070001.JPG,2023-12-12 07:00:01,SC4_20231212073001.JPG,2023-12-12 07:30:01,45.0,45.0,0.0,0.0,0.0,6.0,0.0,30.0,0,Kevin
SC4,SC4_20231212,3,SC4_20231212073001.JPG,2023-12-12 07:30:01,SC4_20231212080001.JPG,2023-12-12 08:00:01,45.0,45.0,0.0,0.0,0.0,6.0,0.0,60.0,0,Kevin
SC4,SC4_20231212,4,SC4_20231212080001.JPG,2023-12-12 08:00:01,SC4_20231212083001.JPG,2023-12-12 08:30:01,45.0,54.0,9.0,2.080083823051904,0.0,7.0,1.3,90.0,0,Kevin
SC4,SC4_20231212,5,SC4_20231212083001.JPG,2023-12-12 08:30:01,SC4_20231212090001.JPG,2023-12-12 09:00:01,54.0,44.0,-10.0,-2.154434690031884,20.0,10.5,1.3,120.0,0,Kevin
SC4,SC4_20231212,6,SC4_20231212090001.JPG,2023-12-12 09:00:01,SC4_20231212093001.JPG,2023-12-12 09:30:01,44.0,25.0,-19.0,-2.668401648721945,44.0,16.0,0.0,150.0,0,Kevin
SC4,SC4_20231212,7,SC4_20231212093001.JPG,2023-12-12 09:30:01,SC4_20231212100001.JPG,2023-12-12 10:00:01,25.0,0.0,-25.0,-2.924017738212866,15.0,20.5,0.7,180.0,0,Kevin
SC4,SC4_20231212,14,SC4_20231212130001.JPG,2023-12-12 13:00:01,SC4_20231212133000.JPG,2023-12-12 13:30:00,0.0,2.0,2.0,1.2599210498948732,0.0,22.0,2.8,389.98333333333335,15,Kevin
SC4,SC4_20231212,15,SC4_20231212133000.JPG,2023-12-12 13:30:00,SC4_20231212140001.JPG,2023-12-12 14:00:01,2.0,2.0,0.0,0.0,2.0,21.5,2.6,420.0,11,Kevin
SC4,SC4_20231212,16,SC4_20231212140001.JPG,2023-12-12 14:00:01,SC4_20231212143001.JPG,2023-12-12 14:30:01,2.0,1.0,-1.0,-1.0,0.0,21.0,2.4,450.0,13,Kevin
SC4,SC4_20231212,17,SC4_20231212143001.JPG,2023-12-12 14:30:01,SC4_20231212150001.JPG,2023-12-12 15:00:01,1.0,2.0,1.0,1.0,1.0,20.5,2.4,480.0,5,Kevin
SC4,SC4_20231212,18,SC4_20231212150001.JPG,2023-12-12 15:00:01,SC4_20231212153001.JPG,2023-12-12 15:30:01,2.0,0.0,-2.0,-1.2599210498948732,0.0,19.0,2.0,510.0,3,Kevin
SC4,SC4_20231212,19,SC4_20231212153001.JPG,2023-12-12 15:30:01,SC4_20231212160001.JPG,2023-12-12 16:00:01,0.0,1.0,1.0,1.0,0.0,17.0,1.3,540.0,0,Kevin
SC4,SC4_20231212,20,SC4_20231212160001.JPG,2023-12-12 16:00:01,SC4_20231212163001.JPG,2023-12-12 16:30:01,1.0,3.0,2.0,1.2599210498948732,0.0,15.0,1.2,570.0,0,Kevin
SC4,SC4_20231212,21,SC4_20231212163001.JPG,2023-12-12 16:30:01,SC4_20231212170001.JPG,2023-12-12 17:00:01,3.0,3.0,0.0,0.0,0.0,13.5,0.0,600.0,0,Kevin
SC4,SC4_20231213,2,SC4_20231213070001.JPG,2023-12-13 07:00:01,SC4_20231213073001.JPG,2023-12-13 07:30:01,6.0,6.0,0.0,0.0,0.0,4.5,0.0,30.0,0,Kevin
SC4,SC4_20231213,3,SC4_20231213073001.JPG,2023-12-13 07:30:01,SC4_20231213080001.JPG,2023-12-13 08:00:01,6.0,5.0,-1.0,-1.0,0.0,5.0,0.0,60.0,0,Kevin
SC4,SC4_20231213,4,SC4_20231213080001.JPG,2023-12-13 08:00:01,SC4_20231213083001.JPG,2023-12-13 08:30:01,5.0,4.0,-1.0,-1.0,0.0,6.5,0.0,90.0,0,Kevin
SC4,SC4_20231213,5,SC4_20231213083001.JPG,2023-12-13 08:30:01,SC4_20231213090001.JPG,2023-12-13 09:00:01,4.0,2.0,-2.0,-1.2599210498948732,2.0,10.5,0.0,120.0,0,Kevin
SC4,SC4_20231213,6,SC4_20231213090001.JPG,2023-12-13 09:00:01,SC4_20231213093001.JPG,2023-12-13 09:30:01,2.0,0.0,-2.0,-1.2599210498948732,2.0,15.5,0.0,150.0,0,Kevin
SC4,SC4_20231213,13,SC4_20231213123001.JPG,2023-12-13 12:30:01,SC4_20231213130001.JPG,2023-12-13 13:00:01,0.0,1.0,1.0,1.0,0.0,21.0,2.0,360.0,1,Kevin
SC4,SC4_20231213,14,SC4_20231213130001.JPG,2023-12-13 13:00:01,SC4_20231213133001.JPG,2023-12-13 13:30:01,1.0,4.0,3.0,1.4422495703074083,1.0,21.0,2.0,390.0,1,Kevin
SC4,SC4_20231213,15,SC4_20231213133001.JPG,2023-12-13 13:30:01,SC4_20231213140001.JPG,2023-12-13 14:00:01,4.0,6.0,2.0,1.2599210498948732,4.0,20.5,1.8,420.0,0,Kevin
SC4,SC4_20231213,16,SC4_20231213140001.JPG,2023-12-13 14:00:01,SC4_20231213143001.JPG,2023-12-13 14:30:01,6.0,8.0,2.0,1.2599210498948732,0.0,20.0,1.8,450.0,0,Kevin
SC4,SC4_20231213,17,SC4_20231213143001.JPG,2023-12-13 14:30:01,SC4_20231213150001.JPG,2023-12-13 15:00:01,8.0,18.0,10.0,2.154434690031884,0.0,19.5,1.3,480.0,0,Kevin
SC4,SC4_20231213,18,SC4_20231213150001.JPG,2023-12-13 15:00:01,SC4_20231213153001.JPG,2023-12-13 15:30:01,18.0,16.0,-2.0,-1.2599210498948732,0.0,18.5,1.3,510.0,0,Kevin
SC4,SC4_20231213,19,SC4_20231213153001.JPG,2023-12-13 15:30:01,SC4_20231213160001.JPG,2023-12-13 16:00:01,16.0,16.0,0.0,0.0,0.0,17.0,0.9,540.0,0,Kevin
SC4,SC4_20231213,20,SC4_20231213160001.JPG,2023-12-13 16:00:01,SC4_20231213163001.JPG,2023-12-13 16:30:01,16.0,6.0,-10.0,-2.154434690031884,0.0,15.0,0.0,570.0,0,Kevin
SC4,SC4_20231213,21,SC4_20231213163001.JPG,2023-12-13 16:30:01,SC4_20231213170001.JPG,2023-12-13 17:00:01,6.0,6.0,0.0,0.0,0.0,13.0,0.0,600.0,0,Kevin
SC4,SC4_20231214,2,SC4_20231214070001.JPG,2023-12-14 07:00:01,SC4_20231214073001.JPG,2023-12-14 07:30:01,5.0,5.0,0.0,0.0,0.0,7.0,1.2,30.0,0,Kevin
SC4,SC4_20231214,3,SC4_20231214073001.JPG,2023-12-14 07:30:01,SC4_20231214080001.JPG,2023-12-14 08:00:01,5.0,3.0,-2.0,-1.2599210498948732,0.0,7.0,0.0,60.0,0,Kevin
SC4,SC4_20231214,4,SC4_20231214080001.JPG,2023-12-14 08:00:01,SC4_20231214083001.JPG,2023-12-14 08:30:01,3.0,3.0,0.0,0.0,0.0,8.5,0.0,90.0,0,Kevin
SC4,SC4_20231214,5,SC4_20231214083001.JPG,2023-12-14 08:30:01,SC4_20231214090001.JPG,2023-12-14 09:00:01,3.0,3.0,0.0,0.0,0.0,12.0,0.0,120.0,0,Kevin
SC4,SC4_20231214,6,SC4_20231214090001.JPG,2023-12-14 09:00:01,SC4_20231214093001.JPG,2023-12-14 09:30:01,3.0,1.0,-2.0,-1.2599210498948732,1.0,16.5,0.9,150.0,0,Kevin
SC4,SC4_20231214,7,SC4_20231214093001.JPG,2023-12-14 09:30:01,SC4_20231214100001.JPG,2023-12-14 10:00:01,1.0,0.0,-1.0,-1.0,1.0,20.5,1.3,180.0,0,Kevin
SC4,SC4_20231214,17,SC4_20231214143001.JPG,2023-12-14 14:30:01,SC4_20231214150001.JPG,2023-12-14 15:00:01,0.0,1.0,1.0,1.0,0.0,25.5,2.0,480.0,4,Kevin
SC4,SC4_20231214,18,SC4_20231214150001.JPG,2023-12-14 15:00:01,SC4_20231214153001.JPG,2023-12-14 15:30:01,1.0,0.0,-1.0,-1.0,0.0,24.0,3.4,510.0,6,Kevin
SC4,SC4_20231216,15,SC4_20231216132001.JPG,2023-12-16 13:20:01,SC4_20231216135001.JPG,2023-12-16 13:50:01,0.0,3.0,3.0,1.4422495703074083,0.0,29.0,1.6,420.0,0,Kevin
SC4,SC4_20231216,16,SC4_20231216135001.JPG,2023-12-16 13:50:01,SC4_20231216142001.JPG,2023-12-16 14:20:01,3.0,22.0,19.0,2.668401648721945,2.0,27.0,2.2,450.0,5,Kevin
SC4,SC4_20231216,17,SC4_20231216142001.JPG,2023-12-16 14:20:01,SC4_20231216145001.JPG,2023-12-16 14:50:01,22.0,29.0,7.0,1.912931182772389,0.0,23.5,1.6,480.0,0,Kevin
SC4,SC4_20231216,18,SC4_20231216145001.JPG,2023-12-16 14:50:01,SC4_20231216152001.JPG,2023-12-16 15:20:01,29.0,100.0,71.0,4.140817749422853,0.0,20.5,0.0,510.0,0,Kevin
SC4,SC4_20231216,19,SC4_20231216152001.JPG,2023-12-16 15:20:01,SC4_20231216155001.JPG,2023-12-16 15:50:01,100.0,104.0,4.0,1.5874010519681994,0.0,18.5,1.2,540.0,0,Kevin
SC4,SC4_20231216,20,SC4_20231216155001.JPG,2023-12-16 15:50:01,SC4_20231216162001.JPG,2023-12-16 16:20:01,104.0,150.0,46.0,3.583047871015946,0.0,17.5,0.0,570.0,0,Kevin
SC4,SC4_20231216,21,SC4_20231216162001.JPG,2023-12-16 16:20:01,SC4_20231216165001.JPG,2023-12-16 16:50:01,150.0,129.0,-21.0,-2.7589241763811203,0.0,16.5,0.0,600.0,0,Kevin
SC4,SC4_20231217,2,SC4_20231217065001.JPG,2023-12-17 06:50:01,SC4_20231217072001.JPG,2023-12-17 07:20:01,126.0,125.0,-1.0,-1.0,0.0,15.5,1.6,30.0,0,Kevin
SC4,SC4_20231217,3,SC4_20231217072001.JPG,2023-12-17 07:20:01,SC4_20231217075001.JPG,2023-12-17 07:50:01,125.0,135.0,10.0,2.154434690031884,0.0,14.5,1.3,60.0,0,Kevin
SC4,SC4_20231217,4,SC4_20231217075001.JPG,2023-12-17 07:50:01,SC4_20231217082001.JPG,2023-12-17 08:20:01,135.0,135.0,0.0,0.0,0.0,13.5,0.0,90.0,0,Kevin
SC4,SC4_20231217,5,SC4_20231217082001.JPG,2023-12-17 08:20:01,SC4_20231217085001.JPG,2023-12-17 08:50:01,135.0,126.0,-9.0,-2.080083823051904,0.0,13.5,0.0,120.0,0,Kevin
SC4,SC4_20231217,6,SC4_20231217085001.JPG,2023-12-17 08:50:01,SC4_20231217092001.JPG,2023-12-17 09:20:01,126.0,83.0,-43.0,-3.503398060386724,0.0,14.5,0.0,150.0,0,Kevin
SC4,SC4_20231217,7,SC4_20231217092001.JPG,2023-12-17 09:20:01,SC4_20231217095001.JPG,2023-12-17 09:50:01,83.0,5.0,-78.0,-4.272658681697917,4.0,17.5,0.0,180.0,0,Kevin
SC4,SC4_20231217,8,SC4_20231217095001.JPG,2023-12-17 09:50:01,SC4_20231217102001.JPG,2023-12-17 10:20:01,5.0,13.0,8.0,2.0,4.0,21.0,1.3,210.0,0,Kevin
SC4,SC4_20231217,9,SC4_20231217102001.JPG,2023-12-17 10:20:01,SC4_20231217105001.JPG,2023-12-17 10:50:01,13.0,25.0,12.0,2.2894284851066637,1.0,21.0,1.3,240.0,0,Kevin
SC4,SC4_20231217,10,SC4_20231217105001.JPG,2023-12-17 10:50:01,SC4_20231217112001.JPG,2023-12-17 11:20:01,25.0,30.0,5.0,1.7099759466766968,1.0,20.0,0.4,270.0,0,Kevin
SC4,SC4_20231217,11,SC4_20231217112001.JPG,2023-12-17 11:20:01,SC4_20231217115001.JPG,2023-12-17 11:50:01,30.0,73.0,43.0,3.503398060386724,1.0,20.5,0.0,300.0,0,Kevin
SC4,SC4_20231217,12,SC4_20231217115001.JPG,2023-12-17 11:50:01,SC4_20231217122001.JPG,2023-12-17 12:20:01,73.0,18.0,-55.0,-3.802952460761391,0.0,20.5,3.4,330.0,5,Kevin
SC4,SC4_20231217,13,SC4_20231217122001.JPG,2023-12-17 12:20:01,SC4_20231217125001.JPG,2023-12-17 12:50:01,18.0,66.0,48.0,3.634241185664279,15.0,21.0,2.2,360.0,2,Kevin
SC4,SC4_20231217,14,SC4_20231217125001.JPG,2023-12-17 12:50:01,SC4_20231217132001.JPG,2023-12-17 13:20:01,66.0,42.0,-24.0,-2.8844991406148166,0.0,22.5,2.2,390.0,2,Kevin
SC4,SC4_20231217,15,SC4_20231217132001.JPG,2023-12-17 13:20:01,SC4_20231217135001.JPG,2023-12-17 13:50:01,42.0,47.0,5.0,1.7099759466766968,5.0,24.0,0.9,420.0,0,Kevin
SC4,SC4_20231217,16,SC4_20231217135001.JPG,2023-12-17 13:50:01,SC4_20231217142001.JPG,2023-12-17 14:20:01,47.0,47.0,0.0,0.0,5.0,25.0,0.9,450.0,0,Kevin
SC4,SC4_20231217,17,SC4_20231217142001.JPG,2023-12-17 14:20:01,SC4_20231217145001.JPG,2023-12-17 14:50:01,47.0,27.0,-20.0,-2.7144176165949063,5.0,27.5,1.2,480.0,0,Kevin
SC4,SC4_20231217,18,SC4_20231217145001.JPG,2023-12-17 14:50:01,SC4_20231217152001.JPG,2023-12-17 15:20:01,27.0,17.0,-10.0,-2.154434690031884,4.0,29.0,2.0,510.0,2,Kevin
SC4,SC4_20231217,19,SC4_20231217152001.JPG,2023-12-17 15:20:01,SC4_20231217155001.JPG,2023-12-17 15:50:01,17.0,7.0,-10.0,-2.154434690031884,3.0,26.5,1.2,540.0,0,Kevin
SC4,SC4_20231217,20,SC4_20231217155001.JPG,2023-12-17 15:50:01,SC4_20231217162001.JPG,2023-12-17 16:20:01,7.0,4.0,-3.0,-1.4422495703074083,0.0,24.0,1.6,570.0,0,Kevin
SC4,SC4_20231217,21,SC4_20231217162001.JPG,2023-12-17 16:20:01,SC4_20231217165001.JPG,2023-12-17 16:50:01,4.0,3.0,-1.0,-1.0,0.0,22.0,1.2,600.0,0,Kevin
SC4,SC4_20231218,2,SC4_20231218072001.JPG,2023-12-18 07:20:01,SC4_20231218075001.JPG,2023-12-18 07:50:01,7.0,8.0,1.0,1.0,0.0,17.0,3.4,30.0,10,Kevin
SC4,SC4_20231218,3,SC4_20231218075001.JPG,2023-12-18 07:50:01,SC4_20231218082001.JPG,2023-12-18 08:20:01,8.0,7.0,-1.0,-1.0,0.0,16.0,2.2,60.0,7,Kevin
SC4,SC4_20231218,4,SC4_20231218082001.JPG,2023-12-18 08:20:01,SC4_20231218085001.JPG,2023-12-18 08:50:01,7.0,6.0,-1.0,-1.0,0.0,15.0,3.7,90.0,19,Kevin
SC4,SC4_20231218,5,SC4_20231218085001.JPG,2023-12-18 08:50:01,SC4_20231218092001.JPG,2023-12-18 09:20:01,6.0,2.0,-4.0,-1.5874010519681994,0.0,15.0,3.2,120.0,14,Kevin
SC4,SC4_20231218,6,SC4_20231218092001.JPG,2023-12-18 09:20:01,SC4_20231218095001.JPG,2023-12-18 09:50:01,2.0,1.0,-1.0,-1.0,0.0,16.5,2.8,150.0,12,Kevin
SC4,SC4_20231218,7,SC4_20231218095001.JPG,2023-12-18 09:50:01,SC4_20231218102001.JPG,2023-12-18 10:20:01,1.0,1.0,0.0,0.0,0.0,18.0,2.6,180.0,11,Kevin
SC4,SC4_20231218,8,SC4_20231218102001.JPG,2023-12-18 10:20:01,SC4_20231218105000.JPG,2023-12-18 10:50:00,1.0,0.0,-1.0,-1.0,0.0,17.5,2.8,209.98333333333332,11,Kevin
SC4,SC4_20231221,8,SC4_20231221102001.JPG,2023-12-21 10:20:01,SC4_20231221105001.JPG,2023-12-21 10:50:01,0.0,1.0,1.0,1.0,0.0,14.0,3.2,210.0,10,Kevin
SC4,SC4_20231221,9,SC4_20231221105001.JPG,2023-12-21 10:50:01,SC4_20231221112001.JPG,2023-12-21 11:20:01,1.0,1.0,0.0,0.0,0.0,13.5,4.5,240.0,18,Kevin
SC4,SC4_20231221,10,SC4_20231221112001.JPG,2023-12-21 11:20:01,SC4_20231221115001.JPG,2023-12-21 11:50:01,1.0,1.0,0.0,0.0,0.0,12.5,1.3,270.0,0,Kevin
SC4,SC4_20231221,11,SC4_20231221115001.JPG,2023-12-21 11:50:01,SC4_20231221122001.JPG,2023-12-21 12:20:01,1.0,1.0,0.0,0.0,0.0,12.5,1.2,300.0,0,Kevin
SC4,SC4_20231221,12,SC4_20231221122001.JPG,2023-12-21 12:20:01,SC4_20231221125001.JPG,2023-12-21 12:50:01,1.0,2.0,1.0,1.0,0.0,13.0,1.3,330.0,0,Kevin
SC4,SC4_20231221,13,SC4_20231221125001.JPG,2023-12-21 12:50:01,SC4_20231221132001.JPG,2023-12-21 13:20:01,2.0,3.0,1.0,1.0,0.0,14.5,2.2,360.0,2,Kevin
SC4,SC4_20231221,14,SC4_20231221132001.JPG,2023-12-21 13:20:01,SC4_20231221135001.JPG,2023-12-21 13:50:01,3.0,4.0,1.0,1.0,3.0,16.5,3.4,390.0,15,Kevin
SC4,SC4_20231221,15,SC4_20231221135001.JPG,2023-12-21 13:50:01,SC4_20231221142001.JPG,2023-12-21 14:20:01,4.0,0.0,-4.0,-1.5874010519681994,0.0,17.5,5.9,420.0,24,Kevin
SC4,SC4_20231222,11,SC4_20231222115001.JPG,2023-12-22 11:50:01,SC4_20231222122001.JPG,2023-12-22 12:20:01,0.0,8.0,8.0,2.0,0.0,22.0,2.2,300.0,1,Kevin
SC4,SC4_20231222,12,SC4_20231222122001.JPG,2023-12-22 12:20:01,SC4_20231222125001.JPG,2023-12-22 12:50:01,8.0,7.0,-1.0,-1.0,8.0,22.0,2.2,330.0,4,Kevin
SC4,SC4_20231222,13,SC4_20231222125001.JPG,2023-12-22 12:50:01,SC4_20231222132001.JPG,2023-12-22 13:20:01,7.0,6.0,-1.0,-1.0,7.0,20.5,2.0,360.0,3,Kevin
SC4,SC4_20231222,14,SC4_20231222132001.JPG,2023-12-22 13:20:01,SC4_20231222135001.JPG,2023-12-22 13:50:01,6.0,32.0,26.0,2.9624960684073702,1.0,19.5,1.6,390.0,0,Kevin
SC4,SC4_20231222,15,SC4_20231222135001.JPG,2023-12-22 13:50:01,SC4_20231222142001.JPG,2023-12-22 14:20:01,32.0,81.0,49.0,3.6593057100229713,0.0,19.0,1.2,420.0,0,Kevin
SC4,SC4_20231222,16,SC4_20231222142001.JPG,2023-12-22 14:20:01,SC4_20231222145001.JPG,2023-12-22 14:50:01,81.0,108.0,27.0,3.0,43.0,20.5,2.6,450.0,4,Kevin
SC4,SC4_20231222,17,SC4_20231222145001.JPG,2023-12-22 14:50:01,SC4_20231222152001.JPG,2023-12-22 15:20:01,108.0,119.0,11.0,2.2239800905693152,21.0,22.0,2.0,480.0,1,Kevin
SC4,SC4_20231222,18,SC4_20231222152001.JPG,2023-12-22 15:20:01,SC4_20231222155001.JPG,2023-12-22 15:50:01,119.0,119.0,0.0,0.0,0.0,20.0,2.0,510.0,1,Kevin
SC4,SC4_20231222,19,SC4_20231222155001.JPG,2023-12-22 15:50:01,SC4_20231222162001.JPG,2023-12-22 16:20:01,119.0,131.0,12.0,2.2894284851066637,0.0,17.0,1.2,540.0,0,Kevin
SC4,SC4_20231222,20,SC4_20231222162001.JPG,2023-12-22 16:20:01,SC4_20231222165001.JPG,2023-12-22 16:50:01,131.0,130.0,-1.0,-1.0,0.0,15.5,1.3,570.0,0,Kevin
SC4,SC4_20231222,21,SC4_20231222165001.JPG,2023-12-22 16:50:01,SC4_20231222172001.JPG,2023-12-22 17:20:01,130.0,35.0,-95.0,-4.562902635386966,0.0,14.5,1.6,600.0,0,Kevin
SC4,SC4_20231223,2,SC4_20231223072001.JPG,2023-12-23 07:20:01,SC4_20231223075001.JPG,2023-12-23 07:50:01,92.0,101.0,9.0,2.080083823051904,0.0,12.0,2.8,30.0,15,Kevin
SC4,SC4_20231223,3,SC4_20231223075001.JPG,2023-12-23 07:50:01,SC4_20231223082001.JPG,2023-12-23 08:20:01,101.0,100.0,-1.0,-1.0,0.0,12.0,2.0,60.0,1,Kevin
SC4,SC4_20231223,4,SC4_20231223082001.JPG,2023-12-23 08:20:01,SC4_20231223085001.JPG,2023-12-23 08:50:01,100.0,99.0,-1.0,-1.0,0.0,12.0,1.8,90.0,0,Kevin
SC4,SC4_20231223,5,SC4_20231223085001.JPG,2023-12-23 08:50:01,SC4_20231223092001.JPG,2023-12-23 09:20:01,99.0,99.0,0.0,0.0,0.0,12.5,1.8,120.0,0,Kevin
SC4,SC4_20231223,6,SC4_20231223092001.JPG,2023-12-23 09:20:01,SC4_20231223095001.JPG,2023-12-23 09:50:01,99.0,96.0,-3.0,-1.4422495703074083,0.0,13.5,2.0,150.0,1,Kevin
SC4,SC4_20231223,7,SC4_20231223095001.JPG,2023-12-23 09:50:01,SC4_20231223102001.JPG,2023-12-23 10:20:01,96.0,208.0,112.0,4.820284528350459,0.0,14.5,2.8,180.0,21,Kevin
SC4,SC4_20231223,8,SC4_20231223102001.JPG,2023-12-23 10:20:01,SC4_20231223105001.JPG,2023-12-23 10:50:01,208.0,93.0,-115.0,-4.862944131094279,0.0,14.5,3.0,210.0,22,Kevin
SC4,SC4_20231223,9,SC4_20231223105001.JPG,2023-12-23 10:50:01,SC4_20231223112001.JPG,2023-12-23 11:20:01,93.0,101.0,8.0,2.0,0.0,13.5,2.8,240.0,21,Kevin
SC4,SC4_20231223,10,SC4_20231223112001.JPG,2023-12-23 11:20:01,SC4_20231223115001.JPG,2023-12-23 11:50:01,101.0,102.0,1.0,1.0,0.0,13.0,3.0,270.0,29,Kevin
SC4,SC4_20231223,11,SC4_20231223115001.JPG,2023-12-23 11:50:01,SC4_20231223122001.JPG,2023-12-23 12:20:01,102.0,99.0,-3.0,-1.4422495703074083,0.0,13.0,3.2,300.0,30,Kevin
SC4,SC4_20231223,12,SC4_20231223122001.JPG,2023-12-23 12:20:01,SC4_20231223125001.JPG,2023-12-23 12:50:01,99.0,67.0,-32.0,-3.1748021039363987,0.0,13.0,2.8,330.0,29,Kevin
SC4,SC4_20231223,13,SC4_20231223125001.JPG,2023-12-23 12:50:01,SC4_20231223132001.JPG,2023-12-23 13:20:01,67.0,58.0,-9.0,-2.080083823051904,0.0,13.0,3.2,360.0,29,Kevin
SC4,SC4_20231223,14,SC4_20231223132001.JPG,2023-12-23 13:20:01,SC4_20231223135001.JPG,2023-12-23 13:50:01,58.0,69.0,11.0,2.2239800905693152,0.0,13.0,3.2,390.0,30,Kevin
SC4,SC4_20231223,15,SC4_20231223135001.JPG,2023-12-23 13:50:01,SC4_20231223142001.JPG,2023-12-23 14:20:01,69.0,74.0,5.0,1.7099759466766968,0.0,13.0,3.2,420.0,30,Kevin
SC4,SC4_20231223,16,SC4_20231223142001.JPG,2023-12-23 14:20:01,SC4_20231223145001.JPG,2023-12-23 14:50:01,74.0,73.0,-1.0,-1.0,0.0,13.0,2.8,450.0,28,Kevin
SC4,SC4_20231223,17,SC4_20231223145001.JPG,2023-12-23 14:50:01,SC4_20231223152001.JPG,2023-12-23 15:20:01,73.0,73.0,0.0,0.0,0.0,13.0,2.4,480.0,9,Kevin
SC4,SC4_20231223,18,SC4_20231223152001.JPG,2023-12-23 15:20:01,SC4_20231223155001.JPG,2023-12-23 15:50:01,73.0,75.0,2.0,1.2599210498948732,0.0,12.5,2.2,510.0,2,Kevin
SC4,SC4_20231223,19,SC4_20231223155001.JPG,2023-12-23 15:50:01,SC4_20231223162001.JPG,2023-12-23 16:20:01,75.0,75.0,0.0,0.0,0.0,12.5,1.8,540.0,0,Kevin
SC4,SC4_20231223,20,SC4_20231223162001.JPG,2023-12-23 16:20:01,SC4_20231223165001.JPG,2023-12-23 16:50:01,75.0,75.0,0.0,0.0,0.0,12.5,1.8,570.0,0,Kevin
SC4,SC4_20231224,2,SC4_20231224065001.JPG,2023-12-24 06:50:01,SC4_20231224072001.JPG,2023-12-24 07:20:01,82.0,82.0,0.0,0.0,0.0,8.0,1.3,30.0,0,Kevin
SC4,SC4_20231224,3,SC4_20231224072001.JPG,2023-12-24 07:20:01,SC4_20231224075001.JPG,2023-12-24 07:50:01,82.0,82.0,0.0,0.0,0.0,8.0,1.3,60.0,0,Kevin
SC4,SC4_20231224,4,SC4_20231224075001.JPG,2023-12-24 07:50:01,SC4_20231224082001.JPG,2023-12-24 08:20:01,82.0,82.0,0.0,0.0,0.0,8.5,0.0,90.0,0,Kevin
SC4,SC4_20231224,5,SC4_20231224082001.JPG,2023-12-24 08:20:01,SC4_20231224085001.JPG,2023-12-24 08:50:01,82.0,46.0,-36.0,-3.3019272488946263,3.0,10.0,0.0,120.0,0,Kevin
SC4,SC4_20231224,6,SC4_20231224085001.JPG,2023-12-24 08:50:01,SC4_20231224092001.JPG,2023-12-24 09:20:01,46.0,55.0,9.0,2.080083823051904,11.0,13.0,1.2,150.0,0,Kevin
SC4,SC4_20231224,7,SC4_20231224092001.JPG,2023-12-24 09:20:01,SC4_20231224095001.JPG,2023-12-24 09:50:01,55.0,0.0,-55.0,-3.802952460761391,10.0,16.5,1.2,180.0,0,Kevin
SC4,SC4_20231224,11,SC4_20231224112001.JPG,2023-12-24 11:20:01,SC4_20231224115001.JPG,2023-12-24 11:50:01,0.0,2.0,2.0,1.2599210498948732,0.0,20.5,2.0,300.0,1,Kevin
SC4,SC4_20231224,12,SC4_20231224115001.JPG,2023-12-24 11:50:01,SC4_20231224122001.JPG,2023-12-24 12:20:01,2.0,4.0,2.0,1.2599210498948732,2.0,20.5,2.4,330.0,8,Kevin
SC4,SC4_20231224,13,SC4_20231224122001.JPG,2023-12-24 12:20:01,SC4_20231224125001.JPG,2023-12-24 12:50:01,4.0,13.0,9.0,2.080083823051904,4.0,19.0,2.6,360.0,19,Kevin
SC4,SC4_20231224,14,SC4_20231224125001.JPG,2023-12-24 12:50:01,SC4_20231224132001.JPG,2023-12-24 13:20:01,13.0,31.0,18.0,2.6207413942088964,12.0,18.5,2.4,390.0,11,Kevin
SC4,SC4_20231224,15,SC4_20231224132001.JPG,2023-12-24 13:20:01,SC4_20231224135001.JPG,2023-12-24 13:50:01,31.0,94.0,63.0,3.979057207896392,2.0,19.0,2.6,420.0,19,Kevin
SC4,SC4_20231224,16,SC4_20231224135001.JPG,2023-12-24 13:50:01,SC4_20231224142001.JPG,2023-12-24 14:20:01,94.0,119.0,25.0,2.924017738212866,1.0,19.5,2.8,450.0,11,Kevin
SC4,SC4_20231224,17,SC4_20231224142001.JPG,2023-12-24 14:20:01,SC4_20231224145001.JPG,2023-12-24 14:50:01,119.0,118.0,-1.0,-1.0,1.0,20.0,3.0,480.0,11,Kevin
SC4,SC4_20231224,18,SC4_20231224145001.JPG,2023-12-24 14:50:01,SC4_20231224152001.JPG,2023-12-24 15:20:01,118.0,153.0,35.0,3.2710663101885897,2.0,20.0,2.6,510.0,12,Kevin
SC4,SC4_20231224,19,SC4_20231224152001.JPG,2023-12-24 15:20:01,SC4_20231224155001.JPG,2023-12-24 15:50:01,153.0,164.0,11.0,2.2239800905693152,0.0,17.5,2.6,540.0,12,Kevin
SC4,SC4_20231224,20,SC4_20231224155001.JPG,2023-12-24 15:50:01,SC4_20231224162001.JPG,2023-12-24 16:20:01,164.0,322.0,158.0,5.406120175750225,0.0,14.5,2.2,570.0,6,Kevin
SC4,SC4_20231224,21,SC4_20231224162001.JPG,2023-12-24 16:20:01,SC4_20231224165001.JPG,2023-12-24 16:50:01,322.0,263.0,-59.0,-3.892996415873261,0.0,13.5,2.0,600.0,3,Kevin
SC4,SC4_20231225,2,SC4_20231225072001.JPG,2023-12-25 07:20:01,SC4_20231225075001.JPG,2023-12-25 07:50:01,234.0,234.0,0.0,0.0,0.0,6.0,0.0,30.0,0,Kevin
SC4,SC4_20231225,3,SC4_20231225075001.JPG,2023-12-25 07:50:01,SC4_20231225082001.JPG,2023-12-25 08:20:01,234.0,234.0,0.0,0.0,0.0,6.5,0.0,60.0,0,Kevin
SC4,SC4_20231225,4,SC4_20231225082001.JPG,2023-12-25 08:20:01,SC4_20231225085001.JPG,2023-12-25 08:50:01,234.0,209.0,-25.0,-2.924017738212866,0.0,8.0,0.0,90.0,0,Kevin
SC4,SC4_20231225,5,SC4_20231225085001.JPG,2023-12-25 08:50:01,SC4_20231225092001.JPG,2023-12-25 09:20:01,209.0,210.0,1.0,1.0,0.0,11.0,0.0,120.0,0,Kevin
SC4,SC4_20231225,6,SC4_20231225092001.JPG,2023-12-25 09:20:01,SC4_20231225095001.JPG,2023-12-25 09:50:01,210.0,5.0,-205.0,-5.896368539970366,2.0,14.0,0.0,150.0,0,Kevin
SC4,SC4_20231225,7,SC4_20231225095001.JPG,2023-12-25 09:50:01,SC4_20231225102001.JPG,2023-12-25 10:20:01,5.0,3.0,-2.0,-1.2599210498948732,5.0,15.5,0.9,180.0,0,Kevin
SC4,SC4_20231225,8,SC4_20231225102001.JPG,2023-12-25 10:20:01,SC4_20231225105001.JPG,2023-12-25 10:50:01,3.0,6.0,3.0,1.4422495703074083,3.0,17.5,1.6,210.0,0,Kevin
SC4,SC4_20231225,9,SC4_20231225105001.JPG,2023-12-25 10:50:01,SC4_20231225112001.JPG,2023-12-25 11:20:01,6.0,7.0,1.0,1.0,6.0,19.5,1.8,240.0,0,Kevin
SC4,SC4_20231225,10,SC4_20231225112001.JPG,2023-12-25 11:20:01,SC4_20231225115001.JPG,2023-12-25 11:50:01,7.0,16.0,9.0,2.080083823051904,7.0,20.0,1.8,270.0,0,Kevin
SC4,SC4_20231225,11,SC4_20231225115001.JPG,2023-12-25 11:50:01,SC4_20231225122001.JPG,2023-12-25 12:20:01,16.0,15.0,-1.0,-1.0,6.0,20.0,2.0,300.0,1,Kevin
SC4,SC4_20231225,12,SC4_20231225122001.JPG,2023-12-25 12:20:01,SC4_20231225125001.JPG,2023-12-25 12:50:01,15.0,17.0,2.0,1.2599210498948732,5.0,20.0,2.2,330.0,4,Kevin
SC4,SC4_20231225,13,SC4_20231225125001.JPG,2023-12-25 12:50:01,SC4_20231225132001.JPG,2023-12-25 13:20:01,17.0,30.0,13.0,2.3513346877207573,4.0,20.0,2.2,360.0,7,Kevin
SC4,SC4_20231225,14,SC4_20231225132001.JPG,2023-12-25 13:20:01,SC4_20231225135001.JPG,2023-12-25 13:50:01,30.0,64.0,34.0,3.239611801277483,2.0,20.0,2.2,390.0,4,Kevin
SC4,SC4_20231225,15,SC4_20231225135001.JPG,2023-12-25 13:50:01,SC4_20231225142001.JPG,2023-12-25 14:20:01,64.0,89.0,25.0,2.924017738212866,0.0,19.5,2.6,420.0,6,Kevin
SC4,SC4_20231225,16,SC4_20231225142001.JPG,2023-12-25 14:20:01,SC4_20231225145001.JPG,2023-12-25 14:50:01,89.0,100.0,11.0,2.2239800905693152,0.0,18.5,2.8,450.0,15,Kevin
SC4,SC4_20231225,17,SC4_20231225145001.JPG,2023-12-25 14:50:01,SC4_20231225152001.JPG,2023-12-25 15:20:01,100.0,141.0,41.0,3.4482172403827303,0.0,17.5,2.2,480.0,3,Kevin
SC4,SC4_20231225,18,SC4_20231225152001.JPG,2023-12-25 15:20:01,SC4_20231225155001.JPG,2023-12-25 15:50:01,141.0,140.0,-1.0,-1.0,0.0,16.0,2.6,510.0,5,Kevin
SC4,SC4_20231225,19,SC4_20231225155001.JPG,2023-12-25 15:50:01,SC4_20231225162001.JPG,2023-12-25 16:20:01,140.0,131.0,-9.0,-2.080083823051904,0.0,14.5,1.6,540.0,0,Kevin
SC4,SC4_20231225,20,SC4_20231225162001.JPG,2023-12-25 16:20:01,SC4_20231225165001.JPG,2023-12-25 16:50:01,131.0,129.0,-2.0,-1.2599210498948732,0.0,13.5,1.6,570.0,0,Kevin
SC4,SC4_20231226,2,SC4_20231226072001.JPG,2023-12-26 07:20:01,SC4_20231226075001.JPG,2023-12-26 07:50:01,166.0,157.0,-9.0,-2.080083823051904,0.0,7.5,0.0,30.0,0,Kevin
SC4,SC4_20231226,3,SC4_20231226075001.JPG,2023-12-26 07:50:01,SC4_20231226082001.JPG,2023-12-26 08:20:01,157.0,129.0,-28.0,-3.0365889718756622,0.0,8.5,0.0,60.0,0,Kevin
SC4,SC4_20231226,4,SC4_20231226082001.JPG,2023-12-26 08:20:01,SC4_20231226085001.JPG,2023-12-26 08:50:01,129.0,129.0,0.0,0.0,0.0,9.5,0.0,90.0,0,Kevin
SC4,SC4_20231226,5,SC4_20231226085001.JPG,2023-12-26 08:50:01,SC4_20231226092001.JPG,2023-12-26 09:20:01,129.0,129.0,0.0,0.0,0.0,10.5,0.0,120.0,0,Kevin
SC4,SC4_20231226,6,SC4_20231226092001.JPG,2023-12-26 09:20:01,SC4_20231226095001.JPG,2023-12-26 09:50:01,129.0,61.0,-68.0,-4.081655101917348,0.0,12.0,0.9,150.0,0,Kevin
SC4,SC4_20231226,7,SC4_20231226095001.JPG,2023-12-26 09:50:01,SC4_20231226102001.JPG,2023-12-26 10:20:01,61.0,104.0,43.0,3.503398060386724,61.0,13.5,1.2,180.0,0,Kevin
SC4,SC4_20231226,8,SC4_20231226102001.JPG,2023-12-26 10:20:01,SC4_20231226105001.JPG,2023-12-26 10:50:01,104.0,103.0,-1.0,-1.0,0.0,14.0,0.9,210.0,0,Kevin
SC4,SC4_20231226,9,SC4_20231226105001.JPG,2023-12-26 10:50:01,SC4_20231226112001.JPG,2023-12-26 11:20:01,103.0,103.0,0.0,0.0,0.0,14.5,1.2,240.0,0,Kevin
SC4,SC4_20231226,10,SC4_20231226112001.JPG,2023-12-26 11:20:01,SC4_20231226115001.JPG,2023-12-26 11:50:01,103.0,101.0,-2.0,-1.2599210498948732,0.0,15.0,1.6,270.0,0,Kevin
SC4,SC4_20231226,11,SC4_20231226115001.JPG,2023-12-26 11:50:01,SC4_20231226122001.JPG,2023-12-26 12:20:01,101.0,106.0,5.0,1.7099759466766968,0.0,14.5,1.3,300.0,0,Kevin
SC4,SC4_20231226,12,SC4_20231226122001.JPG,2023-12-26 12:20:01,SC4_20231226125001.JPG,2023-12-26 12:50:01,106.0,121.0,15.0,2.46621207433047,0.0,15.0,1.8,330.0,0,Kevin
SC4,SC4_20231226,13,SC4_20231226125001.JPG,2023-12-26 12:50:01,SC4_20231226132001.JPG,2023-12-26 13:20:01,121.0,109.0,-12.0,-2.2894284851066637,0.0,17.0,2.0,360.0,2,Kevin
SC4,SC4_20231226,14,SC4_20231226132001.JPG,2023-12-26 13:20:01,SC4_20231226135001.JPG,2023-12-26 13:50:01,109.0,108.0,-1.0,-1.0,0.0,18.0,1.6,390.0,0,Kevin
SC4,SC4_20231226,15,SC4_20231226135001.JPG,2023-12-26 13:50:01,SC4_20231226142001.JPG,2023-12-26 14:20:01,108.0,108.0,0.0,0.0,0.0,16.5,1.3,420.0,0,Kevin
SC4,SC4_20231226,16,SC4_20231226142001.JPG,2023-12-26 14:20:01,SC4_20231226145001.JPG,2023-12-26 14:50:01,108.0,109.0,1.0,1.0,0.0,14.5,1.3,450.0,0,Kevin
SC4,SC4_20231226,17,SC4_20231226145001.JPG,2023-12-26 14:50:01,SC4_20231226152001.JPG,2023-12-26 15:20:01,109.0,99.0,-10.0,-2.154434690031884,0.0,14.0,1.2,480.0,0,Kevin
SC4,SC4_20231226,18,SC4_20231226152001.JPG,2023-12-26 15:20:01,SC4_20231226155001.JPG,2023-12-26 15:50:01,99.0,99.0,0.0,0.0,0.0,13.5,0.0,510.0,0,Kevin
SC4,SC4_20231226,19,SC4_20231226155001.JPG,2023-12-26 15:50:01,SC4_20231226162001.JPG,2023-12-26 16:20:01,99.0,90.0,-9.0,-2.080083823051904,0.0,13.0,0.0,540.0,0,Kevin
SC4,SC4_20231226,20,SC4_20231226162001.JPG,2023-12-26 16:20:01,SC4_20231226165001.JPG,2023-12-26 16:50:01,90.0,90.0,0.0,0.0,0.0,13.0,0.0,570.0,0,Kevin
SC4,SC4_20231227,2,SC4_20231227072000.JPG,2023-12-27 07:20:00,SC4_20231227075001.JPG,2023-12-27 07:50:01,118.0,118.0,0.0,0.0,0.0,10.5,1.2,30.016666666666666,0,Kevin
SC4,SC4_20231227,3,SC4_20231227075001.JPG,2023-12-27 07:50:01,SC4_20231227082001.JPG,2023-12-27 08:20:01,118.0,118.0,0.0,0.0,0.0,10.5,0.9,60.016666666666666,0,Kevin
SC4,SC4_20231227,4,SC4_20231227082001.JPG,2023-12-27 08:20:01,SC4_20231227085001.JPG,2023-12-27 08:50:01,118.0,115.0,-3.0,-1.4422495703074083,0.0,11.5,1.2,90.01666666666667,0,Kevin
SC4,SC4_20231227,5,SC4_20231227085001.JPG,2023-12-27 08:50:01,SC4_20231227092001.JPG,2023-12-27 09:20:01,115.0,48.0,-67.0,-4.0615481004456795,0.0,12.5,1.3,120.01666666666668,0,Kevin
SC4,SC4_20231227,6,SC4_20231227092001.JPG,2023-12-27 09:20:01,SC4_20231227095001.JPG,2023-12-27 09:50:01,48.0,49.0,1.0,1.0,0.0,13.5,1.6,150.01666666666668,0,Kevin
SC4,SC4_20231227,7,SC4_20231227095001.JPG,2023-12-27 09:50:01,SC4_20231227102001.JPG,2023-12-27 10:20:01,49.0,76.0,27.0,3.0,0.0,14.0,1.6,180.01666666666668,0,Kevin
SC4,SC4_20231227,8,SC4_20231227102001.JPG,2023-12-27 10:20:01,SC4_20231227105001.JPG,2023-12-27 10:50:01,76.0,40.0,-36.0,-3.3019272488946263,22.0,15.0,1.3,210.01666666666668,0,Kevin
SC4,SC4_20231227,9,SC4_20231227105001.JPG,2023-12-27 10:50:01,SC4_20231227112001.JPG,2023-12-27 11:20:01,40.0,31.0,-9.0,-2.080083823051904,2.0,17.0,1.6,240.01666666666668,0,Kevin
SC4,SC4_20231227,10,SC4_20231227112001.JPG,2023-12-27 11:20:01,SC4_20231227115001.JPG,2023-12-27 11:50:01,31.0,93.0,62.0,3.9578916096804058,9.0,17.5,2.2,270.01666666666665,1,Kevin
SC4,SC4_20231227,11,SC4_20231227115001.JPG,2023-12-27 11:50:01,SC4_20231227122001.JPG,2023-12-27 12:20:01,93.0,2.0,-91.0,-4.497941445275415,0.0,16.5,1.2,300.01666666666665,0,Kevin
SC4,SC4_20231227,12,SC4_20231227122001.JPG,2023-12-27 12:20:01,SC4_20231227125001.JPG,2023-12-27 12:50:01,2.0,3.0,1.0,1.0,0.0,16.0,1.3,330.01666666666665,0,Kevin
SC4,SC4_20231227,13,SC4_20231227125001.JPG,2023-12-27 12:50:01,SC4_20231227132001.JPG,2023-12-27 13:20:01,3.0,5.0,2.0,1.2599210498948732,0.0,17.5,2.4,360.01666666666665,3,Kevin
SC4,SC4_20231227,14,SC4_20231227132001.JPG,2023-12-27 13:20:01,SC4_20231227135001.JPG,2023-12-27 13:50:01,5.0,4.0,-1.0,-1.0,5.0,20.0,2.2,390.01666666666665,3,Kevin
SC4,SC4_20231227,15,SC4_20231227135001.JPG,2023-12-27 13:50:01,SC4_20231227142001.JPG,2023-12-27 14:20:01,4.0,3.0,-1.0,-1.0,4.0,20.0,2.8,420.01666666666665,3,Kevin
SC4,SC4_20231227,16,SC4_20231227142001.JPG,2023-12-27 14:20:01,SC4_20231227145001.JPG,2023-12-27 14:50:01,3.0,5.0,2.0,1.2599210498948732,0.0,19.0,2.8,450.01666666666665,1,Kevin
SC4,SC4_20231227,17,SC4_20231227145001.JPG,2023-12-27 14:50:01,SC4_20231227152001.JPG,2023-12-27 15:20:01,5.0,0.0,-5.0,-1.7099759466766968,5.0,20.5,1.8,480.01666666666665,0,Kevin
SC4,SC4_20231228,7,SC4_20231228095001.JPG,2023-12-28 09:50:01,SC4_20231228102001.JPG,2023-12-28 10:20:01,0.0,1.0,1.0,1.0,0.0,18.0,1.3,180.0,0,Kevin
SC4,SC4_20231228,8,SC4_20231228102001.JPG,2023-12-28 10:20:01,SC4_20231228105001.JPG,2023-12-28 10:50:01,1.0,2.0,1.0,1.0,0.0,17.5,0.9,210.0,0,Kevin
SC4,SC4_20231228,9,SC4_20231228105001.JPG,2023-12-28 10:50:01,SC4_20231228112001.JPG,2023-12-28 11:20:01,2.0,1.0,-1.0,-1.0,0.0,17.5,1.2,240.0,0,Kevin
SC4,SC4_20231228,10,SC4_20231228112001.JPG,2023-12-28 11:20:01,SC4_20231228115001.JPG,2023-12-28 11:50:01,1.0,0.0,-1.0,-1.0,0.0,18.0,1.3,270.0,0,Kevin
SC4,SC4_20231228,12,SC4_20231228122001.JPG,2023-12-28 12:20:01,SC4_20231228125001.JPG,2023-12-28 12:50:01,0.0,3.0,3.0,1.4422495703074083,0.0,18.0,1.2,330.0,0,Kevin
SC4,SC4_20231228,13,SC4_20231228125001.JPG,2023-12-28 12:50:01,SC4_20231228132001.JPG,2023-12-28 13:20:01,3.0,0.0,-3.0,-1.4422495703074083,2.0,19.5,1.2,360.0,0,Kevin
SC4,SC4_20231228,14,SC4_20231228132001.JPG,2023-12-28 13:20:01,SC4_20231228135001.JPG,2023-12-28 13:50:01,0.0,6.0,6.0,1.8171205928321397,0.0,21.5,1.6,390.0,0,Kevin
SC4,SC4_20231228,15,SC4_20231228135001.JPG,2023-12-28 13:50:01,SC4_20231228142001.JPG,2023-12-28 14:20:01,6.0,1.0,-5.0,-1.7099759466766968,1.0,22.0,1.3,420.0,0,Kevin
SC4,SC4_20231228,16,SC4_20231228142001.JPG,2023-12-28 14:20:01,SC4_20231228145001.JPG,2023-12-28 14:50:01,1.0,0.0,-1.0,-1.0,0.0,23.0,1.2,450.0,0,Kevin
SC4,SC4_20231228,18,SC4_20231228152001.JPG,2023-12-28 15:20:01,SC4_20231228155001.JPG,2023-12-28 15:50:01,0.0,1.0,1.0,1.0,0.0,20.0,1.2,510.0,0,Kevin
SC4,SC4_20231228,19,SC4_20231228155001.JPG,2023-12-28 15:50:01,SC4_20231228162001.JPG,2023-12-28 16:20:01,1.0,1.0,0.0,0.0,0.0,17.5,0.0,540.0,0,Kevin
SC4,SC4_20231228,20,SC4_20231228162001.JPG,2023-12-28 16:20:01,SC4_20231228165001.JPG,2023-12-28 16:50:01,1.0,1.0,0.0,0.0,0.0,16.0,0.0,570.0,0,Kevin
SC4,SC4_20231229,2,SC4_20231229072001.JPG,2023-12-29 07:20:01,SC4_20231229075001.JPG,2023-12-29 07:50:01,1.0,1.0,0.0,0.0,0.0,12.5,0.0,30.0,0,Kevin
SC4,SC4_20231229,3,SC4_20231229075001.JPG,2023-12-29 07:50:01,SC4_20231229082001.JPG,2023-12-29 08:20:01,1.0,1.0,0.0,0.0,0.0,13.0,1.2,60.0,0,Kevin
SC4,SC4_20231229,4,SC4_20231229082001.JPG,2023-12-29 08:20:01,SC4_20231229085001.JPG,2023-12-29 08:50:01,1.0,1.0,0.0,0.0,0.0,13.5,1.6,90.0,0,Kevin
SC4,SC4_20231229,5,SC4_20231229085001.JPG,2023-12-29 08:50:01,SC4_20231229092001.JPG,2023-12-29 09:20:01,1.0,1.0,0.0,0.0,0.0,14.0,2.2,120.0,1,Kevin
SC4,SC4_20231229,6,SC4_20231229092001.JPG,2023-12-29 09:20:01,SC4_20231229095001.JPG,2023-12-29 09:50:01,1.0,1.0,0.0,0.0,0.0,14.0,2.0,150.0,2,Kevin
SC4,SC4_20231229,7,SC4_20231229095001.JPG,2023-12-29 09:50:01,SC4_20231229102001.JPG,2023-12-29 10:20:01,1.0,0.0,-1.0,-1.0,0.0,14.5,1.6,180.0,0,Kevin
SC4,SC4_20231230,9,SC4_20231230105001.JPG,2023-12-30 10:50:01,SC4_20231230112001.JPG,2023-12-30 11:20:01,0.0,14.0,14.0,2.4101422641752297,0.0,16.5,1.8,240.0,0,Kevin
SC4,SC4_20231230,10,SC4_20231230112001.JPG,2023-12-30 11:20:01,SC4_20231230115001.JPG,2023-12-30 11:50:01,14.0,14.0,0.0,0.0,0.0,15.5,2.0,270.0,1,Kevin
SC4,SC4_20231230,11,SC4_20231230115001.JPG,2023-12-30 11:50:01,SC4_20231230122001.JPG,2023-12-30 12:20:01,14.0,6.0,-8.0,-2.0,0.0,15.0,1.8,300.0,0,Kevin
SC4,SC4_20231230,12,SC4_20231230122001.JPG,2023-12-30 12:20:01,SC4_20231230125001.JPG,2023-12-30 12:50:01,6.0,11.0,5.0,1.7099759466766968,5.0,15.5,2.4,330.0,4,Kevin
SC4,SC4_20231230,13,SC4_20231230125001.JPG,2023-12-30 12:50:01,SC4_20231230132001.JPG,2023-12-30 13:20:01,11.0,20.0,9.0,2.080083823051904,0.0,15.0,3.0,360.0,17,Kevin
SC4,SC4_20231230,14,SC4_20231230132001.JPG,2023-12-30 13:20:01,SC4_20231230135001.JPG,2023-12-30 13:50:01,20.0,53.0,33.0,3.207534329995826,6.0,15.5,3.8,390.0,29,Kevin
SC4,SC4_20231230,15,SC4_20231230135001.JPG,2023-12-30 13:50:01,SC4_20231230142001.JPG,2023-12-30 14:20:01,53.0,45.0,-8.0,-2.0,0.0,16.5,3.7,420.0,30,Kevin
SC4,SC4_20231230,16,SC4_20231230142001.JPG,2023-12-30 14:20:01,SC4_20231230145001.JPG,2023-12-30 14:50:01,45.0,81.0,36.0,3.3019272488946263,0.0,16.5,4.1,450.0,30,Kevin
SC4,SC4_20231230,17,SC4_20231230145001.JPG,2023-12-30 14:50:01,SC4_20231230152001.JPG,2023-12-30 15:20:01,81.0,73.0,-8.0,-2.0,1.0,15.5,3.4,480.0,29,Kevin
SC4,SC4_20231230,18,SC4_20231230152001.JPG,2023-12-30 15:20:01,SC4_20231230155001.JPG,2023-12-30 15:50:01,73.0,88.0,15.0,2.46621207433047,0.0,14.5,3.0,510.0,21,Kevin
SC4,SC4_20231230,19,SC4_20231230155001.JPG,2023-12-30 15:50:01,SC4_20231230162001.JPG,2023-12-30 16:20:01,88.0,66.0,-22.0,-2.802039330655387,0.0,14.0,2.2,540.0,6,Kevin
SC4,SC4_20231230,20,SC4_20231230162001.JPG,2023-12-30 16:20:01,SC4_20231230165001.JPG,2023-12-30 16:50:01,66.0,85.0,19.0,2.668401648721945,0.0,13.5,2.2,570.0,1,Kevin
SC4,SC4_20231231,2,SC4_20231231072001.JPG,2023-12-31 07:20:01,SC4_20231231075001.JPG,2023-12-31 07:50:01,96.0,132.0,36.0,3.3019272488946263,0.0,10.0,0.9,30.0,0,Kevin
SC4,SC4_20231231,3,SC4_20231231075001.JPG,2023-12-31 07:50:01,SC4_20231231082001.JPG,2023-12-31 08:20:01,132.0,131.0,-1.0,-1.0,0.0,10.0,0.7,60.0,0,Kevin
SC4,SC4_20231231,4,SC4_20231231082001.JPG,2023-12-31 08:20:01,SC4_20231231085001.JPG,2023-12-31 08:50:01,131.0,129.0,-2.0,-1.2599210498948732,0.0,10.5,1.3,90.0,0,Kevin
SC4,SC4_20231231,5,SC4_20231231085001.JPG,2023-12-31 08:50:01,SC4_20231231092001.JPG,2023-12-31 09:20:01,129.0,130.0,1.0,1.0,0.0,11.5,0.0,120.0,0,Kevin
SC4,SC4_20231231,6,SC4_20231231092001.JPG,2023-12-31 09:20:01,SC4_20231231095001.JPG,2023-12-31 09:50:01,130.0,130.0,0.0,0.0,0.0,12.0,0.0,150.0,0,Kevin
SC4,SC4_20231231,7,SC4_20231231095001.JPG,2023-12-31 09:50:01,SC4_20231231102001.JPG,2023-12-31 10:20:01,130.0,130.0,0.0,0.0,0.0,12.5,0.0,180.0,0,Kevin
SC4,SC4_20231231,8,SC4_20231231102001.JPG,2023-12-31 10:20:01,SC4_20231231105001.JPG,2023-12-31 10:50:01,130.0,137.0,7.0,1.912931182772389,0.0,13.0,1.6,210.0,0,Kevin
SC4,SC4_20231231,9,SC4_20231231105001.JPG,2023-12-31 10:50:01,SC4_20231231112001.JPG,2023-12-31 11:20:01,137.0,139.0,2.0,1.2599210498948732,0.0,13.0,0.4,240.0,0,Kevin
SC4,SC4_20231231,10,SC4_20231231112001.JPG,2023-12-31 11:20:01,SC4_20231231115001.JPG,2023-12-31 11:50:01,139.0,139.0,0.0,0.0,0.0,13.5,0.0,270.0,0,Kevin
SC4,SC4_20231231,11,SC4_20231231115001.JPG,2023-12-31 11:50:01,SC4_20231231122001.JPG,2023-12-31 12:20:01,139.0,141.0,2.0,1.2599210498948732,0.0,13.5,0.9,300.0,0,Kevin
SC4,SC4_20231231,12,SC4_20231231122001.JPG,2023-12-31 12:20:01,SC4_20231231125001.JPG,2023-12-31 12:50:01,141.0,141.0,0.0,0.0,0.0,13.0,1.2,330.0,0,Kevin
SC4,SC4_20231231,13,SC4_20231231125001.JPG,2023-12-31 12:50:01,SC4_20231231132001.JPG,2023-12-31 13:20:01,141.0,120.0,-21.0,-2.7589241763811203,0.0,13.5,2.2,360.0,1,Kevin
SC4,SC4_20231231,14,SC4_20231231132001.JPG,2023-12-31 13:20:01,SC4_20231231135001.JPG,2023-12-31 13:50:01,120.0,17.0,-103.0,-4.687548147653597,0.0,15.0,3.0,390.0,9,Kevin
SC4,SC4_20231231,15,SC4_20231231135001.JPG,2023-12-31 13:50:01,SC4_20231231142001.JPG,2023-12-31 14:20:01,17.0,2.0,-15.0,-2.46621207433047,2.0,17.0,4.1,420.0,21,Kevin
SC4,SC4_20231231,16,SC4_20231231142001.JPG,2023-12-31 14:20:01,SC4_20231231145001.JPG,2023-12-31 14:50:01,2.0,0.0,-2.0,-1.2599210498948732,0.0,16.5,3.0,450.0,9,Kevin
SC4,SC4_20231231,20,SC4_20231231162001.JPG,2023-12-31 16:20:01,SC4_20231231165001.JPG,2023-12-31 16:50:01,0.0,1.0,1.0,1.0,0.0,13.0,2.2,570.0,4,Kevin
SC4,SC4_20231231,21,SC4_20231231165001.JPG,2023-12-31 16:50:01,SC4_20231231172001.JPG,2023-12-31 17:20:01,1.0,1.0,0.0,0.0,0.0,12.0,1.3,600.0,0,Kevin
SC4,SC4_20240101,11,SC4_20240101115000.JPG,2024-01-01 11:50:00,SC4_20240101122001.JPG,2024-01-01 12:20:01,0.0,4.0,4.0,1.5874010519681994,0.0,23.0,1.8,300.0,0,Kevin
SC4,SC4_20240101,12,SC4_20240101122001.JPG,2024-01-01 12:20:01,SC4_20240101125001.JPG,2024-01-01 12:50:01,4.0,10.0,6.0,1.8171205928321397,4.0,22.0,2.4,330.0,13,Kevin
SC4,SC4_20240101,13,SC4_20240101125001.JPG,2024-01-01 12:50:01,SC4_20240101132001.JPG,2024-01-01 13:20:01,10.0,12.0,2.0,1.2599210498948732,10.0,21.5,1.8,360.0,0,Kevin
SC4,SC4_20240101,14,SC4_20240101132001.JPG,2024-01-01 13:20:01,SC4_20240101135001.JPG,2024-01-01 13:50:01,12.0,12.0,0.0,0.0,10.0,21.5,2.0,390.0,4,Kevin
SC4,SC4_20240101,15,SC4_20240101135001.JPG,2024-01-01 13:50:01,SC4_20240101142001.JPG,2024-01-01 14:20:01,12.0,9.0,-3.0,-1.4422495703074083,0.0,21.5,1.8,420.0,0,Kevin
SC4,SC4_20240101,16,SC4_20240101142001.JPG,2024-01-01 14:20:01,SC4_20240101145001.JPG,2024-01-01 14:50:01,9.0,3.0,-6.0,-1.8171205928321397,1.0,22.0,2.2,450.0,5,Kevin
SC4,SC4_20240101,17,SC4_20240101145001.JPG,2024-01-01 14:50:01,SC4_20240101152001.JPG,2024-01-01 15:20:01,3.0,5.0,2.0,1.2599210498948732,1.0,21.5,2.4,480.0,3,Kevin
SC4,SC4_20240101,18,SC4_20240101152001.JPG,2024-01-01 15:20:01,SC4_20240101155001.JPG,2024-01-01 15:50:01,5.0,3.0,-2.0,-1.2599210498948732,0.0,19.0,1.8,510.0,0,Kevin
SC4,SC4_20240101,19,SC4_20240101155001.JPG,2024-01-01 15:50:01,SC4_20240101162001.JPG,2024-01-01 16:20:01,3.0,2.0,-1.0,-1.0,0.0,16.0,1.8,540.0,0,Kevin
SC4,SC4_20240101,20,SC4_20240101162001.JPG,2024-01-01 16:20:01,SC4_20240101165001.JPG,2024-01-01 16:50:01,2.0,6.0,4.0,1.5874010519681994,0.0,14.5,1.3,570.0,0,Kevin
SC4,SC4_20240101,21,SC4_20240101165001.JPG,2024-01-01 16:50:01,SC4_20240101172001.JPG,2024-01-01 17:20:01,6.0,5.0,-1.0,-1.0,0.0,13.5,0.0,600.0,0,Kevin
SC4,SC4_20240102,2,SC4_20240102072001.JPG,2024-01-02 07:20:01,SC4_20240102075001.JPG,2024-01-02 07:50:01,6.0,4.0,-2.0,-1.2599210498948732,0.0,5.5,0.0,30.0,0,Kevin
SC4,SC4_20240102,3,SC4_20240102075001.JPG,2024-01-02 07:50:01,SC4_20240102082001.JPG,2024-01-02 08:20:01,4.0,5.0,1.0,1.0,0.0,6.5,0.0,60.0,0,Kevin
SC4,SC4_20240102,4,SC4_20240102082001.JPG,2024-01-02 08:20:01,SC4_20240102085001.JPG,2024-01-02 08:50:01,5.0,3.0,-2.0,-1.2599210498948732,0.0,8.0,0.0,90.0,0,Kevin
SC4,SC4_20240102,5,SC4_20240102085001.JPG,2024-01-02 08:50:01,SC4_20240102092001.JPG,2024-01-02 09:20:01,3.0,4.0,1.0,1.0,0.0,11.5,0.0,120.0,0,Kevin
SC4,SC4_20240102,6,SC4_20240102092001.JPG,2024-01-02 09:20:01,SC4_20240102095001.JPG,2024-01-02 09:50:01,4.0,6.0,2.0,1.2599210498948732,4.0,16.5,0.7,150.0,0,Kevin
SC4,SC4_20240102,7,SC4_20240102095001.JPG,2024-01-02 09:50:01,SC4_20240102102001.JPG,2024-01-02 10:20:01,6.0,3.0,-3.0,-1.4422495703074083,4.0,18.5,0.9,180.0,0,Kevin
SC4,SC4_20240102,8,SC4_20240102102001.JPG,2024-01-02 10:20:01,SC4_20240102105001.JPG,2024-01-02 10:50:01,3.0,0.0,-3.0,-1.4422495703074083,3.0,18.5,1.3,210.0,0,Kevin
SC4,SC4_20240102,9,SC4_20240102105001.JPG,2024-01-02 10:50:01,SC4_20240102112001.JPG,2024-01-02 11:20:01,0.0,1.0,1.0,1.0,0.0,19.0,1.8,240.0,0,Kevin
SC4,SC4_20240102,10,SC4_20240102112001.JPG,2024-01-02 11:20:01,SC4_20240102115001.JPG,2024-01-02 11:50:01,1.0,0.0,-1.0,-1.0,1.0,19.0,2.0,270.0,4,Kevin
SC4,SC4_20240102,11,SC4_20240102115001.JPG,2024-01-02 11:50:01,SC4_20240102122001.JPG,2024-01-02 12:20:01,0.0,4.0,4.0,1.5874010519681994,0.0,18.5,1.8,300.0,0,Kevin
SC4,SC4_20240102,12,SC4_20240102122001.JPG,2024-01-02 12:20:01,SC4_20240102125001.JPG,2024-01-02 12:50:01,4.0,4.0,0.0,0.0,4.0,19.0,1.8,330.0,0,Kevin
SC4,SC4_20240102,13,SC4_20240102125001.JPG,2024-01-02 12:50:01,SC4_20240102132001.JPG,2024-01-02 13:20:01,4.0,2.0,-2.0,-1.2599210498948732,4.0,19.5,1.6,360.0,0,Kevin
SC4,SC4_20240102,14,SC4_20240102132001.JPG,2024-01-02 13:20:01,SC4_20240102135001.JPG,2024-01-02 13:50:01,2.0,4.0,2.0,1.2599210498948732,2.0,19.0,1.8,390.0,0,Kevin
SC4,SC4_20240102,15,SC4_20240102135001.JPG,2024-01-02 13:50:01,SC4_20240102142001.JPG,2024-01-02 14:20:01,4.0,2.0,-2.0,-1.2599210498948732,1.0,19.5,1.6,420.0,0,Kevin
SC4,SC4_20240102,16,SC4_20240102142001.JPG,2024-01-02 14:20:01,SC4_20240102145001.JPG,2024-01-02 14:50:01,2.0,0.0,-2.0,-1.2599210498948732,2.0,19.5,2.0,450.0,1,Kevin
SC4,SC4_20240103,8,SC4_20240103102001.JPG,2024-01-03 10:20:01,SC4_20240103105001.JPG,2024-01-03 10:50:01,0.0,1.0,1.0,1.0,0.0,15.5,2.0,210.0,1,Kevin
SC4,SC4_20240103,9,SC4_20240103105001.JPG,2024-01-03 10:50:01,SC4_20240103112001.JPG,2024-01-03 11:20:01,1.0,1.0,0.0,0.0,1.0,15.5,2.4,240.0,5,Kevin
SC4,SC4_20240103,10,SC4_20240103112001.JPG,2024-01-03 11:20:01,SC4_20240103115001.JPG,2024-01-03 11:50:01,1.0,3.0,2.0,1.2599210498948732,1.0,16.0,2.6,270.0,22,Kevin
SC4,SC4_20240103,11,SC4_20240103115001.JPG,2024-01-03 11:50:01,SC4_20240103122001.JPG,2024-01-03 12:20:01,3.0,7.0,4.0,1.5874010519681994,3.0,17.5,2.4,300.0,16,Kevin
SC4,SC4_20240103,12,SC4_20240103122001.JPG,2024-01-03 12:20:01,SC4_20240103125001.JPG,2024-01-03 12:50:01,7.0,7.0,0.0,0.0,7.0,18.0,2.8,330.0,26,Kevin
SC4,SC4_20240103,13,SC4_20240103125001.JPG,2024-01-03 12:50:01,SC4_20240103132001.JPG,2024-01-03 13:20:01,7.0,59.0,52.0,3.732511156817248,7.0,17.0,3.7,360.0,30,Kevin
SC4,SC4_20240103,14,SC4_20240103132001.JPG,2024-01-03 13:20:01,SC4_20240103135001.JPG,2024-01-03 13:50:01,59.0,44.0,-15.0,-2.46621207433047,0.0,16.0,3.8,390.0,30,Kevin
SC4,SC4_20240103,15,SC4_20240103135001.JPG,2024-01-03 13:50:01,SC4_20240103142001.JPG,2024-01-03 14:20:01,44.0,111.0,67.0,4.0615481004456795,20.0,16.0,4.5,420.0,30,Kevin
SC4,SC4_20240103,16,SC4_20240103142001.JPG,2024-01-03 14:20:01,SC4_20240103145001.JPG,2024-01-03 14:50:01,111.0,98.0,-13.0,-2.3513346877207573,0.0,16.0,4.1,450.0,30,Kevin
SC4,SC4_20240103,17,SC4_20240103145001.JPG,2024-01-03 14:50:01,SC4_20240103152001.JPG,2024-01-03 15:20:01,98.0,120.0,22.0,2.802039330655387,0.0,16.0,3.8,480.0,30,Kevin
SC4,SC4_20240103,18,SC4_20240103152001.JPG,2024-01-03 15:20:01,SC4_20240103155001.JPG,2024-01-03 15:50:01,120.0,98.0,-22.0,-2.802039330655387,0.0,15.0,3.7,510.0,30,Kevin
SC4,SC4_20240103,19,SC4_20240103155001.JPG,2024-01-03 15:50:01,SC4_20240103162001.JPG,2024-01-03 16:20:01,98.0,111.0,13.0,2.3513346877207573,0.0,13.5,3.7,540.0,30,Kevin
SC4,SC4_20240103,20,SC4_20240103162001.JPG,2024-01-03 16:20:01,SC4_20240103165001.JPG,2024-01-03 16:50:01,111.0,105.0,-6.0,-1.8171205928321397,0.0,12.5,4.1,570.0,30,Kevin
SC4,SC4_20240103,21,SC4_20240103165001.JPG,2024-01-03 16:50:01,SC4_20240103172001.JPG,2024-01-03 17:20:01,105.0,109.0,4.0,1.5874010519681994,0.0,12.0,4.5,600.0,30,Kevin
SC4,SC4_20240104,2,SC4_20240104065001.JPG,2024-01-04 06:50:01,SC4_20240104072001.JPG,2024-01-04 07:20:01,135.0,152.0,17.0,2.571281590658235,0.0,6.5,0.9,30.0,0,Kevin
SC4,SC4_20240104,3,SC4_20240104072001.JPG,2024-01-04 07:20:01,SC4_20240104075001.JPG,2024-01-04 07:50:01,152.0,152.0,0.0,0.0,0.0,6.0,0.9,60.0,0,Kevin
SC4,SC4_20240104,4,SC4_20240104075001.JPG,2024-01-04 07:50:01,SC4_20240104082001.JPG,2024-01-04 08:20:01,152.0,152.0,0.0,0.0,0.0,6.5,0.9,90.0,0,Kevin
SC4,SC4_20240104,5,SC4_20240104082001.JPG,2024-01-04 08:20:01,SC4_20240104085001.JPG,2024-01-04 08:50:01,152.0,152.0,0.0,0.0,0.0,8.0,1.3,120.0,0,Kevin
SC4,SC4_20240104,6,SC4_20240104085001.JPG,2024-01-04 08:50:01,SC4_20240104092001.JPG,2024-01-04 09:20:01,152.0,153.0,1.0,1.0,1.0,10.0,2.0,150.0,1,Kevin
SC4,SC4_20240104,7,SC4_20240104092001.JPG,2024-01-04 09:20:01,SC4_20240104095001.JPG,2024-01-04 09:50:01,153.0,13.0,-140.0,-5.1924941018511035,32.0,12.5,2.4,180.0,4,Kevin
SC4,SC4_20240104,8,SC4_20240104095001.JPG,2024-01-04 09:50:01,SC4_20240104102001.JPG,2024-01-04 10:20:01,13.0,13.0,0.0,0.0,13.0,14.5,3.0,210.0,21,Kevin
SC4,SC4_20240104,9,SC4_20240104102001.JPG,2024-01-04 10:20:01,SC4_20240104105001.JPG,2024-01-04 10:50:01,13.0,4.0,-9.0,-2.080083823051904,13.0,15.5,3.2,240.0,29,Kevin
SC4,SC4_20240104,10,SC4_20240104105001.JPG,2024-01-04 10:50:01,SC4_20240104112001.JPG,2024-01-04 11:20:01,4.0,3.0,-1.0,-1.0,4.0,16.0,3.2,270.0,29,Kevin
SC4,SC4_20240104,11,SC4_20240104112001.JPG,2024-01-04 11:20:01,SC4_20240104115001.JPG,2024-01-04 11:50:01,3.0,15.0,12.0,2.2894284851066637,3.0,16.5,3.2,300.0,30,Kevin
SC4,SC4_20240104,12,SC4_20240104115001.JPG,2024-01-04 11:50:01,SC4_20240104122001.JPG,2024-01-04 12:20:01,15.0,17.0,2.0,1.2599210498948732,5.0,17.0,3.4,330.0,30,Kevin
SC4,SC4_20240104,13,SC4_20240104122001.JPG,2024-01-04 12:20:01,SC4_20240104125001.JPG,2024-01-04 12:50:01,17.0,46.0,29.0,3.072316825685847,7.0,17.5,3.0,360.0,26,Kevin
SC4,SC4_20240104,14,SC4_20240104125001.JPG,2024-01-04 12:50:01,SC4_20240104132001.JPG,2024-01-04 13:20:01,46.0,61.0,15.0,2.46621207433047,25.0,18.0,3.2,390.0,29,Kevin
SC4,SC4_20240104,15,SC4_20240104132001.JPG,2024-01-04 13:20:01,SC4_20240104135001.JPG,2024-01-04 13:50:01,61.0,64.0,3.0,1.4422495703074083,51.0,18.0,3.2,420.0,27,Kevin
SC4,SC4_20240104,16,SC4_20240104135001.JPG,2024-01-04 13:50:01,SC4_20240104142001.JPG,2024-01-04 14:20:01,64.0,95.0,31.0,3.1413806523913927,0.0,18.0,3.2,450.0,29,Kevin
SC4,SC4_20240104,17,SC4_20240104142001.JPG,2024-01-04 14:20:01,SC4_20240104145001.JPG,2024-01-04 14:50:01,95.0,96.0,1.0,1.0,0.0,18.0,2.8,480.0,29,Kevin
SC4,SC4_20240104,18,SC4_20240104145001.JPG,2024-01-04 14:50:01,SC4_20240104152001.JPG,2024-01-04 15:20:01,96.0,98.0,2.0,1.2599210498948732,0.0,18.0,2.8,510.0,27,Kevin
SC4,SC4_20240104,19,SC4_20240104152001.JPG,2024-01-04 15:20:01,SC4_20240104155001.JPG,2024-01-04 15:50:01,98.0,119.0,21.0,2.7589241763811203,0.0,16.5,2.6,540.0,24,Kevin
SC4,SC4_20240104,20,SC4_20240104155001.JPG,2024-01-04 15:50:01,SC4_20240104162001.JPG,2024-01-04 16:20:01,119.0,117.0,-2.0,-1.2599210498948732,0.0,14.5,2.8,570.0,13,Kevin
SC4,SC4_20240104,21,SC4_20240104162001.JPG,2024-01-04 16:20:01,SC4_20240104165001.JPG,2024-01-04 16:50:01,117.0,91.0,-26.0,-2.9624960684073702,0.0,13.0,2.0,600.0,4,Kevin
SC4,SC4_20240104,22,SC4_20240104165001.JPG,2024-01-04 16:50:01,SC4_20240104172001.JPG,2024-01-04 17:20:01,91.0,91.0,0.0,0.0,0.0,12.0,2.0,630.0,2,Kevin
SC4,SC4_20240105,2,SC4_20240105072001.JPG,2024-01-05 07:20:01,SC4_20240105075001.JPG,2024-01-05 07:50:01,127.0,108.0,-19.0,-2.668401648721945,0.0,8.0,0.9,30.0,0,Kevin
SC4,SC4_20240105,3,SC4_20240105075001.JPG,2024-01-05 07:50:01,SC4_20240105082001.JPG,2024-01-05 08:20:01,108.0,106.0,-2.0,-1.2599210498948732,0.0,8.5,1.2,60.0,0,Kevin
SC4,SC4_20240105,4,SC4_20240105082001.JPG,2024-01-05 08:20:01,SC4_20240105085001.JPG,2024-01-05 08:50:01,106.0,115.0,9.0,2.080083823051904,0.0,10.0,0.9,90.0,0,Kevin
SC4,SC4_20240105,5,SC4_20240105085001.JPG,2024-01-05 08:50:01,SC4_20240105092001.JPG,2024-01-05 09:20:01,115.0,74.0,-41.0,-3.4482172403827303,0.0,12.5,0.0,120.0,0,Kevin
SC4,SC4_20240105,6,SC4_20240105092001.JPG,2024-01-05 09:20:01,SC4_20240105095001.JPG,2024-01-05 09:50:01,74.0,14.0,-60.0,-3.914867641168863,23.0,15.0,1.8,150.0,0,Kevin
SC4,SC4_20240105,7,SC4_20240105095001.JPG,2024-01-05 09:50:01,SC4_20240105102001.JPG,2024-01-05 10:20:01,14.0,15.0,1.0,1.0,4.0,16.5,2.2,180.0,6,Kevin
SC4,SC4_20240105,8,SC4_20240105102001.JPG,2024-01-05 10:20:01,SC4_20240105105001.JPG,2024-01-05 10:50:01,15.0,17.0,2.0,1.2599210498948732,5.0,17.5,2.2,210.0,12,Kevin
SC4,SC4_20240105,9,SC4_20240105105001.JPG,2024-01-05 10:50:01,SC4_20240105112001.JPG,2024-01-05 11:20:01,17.0,12.0,-5.0,-1.7099759466766968,17.0,18.5,2.6,240.0,18,Kevin
SC4,SC4_20240105,10,SC4_20240105112001.JPG,2024-01-05 11:20:01,SC4_20240105115001.JPG,2024-01-05 11:50:01,12.0,5.0,-7.0,-1.912931182772389,12.0,19.0,2.8,270.0,26,Kevin
SC4,SC4_20240105,11,SC4_20240105115001.JPG,2024-01-05 11:50:01,SC4_20240105122001.JPG,2024-01-05 12:20:01,5.0,10.0,5.0,1.7099759466766968,5.0,19.5,2.4,300.0,14,Kevin
SC4,SC4_20240105,12,SC4_20240105122001.JPG,2024-01-05 12:20:01,SC4_20240105125001.JPG,2024-01-05 12:50:01,10.0,3.0,-7.0,-1.912931182772389,10.0,20.0,2.8,330.0,25,Kevin
SC4,SC4_20240105,13,SC4_20240105125001.JPG,2024-01-05 12:50:01,SC4_20240105132001.JPG,2024-01-05 13:20:01,3.0,2.0,-1.0,-1.0,3.0,20.0,2.8,360.0,24,Kevin
SC4,SC4_20240105,14,SC4_20240105132001.JPG,2024-01-05 13:20:01,SC4_20240105135001.JPG,2024-01-05 13:50:01,2.0,3.0,1.0,1.0,2.0,20.0,3.0,390.0,27,Kevin
SC4,SC4_20240105,15,SC4_20240105135001.JPG,2024-01-05 13:50:01,SC4_20240105142001.JPG,2024-01-05 14:20:01,3.0,3.0,0.0,0.0,3.0,20.0,3.0,420.0,21,Kevin
SC6,SC6_20231215,2,SC6_20231215132001.JPG,2023-12-15 13:20:01,SC6_20231215135001.JPG,2023-12-15 13:50:01,0.0,1.0,1.0,1.0,0.0,24.5,2.6,30.0,13,Vincent
SC6,SC6_20231215,3,SC6_20231215135001.JPG,2023-12-15 13:50:01,SC6_20231215142001.JPG,2023-12-15 14:20:01,1.0,0.0,-1.0,-1.0,1.0,24.0,3.2,60.0,15,Vincent
SC6,SC6_20231215,5,SC6_20231215145001.JPG,2023-12-15 14:50:01,SC6_20231215152001.JPG,2023-12-15 15:20:01,0.0,1.0,1.0,1.0,0.0,21.5,2.6,120.0,6,Vincent
SC6,SC6_20231215,6,SC6_20231215152001.JPG,2023-12-15 15:20:01,SC6_20231215155001.JPG,2023-12-15 15:50:01,1.0,2.0,1.0,1.0,0.0,21.0,2.0,150.0,4,Vincent
SC6,SC6_20231215,7,SC6_20231215155001.JPG,2023-12-15 15:50:01,SC6_20231215162002.JPG,2023-12-15 16:20:02,2.0,2.0,0.0,0.0,0.0,20.5,2.0,180.01666666666668,1,Vincent
SC6,SC6_20231215,8,SC6_20231215162002.JPG,2023-12-15 16:20:02,SC6_20231215165002.JPG,2023-12-15 16:50:02,2.0,1.0,-1.0,-1.0,0.0,18.5,1.2,210.01666666666668,0,Vincent
SC6,SC6_20231216,12,SC6_20231216115001.JPG,2023-12-16 11:50:01,SC6_20231216122001.JPG,2023-12-16 12:20:01,0.0,1.0,1.0,1.0,0.0,22.0,2.4,330.0,7,Vincent
SC6,SC6_20231216,13,SC6_20231216122001.JPG,2023-12-16 12:20:01,SC6_20231216125001.JPG,2023-12-16 12:50:01,1.0,7.0,6.0,1.8171205928321397,0.0,22.5,2.6,360.0,1,Vincent
SC6,SC6_20231216,14,SC6_20231216125001.JPG,2023-12-16 12:50:01,SC6_20231216132001.JPG,2023-12-16 13:20:01,7.0,12.0,5.0,1.7099759466766968,2.0,22.0,3.7,390.0,8,Vincent
SC6,SC6_20231216,15,SC6_20231216132001.JPG,2023-12-16 13:20:01,SC6_20231216135001.JPG,2023-12-16 13:50:01,12.0,31.0,19.0,2.668401648721945,3.0,22.0,2.8,420.0,15,Vincent
SC6,SC6_20231216,16,SC6_20231216135001.JPG,2023-12-16 13:50:01,SC6_20231216142001.JPG,2023-12-16 14:20:01,31.0,128.0,97.0,4.594700892207039,9.0,21.5,3.2,450.0,17,Vincent
SC6,SC6_20231216,17,SC6_20231216142001.JPG,2023-12-16 14:20:01,SC6_20231216145002.JPG,2023-12-16 14:50:02,128.0,164.0,36.0,3.3019272488946263,0.0,20.5,2.6,480.01666666666665,1,Vincent
SC6,SC6_20231216,18,SC6_20231216145002.JPG,2023-12-16 14:50:02,SC6_20231216152001.JPG,2023-12-16 15:20:01,164.0,284.0,120.0,4.93242414866094,0.0,19.0,1.6,510.0,0,Vincent
SC6,SC6_20231216,19,SC6_20231216152001.JPG,2023-12-16 15:20:01,SC6_20231216155001.JPG,2023-12-16 15:50:01,284.0,267.0,-17.0,-2.571281590658235,0.0,18.0,0.0,540.0,0,Vincent
SC6,SC6_20231216,20,SC6_20231216155001.JPG,2023-12-16 15:50:01,SC6_20231216162001.JPG,2023-12-16 16:20:01,267.0,193.0,-74.0,-4.198336453808407,0.0,17.5,0.0,570.0,0,Vincent
SC6,SC6_20231216,21,SC6_20231216162001.JPG,2023-12-16 16:20:01,SC6_20231216165001.JPG,2023-12-16 16:50:01,193.0,196.0,3.0,1.4422495703074083,0.0,16.5,0.0,600.0,0,Vincent
SC6,SC6_20231217,2,SC6_20231217065001.JPG,2023-12-17 06:50:01,SC6_20231217072001.JPG,2023-12-17 07:20:01,106.0,118.0,12.0,2.2894284851066637,0.0,15.0,1.2,30.0,0,Vincent
SC6,SC6_20231217,3,SC6_20231217072001.JPG,2023-12-17 07:20:01,SC6_20231217075001.JPG,2023-12-17 07:50:01,118.0,120.0,2.0,1.2599210498948732,0.0,14.5,1.2,60.0,0,Vincent
SC6,SC6_20231217,4,SC6_20231217075001.JPG,2023-12-17 07:50:01,SC6_20231217082001.JPG,2023-12-17 08:20:01,120.0,109.0,-11.0,-2.2239800905693152,0.0,14.0,0.9,90.0,0,Vincent
SC6,SC6_20231217,5,SC6_20231217082001.JPG,2023-12-17 08:20:01,SC6_20231217085001.JPG,2023-12-17 08:50:01,109.0,101.0,-8.0,-2.0,0.0,14.5,0.7,120.0,0,Vincent
SC6,SC6_20231217,6,SC6_20231217085001.JPG,2023-12-17 08:50:01,SC6_20231217092001.JPG,2023-12-17 09:20:01,101.0,90.0,-11.0,-2.2239800905693152,0.0,15.5,0.0,150.0,0,Vincent
SC6,SC6_20231217,7,SC6_20231217092001.JPG,2023-12-17 09:20:01,SC6_20231217095001.JPG,2023-12-17 09:50:01,90.0,99.0,9.0,2.080083823051904,5.0,17.0,0.0,180.0,0,Vincent
SC6,SC6_20231217,8,SC6_20231217095001.JPG,2023-12-17 09:50:01,SC6_20231217102001.JPG,2023-12-17 10:20:01,99.0,94.0,-5.0,-1.7099759466766968,31.0,19.0,1.6,210.0,0,Vincent
SC6,SC6_20231217,9,SC6_20231217102001.JPG,2023-12-17 10:20:01,SC6_20231217105001.JPG,2023-12-17 10:50:01,94.0,84.0,-10.0,-2.154434690031884,0.0,19.0,2.2,240.0,3,Vincent
SC6,SC6_20231217,10,SC6_20231217105001.JPG,2023-12-17 10:50:01,SC6_20231217112001.JPG,2023-12-17 11:20:01,84.0,102.0,18.0,2.6207413942088964,0.0,18.5,0.5,270.0,0,Vincent
SC6,SC6_20231217,11,SC6_20231217112001.JPG,2023-12-17 11:20:01,SC6_20231217115001.JPG,2023-12-17 11:50:01,102.0,105.0,3.0,1.4422495703074083,0.0,19.5,1.6,300.0,0,Vincent
SC6,SC6_20231217,12,SC6_20231217115001.JPG,2023-12-17 11:50:01,SC6_20231217122001.JPG,2023-12-17 12:20:01,105.0,61.0,-44.0,-3.530348335326063,0.0,19.5,4.3,330.0,6,Vincent
SC6,SC6_20231217,13,SC6_20231217122001.JPG,2023-12-17 12:20:01,SC6_20231217125001.JPG,2023-12-17 12:50:01,61.0,97.0,36.0,3.3019272488946263,0.0,19.0,2.0,360.0,4,Vincent
SC6,SC6_20231217,14,SC6_20231217125001.JPG,2023-12-17 12:50:01,SC6_20231217132001.JPG,2023-12-17 13:20:01,97.0,47.0,-50.0,-3.6840314986403864,0.0,19.5,1.6,390.0,0,Vincent
SC6,SC6_20231217,15,SC6_20231217132001.JPG,2023-12-17 13:20:01,SC6_20231217135001.JPG,2023-12-17 13:50:01,47.0,57.0,10.0,2.154434690031884,0.0,21.0,1.8,420.0,0,Vincent
SC6,SC6_20231217,16,SC6_20231217135001.JPG,2023-12-17 13:50:01,SC6_20231217142001.JPG,2023-12-17 14:20:01,57.0,51.0,-6.0,-1.8171205928321397,0.0,22.5,2.4,450.0,1,Vincent
SC6,SC6_20231217,17,SC6_20231217142001.JPG,2023-12-17 14:20:01,SC6_20231217145001.JPG,2023-12-17 14:50:01,51.0,39.0,-12.0,-2.2894284851066637,0.0,23.5,2.0,480.0,1,Vincent
SC6,SC6_20231217,18,SC6_20231217145001.JPG,2023-12-17 14:50:01,SC6_20231217152001.JPG,2023-12-17 15:20:01,39.0,55.0,16.0,2.5198420997897464,0.0,24.0,1.8,510.0,0,Vincent
SC6,SC6_20231217,19,SC6_20231217152001.JPG,2023-12-17 15:20:01,SC6_20231217155002.JPG,2023-12-17 15:50:02,55.0,59.0,4.0,1.5874010519681994,0.0,23.5,1.3,540.0166666666667,0,Vincent
SC6,SC6_20231217,20,SC6_20231217155002.JPG,2023-12-17 15:50:02,SC6_20231217162001.JPG,2023-12-17 16:20:01,59.0,77.0,18.0,2.6207413942088964,0.0,22.5,1.3,570.0,0,Vincent
SC6,SC6_20231217,21,SC6_20231217162001.JPG,2023-12-17 16:20:01,SC6_20231217165001.JPG,2023-12-17 16:50:01,77.0,65.0,-12.0,-2.2894284851066637,0.0,22.0,1.3,600.0,0,Vincent
SC6,SC6_20231218,2,SC6_20231218072002.JPG,2023-12-18 07:20:02,SC6_20231218075001.JPG,2023-12-18 07:50:01,46.0,77.0,31.0,3.1413806523913927,0.0,17.5,2.8,29.983333333333334,11,Vincent
SC6,SC6_20231218,3,SC6_20231218075001.JPG,2023-12-18 07:50:01,SC6_20231218082001.JPG,2023-12-18 08:20:01,77.0,65.0,-12.0,-2.2894284851066637,0.0,16.5,3.0,59.983333333333334,20,Vincent
SC6,SC6_20231218,4,SC6_20231218082001.JPG,2023-12-18 08:20:01,SC6_20231218085001.JPG,2023-12-18 08:50:01,65.0,39.0,-26.0,-2.9624960684073702,0.0,15.5,4.3,89.98333333333333,29,Vincent
SC6,SC6_20231218,5,SC6_20231218085001.JPG,2023-12-18 08:50:01,SC6_20231218092001.JPG,2023-12-18 09:20:01,39.0,38.0,-1.0,-1.0,0.0,15.0,3.4,119.98333333333332,27,Vincent
SC6,SC6_20231218,6,SC6_20231218092001.JPG,2023-12-18 09:20:01,SC6_20231218095002.JPG,2023-12-18 09:50:02,38.0,32.0,-6.0,-1.8171205928321397,0.0,16.0,3.7,150.0,28,Vincent
SC6,SC6_20231218,7,SC6_20231218095002.JPG,2023-12-18 09:50:02,SC6_20231218102001.JPG,2023-12-18 10:20:01,32.0,32.0,0.0,0.0,0.0,17.0,2.8,179.98333333333332,13,Vincent
SC6,SC6_20231218,8,SC6_20231218102001.JPG,2023-12-18 10:20:01,SC6_20231218105001.JPG,2023-12-18 10:50:01,32.0,33.0,1.0,1.0,0.0,17.5,2.6,209.98333333333332,26,Vincent
SC6,SC6_20231218,9,SC6_20231218105001.JPG,2023-12-18 10:50:01,SC6_20231218112002.JPG,2023-12-18 11:20:02,33.0,25.0,-8.0,-2.0,0.0,18.0,3.0,240.0,27,Vincent
SC6,SC6_20231218,10,SC6_20231218112002.JPG,2023-12-18 11:20:02,SC6_20231218115001.JPG,2023-12-18 11:50:01,25.0,31.0,6.0,1.8171205928321397,3.0,18.5,2.8,269.98333333333335,22,Vincent
SC6,SC6_20231218,11,SC6_20231218115001.JPG,2023-12-18 11:50:01,SC6_20231218122001.JPG,2023-12-18 12:20:01,31.0,26.0,-5.0,-1.7099759466766968,0.0,19.0,3.0,299.98333333333335,21,Vincent
SC6,SC6_20231218,12,SC6_20231218122001.JPG,2023-12-18 12:20:01,SC6_20231218125001.JPG,2023-12-18 12:50:01,26.0,22.0,-4.0,-1.5874010519681994,0.0,19.0,3.8,329.98333333333335,25,Vincent
SC6,SC6_20231218,13,SC6_20231218125001.JPG,2023-12-18 12:50:01,SC6_20231218132001.JPG,2023-12-18 13:20:01,22.0,20.0,-2.0,-1.2599210498948732,0.0,19.0,4.3,359.98333333333335,30,Vincent
SC6,SC6_20231218,14,SC6_20231218132001.JPG,2023-12-18 13:20:01,SC6_20231218135001.JPG,2023-12-18 13:50:01,20.0,17.0,-3.0,-1.4422495703074083,0.0,18.5,3.7,389.98333333333335,30,Vincent
SC6,SC6_20231218,15,SC6_20231218135001.JPG,2023-12-18 13:50:01,SC6_20231218142001.JPG,2023-12-18 14:20:01,17.0,16.0,-1.0,-1.0,0.0,17.0,5.5,419.98333333333335,24,Vincent
SC6,SC6_20231218,16,SC6_20231218142001.JPG,2023-12-18 14:20:01,SC6_20231218145001.JPG,2023-12-18 14:50:01,16.0,9.0,-7.0,-1.912931182772389,0.0,15.5,5.7,449.98333333333335,30,Vincent
SC6,SC6_20231218,17,SC6_20231218145001.JPG,2023-12-18 14:50:01,SC6_20231218152001.JPG,2023-12-18 15:20:01,9.0,17.0,8.0,2.0,0.0,15.0,4.9,479.98333333333335,30,Vincent
SC6,SC6_20231218,18,SC6_20231218152001.JPG,2023-12-18 15:20:01,SC6_20231218155001.JPG,2023-12-18 15:50:01,17.0,19.0,2.0,1.2599210498948732,0.0,15.5,4.1,509.98333333333335,16,Vincent
SC6,SC6_20231218,19,SC6_20231218155001.JPG,2023-12-18 15:50:01,SC6_20231218162001.JPG,2023-12-18 16:20:01,19.0,12.0,-7.0,-1.912931182772389,0.0,15.5,2.4,539.9833333333333,9,Vincent
SC6,SC6_20231218,20,SC6_20231218162001.JPG,2023-12-18 16:20:01,SC6_20231218165001.JPG,2023-12-18 16:50:01,12.0,19.0,7.0,1.912931182772389,0.0,14.5,2.8,569.9833333333333,20,Vincent
SC6,SC6_20231219,2,SC6_20231219072001.JPG,2023-12-19 07:20:01,SC6_20231219075001.JPG,2023-12-19 07:50:01,15.0,7.0,-8.0,-2.0,0.0,14.0,2.2,30.0,2,Vincent
SC6,SC6_20231219,3,SC6_20231219075001.JPG,2023-12-19 07:50:01,SC6_20231219082001.JPG,2023-12-19 08:20:01,7.0,7.0,0.0,0.0,0.0,14.0,2.2,60.0,4,Vincent
SC6,SC6_20231219,4,SC6_20231219082001.JPG,2023-12-19 08:20:01,SC6_20231219085001.JPG,2023-12-19 08:50:01,7.0,15.0,8.0,2.0,0.0,14.5,2.6,90.0,17,Vincent
SC6,SC6_20231219,5,SC6_20231219085001.JPG,2023-12-19 08:50:01,SC6_20231219092001.JPG,2023-12-19 09:20:01,15.0,18.0,3.0,1.4422495703074083,12.0,15.0,2.8,120.0,14,Vincent
SC6,SC6_20231219,6,SC6_20231219092001.JPG,2023-12-19 09:20:01,SC6_20231219095001.JPG,2023-12-19 09:50:01,18.0,18.0,0.0,0.0,0.0,15.5,3.0,150.0,23,Vincent
SC6,SC6_20231219,7,SC6_20231219095001.JPG,2023-12-19 09:50:01,SC6_20231219102001.JPG,2023-12-19 10:20:01,18.0,16.0,-2.0,-1.2599210498948732,0.0,16.0,2.2,180.0,10,Vincent
SC6,SC6_20231219,8,SC6_20231219102001.JPG,2023-12-19 10:20:01,SC6_20231219105001.JPG,2023-12-19 10:50:01,16.0,14.0,-2.0,-1.2599210498948732,0.0,15.5,2.2,210.0,2,Vincent
SC6,SC6_20231219,9,SC6_20231219105001.JPG,2023-12-19 10:50:01,SC6_20231219112001.JPG,2023-12-19 11:20:01,14.0,7.0,-7.0,-1.912931182772389,0.0,15.0,2.6,240.0,11,Vincent
SC6,SC6_20231219,10,SC6_20231219112001.JPG,2023-12-19 11:20:01,SC6_20231219115001.JPG,2023-12-19 11:50:01,7.0,16.0,9.0,2.080083823051904,0.0,15.0,2.8,270.0,17,Vincent
SC6,SC6_20231219,11,SC6_20231219115001.JPG,2023-12-19 11:50:01,SC6_20231219122001.JPG,2023-12-19 12:20:01,16.0,18.0,2.0,1.2599210498948732,0.0,15.0,2.8,300.0,24,Vincent
SC6,SC6_20231219,12,SC6_20231219122001.JPG,2023-12-19 12:20:01,SC6_20231219125001.JPG,2023-12-19 12:50:01,18.0,6.0,-12.0,-2.2894284851066637,0.0,15.0,3.0,330.0,13,Vincent
SC6,SC6_20231219,13,SC6_20231219125001.JPG,2023-12-19 12:50:01,SC6_20231219132002.JPG,2023-12-19 13:20:02,6.0,14.0,8.0,2.0,0.0,15.0,2.8,360.01666666666665,13,Vincent
SC6,SC6_20231219,14,SC6_20231219132002.JPG,2023-12-19 13:20:02,SC6_20231219135001.JPG,2023-12-19 13:50:01,14.0,7.0,-7.0,-1.912931182772389,0.0,15.5,2.6,390.0,7,Vincent
SC6,SC6_20231219,15,SC6_20231219135001.JPG,2023-12-19 13:50:01,SC6_20231219142001.JPG,2023-12-19 14:20:01,7.0,14.0,7.0,1.912931182772389,0.0,16.0,2.4,420.0,7,Vincent
SC6,SC6_20231219,16,SC6_20231219142001.JPG,2023-12-19 14:20:01,SC6_20231219145001.JPG,2023-12-19 14:50:01,14.0,15.0,1.0,1.0,0.0,16.0,2.2,450.0,3,Vincent
SC6,SC6_20231219,17,SC6_20231219145001.JPG,2023-12-19 14:50:01,SC6_20231219152001.JPG,2023-12-19 15:20:01,15.0,15.0,0.0,0.0,0.0,16.0,2.0,480.0,1,Vincent
SC6,SC6_20231219,18,SC6_20231219152001.JPG,2023-12-19 15:20:01,SC6_20231219155001.JPG,2023-12-19 15:50:01,15.0,14.0,-1.0,-1.0,0.0,15.5,1.6,510.0,0,Vincent
SC6,SC6_20231219,19,SC6_20231219155001.JPG,2023-12-19 15:50:01,SC6_20231219162001.JPG,2023-12-19 16:20:01,14.0,14.0,0.0,0.0,0.0,15.0,1.8,540.0,0,Vincent
SC6,SC6_20231219,20,SC6_20231219162001.JPG,2023-12-19 16:20:01,SC6_20231219165001.JPG,2023-12-19 16:50:01,14.0,14.0,0.0,0.0,0.0,15.0,2.2,570.0,2,Vincent
SC6,SC6_20231220,2,SC6_20231220072001.JPG,2023-12-20 07:20:01,SC6_20231220075001.JPG,2023-12-20 07:50:01,15.0,17.0,2.0,1.2599210498948732,0.0,14.0,5.1,30.0,29,Vincent
SC6,SC6_20231220,3,SC6_20231220075001.JPG,2023-12-20 07:50:01,SC6_20231220082001.JPG,2023-12-20 08:20:01,17.0,17.0,0.0,0.0,0.0,14.0,5.3,60.0,30,Vincent
SC6,SC6_20231220,4,SC6_20231220082001.JPG,2023-12-20 08:20:01,SC6_20231220085001.JPG,2023-12-20 08:50:01,17.0,17.0,0.0,0.0,0.0,14.0,6.3,90.0,30,Vincent
SC6,SC6_20231220,5,SC6_20231220085001.JPG,2023-12-20 08:50:01,SC6_20231220092001.JPG,2023-12-20 09:20:01,17.0,7.0,-10.0,-2.154434690031884,0.0,14.5,7.2,120.0,29,Vincent
SC6,SC6_20231220,6,SC6_20231220092001.JPG,2023-12-20 09:20:01,SC6_20231220095001.JPG,2023-12-20 09:50:01,7.0,6.0,-1.0,-1.0,0.0,14.5,5.5,150.0,30,Vincent
SC6,SC6_20231220,7,SC6_20231220095001.JPG,2023-12-20 09:50:01,SC6_20231220102001.JPG,2023-12-20 10:20:01,6.0,7.0,1.0,1.0,0.0,14.0,4.9,180.0,23,Vincent
SC6,SC6_20231220,8,SC6_20231220102001.JPG,2023-12-20 10:20:01,SC6_20231220105001.JPG,2023-12-20 10:50:01,7.0,5.0,-2.0,-1.2599210498948732,0.0,14.0,4.7,210.0,27,Vincent
SC6,SC6_20231220,9,SC6_20231220105001.JPG,2023-12-20 10:50:01,SC6_20231220112001.JPG,2023-12-20 11:20:01,5.0,6.0,1.0,1.0,0.0,14.0,4.9,240.0,26,Vincent
SC6,SC6_20231220,10,SC6_20231220112001.JPG,2023-12-20 11:20:01,SC6_20231220115001.JPG,2023-12-20 11:50:01,6.0,6.0,0.0,0.0,0.0,13.5,4.1,270.0,25,Vincent
SC6,SC6_20231220,11,SC6_20231220115001.JPG,2023-12-20 11:50:01,SC6_20231220122001.JPG,2023-12-20 12:20:01,6.0,6.0,0.0,0.0,0.0,12.5,3.0,300.0,5,Vincent
SC6,SC6_20231220,12,SC6_20231220122001.JPG,2023-12-20 12:20:01,SC6_20231220125001.JPG,2023-12-20 12:50:01,6.0,4.0,-2.0,-1.2599210498948732,0.0,12.0,3.7,330.0,19,Vincent
SC6,SC6_20231220,13,SC6_20231220125001.JPG,2023-12-20 12:50:01,SC6_20231220132001.JPG,2023-12-20 13:20:01,4.0,5.0,1.0,1.0,0.0,11.5,2.2,360.0,6,Vincent
SC6,SC6_20231220,14,SC6_20231220132001.JPG,2023-12-20 13:20:01,SC6_20231220135001.JPG,2023-12-20 13:50:01,5.0,6.0,1.0,1.0,0.0,11.5,2.6,390.0,17,Vincent
SC6,SC6_20231220,15,SC6_20231220135001.JPG,2023-12-20 13:50:01,SC6_20231220142001.JPG,2023-12-20 14:20:01,6.0,6.0,0.0,0.0,0.0,12.0,2.4,420.0,13,Vincent
SC6,SC6_20231220,16,SC6_20231220142001.JPG,2023-12-20 14:20:01,SC6_20231220145001.JPG,2023-12-20 14:50:01,6.0,2.0,-4.0,-1.5874010519681994,0.0,12.0,2.4,450.0,8,Vincent
SC6,SC6_20231220,17,SC6_20231220145001.JPG,2023-12-20 14:50:01,SC6_20231220152001.JPG,2023-12-20 15:20:01,2.0,6.0,4.0,1.5874010519681994,0.0,11.5,2.0,480.0,4,Vincent
SC6,SC6_20231220,18,SC6_20231220152001.JPG,2023-12-20 15:20:01,SC6_20231220155001.JPG,2023-12-20 15:50:01,6.0,4.0,-2.0,-1.2599210498948732,0.0,11.0,2.2,510.0,8,Vincent
SC6,SC6_20231220,19,SC6_20231220155001.JPG,2023-12-20 15:50:01,SC6_20231220162001.JPG,2023-12-20 16:20:01,4.0,4.0,0.0,0.0,0.0,11.5,2.2,540.0,3,Vincent
SC6,SC6_20231220,20,SC6_20231220162001.JPG,2023-12-20 16:20:01,SC6_20231220165001.JPG,2023-12-20 16:50:01,4.0,5.0,1.0,1.0,0.0,11.5,3.0,570.0,24,Vincent
SC6,SC6_20231221,2,SC6_20231221072001.JPG,2023-12-21 07:20:01,SC6_20231221075001.JPG,2023-12-21 07:50:01,7.0,12.0,5.0,1.7099759466766968,0.0,13.0,1.6,30.0,0,Vincent
SC6,SC6_20231221,3,SC6_20231221075001.JPG,2023-12-21 07:50:01,SC6_20231221082001.JPG,2023-12-21 08:20:01,12.0,13.0,1.0,1.0,0.0,13.0,1.8,60.0,0,Vincent
SC6,SC6_20231221,4,SC6_20231221082001.JPG,2023-12-21 08:20:01,SC6_20231221085001.JPG,2023-12-21 08:50:01,13.0,15.0,2.0,1.2599210498948732,0.0,13.0,1.3,90.0,0,Vincent
SC6,SC6_20231221,5,SC6_20231221085001.JPG,2023-12-21 08:50:01,SC6_20231221092001.JPG,2023-12-21 09:20:01,15.0,8.0,-7.0,-1.912931182772389,0.0,13.5,2.6,120.0,8,Vincent
SC6,SC6_20231221,6,SC6_20231221092001.JPG,2023-12-21 09:20:01,SC6_20231221095001.JPG,2023-12-21 09:50:01,8.0,7.0,-1.0,-1.0,0.0,14.0,3.2,150.0,30,Vincent
SC6,SC6_20231221,7,SC6_20231221095001.JPG,2023-12-21 09:50:01,SC6_20231221102001.JPG,2023-12-21 10:20:01,7.0,15.0,8.0,2.0,0.0,14.0,3.0,180.0,29,Vincent
SC6,SC6_20231221,8,SC6_20231221102001.JPG,2023-12-21 10:20:01,SC6_20231221105001.JPG,2023-12-21 10:50:01,15.0,6.0,-9.0,-2.080083823051904,0.0,14.0,3.0,210.0,30,Vincent
SC6,SC6_20231221,9,SC6_20231221105001.JPG,2023-12-21 10:50:01,SC6_20231221112001.JPG,2023-12-21 11:20:01,6.0,7.0,1.0,1.0,0.0,13.5,4.5,240.0,27,Vincent
SC6,SC6_20231221,10,SC6_20231221112001.JPG,2023-12-21 11:20:01,SC6_20231221115001.JPG,2023-12-21 11:50:01,7.0,6.0,-1.0,-1.0,0.0,13.0,1.8,270.0,0,Vincent
SC6,SC6_20231221,11,SC6_20231221115001.JPG,2023-12-21 11:50:01,SC6_20231221122001.JPG,2023-12-21 12:20:01,6.0,6.0,0.0,0.0,0.0,13.0,2.8,300.0,7,Vincent
SC6,SC6_20231221,12,SC6_20231221122001.JPG,2023-12-21 12:20:01,SC6_20231221125001.JPG,2023-12-21 12:50:01,6.0,5.0,-1.0,-1.0,0.0,13.5,2.2,330.0,3,Vincent
SC6,SC6_20231221,13,SC6_20231221125001.JPG,2023-12-21 12:50:01,SC6_20231221132001.JPG,2023-12-21 13:20:01,5.0,3.0,-2.0,-1.2599210498948732,0.0,14.5,2.6,360.0,10,Vincent
SC6,SC6_20231221,14,SC6_20231221132001.JPG,2023-12-21 13:20:01,SC6_20231221135001.JPG,2023-12-21 13:50:01,3.0,14.0,11.0,2.2239800905693152,0.0,15.5,3.4,390.0,15,Vincent
SC6,SC6_20231221,15,SC6_20231221135001.JPG,2023-12-21 13:50:01,SC6_20231221142001.JPG,2023-12-21 14:20:01,14.0,5.0,-9.0,-2.080083823051904,0.0,16.0,5.3,420.0,28,Vincent
SC6,SC6_20231221,16,SC6_20231221142001.JPG,2023-12-21 14:20:01,SC6_20231221145001.JPG,2023-12-21 14:50:01,5.0,3.0,-2.0,-1.2599210498948732,0.0,16.5,4.1,450.0,30,Vincent
SC6,SC6_20231221,17,SC6_20231221145001.JPG,2023-12-21 14:50:01,SC6_20231221152001.JPG,2023-12-21 15:20:01,3.0,5.0,2.0,1.2599210498948732,0.0,17.0,3.2,480.0,17,Vincent
SC6,SC6_20231221,18,SC6_20231221152001.JPG,2023-12-21 15:20:01,SC6_20231221155001.JPG,2023-12-21 15:50:01,5.0,4.0,-1.0,-1.0,0.0,17.0,4.1,510.0,26,Vincent
SC6,SC6_20231221,19,SC6_20231221155001.JPG,2023-12-21 15:50:01,SC6_20231221162001.JPG,2023-12-21 16:20:01,4.0,4.0,0.0,0.0,0.0,16.5,4.7,540.0,25,Vincent
SC6,SC6_20231221,20,SC6_20231221162001.JPG,2023-12-21 16:20:01,SC6_20231221165002.JPG,2023-12-21 16:50:02,4.0,5.0,1.0,1.0,0.0,16.0,3.0,570.0166666666667,18,Vincent
SC6,SC6_20231222,2,SC6_20231222072001.JPG,2023-12-22 07:20:01,SC6_20231222075001.JPG,2023-12-22 07:50:01,4.0,5.0,1.0,1.0,0.0,12.0,1.3,30.0,0,Vincent
SC6,SC6_20231222,3,SC6_20231222075001.JPG,2023-12-22 07:50:01,SC6_20231222082001.JPG,2023-12-22 08:20:01,5.0,5.0,0.0,0.0,0.0,12.5,0.9,60.0,0,Vincent
SC6,SC6_20231222,4,SC6_20231222082001.JPG,2023-12-22 08:20:01,SC6_20231222085001.JPG,2023-12-22 08:50:01,5.0,7.0,2.0,1.2599210498948732,0.0,13.0,1.3,90.0,0,Vincent
SC6,SC6_20231222,5,SC6_20231222085001.JPG,2023-12-22 08:50:01,SC6_20231222092001.JPG,2023-12-22 09:20:01,7.0,6.0,-1.0,-1.0,0.0,13.5,1.8,120.0,0,Vincent
SC6,SC6_20231222,6,SC6_20231222092001.JPG,2023-12-22 09:20:01,SC6_20231222095001.JPG,2023-12-22 09:50:01,6.0,8.0,2.0,1.2599210498948732,0.0,14.5,1.6,150.0,0,Vincent
SC6,SC6_20231222,7,SC6_20231222095001.JPG,2023-12-22 09:50:01,SC6_20231222102001.JPG,2023-12-22 10:20:01,8.0,8.0,0.0,0.0,6.0,15.5,1.6,180.0,0,Vincent
SC6,SC6_20231222,8,SC6_20231222102001.JPG,2023-12-22 10:20:01,SC6_20231222105001.JPG,2023-12-22 10:50:01,8.0,6.0,-2.0,-1.2599210498948732,6.0,16.0,1.6,210.0,0,Vincent
SC6,SC6_20231222,9,SC6_20231222105001.JPG,2023-12-22 10:50:01,SC6_20231222112001.JPG,2023-12-22 11:20:01,6.0,4.0,-2.0,-1.2599210498948732,4.0,16.5,2.6,240.0,2,Vincent
SC6,SC6_20231222,10,SC6_20231222112001.JPG,2023-12-22 11:20:01,SC6_20231222115001.JPG,2023-12-22 11:50:01,4.0,3.0,-1.0,-1.0,3.0,17.0,2.2,270.0,7,Vincent
SC6,SC6_20231222,11,SC6_20231222115001.JPG,2023-12-22 11:50:01,SC6_20231222122001.JPG,2023-12-22 12:20:01,3.0,1.0,-2.0,-1.2599210498948732,1.0,17.5,2.0,300.0,1,Vincent
SC6,SC6_20231222,12,SC6_20231222122001.JPG,2023-12-22 12:20:01,SC6_20231222125001.JPG,2023-12-22 12:50:01,1.0,2.0,1.0,1.0,0.0,17.5,2.0,330.0,1,Vincent
SC6,SC6_20231222,13,SC6_20231222125001.JPG,2023-12-22 12:50:01,SC6_20231222132001.JPG,2023-12-22 13:20:01,2.0,5.0,3.0,1.4422495703074083,0.0,17.0,2.2,360.0,6,Vincent
SC6,SC6_20231222,14,SC6_20231222132001.JPG,2023-12-22 13:20:01,SC6_20231222135001.JPG,2023-12-22 13:50:01,5.0,10.0,5.0,1.7099759466766968,0.0,17.0,1.2,390.0,0,Vincent
SC6,SC6_20231222,15,SC6_20231222135001.JPG,2023-12-22 13:50:01,SC6_20231222142001.JPG,2023-12-22 14:20:01,10.0,16.0,6.0,1.8171205928321397,0.0,17.0,0.7,420.0,0,Vincent
SC6,SC6_20231222,16,SC6_20231222142001.JPG,2023-12-22 14:20:01,SC6_20231222145001.JPG,2023-12-22 14:50:01,16.0,31.0,15.0,2.46621207433047,0.0,17.0,2.6,450.0,8,Vincent
SC6,SC6_20231222,17,SC6_20231222145001.JPG,2023-12-22 14:50:01,SC6_20231222152001.JPG,2023-12-22 15:20:01,31.0,135.0,104.0,4.7026693754415145,0.0,16.5,2.4,480.0,2,Vincent
SC6,SC6_20231222,18,SC6_20231222152001.JPG,2023-12-22 15:20:01,SC6_20231222155001.JPG,2023-12-22 15:50:01,135.0,52.0,-83.0,-4.362070671454838,11.0,16.0,1.3,510.0,0,Vincent
SC6,SC6_20231222,19,SC6_20231222155001.JPG,2023-12-22 15:50:01,SC6_20231222162001.JPG,2023-12-22 16:20:01,52.0,44.0,-8.0,-2.0,10.0,16.0,0.9,540.0,0,Vincent
SC6,SC6_20231222,20,SC6_20231222162001.JPG,2023-12-22 16:20:01,SC6_20231222165001.JPG,2023-12-22 16:50:01,44.0,62.0,18.0,2.6207413942088964,11.0,15.5,1.3,570.0,0,Vincent
SC6,SC6_20231223,2,SC6_20231223072001.JPG,2023-12-23 07:20:01,SC6_20231223075001.JPG,2023-12-23 07:50:01,35.0,48.0,13.0,2.3513346877207573,0.0,13.0,3.0,30.0,12,Vincent
SC6,SC6_20231223,3,SC6_20231223075001.JPG,2023-12-23 07:50:01,SC6_20231223082001.JPG,2023-12-23 08:20:01,48.0,45.0,-3.0,-1.4422495703074083,0.0,12.5,2.2,60.0,4,Vincent
SC6,SC6_20231223,4,SC6_20231223082001.JPG,2023-12-23 08:20:01,SC6_20231223085001.JPG,2023-12-23 08:50:01,45.0,44.0,-1.0,-1.0,0.0,12.5,1.8,90.0,0,Vincent
SC6,SC6_20231223,5,SC6_20231223085001.JPG,2023-12-23 08:50:01,SC6_20231223092001.JPG,2023-12-23 09:20:01,44.0,44.0,0.0,0.0,0.0,13.0,2.0,120.0,1,Vincent
SC6,SC6_20231223,6,SC6_20231223092001.JPG,2023-12-23 09:20:01,SC6_20231223095002.JPG,2023-12-23 09:50:02,44.0,45.0,1.0,1.0,0.0,13.0,2.4,150.01666666666668,4,Vincent
SC6,SC6_20231223,7,SC6_20231223095002.JPG,2023-12-23 09:50:02,SC6_20231223102001.JPG,2023-12-23 10:20:01,45.0,56.0,11.0,2.2239800905693152,0.0,13.5,3.7,180.0,28,Vincent
SC6,SC6_20231223,8,SC6_20231223102001.JPG,2023-12-23 10:20:01,SC6_20231223105001.JPG,2023-12-23 10:50:01,56.0,36.0,-20.0,-2.7144176165949063,0.0,14.0,2.4,210.0,26,Vincent
SC6,SC6_20231223,9,SC6_20231223105001.JPG,2023-12-23 10:50:01,SC6_20231223112001.JPG,2023-12-23 11:20:01,36.0,36.0,0.0,0.0,0.0,14.0,3.2,240.0,24,Vincent
SC6,SC6_20231223,10,SC6_20231223112001.JPG,2023-12-23 11:20:01,SC6_20231223115001.JPG,2023-12-23 11:50:01,36.0,48.0,12.0,2.2894284851066637,0.0,13.5,3.2,270.0,29,Vincent
SC6,SC6_20231223,11,SC6_20231223115001.JPG,2023-12-23 11:50:01,SC6_20231223122001.JPG,2023-12-23 12:20:01,48.0,45.0,-3.0,-1.4422495703074083,0.0,13.0,3.7,300.0,30,Vincent
SC6,SC6_20231223,12,SC6_20231223122001.JPG,2023-12-23 12:20:01,SC6_20231223125001.JPG,2023-12-23 12:50:01,45.0,34.0,-11.0,-2.2239800905693152,0.0,13.0,3.0,330.0,29,Vincent
SC6,SC6_20231223,13,SC6_20231223125001.JPG,2023-12-23 12:50:01,SC6_20231223132001.JPG,2023-12-23 13:20:01,34.0,35.0,1.0,1.0,0.0,13.0,4.1,360.0,29,Vincent
SC6,SC6_20231223,14,SC6_20231223132001.JPG,2023-12-23 13:20:01,SC6_20231223135001.JPG,2023-12-23 13:50:01,35.0,35.0,0.0,0.0,0.0,13.0,3.8,390.0,30,Vincent
SC6,SC6_20231223,15,SC6_20231223135001.JPG,2023-12-23 13:50:01,SC6_20231223142001.JPG,2023-12-23 14:20:01,35.0,25.0,-10.0,-2.154434690031884,0.0,13.0,4.1,420.0,30,Vincent
SC6,SC6_20231223,16,SC6_20231223142001.JPG,2023-12-23 14:20:01,SC6_20231223145001.JPG,2023-12-23 14:50:01,25.0,25.0,0.0,0.0,0.0,13.0,3.2,450.0,29,Vincent
SC6,SC6_20231223,17,SC6_20231223145001.JPG,2023-12-23 14:50:01,SC6_20231223152001.JPG,2023-12-23 15:20:01,25.0,24.0,-1.0,-1.0,0.0,13.0,2.2,480.0,12,Vincent
SC6,SC6_20231223,18,SC6_20231223152001.JPG,2023-12-23 15:20:01,SC6_20231223155001.JPG,2023-12-23 15:50:01,24.0,26.0,2.0,1.2599210498948732,0.0,13.0,2.2,510.0,4,Vincent
SC6,SC6_20231223,19,SC6_20231223155001.JPG,2023-12-23 15:50:01,SC6_20231223162001.JPG,2023-12-23 16:20:01,26.0,25.0,-1.0,-1.0,0.0,13.0,2.0,540.0,1,Vincent
SC6,SC6_20231223,20,SC6_20231223162001.JPG,2023-12-23 16:20:01,SC6_20231223165001.JPG,2023-12-23 16:50:01,25.0,24.0,-1.0,-1.0,0.0,13.0,2.4,570.0,3,Vincent
SC6,SC6_20231224,2,SC6_20231224065002.JPG,2023-12-24 06:50:02,SC6_20231224072001.JPG,2023-12-24 07:20:01,25.0,30.0,5.0,1.7099759466766968,0.0,9.0,1.6,29.983333333333334,0,Vincent
SC6,SC6_20231224,3,SC6_20231224072001.JPG,2023-12-24 07:20:01,SC6_20231224075001.JPG,2023-12-24 07:50:01,30.0,30.0,0.0,0.0,0.0,9.0,1.6,59.983333333333334,0,Vincent
SC6,SC6_20231224,4,SC6_20231224075001.JPG,2023-12-24 07:50:01,SC6_20231224082001.JPG,2023-12-24 08:20:01,30.0,30.0,0.0,0.0,0.0,9.0,1.2,89.98333333333333,0,Vincent
SC6,SC6_20231224,5,SC6_20231224082001.JPG,2023-12-24 08:20:01,SC6_20231224085001.JPG,2023-12-24 08:50:01,30.0,25.0,-5.0,-1.7099759466766968,1.0,10.0,0.9,119.98333333333332,0,Vincent
SC6,SC6_20231224,6,SC6_20231224085001.JPG,2023-12-24 08:50:01,SC6_20231224092001.JPG,2023-12-24 09:20:01,25.0,24.0,-1.0,-1.0,12.0,11.5,1.6,149.98333333333332,0,Vincent
SC6,SC6_20231224,7,SC6_20231224092001.JPG,2023-12-24 09:20:01,SC6_20231224095001.JPG,2023-12-24 09:50:01,24.0,24.0,0.0,0.0,13.0,12.5,1.2,179.98333333333332,0,Vincent
SC6,SC6_20231224,8,SC6_20231224095001.JPG,2023-12-24 09:50:01,SC6_20231224102001.JPG,2023-12-24 10:20:01,24.0,35.0,11.0,2.2239800905693152,15.0,13.5,1.6,209.98333333333332,0,Vincent
SC6,SC6_20231224,9,SC6_20231224102001.JPG,2023-12-24 10:20:01,SC6_20231224105001.JPG,2023-12-24 10:50:01,35.0,25.0,-10.0,-2.154434690031884,25.0,14.0,1.3,239.98333333333332,0,Vincent
SC6,SC6_20231224,10,SC6_20231224105001.JPG,2023-12-24 10:50:01,SC6_20231224112001.JPG,2023-12-24 11:20:01,25.0,35.0,10.0,2.154434690031884,0.0,14.0,2.0,269.98333333333335,2,Vincent
SC6,SC6_20231224,11,SC6_20231224112001.JPG,2023-12-24 11:20:01,SC6_20231224115001.JPG,2023-12-24 11:50:01,35.0,29.0,-6.0,-1.8171205928321397,0.0,14.5,2.6,299.98333333333335,5,Vincent
SC6,SC6_20231224,12,SC6_20231224115001.JPG,2023-12-24 11:50:01,SC6_20231224122001.JPG,2023-12-24 12:20:01,29.0,26.0,-3.0,-1.4422495703074083,3.0,14.5,2.8,329.98333333333335,16,Vincent
SC6,SC6_20231224,13,SC6_20231224122001.JPG,2023-12-24 12:20:01,SC6_20231224125001.JPG,2023-12-24 12:50:01,26.0,23.0,-3.0,-1.4422495703074083,3.0,14.0,2.8,359.98333333333335,22,Vincent
SC6,SC6_20231224,14,SC6_20231224125001.JPG,2023-12-24 12:50:01,SC6_20231224132001.JPG,2023-12-24 13:20:01,23.0,22.0,-1.0,-1.0,3.0,14.0,2.8,389.98333333333335,13,Vincent
SC6,SC6_20231224,15,SC6_20231224132001.JPG,2023-12-24 13:20:01,SC6_20231224135001.JPG,2023-12-24 13:50:01,22.0,24.0,2.0,1.2599210498948732,13.0,14.5,3.2,419.98333333333335,28,Vincent
SC6,SC6_20231224,16,SC6_20231224135001.JPG,2023-12-24 13:50:01,SC6_20231224142001.JPG,2023-12-24 14:20:01,24.0,32.0,8.0,2.0,16.0,15.5,3.0,449.98333333333335,17,Vincent
SC6,SC6_20231224,17,SC6_20231224142001.JPG,2023-12-24 14:20:01,SC6_20231224145001.JPG,2023-12-24 14:50:01,32.0,32.0,0.0,0.0,0.0,16.0,3.0,479.98333333333335,22,Vincent
SC6,SC6_20231224,18,SC6_20231224145001.JPG,2023-12-24 14:50:01,SC6_20231224152001.JPG,2023-12-24 15:20:01,32.0,73.0,41.0,3.4482172403827303,3.0,15.5,3.7,509.98333333333335,19,Vincent
SC6,SC6_20231224,19,SC6_20231224152001.JPG,2023-12-24 15:20:01,SC6_20231224155001.JPG,2023-12-24 15:50:01,73.0,75.0,2.0,1.2599210498948732,2.0,14.5,3.4,539.9833333333333,23,Vincent
SC6,SC6_20231224,20,SC6_20231224155001.JPG,2023-12-24 15:50:01,SC6_20231224162001.JPG,2023-12-24 16:20:01,75.0,70.0,-5.0,-1.7099759466766968,11.0,14.0,2.4,569.9833333333333,4,Vincent
SC6,SC6_20231224,21,SC6_20231224162001.JPG,2023-12-24 16:20:01,SC6_20231224165001.JPG,2023-12-24 16:50:01,70.0,62.0,-8.0,-2.0,0.0,13.5,2.0,599.9833333333333,4,Vincent
SC6,SC6_20231225,2,SC6_20231225065002.JPG,2023-12-25 06:50:02,SC6_20231225072001.JPG,2023-12-25 07:20:01,41.0,45.0,4.0,1.5874010519681994,0.0,7.5,1.2,29.983333333333334,0,Vincent
SC6,SC6_20231225,3,SC6_20231225072001.JPG,2023-12-25 07:20:01,SC6_20231225075001.JPG,2023-12-25 07:50:01,45.0,54.0,9.0,2.080083823051904,0.0,7.0,1.2,59.983333333333334,0,Vincent
SC6,SC6_20231225,4,SC6_20231225075001.JPG,2023-12-25 07:50:01,SC6_20231225082001.JPG,2023-12-25 08:20:01,54.0,43.0,-11.0,-2.2239800905693152,0.0,7.5,1.2,89.98333333333333,0,Vincent
SC6,SC6_20231225,5,SC6_20231225082001.JPG,2023-12-25 08:20:01,SC6_20231225085001.JPG,2023-12-25 08:50:01,43.0,43.0,0.0,0.0,0.0,9.0,1.2,119.98333333333332,0,Vincent
SC6,SC6_20231225,6,SC6_20231225085001.JPG,2023-12-25 08:50:01,SC6_20231225092001.JPG,2023-12-25 09:20:01,43.0,57.0,14.0,2.4101422641752297,3.0,11.0,0.7,149.98333333333332,0,Vincent
SC6,SC6_20231225,7,SC6_20231225092001.JPG,2023-12-25 09:20:01,SC6_20231225095001.JPG,2023-12-25 09:50:01,57.0,42.0,-15.0,-2.46621207433047,2.0,12.0,0.0,179.98333333333332,0,Vincent
SC6,SC6_20231225,8,SC6_20231225095001.JPG,2023-12-25 09:50:01,SC6_20231225102001.JPG,2023-12-25 10:20:01,42.0,42.0,0.0,0.0,17.0,12.5,1.2,209.98333333333332,0,Vincent
SC6,SC6_20231225,9,SC6_20231225102001.JPG,2023-12-25 10:20:01,SC6_20231225105001.JPG,2023-12-25 10:50:01,42.0,34.0,-8.0,-2.0,3.0,13.5,2.0,239.98333333333332,2,Vincent
SC6,SC6_20231225,10,SC6_20231225105001.JPG,2023-12-25 10:50:01,SC6_20231225112001.JPG,2023-12-25 11:20:01,34.0,36.0,2.0,1.2599210498948732,6.0,14.0,1.3,269.98333333333335,0,Vincent
SC6,SC6_20231225,11,SC6_20231225112001.JPG,2023-12-25 11:20:01,SC6_20231225115001.JPG,2023-12-25 11:50:01,36.0,32.0,-4.0,-1.5874010519681994,8.0,14.0,2.2,299.98333333333335,6,Vincent
SC6,SC6_20231225,12,SC6_20231225115001.JPG,2023-12-25 11:50:01,SC6_20231225122001.JPG,2023-12-25 12:20:01,32.0,32.0,0.0,0.0,9.0,14.0,2.6,329.98333333333335,11,Vincent
SC6,SC6_20231225,13,SC6_20231225122001.JPG,2023-12-25 12:20:01,SC6_20231225125001.JPG,2023-12-25 12:50:01,32.0,34.0,2.0,1.2599210498948732,21.0,14.0,2.6,359.98333333333335,19,Vincent
SC6,SC6_20231225,14,SC6_20231225125001.JPG,2023-12-25 12:50:01,SC6_20231225132001.JPG,2023-12-25 13:20:01,34.0,33.0,-1.0,-1.0,22.0,14.5,3.4,389.98333333333335,21,Vincent
SC6,SC6_20231225,15,SC6_20231225132001.JPG,2023-12-25 13:20:01,SC6_20231225135001.JPG,2023-12-25 13:50:01,33.0,30.0,-3.0,-1.4422495703074083,21.0,15.0,2.6,419.98333333333335,11,Vincent
SC6,SC6_20231225,16,SC6_20231225135001.JPG,2023-12-25 13:50:01,SC6_20231225142001.JPG,2023-12-25 14:20:01,30.0,55.0,25.0,2.924017738212866,10.0,15.5,2.8,449.98333333333335,18,Vincent
SC6,SC6_20231225,17,SC6_20231225142001.JPG,2023-12-25 14:20:01,SC6_20231225145001.JPG,2023-12-25 14:50:01,55.0,56.0,1.0,1.0,0.0,15.5,2.6,479.98333333333335,24,Vincent
SC6,SC6_20231225,18,SC6_20231225145001.JPG,2023-12-25 14:50:01,SC6_20231225152001.JPG,2023-12-25 15:20:01,56.0,72.0,16.0,2.5198420997897464,0.0,14.5,2.8,509.98333333333335,17,Vincent
SC6,SC6_20231225,19,SC6_20231225152001.JPG,2023-12-25 15:20:01,SC6_20231225155001.JPG,2023-12-25 15:50:01,72.0,77.0,5.0,1.7099759466766968,0.0,14.0,2.6,539.9833333333333,16,Vincent
SC6,SC6_20231225,20,SC6_20231225155001.JPG,2023-12-25 15:50:01,SC6_20231225162001.JPG,2023-12-25 16:20:01,77.0,84.0,7.0,1.912931182772389,0.0,14.0,1.8,569.9833333333333,0,Vincent
SC6,SC6_20231226,2,SC6_20231226072001.JPG,2023-12-26 07:20:01,SC6_20231226075001.JPG,2023-12-26 07:50:01,63.0,63.0,0.0,0.0,0.0,8.0,0.9,30.0,0,Vincent
SC6,SC6_20231226,3,SC6_20231226075001.JPG,2023-12-26 07:50:01,SC6_20231226082001.JPG,2023-12-26 08:20:01,63.0,55.0,-8.0,-2.0,0.0,8.5,0.9,60.0,0,Vincent
SC6,SC6_20231226,4,SC6_20231226082001.JPG,2023-12-26 08:20:01,SC6_20231226085001.JPG,2023-12-26 08:50:01,55.0,54.0,-1.0,-1.0,0.0,10.0,0.7,90.0,0,Vincent
SC6,SC6_20231226,5,SC6_20231226085001.JPG,2023-12-26 08:50:01,SC6_20231226092001.JPG,2023-12-26 09:20:01,54.0,62.0,8.0,2.0,0.0,11.5,0.7,120.0,0,Vincent
SC6,SC6_20231226,6,SC6_20231226092001.JPG,2023-12-26 09:20:01,SC6_20231226095001.JPG,2023-12-26 09:50:01,62.0,60.0,-2.0,-1.2599210498948732,0.0,12.5,1.8,150.0,0,Vincent
SC6,SC6_20231226,7,SC6_20231226095001.JPG,2023-12-26 09:50:01,SC6_20231226102001.JPG,2023-12-26 10:20:01,60.0,79.0,19.0,2.668401648721945,32.0,13.0,1.8,180.0,0,Vincent
SC6,SC6_20231226,8,SC6_20231226102001.JPG,2023-12-26 10:20:01,SC6_20231226105001.JPG,2023-12-26 10:50:01,79.0,59.0,-20.0,-2.7144176165949063,0.0,13.5,1.8,210.0,0,Vincent
SC6,SC6_20231226,9,SC6_20231226105001.JPG,2023-12-26 10:50:01,SC6_20231226112001.JPG,2023-12-26 11:20:01,59.0,49.0,-10.0,-2.154434690031884,0.0,14.0,2.0,240.0,1,Vincent
SC6,SC6_20231226,10,SC6_20231226112001.JPG,2023-12-26 11:20:01,SC6_20231226115001.JPG,2023-12-26 11:50:01,49.0,47.0,-2.0,-1.2599210498948732,0.0,14.0,2.2,270.0,7,Vincent
SC6,SC6_20231226,11,SC6_20231226115001.JPG,2023-12-26 11:50:01,SC6_20231226122001.JPG,2023-12-26 12:20:01,47.0,49.0,2.0,1.2599210498948732,0.0,14.0,2.2,300.0,4,Vincent
SC6,SC6_20231226,12,SC6_20231226122001.JPG,2023-12-26 12:20:01,SC6_20231226125001.JPG,2023-12-26 12:50:01,49.0,47.0,-2.0,-1.2599210498948732,0.0,14.5,1.6,330.0,0,Vincent
SC6,SC6_20231226,13,SC6_20231226125001.JPG,2023-12-26 12:50:01,SC6_20231226132001.JPG,2023-12-26 13:20:01,47.0,40.0,-7.0,-1.912931182772389,0.0,15.0,3.0,360.0,11,Vincent
SC6,SC6_20231226,14,SC6_20231226132001.JPG,2023-12-26 13:20:01,SC6_20231226135001.JPG,2023-12-26 13:50:01,40.0,50.0,10.0,2.154434690031884,0.0,15.0,2.2,390.0,9,Vincent
SC6,SC6_20231226,15,SC6_20231226135001.JPG,2023-12-26 13:50:01,SC6_20231226142001.JPG,2023-12-26 14:20:01,50.0,50.0,0.0,0.0,0.0,14.5,2.4,420.0,12,Vincent
SC6,SC6_20231226,16,SC6_20231226142001.JPG,2023-12-26 14:20:01,SC6_20231226145001.JPG,2023-12-26 14:50:01,50.0,58.0,8.0,2.0,0.0,14.0,2.0,450.0,1,Vincent
SC6,SC6_20231226,17,SC6_20231226145001.JPG,2023-12-26 14:50:01,SC6_20231226152001.JPG,2023-12-26 15:20:01,58.0,61.0,3.0,1.4422495703074083,0.0,14.0,2.0,480.0,1,Vincent
SC6,SC6_20231226,18,SC6_20231226152001.JPG,2023-12-26 15:20:01,SC6_20231226155001.JPG,2023-12-26 15:50:01,61.0,61.0,0.0,0.0,0.0,14.0,1.2,510.0,0,Vincent
SC6,SC6_20231226,19,SC6_20231226155001.JPG,2023-12-26 15:50:01,SC6_20231226162001.JPG,2023-12-26 16:20:01,61.0,62.0,1.0,1.0,0.0,13.5,0.0,540.0,0,Vincent
SC6,SC6_20231226,20,SC6_20231226162001.JPG,2023-12-26 16:20:01,SC6_20231226165001.JPG,2023-12-26 16:50:01,62.0,63.0,1.0,1.0,0.0,13.0,0.0,570.0,0,Vincent
SC6,SC6_20231227,2,SC6_20231227072001.JPG,2023-12-27 07:20:01,SC6_20231227075001.JPG,2023-12-27 07:50:01,55.0,59.0,4.0,1.5874010519681994,0.0,10.0,0.0,30.0,0,Vincent
SC6,SC6_20231227,3,SC6_20231227075001.JPG,2023-12-27 07:50:01,SC6_20231227082001.JPG,2023-12-27 08:20:01,59.0,57.0,-2.0,-1.2599210498948732,0.0,10.5,0.0,60.0,0,Vincent
SC6,SC6_20231227,4,SC6_20231227082001.JPG,2023-12-27 08:20:01,SC6_20231227085001.JPG,2023-12-27 08:50:01,57.0,56.0,-1.0,-1.0,0.0,11.5,0.9,90.0,0,Vincent
SC6,SC6_20231227,5,SC6_20231227085001.JPG,2023-12-27 08:50:01,SC6_20231227092000.JPG,2023-12-27 09:20:00,56.0,49.0,-7.0,-1.912931182772389,0.0,12.5,0.0,119.98333333333332,0,Vincent
SC6,SC6_20231227,6,SC6_20231227092000.JPG,2023-12-27 09:20:00,SC6_20231227095001.JPG,2023-12-27 09:50:01,49.0,49.0,0.0,0.0,0.0,13.5,1.3,150.0,0,Vincent
SC6,SC6_20231227,7,SC6_20231227095001.JPG,2023-12-27 09:50:01,SC6_20231227102001.JPG,2023-12-27 10:20:01,49.0,48.0,-1.0,-1.0,0.0,14.0,1.2,180.0,0,Vincent
SC6,SC6_20231227,8,SC6_20231227102001.JPG,2023-12-27 10:20:01,SC6_20231227105001.JPG,2023-12-27 10:50:01,48.0,46.0,-2.0,-1.2599210498948732,7.0,14.5,1.6,210.0,0,Vincent
SC6,SC6_20231227,9,SC6_20231227105001.JPG,2023-12-27 10:50:01,SC6_20231227112001.JPG,2023-12-27 11:20:01,46.0,52.0,6.0,1.8171205928321397,5.0,15.0,2.4,240.0,2,Vincent
SC6,SC6_20231227,10,SC6_20231227112001.JPG,2023-12-27 11:20:01,SC6_20231227115001.JPG,2023-12-27 11:50:01,52.0,108.0,56.0,3.825862365544778,25.0,15.0,2.2,270.0,2,Vincent
SC6,SC6_20231227,11,SC6_20231227115001.JPG,2023-12-27 11:50:01,SC6_20231227122001.JPG,2023-12-27 12:20:01,108.0,36.0,-72.0,-4.160167646103808,0.0,15.0,1.6,300.0,0,Vincent
SC6,SC6_20231227,12,SC6_20231227122001.JPG,2023-12-27 12:20:01,SC6_20231227125001.JPG,2023-12-27 12:50:01,36.0,64.0,28.0,3.0365889718756622,0.0,15.0,1.6,330.0,0,Vincent
SC6,SC6_20231227,13,SC6_20231227125001.JPG,2023-12-27 12:50:01,SC6_20231227132001.JPG,2023-12-27 13:20:01,64.0,50.0,-14.0,-2.4101422641752297,0.0,15.5,1.8,360.0,0,Vincent
SC6,SC6_20231227,14,SC6_20231227132001.JPG,2023-12-27 13:20:01,SC6_20231227135001.JPG,2023-12-27 13:50:01,50.0,48.0,-2.0,-1.2599210498948732,36.0,16.5,2.4,390.0,2,Vincent
SC6,SC6_20231227,15,SC6_20231227135001.JPG,2023-12-27 13:50:01,SC6_20231227142001.JPG,2023-12-27 14:20:01,48.0,40.0,-8.0,-2.0,0.0,16.5,1.6,420.0,0,Vincent
SC6,SC6_20231227,16,SC6_20231227142001.JPG,2023-12-27 14:20:01,SC6_20231227145001.JPG,2023-12-27 14:50:01,40.0,80.0,40.0,3.4199518933533937,0.0,16.0,1.3,450.0,0,Vincent
SC6,SC6_20231227,17,SC6_20231227145001.JPG,2023-12-27 14:50:01,SC6_20231227152001.JPG,2023-12-27 15:20:01,80.0,69.0,-11.0,-2.2239800905693152,0.0,16.0,2.0,480.0,1,Vincent
SC6,SC6_20231227,18,SC6_20231227152001.JPG,2023-12-27 15:20:01,SC6_20231227155002.JPG,2023-12-27 15:50:02,69.0,94.0,25.0,2.924017738212866,0.0,15.5,1.6,510.01666666666665,0,Vincent
SC6,SC6_20231227,19,SC6_20231227155002.JPG,2023-12-27 15:50:02,SC6_20231227162001.JPG,2023-12-27 16:20:01,94.0,78.0,-16.0,-2.5198420997897464,0.0,14.5,0.0,540.0,0,Vincent
SC6,SC6_20231227,20,SC6_20231227162001.JPG,2023-12-27 16:20:01,SC6_20231227165001.JPG,2023-12-27 16:50:01,78.0,72.0,-6.0,-1.8171205928321397,0.0,14.0,0.0,570.0,0,Vincent
SC6,SC6_20231228,2,SC6_20231228072001.JPG,2023-12-28 07:20:01,SC6_20231228075001.JPG,2023-12-28 07:50:01,61.0,78.0,17.0,2.571281590658235,0.0,10.0,1.2,30.0,0,Vincent
SC6,SC6_20231228,3,SC6_20231228075001.JPG,2023-12-28 07:50:01,SC6_20231228082001.JPG,2023-12-28 08:20:01,78.0,76.0,-2.0,-1.2599210498948732,0.0,10.5,0.9,60.0,0,Vincent
SC6,SC6_20231228,4,SC6_20231228082001.JPG,2023-12-28 08:20:01,SC6_20231228085001.JPG,2023-12-28 08:50:01,76.0,79.0,3.0,1.4422495703074083,31.0,11.5,0.7,90.0,0,Vincent
SC6,SC6_20231228,5,SC6_20231228085001.JPG,2023-12-28 08:50:01,SC6_20231228092001.JPG,2023-12-28 09:20:01,79.0,68.0,-11.0,-2.2239800905693152,59.0,13.0,1.2,120.0,0,Vincent
SC6,SC6_20231228,6,SC6_20231228092001.JPG,2023-12-28 09:20:01,SC6_20231228095002.JPG,2023-12-28 09:50:02,68.0,57.0,-11.0,-2.2239800905693152,32.0,14.5,1.6,150.01666666666668,0,Vincent
SC6,SC6_20231228,7,SC6_20231228095002.JPG,2023-12-28 09:50:02,SC6_20231228102001.JPG,2023-12-28 10:20:01,57.0,53.0,-4.0,-1.5874010519681994,35.0,15.0,1.8,180.0,0,Vincent
SC6,SC6_20231228,8,SC6_20231228102001.JPG,2023-12-28 10:20:01,SC6_20231228105001.JPG,2023-12-28 10:50:01,53.0,44.0,-9.0,-2.080083823051904,0.0,15.5,1.3,210.0,0,Vincent
SC6,SC6_20231228,9,SC6_20231228105001.JPG,2023-12-28 10:50:01,SC6_20231228112001.JPG,2023-12-28 11:20:01,44.0,44.0,0.0,0.0,0.0,16.0,1.6,240.0,0,Vincent
SC6,SC6_20231228,10,SC6_20231228112001.JPG,2023-12-28 11:20:01,SC6_20231228115001.JPG,2023-12-28 11:50:01,44.0,51.0,7.0,1.912931182772389,0.0,16.0,2.0,270.0,1,Vincent
SC6,SC6_20231228,11,SC6_20231228115001.JPG,2023-12-28 11:50:01,SC6_20231228122001.JPG,2023-12-28 12:20:01,51.0,52.0,1.0,1.0,0.0,16.0,1.8,300.0,0,Vincent
SC6,SC6_20231228,12,SC6_20231228122001.JPG,2023-12-28 12:20:01,SC6_20231228125001.JPG,2023-12-28 12:50:01,52.0,26.0,-26.0,-2.9624960684073702,0.0,16.0,2.0,330.0,4,Vincent
SC6,SC6_20231228,13,SC6_20231228125001.JPG,2023-12-28 12:50:01,SC6_20231228132001.JPG,2023-12-28 13:20:01,26.0,41.0,15.0,2.46621207433047,0.0,16.0,2.0,360.0,1,Vincent
SC6,SC6_20231228,14,SC6_20231228132001.JPG,2023-12-28 13:20:01,SC6_20231228135001.JPG,2023-12-28 13:50:01,41.0,31.0,-10.0,-2.154434690031884,22.0,16.0,2.2,390.0,4,Vincent
SC6,SC6_20231228,15,SC6_20231228135001.JPG,2023-12-28 13:50:01,SC6_20231228142001.JPG,2023-12-28 14:20:01,31.0,63.0,32.0,3.1748021039363987,2.0,17.0,1.6,420.0,0,Vincent
SC6,SC6_20231228,16,SC6_20231228142001.JPG,2023-12-28 14:20:01,SC6_20231228145001.JPG,2023-12-28 14:50:01,63.0,70.0,7.0,1.912931182772389,0.0,18.0,2.0,450.0,2,Vincent
SC6,SC6_20231228,17,SC6_20231228145001.JPG,2023-12-28 14:50:01,SC6_20231228152001.JPG,2023-12-28 15:20:01,70.0,83.0,13.0,2.3513346877207573,0.0,17.0,1.6,480.0,0,Vincent
SC6,SC6_20231228,18,SC6_20231228152001.JPG,2023-12-28 15:20:01,SC6_20231228155001.JPG,2023-12-28 15:50:01,83.0,83.0,0.0,0.0,0.0,16.0,1.3,510.0,0,Vincent
SC6,SC6_20231228,19,SC6_20231228155001.JPG,2023-12-28 15:50:01,SC6_20231228162002.JPG,2023-12-28 16:20:02,83.0,66.0,-17.0,-2.571281590658235,37.0,16.0,0.0,540.0166666666667,0,Vincent
SC6,SC6_20231228,20,SC6_20231228162002.JPG,2023-12-28 16:20:02,SC6_20231228165001.JPG,2023-12-28 16:50:01,66.0,76.0,10.0,2.154434690031884,15.0,15.5,0.9,570.0,0,Vincent
SC6,SC6_20231229,2,SC6_20231229072001.JPG,2023-12-29 07:20:01,SC6_20231229075001.JPG,2023-12-29 07:50:01,42.0,77.0,35.0,3.2710663101885897,0.0,13.5,1.2,30.0,0,Vincent
SC6,SC6_20231229,3,SC6_20231229075001.JPG,2023-12-29 07:50:01,SC6_20231229082001.JPG,2023-12-29 08:20:01,77.0,59.0,-18.0,-2.6207413942088964,0.0,13.5,1.8,60.0,0,Vincent
SC6,SC6_20231229,4,SC6_20231229082001.JPG,2023-12-29 08:20:01,SC6_20231229085001.JPG,2023-12-29 08:50:01,59.0,52.0,-7.0,-1.912931182772389,0.0,14.0,1.6,90.0,0,Vincent
SC6,SC6_20231229,5,SC6_20231229085001.JPG,2023-12-29 08:50:01,SC6_20231229092001.JPG,2023-12-29 09:20:01,52.0,61.0,9.0,2.080083823051904,0.0,14.0,1.8,120.0,0,Vincent
SC6,SC6_20231229,6,SC6_20231229092001.JPG,2023-12-29 09:20:01,SC6_20231229095001.JPG,2023-12-29 09:50:01,61.0,51.0,-10.0,-2.154434690031884,0.0,14.0,1.6,150.0,0,Vincent
SC6,SC6_20231229,7,SC6_20231229095001.JPG,2023-12-29 09:50:01,SC6_20231229102001.JPG,2023-12-29 10:20:01,51.0,39.0,-12.0,-2.2894284851066637,0.0,14.5,2.0,180.0,1,Vincent
SC6,SC6_20231229,8,SC6_20231229102001.JPG,2023-12-29 10:20:01,SC6_20231229105001.JPG,2023-12-29 10:50:01,39.0,39.0,0.0,0.0,0.0,14.5,2.8,210.0,9,Vincent
SC6,SC6_20231229,9,SC6_20231229105001.JPG,2023-12-29 10:50:01,SC6_20231229112001.JPG,2023-12-29 11:20:01,39.0,39.0,0.0,0.0,0.0,14.0,2.2,240.0,5,Vincent
SC6,SC6_20231229,10,SC6_20231229112001.JPG,2023-12-29 11:20:01,SC6_20231229115001.JPG,2023-12-29 11:50:01,39.0,38.0,-1.0,-1.0,0.0,14.0,2.2,270.0,3,Vincent
SC6,SC6_20231229,11,SC6_20231229115001.JPG,2023-12-29 11:50:01,SC6_20231229122001.JPG,2023-12-29 12:20:01,38.0,36.0,-2.0,-1.2599210498948732,0.0,14.0,1.6,300.0,0,Vincent
SC6,SC6_20231229,12,SC6_20231229122001.JPG,2023-12-29 12:20:01,SC6_20231229125001.JPG,2023-12-29 12:50:01,36.0,37.0,1.0,1.0,0.0,14.0,2.2,330.0,4,Vincent
SC6,SC6_20231229,13,SC6_20231229125001.JPG,2023-12-29 12:50:01,SC6_20231229132001.JPG,2023-12-29 13:20:01,37.0,50.0,13.0,2.3513346877207573,0.0,14.0,3.4,360.0,22,Vincent
SC6,SC6_20231229,14,SC6_20231229132001.JPG,2023-12-29 13:20:01,SC6_20231229135001.JPG,2023-12-29 13:50:01,50.0,42.0,-8.0,-2.0,0.0,14.5,3.7,390.0,24,Vincent
SC6,SC6_20231229,15,SC6_20231229135001.JPG,2023-12-29 13:50:01,SC6_20231229142001.JPG,2023-12-29 14:20:01,42.0,34.0,-8.0,-2.0,0.0,15.5,3.2,420.0,23,Vincent
SC6,SC6_20231229,16,SC6_20231229142001.JPG,2023-12-29 14:20:01,SC6_20231229145001.JPG,2023-12-29 14:50:01,34.0,33.0,-1.0,-1.0,0.0,16.0,2.6,450.0,24,Vincent
SC6,SC6_20231229,17,SC6_20231229145001.JPG,2023-12-29 14:50:01,SC6_20231229152002.JPG,2023-12-29 15:20:02,33.0,43.0,10.0,2.154434690031884,0.0,16.0,3.0,480.01666666666665,16,Vincent
SC6,SC6_20231229,18,SC6_20231229152002.JPG,2023-12-29 15:20:02,SC6_20231229155001.JPG,2023-12-29 15:50:01,43.0,42.0,-1.0,-1.0,0.0,16.0,2.8,510.0,21,Vincent
SC6,SC6_20231229,19,SC6_20231229155001.JPG,2023-12-29 15:50:01,SC6_20231229162001.JPG,2023-12-29 16:20:01,42.0,33.0,-9.0,-2.080083823051904,2.0,15.5,2.6,540.0,17,Vincent
SC6,SC6_20231229,20,SC6_20231229162001.JPG,2023-12-29 16:20:01,SC6_20231229165001.JPG,2023-12-29 16:50:01,33.0,33.0,0.0,0.0,0.0,15.0,3.0,570.0,19,Vincent
SC6,SC6_20231229,21,SC6_20231229165001.JPG,2023-12-29 16:50:01,SC6_20231229172002.JPG,2023-12-29 17:20:02,33.0,30.0,-3.0,-1.4422495703074083,0.0,14.5,2.6,600.0166666666667,19,Vincent
SC6,SC6_20231230,2,SC6_20231230072002.JPG,2023-12-30 07:20:02,SC6_20231230075001.JPG,2023-12-30 07:50:01,32.0,32.0,0.0,0.0,0.0,12.0,0.5,29.983333333333334,0,Vincent
SC6,SC6_20231230,3,SC6_20231230075001.JPG,2023-12-30 07:50:01,SC6_20231230082001.JPG,2023-12-30 08:20:01,32.0,32.0,0.0,0.0,0.0,12.0,4.3,59.983333333333334,19,Vincent
SC6,SC6_20231230,4,SC6_20231230082001.JPG,2023-12-30 08:20:01,SC6_20231230085001.JPG,2023-12-30 08:50:01,32.0,26.0,-6.0,-1.8171205928321397,0.0,12.0,3.2,89.98333333333333,14,Vincent
SC6,SC6_20231230,5,SC6_20231230085001.JPG,2023-12-30 08:50:01,SC6_20231230092001.JPG,2023-12-30 09:20:01,26.0,26.0,0.0,0.0,23.0,12.0,2.6,119.98333333333332,3,Vincent
SC6,SC6_20231230,6,SC6_20231230092001.JPG,2023-12-30 09:20:01,SC6_20231230095001.JPG,2023-12-30 09:50:01,26.0,28.0,2.0,1.2599210498948732,0.0,12.5,2.4,149.98333333333332,1,Vincent
SC6,SC6_20231230,7,SC6_20231230095001.JPG,2023-12-30 09:50:01,SC6_20231230102001.JPG,2023-12-30 10:20:01,28.0,31.0,3.0,1.4422495703074083,0.0,13.0,2.2,179.98333333333332,3,Vincent
SC6,SC6_20231230,8,SC6_20231230102001.JPG,2023-12-30 10:20:01,SC6_20231230105001.JPG,2023-12-30 10:50:01,31.0,32.0,1.0,1.0,26.0,13.5,1.6,209.98333333333332,0,Vincent
SC6,SC6_20231230,9,SC6_20231230105001.JPG,2023-12-30 10:50:01,SC6_20231230112001.JPG,2023-12-30 11:20:01,32.0,38.0,6.0,1.8171205928321397,0.0,14.0,1.8,239.98333333333332,0,Vincent
SC6,SC6_20231230,10,SC6_20231230112001.JPG,2023-12-30 11:20:01,SC6_20231230115001.JPG,2023-12-30 11:50:01,38.0,40.0,2.0,1.2599210498948732,0.0,14.0,1.8,269.98333333333335,0,Vincent
SC6,SC6_20231230,11,SC6_20231230115001.JPG,2023-12-30 11:50:01,SC6_20231230122001.JPG,2023-12-30 12:20:01,40.0,41.0,1.0,1.0,0.0,14.0,2.2,299.98333333333335,1,Vincent
SC6,SC6_20231230,12,SC6_20231230122001.JPG,2023-12-30 12:20:01,SC6_20231230125001.JPG,2023-12-30 12:50:01,41.0,20.0,-21.0,-2.7589241763811203,0.0,14.0,3.0,329.98333333333335,11,Vincent
SC6,SC6_20231230,13,SC6_20231230125001.JPG,2023-12-30 12:50:01,SC6_20231230132001.JPG,2023-12-30 13:20:01,20.0,37.0,17.0,2.571281590658235,0.0,14.0,4.3,359.98333333333335,19,Vincent
SC6,SC6_20231230,14,SC6_20231230132001.JPG,2023-12-30 13:20:01,SC6_20231230135001.JPG,2023-12-30 13:50:01,37.0,67.0,30.0,3.1072325059538586,0.0,14.5,3.8,389.98333333333335,30,Vincent
SC6,SC6_20231230,15,SC6_20231230135001.JPG,2023-12-30 13:50:01,SC6_20231230142001.JPG,2023-12-30 14:20:01,67.0,70.0,3.0,1.4422495703074083,0.0,15.0,4.5,419.98333333333335,30,Vincent
SC6,SC6_20231230,16,SC6_20231230142001.JPG,2023-12-30 14:20:01,SC6_20231230145001.JPG,2023-12-30 14:50:01,70.0,69.0,-1.0,-1.0,0.0,15.0,4.1,449.98333333333335,30,Vincent
SC6,SC6_20231230,17,SC6_20231230145001.JPG,2023-12-30 14:50:01,SC6_20231230152002.JPG,2023-12-30 15:20:02,69.0,44.0,-25.0,-2.924017738212866,0.0,14.5,3.2,480.0,26,Vincent
SC6,SC6_20231230,18,SC6_20231230152002.JPG,2023-12-30 15:20:02,SC6_20231230155001.JPG,2023-12-30 15:50:01,44.0,53.0,9.0,2.080083823051904,1.0,14.0,3.0,509.98333333333335,22,Vincent
SC6,SC6_20231230,19,SC6_20231230155001.JPG,2023-12-30 15:50:01,SC6_20231230162002.JPG,2023-12-30 16:20:02,53.0,36.0,-17.0,-2.571281590658235,1.0,14.0,2.8,540.0,15,Vincent
SC6,SC6_20231230,20,SC6_20231230162002.JPG,2023-12-30 16:20:02,SC6_20231230165002.JPG,2023-12-30 16:50:02,36.0,34.0,-2.0,-1.2599210498948732,2.0,14.0,2.4,570.0,2,Vincent
SC6,SC6_20231231,2,SC6_20231231072001.JPG,2023-12-31 07:20:01,SC6_20231231075001.JPG,2023-12-31 07:50:01,19.0,15.0,-4.0,-1.5874010519681994,0.0,11.0,1.3,30.0,0,Vincent
SC6,SC6_20231231,3,SC6_20231231075001.JPG,2023-12-31 07:50:01,SC6_20231231082001.JPG,2023-12-31 08:20:01,15.0,24.0,9.0,2.080083823051904,0.0,11.0,1.3,60.0,0,Vincent
SC6,SC6_20231231,4,SC6_20231231082001.JPG,2023-12-31 08:20:01,SC6_20231231085001.JPG,2023-12-31 08:50:01,24.0,16.0,-8.0,-2.0,0.0,11.0,1.3,90.0,0,Vincent
SC6,SC6_20231231,5,SC6_20231231085001.JPG,2023-12-31 08:50:01,SC6_20231231092001.JPG,2023-12-31 09:20:01,16.0,15.0,-1.0,-1.0,0.0,11.5,0.9,120.0,0,Vincent
SC6,SC6_20231231,6,SC6_20231231092001.JPG,2023-12-31 09:20:01,SC6_20231231095001.JPG,2023-12-31 09:50:01,15.0,15.0,0.0,0.0,0.0,12.0,0.0,150.0,0,Vincent
SC6,SC6_20231231,7,SC6_20231231095001.JPG,2023-12-31 09:50:01,SC6_20231231102001.JPG,2023-12-31 10:20:01,15.0,26.0,11.0,2.2239800905693152,0.0,12.5,0.7,180.0,0,Vincent
SC6,SC6_20231231,8,SC6_20231231102001.JPG,2023-12-31 10:20:01,SC6_20231231105001.JPG,2023-12-31 10:50:01,26.0,23.0,-3.0,-1.4422495703074083,0.0,13.0,0.9,210.0,0,Vincent
SC6,SC6_20231231,9,SC6_20231231105001.JPG,2023-12-31 10:50:01,SC6_20231231112001.JPG,2023-12-31 11:20:01,23.0,23.0,0.0,0.0,0.0,13.0,0.9,240.0,0,Vincent
SC6,SC6_20231231,10,SC6_20231231112001.JPG,2023-12-31 11:20:01,SC6_20231231115001.JPG,2023-12-31 11:50:01,23.0,24.0,1.0,1.0,0.0,13.0,1.8,270.0,0,Vincent
SC6,SC6_20231231,11,SC6_20231231115001.JPG,2023-12-31 11:50:01,SC6_20231231122001.JPG,2023-12-31 12:20:01,24.0,26.0,2.0,1.2599210498948732,0.0,13.0,2.0,300.0,4,Vincent
SC6,SC6_20231231,12,SC6_20231231122001.JPG,2023-12-31 12:20:01,SC6_20231231125001.JPG,2023-12-31 12:50:01,26.0,26.0,0.0,0.0,0.0,13.0,1.6,330.0,0,Vincent
SC6,SC6_20231231,13,SC6_20231231125001.JPG,2023-12-31 12:50:01,SC6_20231231132001.JPG,2023-12-31 13:20:01,26.0,21.0,-5.0,-1.7099759466766968,0.0,13.5,3.0,360.0,3,Vincent
SC6,SC6_20231231,14,SC6_20231231132001.JPG,2023-12-31 13:20:01,SC6_20231231135001.JPG,2023-12-31 13:50:01,21.0,16.0,-5.0,-1.7099759466766968,0.0,14.5,3.7,390.0,24,Vincent
SC6,SC6_20231231,15,SC6_20231231135001.JPG,2023-12-31 13:50:01,SC6_20231231142001.JPG,2023-12-31 14:20:01,16.0,17.0,1.0,1.0,0.0,15.5,3.8,420.0,30,Vincent
SC6,SC6_20231231,16,SC6_20231231142001.JPG,2023-12-31 14:20:01,SC6_20231231145001.JPG,2023-12-31 14:50:01,17.0,18.0,1.0,1.0,0.0,15.5,3.8,450.0,26,Vincent
SC6,SC6_20231231,17,SC6_20231231145001.JPG,2023-12-31 14:50:01,SC6_20231231152001.JPG,2023-12-31 15:20:01,18.0,18.0,0.0,0.0,0.0,14.5,2.8,480.0,9,Vincent
SC6,SC6_20231231,18,SC6_20231231152001.JPG,2023-12-31 15:20:01,SC6_20231231155001.JPG,2023-12-31 15:50:01,18.0,18.0,0.0,0.0,0.0,14.0,2.2,510.0,3,Vincent
SC6,SC6_20231231,19,SC6_20231231155001.JPG,2023-12-31 15:50:01,SC6_20231231162002.JPG,2023-12-31 16:20:02,18.0,18.0,0.0,0.0,0.0,14.0,1.8,540.0166666666667,0,Vincent
SC6,SC6_20231231,20,SC6_20231231162002.JPG,2023-12-31 16:20:02,SC6_20231231165001.JPG,2023-12-31 16:50:01,18.0,20.0,2.0,1.2599210498948732,0.0,13.5,1.8,570.0,0,Vincent
SC6,SC6_20240101,2,SC6_20240101070001.JPG,2024-01-01 07:00:01,SC6_20240101073002.JPG,2024-01-01 07:30:02,27.0,27.0,0.0,0.0,0.0,10.0,1.8,30.016666666666666,0,Vincent
SC6,SC6_20240101,3,SC6_20240101073002.JPG,2024-01-01 07:30:02,SC6_20240101080001.JPG,2024-01-01 08:00:01,27.0,35.0,8.0,2.0,0.0,10.0,2.6,60.0,8,Vincent
SC6,SC6_20240101,4,SC6_20240101080001.JPG,2024-01-01 08:00:01,SC6_20240101083001.JPG,2024-01-01 08:30:01,35.0,36.0,1.0,1.0,1.0,10.5,2.0,90.0,2,Vincent
SC6,SC6_20240101,5,SC6_20240101083001.JPG,2024-01-01 08:30:01,SC6_20240101090001.JPG,2024-01-01 09:00:01,36.0,35.0,-1.0,-1.0,0.0,11.5,1.6,120.0,0,Vincent
SC6,SC6_20240101,6,SC6_20240101090001.JPG,2024-01-01 09:00:01,SC6_20240101093001.JPG,2024-01-01 09:30:01,35.0,34.0,-1.0,-1.0,34.0,12.5,1.8,150.0,0,Vincent
SC6,SC6_20240101,7,SC6_20240101093001.JPG,2024-01-01 09:30:01,SC6_20240101100001.JPG,2024-01-01 10:00:01,34.0,34.0,0.0,0.0,34.0,14.0,1.8,180.0,0,Vincent
SC6,SC6_20240101,8,SC6_20240101100001.JPG,2024-01-01 10:00:01,SC6_20240101103001.JPG,2024-01-01 10:30:01,34.0,16.0,-18.0,-2.6207413942088964,34.0,15.5,1.8,210.0,0,Vincent
SC6,SC6_20240101,9,SC6_20240101103001.JPG,2024-01-01 10:30:01,SC6_20240101110001.JPG,2024-01-01 11:00:01,16.0,15.0,-1.0,-1.0,15.0,16.0,1.2,240.0,0,Vincent
SC6,SC6_20240101,10,SC6_20240101110001.JPG,2024-01-01 11:00:01,SC6_20240101113001.JPG,2024-01-01 11:30:01,15.0,15.0,0.0,0.0,14.0,16.0,2.0,270.0,1,Vincent
SC6,SC6_20240101,11,SC6_20240101113001.JPG,2024-01-01 11:30:01,SC6_20240101120001.JPG,2024-01-01 12:00:01,15.0,15.0,0.0,0.0,13.0,16.0,1.3,300.0,0,Vincent
SC6,SC6_20240101,12,SC6_20240101120001.JPG,2024-01-01 12:00:01,SC6_20240101123001.JPG,2024-01-01 12:30:01,15.0,12.0,-3.0,-1.4422495703074083,12.0,16.0,2.6,330.0,13,Vincent
SC6,SC6_20240101,13,SC6_20240101123001.JPG,2024-01-01 12:30:01,SC6_20240101130001.JPG,2024-01-01 13:00:01,12.0,15.0,3.0,1.4422495703074083,10.0,15.5,2.8,360.0,10,Vincent
SC6,SC6_20240101,14,SC6_20240101130001.JPG,2024-01-01 13:00:01,SC6_20240101133001.JPG,2024-01-01 13:30:01,15.0,4.0,-11.0,-2.2239800905693152,4.0,15.0,2.2,390.0,7,Vincent
SC6,SC6_20240101,15,SC6_20240101133001.JPG,2024-01-01 13:30:01,SC6_20240101140001.JPG,2024-01-01 14:00:01,4.0,19.0,15.0,2.46621207433047,0.0,16.0,3.0,420.0,15,Vincent
SC6,SC6_20240101,16,SC6_20240101140001.JPG,2024-01-01 14:00:01,SC6_20240101143001.JPG,2024-01-01 14:30:01,19.0,18.0,-1.0,-1.0,12.0,17.0,2.4,450.0,13,Vincent
SC6,SC6_20240101,17,SC6_20240101143001.JPG,2024-01-01 14:30:01,SC6_20240101150001.JPG,2024-01-01 15:00:01,18.0,42.0,24.0,2.8844991406148166,0.0,16.5,2.0,480.0,5,Vincent
SC6,SC6_20240101,18,SC6_20240101150001.JPG,2024-01-01 15:00:01,SC6_20240101153001.JPG,2024-01-01 15:30:01,42.0,37.0,-5.0,-1.7099759466766968,1.0,15.5,2.0,510.0,1,Vincent
SC6,SC6_20240101,19,SC6_20240101153001.JPG,2024-01-01 15:30:01,SC6_20240101160001.JPG,2024-01-01 16:00:01,37.0,53.0,16.0,2.5198420997897464,5.0,15.0,2.4,540.0,4,Vincent
SC6,SC6_20240101,20,SC6_20240101160001.JPG,2024-01-01 16:00:01,SC6_20240101163001.JPG,2024-01-01 16:30:01,53.0,164.0,111.0,4.805895533705332,24.0,15.0,1.3,570.0,0,Vincent
SC6,SC6_20240101,21,SC6_20240101163001.JPG,2024-01-01 16:30:01,SC6_20240101170001.JPG,2024-01-01 17:00:01,164.0,165.0,1.0,1.0,13.0,14.5,0.0,600.0,0,Vincent
SC6,SC6_20240102,2,SC6_20240102072001.JPG,2024-01-02 07:20:01,SC6_20240102075001.JPG,2024-01-02 07:50:01,144.0,134.0,-10.0,-2.154434690031884,0.0,7.0,1.2,30.0,0,Vincent
SC6,SC6_20240102,3,SC6_20240102075001.JPG,2024-01-02 07:50:01,SC6_20240102082001.JPG,2024-01-02 08:20:01,134.0,130.0,-4.0,-1.5874010519681994,0.0,7.5,1.2,60.0,0,Vincent
SC6,SC6_20240102,4,SC6_20240102082001.JPG,2024-01-02 08:20:01,SC6_20240102085001.JPG,2024-01-02 08:50:01,130.0,131.0,1.0,1.0,12.0,8.5,0.9,90.0,0,Vincent
SC6,SC6_20240102,5,SC6_20240102085001.JPG,2024-01-02 08:50:01,SC6_20240102092002.JPG,2024-01-02 09:20:02,131.0,137.0,6.0,1.8171205928321397,129.0,10.0,1.2,120.01666666666668,0,Vincent
SC6,SC6_20240102,6,SC6_20240102092002.JPG,2024-01-02 09:20:02,SC6_20240102095001.JPG,2024-01-02 09:50:01,137.0,55.0,-82.0,-4.344481485768611,33.0,12.5,1.3,150.0,0,Vincent
SC6,SC6_20240102,7,SC6_20240102095001.JPG,2024-01-02 09:50:01,SC6_20240102102001.JPG,2024-01-02 10:20:01,55.0,41.0,-14.0,-2.4101422641752297,10.0,14.0,0.9,180.0,0,Vincent
SC6,SC6_20240102,8,SC6_20240102102001.JPG,2024-01-02 10:20:01,SC6_20240102105001.JPG,2024-01-02 10:50:01,41.0,46.0,5.0,1.7099759466766968,29.0,14.5,1.3,210.0,0,Vincent
SC6,SC6_20240102,9,SC6_20240102105001.JPG,2024-01-02 10:50:01,SC6_20240102112001.JPG,2024-01-02 11:20:01,46.0,66.0,20.0,2.7144176165949063,0.0,15.0,2.0,240.0,1,Vincent
SC6,SC6_20240102,10,SC6_20240102112001.JPG,2024-01-02 11:20:01,SC6_20240102115001.JPG,2024-01-02 11:50:01,66.0,61.0,-5.0,-1.7099759466766968,0.0,15.0,2.4,270.0,8,Vincent
SC6,SC6_20240102,11,SC6_20240102115001.JPG,2024-01-02 11:50:01,SC6_20240102122001.JPG,2024-01-02 12:20:01,61.0,51.0,-10.0,-2.154434690031884,12.0,15.0,2.4,300.0,3,Vincent
SC6,SC6_20240102,12,SC6_20240102122001.JPG,2024-01-02 12:20:01,SC6_20240102125001.JPG,2024-01-02 12:50:01,51.0,11.0,-40.0,-3.4199518933533937,0.0,15.0,2.4,330.0,7,Vincent
SC6,SC6_20240102,13,SC6_20240102125001.JPG,2024-01-02 12:50:01,SC6_20240102132001.JPG,2024-01-02 13:20:01,11.0,19.0,8.0,2.0,7.0,15.0,2.6,360.0,15,Vincent
SC6,SC6_20240102,14,SC6_20240102132001.JPG,2024-01-02 13:20:01,SC6_20240102135001.JPG,2024-01-02 13:50:01,19.0,20.0,1.0,1.0,12.0,15.0,2.4,390.0,8,Vincent
SC6,SC6_20240102,15,SC6_20240102135001.JPG,2024-01-02 13:50:01,SC6_20240102142001.JPG,2024-01-02 14:20:01,20.0,50.0,30.0,3.1072325059538586,0.0,15.5,2.4,420.0,1,Vincent
SC6,SC6_20240102,16,SC6_20240102142001.JPG,2024-01-02 14:20:01,SC6_20240102145001.JPG,2024-01-02 14:50:01,50.0,61.0,11.0,2.2239800905693152,10.0,15.5,2.4,450.0,10,Vincent
SC6,SC6_20240102,17,SC6_20240102145001.JPG,2024-01-02 14:50:01,SC6_20240102152001.JPG,2024-01-02 15:20:01,61.0,75.0,14.0,2.4101422641752297,10.0,15.0,2.2,480.0,2,Vincent
SC6,SC6_20240102,18,SC6_20240102152001.JPG,2024-01-02 15:20:01,SC6_20240102155001.JPG,2024-01-02 15:50:01,75.0,62.0,-13.0,-2.3513346877207573,10.0,14.5,2.2,510.0,7,Vincent
SC6,SC6_20240102,19,SC6_20240102155001.JPG,2024-01-02 15:50:01,SC6_20240102162001.JPG,2024-01-02 16:20:01,62.0,63.0,1.0,1.0,23.0,14.0,1.8,540.0,0,Vincent
SC6,SC6_20240102,20,SC6_20240102162001.JPG,2024-01-02 16:20:01,SC6_20240102165001.JPG,2024-01-02 16:50:01,63.0,55.0,-8.0,-2.0,23.0,13.5,2.0,570.0,1,Vincent
SC6,SC6_20240102,21,SC6_20240102165001.JPG,2024-01-02 16:50:01,SC6_20240102172001.JPG,2024-01-02 17:20:01,55.0,55.0,0.0,0.0,0.0,13.0,2.0,600.0,1,Vincent
SC6,SC6_20240103,2,SC6_20240103072001.JPG,2024-01-03 07:20:01,SC6_20240103075001.JPG,2024-01-03 07:50:01,45.0,68.0,23.0,2.8438669798515654,0.0,11.5,4.3,30.0,8,Vincent
SC6,SC6_20240103,3,SC6_20240103075001.JPG,2024-01-03 07:50:01,SC6_20240103082001.JPG,2024-01-03 08:20:01,68.0,75.0,7.0,1.912931182772389,0.0,10.5,1.8,60.0,0,Vincent
SC6,SC6_20240103,4,SC6_20240103082001.JPG,2024-01-03 08:20:01,SC6_20240103085001.JPG,2024-01-03 08:50:01,75.0,75.0,0.0,0.0,14.0,10.0,1.2,90.0,0,Vincent
SC6,SC6_20240103,5,SC6_20240103085001.JPG,2024-01-03 08:50:01,SC6_20240103092001.JPG,2024-01-03 09:20:01,75.0,79.0,4.0,1.5874010519681994,46.0,10.5,1.2,120.0,0,Vincent
SC6,SC6_20240103,6,SC6_20240103092001.JPG,2024-01-03 09:20:01,SC6_20240103095001.JPG,2024-01-03 09:50:01,79.0,75.0,-4.0,-1.5874010519681994,54.0,11.5,1.6,150.0,0,Vincent
SC6,SC6_20240103,7,SC6_20240103095001.JPG,2024-01-03 09:50:01,SC6_20240103102001.JPG,2024-01-03 10:20:01,75.0,66.0,-9.0,-2.080083823051904,53.0,12.0,0.5,180.0,0,Vincent
SC6,SC6_20240103,8,SC6_20240103102001.JPG,2024-01-03 10:20:01,SC6_20240103105001.JPG,2024-01-03 10:50:01,66.0,79.0,13.0,2.3513346877207573,50.0,12.5,2.2,210.0,3,Vincent
SC6,SC6_20240103,9,SC6_20240103105001.JPG,2024-01-03 10:50:01,SC6_20240103112001.JPG,2024-01-03 11:20:01,79.0,67.0,-12.0,-2.2894284851066637,50.0,13.0,2.4,240.0,8,Vincent
SC6,SC6_20240103,10,SC6_20240103112001.JPG,2024-01-03 11:20:01,SC6_20240103115001.JPG,2024-01-03 11:50:01,67.0,66.0,-1.0,-1.0,41.0,13.0,3.0,270.0,20,Vincent
SC6,SC6_20240103,11,SC6_20240103115001.JPG,2024-01-03 11:50:01,SC6_20240103122001.JPG,2024-01-03 12:20:01,66.0,39.0,-27.0,-3.0,46.0,13.5,3.2,300.0,17,Vincent
SC6,SC6_20240103,12,SC6_20240103122001.JPG,2024-01-03 12:20:01,SC6_20240103125001.JPG,2024-01-03 12:50:01,39.0,15.0,-24.0,-2.8844991406148166,26.0,14.0,3.4,330.0,25,Vincent
SC6,SC6_20240103,13,SC6_20240103125001.JPG,2024-01-03 12:50:01,SC6_20240103132001.JPG,2024-01-03 13:20:01,15.0,50.0,35.0,3.2710663101885897,4.0,14.0,3.8,360.0,30,Vincent
SC6,SC6_20240103,14,SC6_20240103132001.JPG,2024-01-03 13:20:01,SC6_20240103135001.JPG,2024-01-03 13:50:01,50.0,19.0,-31.0,-3.1413806523913927,0.0,14.0,3.7,390.0,30,Vincent
SC6,SC6_20240103,15,SC6_20240103135001.JPG,2024-01-03 13:50:01,SC6_20240103142001.JPG,2024-01-03 14:20:01,19.0,34.0,15.0,2.46621207433047,5.0,14.5,5.3,420.0,30,Vincent
SC6,SC6_20240103,16,SC6_20240103142001.JPG,2024-01-03 14:20:01,SC6_20240103145001.JPG,2024-01-03 14:50:01,34.0,28.0,-6.0,-1.8171205928321397,0.0,14.5,4.1,450.0,30,Vincent
SC6,SC6_20240103,17,SC6_20240103145001.JPG,2024-01-03 14:50:01,SC6_20240103152001.JPG,2024-01-03 15:20:01,28.0,28.0,0.0,0.0,1.0,14.0,5.1,480.0,30,Vincent
SC6,SC6_20240103,18,SC6_20240103152001.JPG,2024-01-03 15:20:01,SC6_20240103155001.JPG,2024-01-03 15:50:01,28.0,19.0,-9.0,-2.080083823051904,11.0,14.0,4.3,510.0,30,Vincent
SC6,SC6_20240103,19,SC6_20240103155001.JPG,2024-01-03 15:50:01,SC6_20240103162001.JPG,2024-01-03 16:20:01,19.0,23.0,4.0,1.5874010519681994,4.0,13.5,3.8,540.0,30,Vincent
SC6,SC6_20240103,20,SC6_20240103162001.JPG,2024-01-03 16:20:01,SC6_20240103165002.JPG,2024-01-03 16:50:02,23.0,19.0,-4.0,-1.5874010519681994,1.0,13.0,4.1,570.0166666666667,30,Vincent
SC6,SC6_20240103,21,SC6_20240103165002.JPG,2024-01-03 16:50:02,SC6_20240103172001.JPG,2024-01-03 17:20:01,19.0,21.0,2.0,1.2599210498948732,1.0,12.5,4.7,600.0,30,Vincent
SC6,SC6_20240104,2,SC6_20240104070001.JPG,2024-01-04 07:00:01,SC6_20240104073001.JPG,2024-01-04 07:30:01,23.0,24.0,1.0,1.0,0.0,7.0,1.6,30.0,0,Vincent
SC6,SC6_20240104,3,SC6_20240104073001.JPG,2024-01-04 07:30:01,SC6_20240104080001.JPG,2024-01-04 08:00:01,24.0,23.0,-1.0,-1.0,0.0,7.5,1.3,60.0,0,Vincent
SC6,SC6_20240104,4,SC6_20240104080001.JPG,2024-01-04 08:00:01,SC6_20240104083001.JPG,2024-01-04 08:30:01,23.0,12.0,-11.0,-2.2239800905693152,3.0,8.0,1.3,90.0,0,Vincent
SC6,SC6_20240104,5,SC6_20240104083001.JPG,2024-01-04 08:30:01,SC6_20240104090001.JPG,2024-01-04 09:00:01,12.0,24.0,12.0,2.2894284851066637,9.0,8.5,1.3,120.0,0,Vincent
SC6,SC6_20240104,6,SC6_20240104090001.JPG,2024-01-04 09:00:01,SC6_20240104093001.JPG,2024-01-04 09:30:01,24.0,25.0,1.0,1.0,19.0,9.5,1.8,150.0,0,Vincent
SC6,SC6_20240104,7,SC6_20240104093001.JPG,2024-01-04 09:30:01,SC6_20240104100001.JPG,2024-01-04 10:00:01,25.0,33.0,8.0,2.0,18.0,11.0,1.8,180.0,0,Vincent
SC6,SC6_20240104,8,SC6_20240104100001.JPG,2024-01-04 10:00:01,SC6_20240104103001.JPG,2024-01-04 10:30:01,33.0,34.0,1.0,1.0,30.0,12.0,2.4,210.0,12,Vincent
SC6,SC6_20240104,9,SC6_20240104103001.JPG,2024-01-04 10:30:01,SC6_20240104110001.JPG,2024-01-04 11:00:01,34.0,23.0,-11.0,-2.2239800905693152,27.0,12.5,2.6,240.0,18,Vincent
SC6,SC6_20240104,10,SC6_20240104110001.JPG,2024-01-04 11:00:01,SC6_20240104113001.JPG,2024-01-04 11:30:01,23.0,34.0,11.0,2.2239800905693152,18.0,13.0,3.0,270.0,18,Vincent
SC6,SC6_20240104,11,SC6_20240104113001.JPG,2024-01-04 11:30:01,SC6_20240104120001.JPG,2024-01-04 12:00:01,34.0,23.0,-11.0,-2.2239800905693152,18.0,13.0,2.6,300.0,27,Vincent
SC6,SC6_20240104,12,SC6_20240104120001.JPG,2024-01-04 12:00:01,SC6_20240104123001.JPG,2024-01-04 12:30:01,23.0,24.0,1.0,1.0,21.0,13.0,2.8,330.0,19,Vincent
SC6,SC6_20240104,13,SC6_20240104123001.JPG,2024-01-04 12:30:01,SC6_20240104130001.JPG,2024-01-04 13:00:01,24.0,13.0,-11.0,-2.2239800905693152,17.0,13.0,3.4,360.0,27,Vincent
SC6,SC6_20240104,14,SC6_20240104130001.JPG,2024-01-04 13:00:01,SC6_20240104133001.JPG,2024-01-04 13:30:01,13.0,32.0,19.0,2.668401648721945,8.0,13.0,3.7,390.0,25,Vincent
SC6,SC6_20240104,15,SC6_20240104133001.JPG,2024-01-04 13:30:01,SC6_20240104140001.JPG,2024-01-04 14:00:01,32.0,31.0,-1.0,-1.0,4.0,13.5,3.4,420.0,29,Vincent
SC6,SC6_20240104,16,SC6_20240104140001.JPG,2024-01-04 14:00:01,SC6_20240104143001.JPG,2024-01-04 14:30:01,31.0,22.0,-9.0,-2.080083823051904,14.0,14.0,3.2,450.0,30,Vincent
SC6,SC6_20240104,17,SC6_20240104143001.JPG,2024-01-04 14:30:01,SC6_20240104150001.JPG,2024-01-04 15:00:01,22.0,21.0,-1.0,-1.0,3.0,14.0,3.8,480.0,29,Vincent
SC6,SC6_20240104,18,SC6_20240104150001.JPG,2024-01-04 15:00:01,SC6_20240104153001.JPG,2024-01-04 15:30:01,21.0,41.0,20.0,2.7144176165949063,3.0,13.5,3.0,510.0,28,Vincent
SC6,SC6_20240104,19,SC6_20240104153001.JPG,2024-01-04 15:30:01,SC6_20240104160001.JPG,2024-01-04 16:00:01,41.0,31.0,-10.0,-2.154434690031884,1.0,13.0,2.4,540.0,14,Vincent
SC6,SC6_20240104,20,SC6_20240104160001.JPG,2024-01-04 16:00:01,SC6_20240104163001.JPG,2024-01-04 16:30:01,31.0,31.0,0.0,0.0,5.0,13.0,2.4,570.0,2,Vincent
SC6,SC6_20240104,21,SC6_20240104163001.JPG,2024-01-04 16:30:01,SC6_20240104170001.JPG,2024-01-04 17:00:01,31.0,32.0,1.0,1.0,4.0,12.5,1.3,600.0,0,Vincent
SC6,SC6_20240105,2,SC6_20240105070001.JPG,2024-01-05 07:00:01,SC6_20240105073001.JPG,2024-01-05 07:30:01,21.0,22.0,1.0,1.0,2.0,9.0,1.2,30.0,0,Vincent
SC6,SC6_20240105,3,SC6_20240105073001.JPG,2024-01-05 07:30:01,SC6_20240105080001.JPG,2024-01-05 08:00:01,22.0,22.0,0.0,0.0,3.0,9.0,1.3,60.0,0,Vincent
SC6,SC6_20240105,4,SC6_20240105080001.JPG,2024-01-05 08:00:01,SC6_20240105083001.JPG,2024-01-05 08:30:01,22.0,12.0,-10.0,-2.154434690031884,3.0,9.5,1.6,90.0,0,Vincent
SC6,SC6_20240105,5,SC6_20240105083001.JPG,2024-01-05 08:30:01,SC6_20240105090001.JPG,2024-01-05 09:00:01,12.0,11.0,-1.0,-1.0,5.0,10.5,1.2,120.0,0,Vincent
SC6,SC6_20240105,6,SC6_20240105090001.JPG,2024-01-05 09:00:01,SC6_20240105093001.JPG,2024-01-05 09:30:01,11.0,11.0,0.0,0.0,10.0,11.5,1.2,150.0,0,Vincent
SC6,SC6_20240105,7,SC6_20240105093001.JPG,2024-01-05 09:30:01,SC6_20240105100001.JPG,2024-01-05 10:00:01,11.0,22.0,11.0,2.2239800905693152,7.0,12.5,1.8,180.0,0,Vincent
SC6,SC6_20240105,8,SC6_20240105100001.JPG,2024-01-05 10:00:01,SC6_20240105103001.JPG,2024-01-05 10:30:01,22.0,31.0,9.0,2.080083823051904,16.0,13.5,1.8,210.0,0,Vincent
SC6,SC6_20240105,9,SC6_20240105103001.JPG,2024-01-05 10:30:01,SC6_20240105110001.JPG,2024-01-05 11:00:01,31.0,30.0,-1.0,-1.0,18.0,14.0,2.6,240.0,1,Vincent
SC6,SC6_20240105,10,SC6_20240105110001.JPG,2024-01-05 11:00:01,SC6_20240105113001.JPG,2024-01-05 11:30:01,30.0,31.0,1.0,1.0,27.0,14.0,2.4,270.0,9,Vincent
SC6,SC6_20240105,11,SC6_20240105113001.JPG,2024-01-05 11:30:01,SC6_20240105120001.JPG,2024-01-05 12:00:01,31.0,21.0,-10.0,-2.154434690031884,29.0,14.5,2.4,300.0,6,Vincent
SC6,SC6_20240105,12,SC6_20240105120001.JPG,2024-01-05 12:00:01,SC6_20240105123001.JPG,2024-01-05 12:30:01,21.0,11.0,-10.0,-2.154434690031884,17.0,15.0,3.0,330.0,13,Vincent
SC6,SC6_20240105,13,SC6_20240105123001.JPG,2024-01-05 12:30:01,SC6_20240105130001.JPG,2024-01-05 13:00:01,11.0,3.0,-8.0,-2.0,6.0,15.0,3.2,360.0,18,Vincent
SC6,SC6_20240105,14,SC6_20240105130001.JPG,2024-01-05 13:00:01,SC6_20240105133001.JPG,2024-01-05 13:30:01,3.0,5.0,2.0,1.2599210498948732,3.0,15.0,2.8,390.0,19,Vincent
SC6,SC6_20240105,15,SC6_20240105133001.JPG,2024-01-05 13:30:01,SC6_20240105140001.JPG,2024-01-05 14:00:01,5.0,16.0,11.0,2.2239800905693152,3.0,15.5,3.7,420.0,20,Vincent
SC8,SC8_20240105,2,SC8_20240105155002.JPG,2024-01-05 15:50:02,SC8_20240105162001.JPG,2024-01-05 16:20:01,238.0,255.0,17.0,2.571281590658235,0.0,18.0,2.4,29.983333333333334,10,Skyler
SC8,SC8_20240105,3,SC8_20240105162001.JPG,2024-01-05 16:20:01,SC8_20240105165001.JPG,2024-01-05 16:50:01,255.0,253.0,-2.0,-1.2599210498948732,0.0,15.0,2.2,59.983333333333334,2,Skyler
SC8,SC8_20240105,4,SC8_20240105165001.JPG,2024-01-05 16:50:01,SC8_20240105172001.JPG,2024-01-05 17:20:01,253.0,254.0,1.0,1.0,0.0,13.5,2.0,89.98333333333333,6,Skyler
SC8,SC8_20240106,2,SC8_20240106065001.JPG,2024-01-06 06:50:01,SC8_20240106072001.JPG,2024-01-06 07:20:01,264.0,252.0,-12.0,-2.2894284851066637,0.0,6.0,1.8,30.0,0,Skyler
SC8,SC8_20240106,3,SC8_20240106072001.JPG,2024-01-06 07:20:01,SC8_20240106075001.JPG,2024-01-06 07:50:01,252.0,250.0,-2.0,-1.2599210498948732,0.0,6.0,1.6,60.0,0,Skyler
SC8,SC8_20240106,4,SC8_20240106075001.JPG,2024-01-06 07:50:01,SC8_20240106082001.JPG,2024-01-06 08:20:01,250.0,251.0,1.0,1.0,0.0,6.5,1.6,90.0,0,Skyler
SC8,SC8_20240106,5,SC8_20240106082001.JPG,2024-01-06 08:20:01,SC8_20240106085001.JPG,2024-01-06 08:50:01,251.0,252.0,1.0,1.0,0.0,7.5,1.2,120.0,0,Skyler
SC8,SC8_20240106,6,SC8_20240106085001.JPG,2024-01-06 08:50:01,SC8_20240106092001.JPG,2024-01-06 09:20:01,252.0,252.0,0.0,0.0,0.0,9.0,1.2,150.0,0,Skyler
SC8,SC8_20240106,7,SC8_20240106092001.JPG,2024-01-06 09:20:01,SC8_20240106095001.JPG,2024-01-06 09:50:01,252.0,253.0,1.0,1.0,0.0,11.0,0.5,180.0,0,Skyler
SC8,SC8_20240106,8,SC8_20240106095001.JPG,2024-01-06 09:50:01,SC8_20240106102001.JPG,2024-01-06 10:20:01,253.0,249.0,-4.0,-1.5874010519681994,0.0,12.5,1.8,210.0,0,Skyler
SC8,SC8_20240106,9,SC8_20240106102001.JPG,2024-01-06 10:20:01,SC8_20240106105001.JPG,2024-01-06 10:50:01,249.0,250.0,1.0,1.0,1.0,13.5,2.2,240.0,1,Skyler
SC8,SC8_20240106,10,SC8_20240106105001.JPG,2024-01-06 10:50:01,SC8_20240106112001.JPG,2024-01-06 11:20:01,250.0,250.0,0.0,0.0,0.0,14.0,2.2,270.0,4,Skyler
SC8,SC8_20240106,11,SC8_20240106112001.JPG,2024-01-06 11:20:01,SC8_20240106115001.JPG,2024-01-06 11:50:01,250.0,250.0,0.0,0.0,0.0,13.5,2.4,300.0,4,Skyler
SC8,SC8_20240106,12,SC8_20240106115001.JPG,2024-01-06 11:50:01,SC8_20240106122001.JPG,2024-01-06 12:20:01,250.0,247.0,-3.0,-1.4422495703074083,0.0,13.5,2.2,330.0,3,Skyler
SC8,SC8_20240106,13,SC8_20240106122001.JPG,2024-01-06 12:20:01,SC8_20240106125001.JPG,2024-01-06 12:50:01,247.0,245.0,-2.0,-1.2599210498948732,0.0,14.0,1.8,360.0,0,Skyler
SC8,SC8_20240106,14,SC8_20240106125001.JPG,2024-01-06 12:50:01,SC8_20240106132001.JPG,2024-01-06 13:20:01,245.0,247.0,2.0,1.2599210498948732,0.0,14.0,2.6,390.0,3,Skyler
SC8,SC8_20240106,15,SC8_20240106132001.JPG,2024-01-06 13:20:01,SC8_20240106135001.JPG,2024-01-06 13:50:01,247.0,244.0,-3.0,-1.4422495703074083,0.0,14.0,2.6,420.0,4,Skyler
SC8,SC8_20240106,16,SC8_20240106135001.JPG,2024-01-06 13:50:01,SC8_20240106142001.JPG,2024-01-06 14:20:01,244.0,242.0,-2.0,-1.2599210498948732,0.0,14.0,1.8,450.0,0,Skyler
SC8,SC8_20240106,17,SC8_20240106142001.JPG,2024-01-06 14:20:01,SC8_20240106145001.JPG,2024-01-06 14:50:01,242.0,242.0,0.0,0.0,0.0,13.5,2.2,480.0,1,Skyler
SC8,SC8_20240106,18,SC8_20240106145001.JPG,2024-01-06 14:50:01,SC8_20240106152001.JPG,2024-01-06 15:20:01,242.0,242.0,0.0,0.0,0.0,13.0,2.4,510.0,9,Skyler
SC8,SC8_20240106,19,SC8_20240106152001.JPG,2024-01-06 15:20:01,SC8_20240106155001.JPG,2024-01-06 15:50:01,242.0,242.0,0.0,0.0,0.0,13.0,1.8,540.0,0,Skyler
SC8,SC8_20240106,20,SC8_20240106155001.JPG,2024-01-06 15:50:01,SC8_20240106162001.JPG,2024-01-06 16:20:01,242.0,242.0,0.0,0.0,0.0,13.0,1.6,570.0,0,Skyler
SC8,SC8_20240106,21,SC8_20240106162001.JPG,2024-01-06 16:20:01,SC8_20240106165001.JPG,2024-01-06 16:50:01,242.0,242.0,0.0,0.0,0.0,13.0,2.0,600.0,2,Skyler
SC8,SC8_20240106,22,SC8_20240106165001.JPG,2024-01-06 16:50:01,SC8_20240106172001.JPG,2024-01-06 17:20:01,242.0,243.0,1.0,1.0,0.0,12.5,4.1,630.0,30,Skyler
SC8,SC8_20240107,2,SC8_20240107065001.JPG,2024-01-07 06:50:01,SC8_20240107072002.JPG,2024-01-07 07:20:02,243.0,232.0,-11.0,-2.2239800905693152,0.0,6.0,2.4,30.016666666666666,27,Skyler
SC8,SC8_20240107,3,SC8_20240107072002.JPG,2024-01-07 07:20:02,SC8_20240107075001.JPG,2024-01-07 07:50:01,232.0,233.0,1.0,1.0,0.0,6.0,2.6,60.0,27,Skyler
SC8,SC8_20240107,4,SC8_20240107075001.JPG,2024-01-07 07:50:01,SC8_20240107082001.JPG,2024-01-07 08:20:01,233.0,233.0,0.0,0.0,0.0,6.5,2.6,90.0,28,Skyler
SC8,SC8_20240107,5,SC8_20240107082001.JPG,2024-01-07 08:20:01,SC8_20240107085001.JPG,2024-01-07 08:50:01,233.0,236.0,3.0,1.4422495703074083,0.0,7.0,3.2,120.0,29,Skyler
SC8,SC8_20240107,6,SC8_20240107085001.JPG,2024-01-07 08:50:01,SC8_20240107092001.JPG,2024-01-07 09:20:01,236.0,237.0,1.0,1.0,0.0,7.5,3.0,150.0,27,Skyler
SC8,SC8_20240107,7,SC8_20240107092001.JPG,2024-01-07 09:20:01,SC8_20240107095001.JPG,2024-01-07 09:50:01,237.0,237.0,0.0,0.0,0.0,8.5,2.6,180.0,23,Skyler
SC8,SC8_20240107,8,SC8_20240107095001.JPG,2024-01-07 09:50:01,SC8_20240107102001.JPG,2024-01-07 10:20:01,237.0,234.0,-3.0,-1.4422495703074083,0.0,9.5,3.2,210.0,20,Skyler
SC8,SC8_20240107,9,SC8_20240107102001.JPG,2024-01-07 10:20:01,SC8_20240107105001.JPG,2024-01-07 10:50:01,234.0,234.0,0.0,0.0,0.0,10.5,2.4,240.0,7,Skyler
SC8,SC8_20240107,10,SC8_20240107105001.JPG,2024-01-07 10:50:01,SC8_20240107112001.JPG,2024-01-07 11:20:01,234.0,234.0,0.0,0.0,0.0,11.0,1.8,270.0,0,Skyler
SC8,SC8_20240107,11,SC8_20240107112001.JPG,2024-01-07 11:20:01,SC8_20240107115001.JPG,2024-01-07 11:50:01,234.0,232.0,-2.0,-1.2599210498948732,0.0,11.5,2.4,300.0,4,Skyler
SC8,SC8_20240107,12,SC8_20240107115001.JPG,2024-01-07 11:50:01,SC8_20240107122001.JPG,2024-01-07 12:20:01,232.0,228.0,-4.0,-1.5874010519681994,3.0,12.0,2.2,330.0,6,Skyler
SC8,SC8_20240107,13,SC8_20240107122001.JPG,2024-01-07 12:20:01,SC8_20240107125001.JPG,2024-01-07 12:50:01,228.0,230.0,2.0,1.2599210498948732,3.0,12.0,2.6,360.0,5,Skyler
SC8,SC8_20240107,14,SC8_20240107125001.JPG,2024-01-07 12:50:01,SC8_20240107132001.JPG,2024-01-07 13:20:01,230.0,226.0,-4.0,-1.5874010519681994,2.0,12.0,2.6,390.0,5,Skyler
SC8,SC8_20240107,15,SC8_20240107132001.JPG,2024-01-07 13:20:01,SC8_20240107135001.JPG,2024-01-07 13:50:01,226.0,223.0,-3.0,-1.4422495703074083,1.0,13.0,2.8,420.0,10,Skyler
SC8,SC8_20240107,16,SC8_20240107135001.JPG,2024-01-07 13:50:01,SC8_20240107142001.JPG,2024-01-07 14:20:01,223.0,233.0,10.0,2.154434690031884,0.0,14.5,2.2,450.0,10,Skyler
SC8,SC8_20240107,17,SC8_20240107142001.JPG,2024-01-07 14:20:01,SC8_20240107145001.JPG,2024-01-07 14:50:01,233.0,234.0,1.0,1.0,0.0,14.5,3.2,480.0,19,Skyler
SC8,SC8_20240107,18,SC8_20240107145001.JPG,2024-01-07 14:50:01,SC8_20240107152001.JPG,2024-01-07 15:20:01,234.0,234.0,0.0,0.0,0.0,13.5,3.7,510.0,30,Skyler
SC8,SC8_20240107,19,SC8_20240107152001.JPG,2024-01-07 15:20:01,SC8_20240107155001.JPG,2024-01-07 15:50:01,234.0,234.0,0.0,0.0,0.0,12.5,3.8,540.0,30,Skyler
SC8,SC8_20240107,20,SC8_20240107155001.JPG,2024-01-07 15:50:01,SC8_20240107162001.JPG,2024-01-07 16:20:01,234.0,234.0,0.0,0.0,0.0,12.0,4.3,570.0,30,Skyler
SC8,SC8_20240107,21,SC8_20240107162001.JPG,2024-01-07 16:20:01,SC8_20240107165001.JPG,2024-01-07 16:50:01,234.0,234.0,0.0,0.0,0.0,12.0,3.7,600.0,29,Skyler
SC8,SC8_20240107,22,SC8_20240107165001.JPG,2024-01-07 16:50:01,SC8_20240107172001.JPG,2024-01-07 17:20:01,234.0,225.0,-9.0,-2.080083823051904,0.0,11.5,4.1,630.0,30,Skyler
SC8,SC8_20240108,2,SC8_20240108065001.JPG,2024-01-08 06:50:01,SC8_20240108072001.JPG,2024-01-08 07:20:01,238.0,236.0,-2.0,-1.2599210498948732,0.0,4.5,1.8,30.0,0,Skyler
SC8,SC8_20240108,3,SC8_20240108072001.JPG,2024-01-08 07:20:01,SC8_20240108075001.JPG,2024-01-08 07:50:01,236.0,236.0,0.0,0.0,0.0,4.0,2.0,60.0,1,Skyler
SC8,SC8_20240108,4,SC8_20240108075001.JPG,2024-01-08 07:50:01,SC8_20240108082001.JPG,2024-01-08 08:20:01,236.0,237.0,1.0,1.0,0.0,4.5,1.2,90.0,0,Skyler
SC8,SC8_20240108,5,SC8_20240108082001.JPG,2024-01-08 08:20:01,SC8_20240108085001.JPG,2024-01-08 08:50:01,237.0,238.0,1.0,1.0,0.0,6.0,2.2,120.0,7,Skyler
SC8,SC8_20240108,6,SC8_20240108085001.JPG,2024-01-08 08:50:01,SC8_20240108092001.JPG,2024-01-08 09:20:01,238.0,237.0,-1.0,-1.0,0.0,7.5,2.8,150.0,26,Skyler
SC8,SC8_20240108,7,SC8_20240108092001.JPG,2024-01-08 09:20:01,SC8_20240108095001.JPG,2024-01-08 09:50:01,237.0,211.0,-26.0,-2.9624960684073702,0.0,8.5,2.8,180.0,30,Skyler
SC8,SC8_20240108,8,SC8_20240108095001.JPG,2024-01-08 09:50:01,SC8_20240108102001.JPG,2024-01-08 10:20:01,211.0,209.0,-2.0,-1.2599210498948732,0.0,10.5,2.8,210.0,16,Skyler
SC8,SC8_20240108,9,SC8_20240108102001.JPG,2024-01-08 10:20:01,SC8_20240108105001.JPG,2024-01-08 10:50:01,209.0,210.0,1.0,1.0,0.0,11.5,3.2,240.0,24,Skyler
SC8,SC8_20240108,10,SC8_20240108105001.JPG,2024-01-08 10:50:01,SC8_20240108112001.JPG,2024-01-08 11:20:01,210.0,229.0,19.0,2.668401648721945,0.0,11.5,2.2,270.0,7,Skyler
SC8,SC8_20240108,11,SC8_20240108112001.JPG,2024-01-08 11:20:01,SC8_20240108115001.JPG,2024-01-08 11:50:01,229.0,231.0,2.0,1.2599210498948732,1.0,12.5,2.2,300.0,6,Skyler
SC8,SC8_20240108,12,SC8_20240108115001.JPG,2024-01-08 11:50:01,SC8_20240108122001.JPG,2024-01-08 12:20:01,231.0,231.0,0.0,0.0,2.0,13.0,3.0,330.0,6,Skyler
SC8,SC8_20240108,13,SC8_20240108122001.JPG,2024-01-08 12:20:01,SC8_20240108125001.JPG,2024-01-08 12:50:01,231.0,228.0,-3.0,-1.4422495703074083,13.0,13.0,3.8,360.0,29,Skyler
SC8,SC8_20240108,14,SC8_20240108125001.JPG,2024-01-08 12:50:01,SC8_20240108132001.JPG,2024-01-08 13:20:01,228.0,229.0,1.0,1.0,13.0,13.0,3.4,390.0,29,Skyler
SC8,SC8_20240108,15,SC8_20240108132001.JPG,2024-01-08 13:20:01,SC8_20240108135001.JPG,2024-01-08 13:50:01,229.0,233.0,4.0,1.5874010519681994,3.0,13.5,4.1,420.0,30,Skyler
SC8,SC8_20240108,16,SC8_20240108135001.JPG,2024-01-08 13:50:01,SC8_20240108142001.JPG,2024-01-08 14:20:01,233.0,233.0,0.0,0.0,0.0,14.5,3.7,450.0,30,Skyler
SC8,SC8_20240108,17,SC8_20240108142001.JPG,2024-01-08 14:20:01,SC8_20240108145001.JPG,2024-01-08 14:50:01,233.0,234.0,1.0,1.0,0.0,14.5,3.2,480.0,24,Skyler
SC8,SC8_20240108,18,SC8_20240108145001.JPG,2024-01-08 14:50:01,SC8_20240108152001.JPG,2024-01-08 15:20:01,234.0,232.0,-2.0,-1.2599210498948732,0.0,13.5,2.8,510.0,23,Skyler
SC8,SC8_20240108,19,SC8_20240108152001.JPG,2024-01-08 15:20:01,SC8_20240108155000.JPG,2024-01-08 15:50:00,232.0,232.0,0.0,0.0,0.0,13.0,3.4,539.9833333333333,21,Skyler
SC8,SC8_20240108,20,SC8_20240108155000.JPG,2024-01-08 15:50:00,SC8_20240108162001.JPG,2024-01-08 16:20:01,232.0,242.0,10.0,2.154434690031884,0.0,12.5,3.2,570.0,26,Skyler
SC8,SC8_20240108,21,SC8_20240108162001.JPG,2024-01-08 16:20:01,SC8_20240108165001.JPG,2024-01-08 16:50:01,242.0,242.0,0.0,0.0,0.0,12.0,2.0,600.0,1,Skyler
SC8,SC8_20240108,22,SC8_20240108165001.JPG,2024-01-08 16:50:01,SC8_20240108172001.JPG,2024-01-08 17:20:01,242.0,242.0,0.0,0.0,0.0,11.5,2.6,630.0,2,Skyler
SC8,SC8_20240109,2,SC8_20240109065001.JPG,2024-01-09 06:50:01,SC8_20240109072001.JPG,2024-01-09 07:20:01,243.0,243.0,0.0,0.0,0.0,7.0,1.3,30.0,0,Skyler
SC8,SC8_20240109,3,SC8_20240109072001.JPG,2024-01-09 07:20:01,SC8_20240109075001.JPG,2024-01-09 07:50:01,243.0,243.0,0.0,0.0,0.0,7.0,1.6,60.0,0,Skyler
SC8,SC8_20240109,4,SC8_20240109075001.JPG,2024-01-09 07:50:01,SC8_20240109082001.JPG,2024-01-09 08:20:01,243.0,254.0,11.0,2.2239800905693152,0.0,7.5,1.6,90.0,0,Skyler
SC8,SC8_20240109,5,SC8_20240109082001.JPG,2024-01-09 08:20:01,SC8_20240109085001.JPG,2024-01-09 08:50:01,254.0,255.0,1.0,1.0,0.0,8.5,1.3,120.0,0,Skyler
SC8,SC8_20240109,6,SC8_20240109085001.JPG,2024-01-09 08:50:01,SC8_20240109092001.JPG,2024-01-09 09:20:01,255.0,254.0,-1.0,-1.0,0.0,9.5,1.6,150.0,0,Skyler
SC8,SC8_20240109,7,SC8_20240109092001.JPG,2024-01-09 09:20:01,SC8_20240109095001.JPG,2024-01-09 09:50:01,254.0,255.0,1.0,1.0,0.0,11.0,1.8,180.0,0,Skyler
SC8,SC8_20240109,8,SC8_20240109095001.JPG,2024-01-09 09:50:01,SC8_20240109102001.JPG,2024-01-09 10:20:01,255.0,254.0,-1.0,-1.0,1.0,12.0,2.2,210.0,3,Skyler
SC8,SC8_20240109,9,SC8_20240109102001.JPG,2024-01-09 10:20:01,SC8_20240109105001.JPG,2024-01-09 10:50:01,254.0,253.0,-1.0,-1.0,1.0,12.0,2.2,240.0,5,Skyler
SC8,SC8_20240109,10,SC8_20240109105001.JPG,2024-01-09 10:50:01,SC8_20240109112001.JPG,2024-01-09 11:20:01,253.0,249.0,-4.0,-1.5874010519681994,1.0,12.5,1.6,270.0,0,Skyler
SC8,SC8_20240109,11,SC8_20240109112001.JPG,2024-01-09 11:20:01,SC8_20240109115001.JPG,2024-01-09 11:50:01,249.0,249.0,0.0,0.0,1.0,13.0,1.8,300.0,0,Skyler
SC8,SC8_20240109,12,SC8_20240109115001.JPG,2024-01-09 11:50:01,SC8_20240109122001.JPG,2024-01-09 12:20:01,249.0,249.0,0.0,0.0,1.0,13.5,2.4,330.0,16,Skyler
SC8,SC8_20240109,13,SC8_20240109122001.JPG,2024-01-09 12:20:01,SC8_20240109125001.JPG,2024-01-09 12:50:01,249.0,247.0,-2.0,-1.2599210498948732,5.0,14.0,2.8,360.0,28,Skyler
SC8,SC8_20240109,14,SC8_20240109125001.JPG,2024-01-09 12:50:01,SC8_20240109132001.JPG,2024-01-09 13:20:01,247.0,244.0,-3.0,-1.4422495703074083,4.0,14.0,3.4,390.0,24,Skyler
SC8,SC8_20240109,15,SC8_20240109132001.JPG,2024-01-09 13:20:01,SC8_20240109135001.JPG,2024-01-09 13:50:01,244.0,254.0,10.0,2.154434690031884,12.0,14.5,3.2,420.0,28,Skyler
SC8,SC8_20240109,16,SC8_20240109135001.JPG,2024-01-09 13:50:01,SC8_20240109142002.JPG,2024-01-09 14:20:02,254.0,253.0,-1.0,-1.0,0.0,15.5,2.8,450.01666666666665,22,Skyler
SC8,SC8_20240109,17,SC8_20240109142002.JPG,2024-01-09 14:20:02,SC8_20240109145001.JPG,2024-01-09 14:50:01,253.0,254.0,1.0,1.0,0.0,15.5,3.0,480.0,24,Skyler
SC8,SC8_20240109,18,SC8_20240109145001.JPG,2024-01-09 14:50:01,SC8_20240109152001.JPG,2024-01-09 15:20:01,254.0,254.0,0.0,0.0,0.0,15.0,3.0,510.0,27,Skyler
SC8,SC8_20240109,19,SC8_20240109152001.JPG,2024-01-09 15:20:01,SC8_20240109155001.JPG,2024-01-09 15:50:01,254.0,254.0,0.0,0.0,0.0,14.5,3.4,540.0,27,Skyler
SC8,SC8_20240109,20,SC8_20240109155001.JPG,2024-01-09 15:50:01,SC8_20240109162001.JPG,2024-01-09 16:20:01,254.0,252.0,-2.0,-1.2599210498948732,0.0,13.5,3.2,570.0,29,Skyler
SC8,SC8_20240109,21,SC8_20240109162001.JPG,2024-01-09 16:20:01,SC8_20240109165001.JPG,2024-01-09 16:50:01,252.0,252.0,0.0,0.0,0.0,13.0,3.2,600.0,27,Skyler
SC8,SC8_20240109,22,SC8_20240109165001.JPG,2024-01-09 16:50:01,SC8_20240109172001.JPG,2024-01-09 17:20:01,252.0,253.0,1.0,1.0,0.0,12.5,2.2,630.0,5,Skyler
SC8,SC8_20240110,2,SC8_20240110065001.JPG,2024-01-10 06:50:01,SC8_20240110072002.JPG,2024-01-10 07:20:02,252.0,252.0,0.0,0.0,0.0,8.0,1.6,30.016666666666666,0,Skyler
SC8,SC8_20240110,3,SC8_20240110072002.JPG,2024-01-10 07:20:02,SC8_20240110075001.JPG,2024-01-10 07:50:01,252.0,252.0,0.0,0.0,0.0,7.5,1.8,60.0,0,Skyler
SC8,SC8_20240110,4,SC8_20240110075001.JPG,2024-01-10 07:50:01,SC8_20240110082001.JPG,2024-01-10 08:20:01,252.0,253.0,1.0,1.0,0.0,7.5,1.8,90.0,0,Skyler
SC8,SC8_20240110,5,SC8_20240110082001.JPG,2024-01-10 08:20:01,SC8_20240110085001.JPG,2024-01-10 08:50:01,253.0,243.0,-10.0,-2.154434690031884,0.0,8.5,2.2,120.0,2,Skyler
SC8,SC8_20240110,6,SC8_20240110085001.JPG,2024-01-10 08:50:01,SC8_20240110092001.JPG,2024-01-10 09:20:01,243.0,233.0,-10.0,-2.154434690031884,0.0,9.5,1.8,150.0,0,Skyler
SC8,SC8_20240110,7,SC8_20240110092001.JPG,2024-01-10 09:20:01,SC8_20240110095001.JPG,2024-01-10 09:50:01,233.0,233.0,0.0,0.0,0.0,10.5,2.2,180.0,1,Skyler
SC8,SC8_20240110,8,SC8_20240110095001.JPG,2024-01-10 09:50:01,SC8_20240110102001.JPG,2024-01-10 10:20:01,233.0,232.0,-1.0,-1.0,0.0,11.5,2.0,210.0,1,Skyler
SC8,SC8_20240110,9,SC8_20240110102001.JPG,2024-01-10 10:20:01,SC8_20240110105001.JPG,2024-01-10 10:50:01,232.0,233.0,1.0,1.0,0.0,12.0,2.0,240.0,1,Skyler
SC8,SC8_20240110,10,SC8_20240110105001.JPG,2024-01-10 10:50:01,SC8_20240110112001.JPG,2024-01-10 11:20:01,233.0,233.0,0.0,0.0,3.0,12.0,1.8,270.0,0,Skyler
SC8,SC8_20240110,11,SC8_20240110112001.JPG,2024-01-10 11:20:01,SC8_20240110115001.JPG,2024-01-10 11:50:01,233.0,233.0,0.0,0.0,1.0,12.5,2.4,300.0,6,Skyler
SC8,SC8_20240110,12,SC8_20240110115001.JPG,2024-01-10 11:50:01,SC8_20240110122001.JPG,2024-01-10 12:20:01,233.0,232.0,-1.0,-1.0,1.0,13.0,3.2,330.0,22,Skyler
SC8,SC8_20240110,13,SC8_20240110122001.JPG,2024-01-10 12:20:01,SC8_20240110125001.JPG,2024-01-10 12:50:01,232.0,216.0,-16.0,-2.5198420997897464,4.0,13.0,2.8,360.0,26,Skyler
SC8,SC8_20240110,14,SC8_20240110125001.JPG,2024-01-10 12:50:01,SC8_20240110132001.JPG,2024-01-10 13:20:01,216.0,225.0,9.0,2.080083823051904,0.0,13.0,3.0,390.0,28,Skyler
SC8,SC8_20240110,15,SC8_20240110132001.JPG,2024-01-10 13:20:01,SC8_20240110135001.JPG,2024-01-10 13:50:01,225.0,225.0,0.0,0.0,0.0,13.5,3.4,420.0,30,Skyler
SC8,SC8_20240110,16,SC8_20240110135001.JPG,2024-01-10 13:50:01,SC8_20240110142001.JPG,2024-01-10 14:20:01,225.0,223.0,-2.0,-1.2599210498948732,0.0,14.5,4.9,450.0,30,Skyler
SC8,SC8_20240110,17,SC8_20240110142001.JPG,2024-01-10 14:20:01,SC8_20240110145002.JPG,2024-01-10 14:50:02,223.0,233.0,10.0,2.154434690031884,0.0,14.0,4.7,480.01666666666665,30,Skyler
SC8,SC8_20240110,18,SC8_20240110145002.JPG,2024-01-10 14:50:02,SC8_20240110152001.JPG,2024-01-10 15:20:01,233.0,236.0,3.0,1.4422495703074083,0.0,13.0,4.1,510.0,30,Skyler
SC8,SC8_20240110,19,SC8_20240110152001.JPG,2024-01-10 15:20:01,SC8_20240110155001.JPG,2024-01-10 15:50:01,236.0,236.0,0.0,0.0,0.0,13.0,4.5,540.0,30,Skyler
SC8,SC8_20240110,20,SC8_20240110155001.JPG,2024-01-10 15:50:01,SC8_20240110162001.JPG,2024-01-10 16:20:01,236.0,236.0,0.0,0.0,0.0,12.5,4.3,570.0,30,Skyler
SC8,SC8_20240110,21,SC8_20240110162001.JPG,2024-01-10 16:20:01,SC8_20240110165002.JPG,2024-01-10 16:50:02,236.0,236.0,0.0,0.0,0.0,11.5,3.8,600.0166666666667,24,Skyler
SC8,SC8_20240110,22,SC8_20240110165002.JPG,2024-01-10 16:50:02,SC8_20240110172001.JPG,2024-01-10 17:20:01,236.0,236.0,0.0,0.0,0.0,11.0,4.7,630.0,15,Skyler
SC8,SC8_20240111,2,SC8_20240111065001.JPG,2024-01-11 06:50:01,SC8_20240111072002.JPG,2024-01-11 07:20:02,245.0,245.0,0.0,0.0,0.0,7.0,2.4,30.016666666666666,15,Skyler
SC8,SC8_20240111,3,SC8_20240111072002.JPG,2024-01-11 07:20:02,SC8_20240111075001.JPG,2024-01-11 07:50:01,245.0,245.0,0.0,0.0,0.0,6.5,2.4,60.0,20,Skyler
SC8,SC8_20240111,4,SC8_20240111075001.JPG,2024-01-11 07:50:01,SC8_20240111082001.JPG,2024-01-11 08:20:01,245.0,245.0,0.0,0.0,0.0,6.0,2.0,90.0,1,Skyler
SC8,SC8_20240111,5,SC8_20240111082001.JPG,2024-01-11 08:20:01,SC8_20240111085001.JPG,2024-01-11 08:50:01,245.0,245.0,0.0,0.0,0.0,6.5,2.2,120.0,4,Skyler
SC8,SC8_20240111,6,SC8_20240111085001.JPG,2024-01-11 08:50:01,SC8_20240111092001.JPG,2024-01-11 09:20:01,245.0,217.0,-28.0,-3.0365889718756622,0.0,8.0,2.6,150.0,4,Skyler
SC8,SC8_20240111,7,SC8_20240111092001.JPG,2024-01-11 09:20:01,SC8_20240111095001.JPG,2024-01-11 09:50:01,217.0,216.0,-1.0,-1.0,0.0,9.5,2.0,180.0,4,Skyler
SC8,SC8_20240111,8,SC8_20240111095001.JPG,2024-01-11 09:50:01,SC8_20240111102001.JPG,2024-01-11 10:20:01,216.0,202.0,-14.0,-2.4101422641752297,0.0,10.0,2.0,210.0,1,Skyler
SC8,SC8_20240111,9,SC8_20240111102001.JPG,2024-01-11 10:20:01,SC8_20240111105001.JPG,2024-01-11 10:50:01,202.0,202.0,0.0,0.0,0.0,10.5,2.4,240.0,6,Skyler
SC8,SC8_20240111,10,SC8_20240111105001.JPG,2024-01-11 10:50:01,SC8_20240111112001.JPG,2024-01-11 11:20:01,202.0,203.0,1.0,1.0,0.0,11.0,2.4,270.0,4,Skyler
SC8,SC8_20240111,11,SC8_20240111112001.JPG,2024-01-11 11:20:01,SC8_20240111115001.JPG,2024-01-11 11:50:01,203.0,203.0,0.0,0.0,0.0,11.0,2.2,300.0,18,Skyler
SC8,SC8_20240111,12,SC8_20240111115001.JPG,2024-01-11 11:50:01,SC8_20240111122001.JPG,2024-01-11 12:20:01,203.0,204.0,1.0,1.0,0.0,11.5,2.6,330.0,13,Skyler
SC8,SC8_20240111,13,SC8_20240111122001.JPG,2024-01-11 12:20:01,SC8_20240111125001.JPG,2024-01-11 12:50:01,204.0,202.0,-2.0,-1.2599210498948732,3.0,12.0,2.8,360.0,19,Skyler
SC8,SC8_20240111,14,SC8_20240111125001.JPG,2024-01-11 12:50:01,SC8_20240111132001.JPG,2024-01-11 13:20:01,202.0,202.0,0.0,0.0,1.0,12.0,2.2,390.0,7,Skyler
SC8,SC8_20240111,15,SC8_20240111132001.JPG,2024-01-11 13:20:01,SC8_20240111135001.JPG,2024-01-11 13:50:01,202.0,202.0,0.0,0.0,0.0,12.5,2.8,420.0,20,Skyler
SC8,SC8_20240111,16,SC8_20240111135001.JPG,2024-01-11 13:50:01,SC8_20240111142001.JPG,2024-01-11 14:20:01,202.0,202.0,0.0,0.0,0.0,14.0,4.1,450.0,26,Skyler
SC8,SC8_20240111,17,SC8_20240111142001.JPG,2024-01-11 14:20:01,SC8_20240111145001.JPG,2024-01-11 14:50:01,202.0,211.0,9.0,2.080083823051904,0.0,14.5,3.4,480.0,30,Skyler
SC8,SC8_20240111,18,SC8_20240111145001.JPG,2024-01-11 14:50:01,SC8_20240111152001.JPG,2024-01-11 15:20:01,211.0,211.0,0.0,0.0,0.0,13.5,2.8,510.0,13,Skyler
SC8,SC8_20240111,19,SC8_20240111152001.JPG,2024-01-11 15:20:01,SC8_20240111155001.JPG,2024-01-11 15:50:01,211.0,211.0,0.0,0.0,0.0,12.5,3.7,540.0,20,Skyler
SC8,SC8_20240111,20,SC8_20240111155001.JPG,2024-01-11 15:50:01,SC8_20240111162001.JPG,2024-01-11 16:20:01,211.0,210.0,-1.0,-1.0,0.0,12.0,3.0,570.0,10,Skyler
SC8,SC8_20240111,21,SC8_20240111162001.JPG,2024-01-11 16:20:01,SC8_20240111165001.JPG,2024-01-11 16:50:01,210.0,210.0,0.0,0.0,0.0,11.5,2.0,600.0,1,Skyler
SC8,SC8_20240111,22,SC8_20240111165001.JPG,2024-01-11 16:50:01,SC8_20240111172000.JPG,2024-01-11 17:20:00,210.0,210.0,0.0,0.0,0.0,10.5,1.6,629.9833333333333,0,Skyler
SC8,SC8_20240112,2,SC8_20240112070001.JPG,2024-01-12 07:00:01,SC8_20240112073001.JPG,2024-01-12 07:30:01,205.0,206.0,1.0,1.0,0.0,6.5,2.0,30.0,6,Skyler
SC8,SC8_20240112,3,SC8_20240112073001.JPG,2024-01-12 07:30:01,SC8_20240112080001.JPG,2024-01-12 08:00:01,206.0,207.0,1.0,1.0,0.0,6.5,2.2,60.0,13,Skyler
SC8,SC8_20240112,4,SC8_20240112080001.JPG,2024-01-12 08:00:01,SC8_20240112083001.JPG,2024-01-12 08:30:01,207.0,208.0,1.0,1.0,0.0,7.0,2.2,90.0,2,Skyler
SC8,SC8_20240112,5,SC8_20240112083001.JPG,2024-01-12 08:30:01,SC8_20240112090001.JPG,2024-01-12 09:00:01,208.0,206.0,-2.0,-1.2599210498948732,0.0,7.5,1.6,120.0,0,Skyler
SC8,SC8_20240112,6,SC8_20240112090001.JPG,2024-01-12 09:00:01,SC8_20240112093001.JPG,2024-01-12 09:30:01,206.0,210.0,4.0,1.5874010519681994,0.0,8.5,1.2,150.0,0,Skyler
SC8,SC8_20240112,7,SC8_20240112093001.JPG,2024-01-12 09:30:01,SC8_20240112100001.JPG,2024-01-12 10:00:01,210.0,206.0,-4.0,-1.5874010519681994,0.0,9.5,2.2,180.0,1,Skyler
SC8,SC8_20240112,8,SC8_20240112100001.JPG,2024-01-12 10:00:01,SC8_20240112103001.JPG,2024-01-12 10:30:01,206.0,205.0,-1.0,-1.0,0.0,10.5,2.0,210.0,3,Skyler
SC8,SC8_20240112,9,SC8_20240112103001.JPG,2024-01-12 10:30:01,SC8_20240112110001.JPG,2024-01-12 11:00:01,205.0,202.0,-3.0,-1.4422495703074083,0.0,11.0,2.2,240.0,11,Skyler
SC8,SC8_20240112,10,SC8_20240112110001.JPG,2024-01-12 11:00:01,SC8_20240112113001.JPG,2024-01-12 11:30:01,202.0,202.0,0.0,0.0,0.0,11.5,2.6,270.0,15,Skyler
SC8,SC8_20240112,11,SC8_20240112113001.JPG,2024-01-12 11:30:01,SC8_20240112120001.JPG,2024-01-12 12:00:01,202.0,201.0,-1.0,-1.0,0.0,12.0,2.8,300.0,23,Skyler
SC8,SC8_20240112,12,SC8_20240112120001.JPG,2024-01-12 12:00:01,SC8_20240112123001.JPG,2024-01-12 12:30:01,201.0,201.0,0.0,0.0,3.0,12.0,2.8,330.0,28,Skyler
SC8,SC8_20240112,13,SC8_20240112123001.JPG,2024-01-12 12:30:01,SC8_20240112130001.JPG,2024-01-12 13:00:01,201.0,199.0,-2.0,-1.2599210498948732,3.0,12.5,3.7,360.0,29,Skyler
SC8,SC8_20240112,14,SC8_20240112130001.JPG,2024-01-12 13:00:01,SC8_20240112133001.JPG,2024-01-12 13:30:01,199.0,199.0,0.0,0.0,1.0,13.0,3.7,390.0,29,Skyler
SC8,SC8_20240112,15,SC8_20240112133001.JPG,2024-01-12 13:30:01,SC8_20240112140001.JPG,2024-01-12 14:00:01,199.0,209.0,10.0,2.154434690031884,1.0,13.0,4.3,420.0,30,Skyler
SC8,SC8_20240112,16,SC8_20240112140001.JPG,2024-01-12 14:00:01,SC8_20240112143001.JPG,2024-01-12 14:30:01,209.0,210.0,1.0,1.0,0.0,13.5,3.4,450.0,29,Skyler
SC8,SC8_20240112,17,SC8_20240112143001.JPG,2024-01-12 14:30:01,SC8_20240112150001.JPG,2024-01-12 15:00:01,210.0,210.0,0.0,0.0,1.0,14.5,3.4,480.0,28,Skyler
SC8,SC8_20240112,18,SC8_20240112150001.JPG,2024-01-12 15:00:01,SC8_20240112153001.JPG,2024-01-12 15:30:01,210.0,212.0,2.0,1.2599210498948732,1.0,14.0,3.7,510.0,29,Skyler
SC8,SC8_20240112,19,SC8_20240112153001.JPG,2024-01-12 15:30:01,SC8_20240112160001.JPG,2024-01-12 16:00:01,212.0,212.0,0.0,0.0,0.0,12.5,2.8,540.0,23,Skyler
SC8,SC8_20240112,20,SC8_20240112160001.JPG,2024-01-12 16:00:01,SC8_20240112163001.JPG,2024-01-12 16:30:01,212.0,212.0,0.0,0.0,0.0,12.0,2.6,570.0,16,Skyler
SC8,SC8_20240112,21,SC8_20240112163001.JPG,2024-01-12 16:30:01,SC8_20240112170001.JPG,2024-01-12 17:00:01,212.0,212.0,0.0,0.0,0.0,11.5,2.4,600.0,4,Skyler
SC8,SC8_20240112,22,SC8_20240112170001.JPG,2024-01-12 17:00:01,SC8_20240112173001.JPG,2024-01-12 17:30:01,212.0,212.0,0.0,0.0,0.0,11.0,2.0,630.0,2,Skyler
SC8,SC8_20240113,2,SC8_20240113070001.JPG,2024-01-13 07:00:01,SC8_20240113073001.JPG,2024-01-13 07:30:01,226.0,227.0,1.0,1.0,0.0,7.5,1.6,30.0,0,Skyler
SC8,SC8_20240113,3,SC8_20240113073001.JPG,2024-01-13 07:30:01,SC8_20240113080002.JPG,2024-01-13 08:00:02,227.0,227.0,0.0,0.0,0.0,7.5,1.6,60.016666666666666,0,Skyler
SC8,SC8_20240113,4,SC8_20240113080002.JPG,2024-01-13 08:00:02,SC8_20240113083001.JPG,2024-01-13 08:30:01,227.0,217.0,-10.0,-2.154434690031884,0.0,8.5,1.2,90.0,0,Skyler
SC8,SC8_20240113,5,SC8_20240113083001.JPG,2024-01-13 08:30:01,SC8_20240113090001.JPG,2024-01-13 09:00:01,217.0,218.0,1.0,1.0,0.0,9.5,1.2,120.0,0,Skyler
SC8,SC8_20240113,6,SC8_20240113090001.JPG,2024-01-13 09:00:01,SC8_20240113093001.JPG,2024-01-13 09:30:01,218.0,209.0,-9.0,-2.080083823051904,0.0,10.0,1.3,150.0,0,Skyler
SC8,SC8_20240113,7,SC8_20240113093001.JPG,2024-01-13 09:30:01,SC8_20240113100001.JPG,2024-01-13 10:00:01,209.0,196.0,-13.0,-2.3513346877207573,0.0,11.0,0.9,180.0,0,Skyler
SC8,SC8_20240113,8,SC8_20240113100001.JPG,2024-01-13 10:00:01,SC8_20240113103001.JPG,2024-01-13 10:30:01,196.0,198.0,2.0,1.2599210498948732,0.0,12.0,1.6,210.0,0,Skyler
SC8,SC8_20240113,9,SC8_20240113103001.JPG,2024-01-13 10:30:01,SC8_20240113110001.JPG,2024-01-13 11:00:01,198.0,198.0,0.0,0.0,0.0,12.5,3.7,240.0,17,Skyler
SC8,SC8_20240113,10,SC8_20240113110001.JPG,2024-01-13 11:00:01,SC8_20240113113001.JPG,2024-01-13 11:30:01,198.0,196.0,-2.0,-1.2599210498948732,0.0,13.0,3.7,270.0,30,Skyler
SC8,SC8_20240113,11,SC8_20240113113001.JPG,2024-01-13 11:30:01,SC8_20240113120001.JPG,2024-01-13 12:00:01,196.0,197.0,1.0,1.0,0.0,13.0,3.7,300.0,30,Skyler
SC8,SC8_20240113,12,SC8_20240113120001.JPG,2024-01-13 12:00:01,SC8_20240113123001.JPG,2024-01-13 12:30:01,197.0,196.0,-1.0,-1.0,0.0,13.5,3.4,330.0,27,Skyler
SC8,SC8_20240113,13,SC8_20240113123001.JPG,2024-01-13 12:30:01,SC8_20240113130001.JPG,2024-01-13 13:00:01,196.0,191.0,-5.0,-1.7099759466766968,0.0,14.0,3.0,360.0,25,Skyler
SC8,SC8_20240113,14,SC8_20240113130001.JPG,2024-01-13 13:00:01,SC8_20240113133001.JPG,2024-01-13 13:30:01,191.0,192.0,1.0,1.0,1.0,14.0,2.6,390.0,25,Skyler
SC8,SC8_20240113,15,SC8_20240113133001.JPG,2024-01-13 13:30:01,SC8_20240113140001.JPG,2024-01-13 14:00:01,192.0,192.0,0.0,0.0,1.0,14.0,3.2,420.0,25,Skyler
SC8,SC8_20240113,16,SC8_20240113140001.JPG,2024-01-13 14:00:01,SC8_20240113143001.JPG,2024-01-13 14:30:01,192.0,203.0,11.0,2.2239800905693152,0.0,15.0,4.3,450.0,30,Skyler
SC8,SC8_20240113,17,SC8_20240113143001.JPG,2024-01-13 14:30:01,SC8_20240113150001.JPG,2024-01-13 15:00:01,203.0,203.0,0.0,0.0,0.0,16.0,3.2,480.0,18,Skyler
SC8,SC8_20240113,18,SC8_20240113150001.JPG,2024-01-13 15:00:01,SC8_20240113153001.JPG,2024-01-13 15:30:01,203.0,205.0,2.0,1.2599210498948732,0.0,15.0,2.6,510.0,16,Skyler
SC8,SC8_20240113,19,SC8_20240113153001.JPG,2024-01-13 15:30:01,SC8_20240113160001.JPG,2024-01-13 16:00:01,205.0,203.0,-2.0,-1.2599210498948732,0.0,13.5,2.4,540.0,6,Skyler
SC8,SC8_20240113,20,SC8_20240113160001.JPG,2024-01-13 16:00:01,SC8_20240113163001.JPG,2024-01-13 16:30:01,203.0,202.0,-1.0,-1.0,0.0,12.5,2.0,570.0,1,Skyler
SC8,SC8_20240113,21,SC8_20240113163001.JPG,2024-01-13 16:30:01,SC8_20240113170001.JPG,2024-01-13 17:00:01,202.0,204.0,2.0,1.2599210498948732,0.0,12.0,2.2,600.0,1,Skyler
SC8,SC8_20240113,22,SC8_20240113170001.JPG,2024-01-13 17:00:01,SC8_20240113173002.JPG,2024-01-13 17:30:02,204.0,204.0,0.0,0.0,0.0,11.5,1.3,630.0166666666667,0,Skyler
SC8,SC8_20240114,2,SC8_20240114070001.JPG,2024-01-14 07:00:01,SC8_20240114073001.JPG,2024-01-14 07:30:01,213.0,212.0,-1.0,-1.0,0.0,10.5,1.8,30.0,0,Skyler
SC8,SC8_20240114,3,SC8_20240114073001.JPG,2024-01-14 07:30:01,SC8_20240114080001.JPG,2024-01-14 08:00:01,212.0,212.0,0.0,0.0,0.0,10.5,1.8,60.0,0,Skyler
SC8,SC8_20240114,4,SC8_20240114080001.JPG,2024-01-14 08:00:01,SC8_20240114083001.JPG,2024-01-14 08:30:01,212.0,212.0,0.0,0.0,0.0,10.5,2.0,90.0,1,Skyler
SC8,SC8_20240114,5,SC8_20240114083001.JPG,2024-01-14 08:30:01,SC8_20240114090001.JPG,2024-01-14 09:00:01,212.0,211.0,-1.0,-1.0,0.0,11.0,1.8,120.0,0,Skyler
SC8,SC8_20240114,6,SC8_20240114090001.JPG,2024-01-14 09:00:01,SC8_20240114093001.JPG,2024-01-14 09:30:01,211.0,212.0,1.0,1.0,0.0,11.5,1.8,150.0,0,Skyler
SC8,SC8_20240114,7,SC8_20240114093001.JPG,2024-01-14 09:30:01,SC8_20240114100001.JPG,2024-01-14 10:00:01,212.0,213.0,1.0,1.0,0.0,12.5,1.2,180.0,0,Skyler
SC8,SC8_20240114,8,SC8_20240114100001.JPG,2024-01-14 10:00:01,SC8_20240114103001.JPG,2024-01-14 10:30:01,213.0,213.0,0.0,0.0,0.0,13.5,1.2,210.0,0,Skyler
SC8,SC8_20240114,9,SC8_20240114103001.JPG,2024-01-14 10:30:01,SC8_20240114110000.JPG,2024-01-14 11:00:00,213.0,212.0,-1.0,-1.0,0.0,14.0,1.3,239.98333333333332,0,Skyler
SC8,SC8_20240114,10,SC8_20240114110000.JPG,2024-01-14 11:00:00,SC8_20240114113001.JPG,2024-01-14 11:30:01,212.0,214.0,2.0,1.2599210498948732,0.0,14.0,1.6,270.0,0,Skyler
SC8,SC8_20240114,11,SC8_20240114113001.JPG,2024-01-14 11:30:01,SC8_20240114120001.JPG,2024-01-14 12:00:01,214.0,213.0,-1.0,-1.0,0.0,14.0,1.3,300.0,0,Skyler
SC8,SC8_20240114,12,SC8_20240114120001.JPG,2024-01-14 12:00:01,SC8_20240114123001.JPG,2024-01-14 12:30:01,213.0,214.0,1.0,1.0,0.0,13.5,1.2,330.0,0,Skyler
SC8,SC8_20240114,13,SC8_20240114123001.JPG,2024-01-14 12:30:01,SC8_20240114130001.JPG,2024-01-14 13:00:01,214.0,213.0,-1.0,-1.0,0.0,13.5,1.3,360.0,0,Skyler
SC8,SC8_20240114,14,SC8_20240114130001.JPG,2024-01-14 13:00:01,SC8_20240114133001.JPG,2024-01-14 13:30:01,213.0,213.0,0.0,0.0,0.0,14.0,2.0,390.0,1,Skyler
SC8,SC8_20240114,15,SC8_20240114133001.JPG,2024-01-14 13:30:01,SC8_20240114140001.JPG,2024-01-14 14:00:01,213.0,213.0,0.0,0.0,0.0,14.0,2.0,420.0,2,Skyler
SC8,SC8_20240114,16,SC8_20240114140001.JPG,2024-01-14 14:00:01,SC8_20240114143001.JPG,2024-01-14 14:30:01,213.0,213.0,0.0,0.0,0.0,13.5,2.2,450.0,3,Skyler
SC8,SC8_20240114,17,SC8_20240114143001.JPG,2024-01-14 14:30:01,SC8_20240114150001.JPG,2024-01-14 15:00:01,213.0,213.0,0.0,0.0,0.0,13.0,2.4,480.0,5,Skyler
SC8,SC8_20240114,18,SC8_20240114150001.JPG,2024-01-14 15:00:01,SC8_20240114153001.JPG,2024-01-14 15:30:01,213.0,213.0,0.0,0.0,0.0,13.0,2.2,510.0,3,Skyler
SC8,SC8_20240114,19,SC8_20240114153001.JPG,2024-01-14 15:30:01,SC8_20240114160001.JPG,2024-01-14 16:00:01,213.0,213.0,0.0,0.0,0.0,12.5,2.0,540.0,1,Skyler
SC8,SC8_20240114,20,SC8_20240114160001.JPG,2024-01-14 16:00:01,SC8_20240114163001.JPG,2024-01-14 16:30:01,213.0,213.0,0.0,0.0,0.0,12.0,1.6,570.0,0,Skyler
SC8,SC8_20240114,21,SC8_20240114163001.JPG,2024-01-14 16:30:01,SC8_20240114170001.JPG,2024-01-14 17:00:01,213.0,211.0,-2.0,-1.2599210498948732,0.0,12.0,1.3,600.0,0,Skyler
SC8,SC8_20240114,22,SC8_20240114170001.JPG,2024-01-14 17:00:01,SC8_20240114173001.JPG,2024-01-14 17:30:01,211.0,211.0,0.0,0.0,0.0,12.0,1.3,630.0,0,Skyler
SC8,SC8_20240115,2,SC8_20240115070001.JPG,2024-01-15 07:00:01,SC8_20240115073002.JPG,2024-01-15 07:30:02,231.0,222.0,-9.0,-2.080083823051904,0.0,9.0,1.3,30.016666666666666,0,Skyler
SC8,SC8_20240115,3,SC8_20240115073002.JPG,2024-01-15 07:30:02,SC8_20240115080001.JPG,2024-01-15 08:00:01,222.0,223.0,1.0,1.0,0.0,9.5,1.6,60.0,0,Skyler
SC8,SC8_20240115,4,SC8_20240115080001.JPG,2024-01-15 08:00:01,SC8_20240115083001.JPG,2024-01-15 08:30:01,223.0,222.0,-1.0,-1.0,0.0,10.0,0.9,90.0,0,Skyler
SC8,SC8_20240115,5,SC8_20240115083001.JPG,2024-01-15 08:30:01,SC8_20240115090001.JPG,2024-01-15 09:00:01,222.0,222.0,0.0,0.0,0.0,10.5,1.2,120.0,0,Skyler
SC8,SC8_20240115,6,SC8_20240115090001.JPG,2024-01-15 09:00:01,SC8_20240115093001.JPG,2024-01-15 09:30:01,222.0,223.0,1.0,1.0,0.0,11.5,0.9,150.0,0,Skyler
SC8,SC8_20240115,7,SC8_20240115093001.JPG,2024-01-15 09:30:01,SC8_20240115100001.JPG,2024-01-15 10:00:01,223.0,223.0,0.0,0.0,0.0,12.0,0.7,180.0,0,Skyler
SC8,SC8_20240115,8,SC8_20240115100001.JPG,2024-01-15 10:00:01,SC8_20240115103001.JPG,2024-01-15 10:30:01,223.0,212.0,-11.0,-2.2239800905693152,0.0,12.5,1.2,210.0,0,Skyler
SC8,SC8_20240115,9,SC8_20240115103001.JPG,2024-01-15 10:30:01,SC8_20240115110001.JPG,2024-01-15 11:00:01,212.0,212.0,0.0,0.0,0.0,13.5,1.6,240.0,0,Skyler
SC8,SC8_20240115,10,SC8_20240115110001.JPG,2024-01-15 11:00:01,SC8_20240115113001.JPG,2024-01-15 11:30:01,212.0,203.0,-9.0,-2.080083823051904,0.0,14.0,1.8,270.0,0,Skyler
SC8,SC8_20240115,11,SC8_20240115113001.JPG,2024-01-15 11:30:01,SC8_20240115120001.JPG,2024-01-15 12:00:01,203.0,203.0,0.0,0.0,0.0,13.5,2.6,300.0,5,Skyler
SC8,SC8_20240115,12,SC8_20240115120001.JPG,2024-01-15 12:00:01,SC8_20240115123001.JPG,2024-01-15 12:30:01,203.0,203.0,0.0,0.0,0.0,13.5,2.8,330.0,9,Skyler
SC8,SC8_20240115,13,SC8_20240115123001.JPG,2024-01-15 12:30:01,SC8_20240115130001.JPG,2024-01-15 13:00:01,203.0,203.0,0.0,0.0,1.0,13.5,2.8,360.0,17,Skyler
SC8,SC8_20240115,14,SC8_20240115130001.JPG,2024-01-15 13:00:01,SC8_20240115133001.JPG,2024-01-15 13:30:01,203.0,206.0,3.0,1.4422495703074083,1.0,13.5,3.2,390.0,15,Skyler
SC8,SC8_20240115,15,SC8_20240115133001.JPG,2024-01-15 13:30:01,SC8_20240115140001.JPG,2024-01-15 14:00:01,206.0,213.0,7.0,1.912931182772389,0.0,14.0,2.6,420.0,13,Skyler
SC8,SC8_20240115,16,SC8_20240115140001.JPG,2024-01-15 14:00:01,SC8_20240115143001.JPG,2024-01-15 14:30:01,213.0,213.0,0.0,0.0,0.0,14.0,2.4,450.0,7,Skyler
SC8,SC8_20240115,17,SC8_20240115143001.JPG,2024-01-15 14:30:01,SC8_20240115150001.JPG,2024-01-15 15:00:01,213.0,223.0,10.0,2.154434690031884,0.0,14.0,2.6,480.0,1,Skyler
SC8,SC8_20240115,18,SC8_20240115150001.JPG,2024-01-15 15:00:01,SC8_20240115153002.JPG,2024-01-15 15:30:02,223.0,253.0,30.0,3.1072325059538586,0.0,14.0,1.6,510.01666666666665,0,Skyler
SC8,SC8_20240115,19,SC8_20240115153002.JPG,2024-01-15 15:30:02,SC8_20240115160001.JPG,2024-01-15 16:00:01,253.0,271.0,18.0,2.6207413942088964,0.0,14.0,1.2,540.0,0,Skyler
SC8,SC8_20240115,20,SC8_20240115160001.JPG,2024-01-15 16:00:01,SC8_20240115163001.JPG,2024-01-15 16:30:01,271.0,262.0,-9.0,-2.080083823051904,0.0,13.5,1.2,570.0,0,Skyler
SC8,SC8_20240115,21,SC8_20240115163001.JPG,2024-01-15 16:30:01,SC8_20240115170001.JPG,2024-01-15 17:00:01,262.0,271.0,9.0,2.080083823051904,0.0,12.5,1.2,600.0,0,Skyler
SC8,SC8_20240115,22,SC8_20240115170001.JPG,2024-01-15 17:00:01,SC8_20240115173001.JPG,2024-01-15 17:30:01,271.0,271.0,0.0,0.0,0.0,12.0,0.0,630.0,0,Skyler
SC8,SC8_20240116,2,SC8_20240116070001.JPG,2024-01-16 07:00:01,SC8_20240116073001.JPG,2024-01-16 07:30:01,276.0,276.0,0.0,0.0,0.0,8.5,1.3,30.0,0,Skyler
SC8,SC8_20240116,3,SC8_20240116073001.JPG,2024-01-16 07:30:01,SC8_20240116080001.JPG,2024-01-16 08:00:01,276.0,276.0,0.0,0.0,0.0,8.0,1.2,60.0,0,Skyler
SC8,SC8_20240116,4,SC8_20240116080001.JPG,2024-01-16 08:00:01,SC8_20240116083001.JPG,2024-01-16 08:30:01,276.0,257.0,-19.0,-2.668401648721945,0.0,8.5,1.2,90.0,0,Skyler
SC8,SC8_20240116,5,SC8_20240116083001.JPG,2024-01-16 08:30:01,SC8_20240116090001.JPG,2024-01-16 09:00:01,257.0,270.0,13.0,2.3513346877207573,0.0,9.5,0.4,120.0,0,Skyler
SC8,SC8_20240116,6,SC8_20240116090001.JPG,2024-01-16 09:00:01,SC8_20240116093001.JPG,2024-01-16 09:30:01,270.0,269.0,-1.0,-1.0,1.0,10.0,1.6,150.0,0,Skyler
SC8,SC8_20240116,7,SC8_20240116093001.JPG,2024-01-16 09:30:01,SC8_20240116100001.JPG,2024-01-16 10:00:01,269.0,272.0,3.0,1.4422495703074083,0.0,11.0,1.6,180.0,0,Skyler
SC8,SC8_20240116,8,SC8_20240116100001.JPG,2024-01-16 10:00:01,SC8_20240116103001.JPG,2024-01-16 10:30:01,272.0,264.0,-8.0,-2.0,2.0,11.5,2.6,210.0,2,Skyler
SC8,SC8_20240116,9,SC8_20240116103001.JPG,2024-01-16 10:30:01,SC8_20240116110001.JPG,2024-01-16 11:00:01,264.0,256.0,-8.0,-2.0,3.0,11.0,2.4,240.0,11,Skyler
SC8,SC8_20240116,10,SC8_20240116110001.JPG,2024-01-16 11:00:01,SC8_20240116113001.JPG,2024-01-16 11:30:01,256.0,256.0,0.0,0.0,0.0,10.5,2.2,270.0,2,Skyler
SC8,SC8_20240116,11,SC8_20240116113001.JPG,2024-01-16 11:30:01,SC8_20240116120001.JPG,2024-01-16 12:00:01,256.0,251.0,-5.0,-1.7099759466766968,0.0,11.0,1.3,300.0,0,Skyler
SC8,SC8_20240116,12,SC8_20240116120001.JPG,2024-01-16 12:00:01,SC8_20240116123001.JPG,2024-01-16 12:30:01,251.0,248.0,-3.0,-1.4422495703074083,3.0,13.0,1.8,330.0,0,Skyler
SC8,SC8_20240116,13,SC8_20240116123001.JPG,2024-01-16 12:30:01,SC8_20240116130001.JPG,2024-01-16 13:00:01,248.0,225.0,-23.0,-2.8438669798515654,3.0,14.0,1.8,360.0,0,Skyler
SC8,SC8_20240116,14,SC8_20240116130001.JPG,2024-01-16 13:00:01,SC8_20240116133001.JPG,2024-01-16 13:30:01,225.0,226.0,1.0,1.0,0.0,14.0,2.2,390.0,1,Skyler
SC8,SC8_20240116,15,SC8_20240116133001.JPG,2024-01-16 13:30:01,SC8_20240116140001.JPG,2024-01-16 14:00:01,226.0,216.0,-10.0,-2.154434690031884,0.0,14.5,2.6,420.0,10,Skyler
SC8,SC8_20240116,16,SC8_20240116140001.JPG,2024-01-16 14:00:01,SC8_20240116143001.JPG,2024-01-16 14:30:01,216.0,215.0,-1.0,-1.0,0.0,16.0,2.8,450.0,11,Skyler
SC8,SC8_20240116,17,SC8_20240116143001.JPG,2024-01-16 14:30:01,SC8_20240116150001.JPG,2024-01-16 15:00:01,215.0,215.0,0.0,0.0,0.0,16.5,3.0,480.0,3,Skyler
SC8,SC8_20240116,18,SC8_20240116150001.JPG,2024-01-16 15:00:01,SC8_20240116153001.JPG,2024-01-16 15:30:01,215.0,274.0,59.0,3.892996415873261,0.0,15.0,1.8,510.0,0,Skyler
SC8,SC8_20240116,19,SC8_20240116153001.JPG,2024-01-16 15:30:01,SC8_20240116160001.JPG,2024-01-16 16:00:01,274.0,263.0,-11.0,-2.2239800905693152,0.0,13.5,2.0,540.0,1,Skyler
SC8,SC8_20240116,20,SC8_20240116160001.JPG,2024-01-16 16:00:01,SC8_20240116163001.JPG,2024-01-16 16:30:01,263.0,284.0,21.0,2.7589241763811203,0.0,13.0,1.3,570.0,0,Skyler
SC8,SC8_20240116,21,SC8_20240116163001.JPG,2024-01-16 16:30:01,SC8_20240116170001.JPG,2024-01-16 17:00:01,284.0,284.0,0.0,0.0,0.0,13.0,0.9,600.0,0,Skyler
SC8,SC8_20240116,22,SC8_20240116170001.JPG,2024-01-16 17:00:01,SC8_20240116173001.JPG,2024-01-16 17:30:01,284.0,284.0,0.0,0.0,0.0,12.5,1.2,630.0,0,Skyler
SC8,SC8_20240117,2,SC8_20240117070001.JPG,2024-01-17 07:00:01,SC8_20240117073001.JPG,2024-01-17 07:30:01,293.0,288.0,-5.0,-1.7099759466766968,0.0,12.5,0.7,30.0,0,Skyler
SC8,SC8_20240117,3,SC8_20240117073001.JPG,2024-01-17 07:30:01,SC8_20240117080001.JPG,2024-01-17 08:00:01,288.0,288.0,0.0,0.0,0.0,13.0,0.5,60.0,0,Skyler
SC8,SC8_20240117,4,SC8_20240117080001.JPG,2024-01-17 08:00:01,SC8_20240117083001.JPG,2024-01-17 08:30:01,288.0,286.0,-2.0,-1.2599210498948732,0.0,13.0,0.0,90.0,0,Skyler
SC8,SC8_20240117,5,SC8_20240117083001.JPG,2024-01-17 08:30:01,SC8_20240117090001.JPG,2024-01-17 09:00:01,286.0,284.0,-2.0,-1.2599210498948732,0.0,13.5,1.8,120.0,0,Skyler
SC8,SC8_20240117,6,SC8_20240117090001.JPG,2024-01-17 09:00:01,SC8_20240117093001.JPG,2024-01-17 09:30:01,284.0,285.0,1.0,1.0,0.0,14.0,1.3,150.0,0,Skyler
SC8,SC8_20240117,7,SC8_20240117093001.JPG,2024-01-17 09:30:01,SC8_20240117100001.JPG,2024-01-17 10:00:01,285.0,288.0,3.0,1.4422495703074083,0.0,14.0,2.2,180.0,3,Skyler
SC8,SC8_20240117,8,SC8_20240117100001.JPG,2024-01-17 10:00:01,SC8_20240117103001.JPG,2024-01-17 10:30:01,288.0,46.0,-242.0,-6.231679684369752,0.0,14.5,2.0,210.0,2,Skyler
SC8,SC8_20240117,9,SC8_20240117103001.JPG,2024-01-17 10:30:01,SC8_20240117110001.JPG,2024-01-17 11:00:01,46.0,46.0,0.0,0.0,2.0,15.0,1.6,240.0,0,Skyler
SC8,SC8_20240117,10,SC8_20240117110001.JPG,2024-01-17 11:00:01,SC8_20240117113001.JPG,2024-01-17 11:30:01,46.0,44.0,-2.0,-1.2599210498948732,2.0,15.0,2.8,270.0,10,Skyler
SC8,SC8_20240117,11,SC8_20240117113001.JPG,2024-01-17 11:30:01,SC8_20240117120001.JPG,2024-01-17 12:00:01,44.0,42.0,-2.0,-1.2599210498948732,0.0,15.0,2.0,300.0,1,Skyler
SC8,SC8_20240117,12,SC8_20240117120001.JPG,2024-01-17 12:00:01,SC8_20240117123001.JPG,2024-01-17 12:30:01,42.0,22.0,-20.0,-2.7144176165949063,0.0,16.0,2.0,330.0,1,Skyler
SC8,SC8_20240117,13,SC8_20240117123001.JPG,2024-01-17 12:30:01,SC8_20240117130001.JPG,2024-01-17 13:00:01,22.0,16.0,-6.0,-1.8171205928321397,1.0,17.0,3.0,360.0,9,Skyler
SC8,SC8_20240117,14,SC8_20240117130001.JPG,2024-01-17 13:00:01,SC8_20240117133001.JPG,2024-01-17 13:30:01,16.0,5.0,-11.0,-2.2239800905693152,0.0,16.5,3.2,390.0,17,Skyler
SC8,SC8_20240117,15,SC8_20240117133001.JPG,2024-01-17 13:30:01,SC8_20240117140001.JPG,2024-01-17 14:00:01,5.0,6.0,1.0,1.0,0.0,15.5,3.0,420.0,8,Skyler
SC8,SC8_20240117,16,SC8_20240117140001.JPG,2024-01-17 14:00:01,SC8_20240117143000.JPG,2024-01-17 14:30:00,6.0,15.0,9.0,2.080083823051904,0.0,15.5,2.0,449.98333333333335,2,Skyler
SC8,SC8_20240117,17,SC8_20240117143000.JPG,2024-01-17 14:30:00,SC8_20240117150001.JPG,2024-01-17 15:00:01,15.0,20.0,5.0,1.7099759466766968,0.0,15.5,2.0,480.0,1,Skyler
SC8,SC8_20240117,18,SC8_20240117150001.JPG,2024-01-17 15:00:01,SC8_20240117153001.JPG,2024-01-17 15:30:01,20.0,51.0,31.0,3.1413806523913927,0.0,14.5,2.0,510.0,2,Skyler
SC8,SC8_20240117,19,SC8_20240117153001.JPG,2024-01-17 15:30:01,SC8_20240117160001.JPG,2024-01-17 16:00:01,51.0,52.0,1.0,1.0,0.0,13.0,2.0,540.0,1,Skyler
SC8,SC8_20240117,20,SC8_20240117160001.JPG,2024-01-17 16:00:01,SC8_20240117163001.JPG,2024-01-17 16:30:01,52.0,50.0,-2.0,-1.2599210498948732,0.0,12.0,1.6,570.0,0,Skyler
SC8,SC8_20240117,21,SC8_20240117163001.JPG,2024-01-17 16:30:01,SC8_20240117170001.JPG,2024-01-17 17:00:01,50.0,50.0,0.0,0.0,0.0,11.5,1.8,600.0,0,Skyler
SC8,SC8_20240117,22,SC8_20240117170001.JPG,2024-01-17 17:00:01,SC8_20240117173001.JPG,2024-01-17 17:30:01,50.0,50.0,0.0,0.0,0.0,11.0,1.2,630.0,0,Skyler
SC8,SC8_20240118,2,SC8_20240118071002.JPG,2024-01-18 07:10:02,SC8_20240118074001.JPG,2024-01-18 07:40:01,43.0,41.0,-2.0,-1.2599210498948732,0.0,8.5,1.2,29.983333333333334,0,Skyler
SC8,SC8_20240118,3,SC8_20240118074001.JPG,2024-01-18 07:40:01,SC8_20240118081001.JPG,2024-01-18 08:10:01,41.0,43.0,2.0,1.2599210498948732,0.0,8.0,0.9,59.983333333333334,0,Skyler
SC8,SC8_20240118,4,SC8_20240118081001.JPG,2024-01-18 08:10:01,SC8_20240118084001.JPG,2024-01-18 08:40:01,43.0,43.0,0.0,0.0,0.0,9.0,0.9,89.98333333333333,0,Skyler
SC8,SC8_20240118,5,SC8_20240118084001.JPG,2024-01-18 08:40:01,SC8_20240118091001.JPG,2024-01-18 09:10:01,43.0,61.0,18.0,2.6207413942088964,0.0,10.5,0.5,119.98333333333332,0,Skyler
SC8,SC8_20240118,6,SC8_20240118091001.JPG,2024-01-18 09:10:01,SC8_20240118094001.JPG,2024-01-18 09:40:01,61.0,53.0,-8.0,-2.0,0.0,11.5,0.0,149.98333333333332,0,Skyler
SC8,SC8_20240118,7,SC8_20240118094001.JPG,2024-01-18 09:40:01,SC8_20240118101001.JPG,2024-01-18 10:10:01,53.0,37.0,-16.0,-2.5198420997897464,0.0,13.0,1.2,179.98333333333332,0,Skyler
SC8,SC8_20240118,8,SC8_20240118101001.JPG,2024-01-18 10:10:01,SC8_20240118104001.JPG,2024-01-18 10:40:01,37.0,47.0,10.0,2.154434690031884,0.0,14.0,1.3,209.98333333333332,0,Skyler
SC8,SC8_20240118,9,SC8_20240118104001.JPG,2024-01-18 10:40:01,SC8_20240118111001.JPG,2024-01-18 11:10:01,47.0,32.0,-15.0,-2.46621207433047,22.0,14.5,2.4,239.98333333333332,4,Skyler
SC8,SC8_20240118,10,SC8_20240118111001.JPG,2024-01-18 11:10:01,SC8_20240118114001.JPG,2024-01-18 11:40:01,32.0,21.0,-11.0,-2.2239800905693152,0.0,15.0,3.0,269.98333333333335,6,Skyler
SC8,SC8_20240118,11,SC8_20240118114001.JPG,2024-01-18 11:40:01,SC8_20240118121001.JPG,2024-01-18 12:10:01,21.0,17.0,-4.0,-1.5874010519681994,0.0,15.0,2.4,299.98333333333335,4,Skyler
SC8,SC8_20240118,13,SC8_20240118125001.JPG,2024-01-18 12:50:01,SC8_20240118132001.JPG,2024-01-18 13:20:01,5.0,12.0,7.0,1.912931182772389,0.0,15.0,3.2,369.98333333333335,20,Skyler
SC8,SC8_20240118,14,SC8_20240118132001.JPG,2024-01-18 13:20:01,SC8_20240118135001.JPG,2024-01-18 13:50:01,12.0,14.0,2.0,1.2599210498948732,0.0,15.5,2.2,399.98333333333335,3,Skyler
SC8,SC8_20240118,15,SC8_20240118135001.JPG,2024-01-18 13:50:01,SC8_20240118142001.JPG,2024-01-18 14:20:01,14.0,14.0,0.0,0.0,0.0,15.5,3.8,429.98333333333335,14,Skyler
SC8,SC8_20240118,16,SC8_20240118142001.JPG,2024-01-18 14:20:01,SC8_20240118145001.JPG,2024-01-18 14:50:01,14.0,12.0,-2.0,-1.2599210498948732,0.0,15.0,2.2,459.98333333333335,2,Skyler
SC8,SC8_20240118,17,SC8_20240118145001.JPG,2024-01-18 14:50:01,SC8_20240118152001.JPG,2024-01-18 15:20:01,12.0,12.0,0.0,0.0,0.0,15.0,2.6,489.98333333333335,15,Skyler
SC8,SC8_20240118,18,SC8_20240118152001.JPG,2024-01-18 15:20:01,SC8_20240118155001.JPG,2024-01-18 15:50:01,12.0,13.0,1.0,1.0,0.0,14.5,2.8,519.9833333333333,6,Skyler
SC8,SC8_20240118,19,SC8_20240118155001.JPG,2024-01-18 15:50:01,SC8_20240118162001.JPG,2024-01-18 16:20:01,13.0,12.0,-1.0,-1.0,0.0,14.0,2.0,549.9833333333333,2,Skyler
SC8,SC8_20240118,20,SC8_20240118162001.JPG,2024-01-18 16:20:01,SC8_20240118165001.JPG,2024-01-18 16:50:01,12.0,12.0,0.0,0.0,0.0,13.5,1.2,579.9833333333333,0,Skyler
SC8,SC8_20240118,21,SC8_20240118165001.JPG,2024-01-18 16:50:01,SC8_20240118172001.JPG,2024-01-18 17:20:01,12.0,12.0,0.0,0.0,0.0,13.0,0.7,609.9833333333333,0,Skyler
SC8,SC8_20240119,2,SC8_20240119072001.JPG,2024-01-19 07:20:01,SC8_20240119075001.JPG,2024-01-19 07:50:01,13.0,12.0,-1.0,-1.0,0.0,12.0,3.0,30.0,27,Skyler
SC8,SC8_20240119,3,SC8_20240119075001.JPG,2024-01-19 07:50:01,SC8_20240119082001.JPG,2024-01-19 08:20:01,12.0,13.0,1.0,1.0,0.0,11.5,6.2,60.0,30,Skyler
SC8,SC8_20240119,4,SC8_20240119082001.JPG,2024-01-19 08:20:01,SC8_20240119085001.JPG,2024-01-19 08:50:01,13.0,24.0,11.0,2.2239800905693152,0.0,11.5,6.3,90.0,30,Skyler
SC8,SC8_20240119,5,SC8_20240119085001.JPG,2024-01-19 08:50:01,SC8_20240119092001.JPG,2024-01-19 09:20:01,24.0,13.0,-11.0,-2.2239800905693152,0.0,12.5,4.9,120.0,30,Skyler
SC8,SC8_20240119,6,SC8_20240119092001.JPG,2024-01-19 09:20:01,SC8_20240119095001.JPG,2024-01-19 09:50:01,13.0,13.0,0.0,0.0,0.0,13.5,7.0,150.0,30,Skyler
SC8,SC8_20240119,7,SC8_20240119095001.JPG,2024-01-19 09:50:01,SC8_20240119102001.JPG,2024-01-19 10:20:01,13.0,13.0,0.0,0.0,0.0,14.5,4.9,180.0,29,Skyler
SC8,SC8_20240119,8,SC8_20240119102001.JPG,2024-01-19 10:20:01,SC8_20240119105001.JPG,2024-01-19 10:50:01,13.0,24.0,11.0,2.2239800905693152,0.0,15.5,5.5,210.0,30,Skyler
SC8,SC8_20240119,9,SC8_20240119105001.JPG,2024-01-19 10:50:01,SC8_20240119112001.JPG,2024-01-19 11:20:01,24.0,6.0,-18.0,-2.6207413942088964,0.0,16.5,4.9,240.0,30,Skyler
SC8,SC8_20240119,10,SC8_20240119112001.JPG,2024-01-19 11:20:01,SC8_20240119115001.JPG,2024-01-19 11:50:01,6.0,4.0,-2.0,-1.2599210498948732,0.0,17.0,4.7,270.0,27,Skyler
SC8,SC8_20240119,11,SC8_20240119115001.JPG,2024-01-19 11:50:01,SC8_20240119122001.JPG,2024-01-19 12:20:01,4.0,12.0,8.0,2.0,0.0,17.0,5.3,300.0,28,Skyler
SC8,SC8_20240119,12,SC8_20240119122001.JPG,2024-01-19 12:20:01,SC8_20240119125001.JPG,2024-01-19 12:50:01,12.0,4.0,-8.0,-2.0,0.0,17.0,5.5,330.0,27,Skyler
SC8,SC8_20240119,13,SC8_20240119125001.JPG,2024-01-19 12:50:01,SC8_20240119132002.JPG,2024-01-19 13:20:02,4.0,4.0,0.0,0.0,0.0,17.0,3.8,360.01666666666665,24,Skyler
SC8,SC8_20240119,14,SC8_20240119132002.JPG,2024-01-19 13:20:02,SC8_20240119135001.JPG,2024-01-19 13:50:01,4.0,3.0,-1.0,-1.0,0.0,17.0,3.8,390.0,30,Skyler
SC8,SC8_20240119,15,SC8_20240119135001.JPG,2024-01-19 13:50:01,SC8_20240119142001.JPG,2024-01-19 14:20:01,3.0,3.0,0.0,0.0,0.0,16.5,4.3,420.0,27,Skyler
SC8,SC8_20240119,16,SC8_20240119142001.JPG,2024-01-19 14:20:01,SC8_20240119145001.JPG,2024-01-19 14:50:01,3.0,2.0,-1.0,-1.0,0.0,15.5,4.9,450.0,30,Skyler
SC8,SC8_20240119,17,SC8_20240119145001.JPG,2024-01-19 14:50:01,SC8_20240119152001.JPG,2024-01-19 15:20:01,2.0,2.0,0.0,0.0,0.0,14.5,4.7,480.0,30,Skyler
SC8,SC8_20240119,18,SC8_20240119152001.JPG,2024-01-19 15:20:01,SC8_20240119155001.JPG,2024-01-19 15:50:01,2.0,3.0,1.0,1.0,0.0,13.5,3.7,510.0,30,Skyler
SC8,SC8_20240119,19,SC8_20240119155001.JPG,2024-01-19 15:50:01,SC8_20240119162001.JPG,2024-01-19 16:20:01,3.0,2.0,-1.0,-1.0,0.0,13.0,4.5,540.0,30,Skyler
SC8,SC8_20240119,20,SC8_20240119162001.JPG,2024-01-19 16:20:01,SC8_20240119165001.JPG,2024-01-19 16:50:01,2.0,3.0,1.0,1.0,0.0,12.5,3.8,570.0,30,Skyler
SC8,SC8_20240119,21,SC8_20240119165001.JPG,2024-01-19 16:50:01,SC8_20240119172001.JPG,2024-01-19 17:20:01,3.0,3.0,0.0,0.0,0.0,12.0,3.7,600.0,30,Skyler
SC8,SC8_20240120,2,SC8_20240120072001.JPG,2024-01-20 07:20:01,SC8_20240120075001.JPG,2024-01-20 07:50:01,2.0,4.0,2.0,1.2599210498948732,0.0,13.0,4.3,30.0,30,Skyler
SC8,SC8_20240120,3,SC8_20240120075001.JPG,2024-01-20 07:50:01,SC8_20240120082001.JPG,2024-01-20 08:20:01,4.0,4.0,0.0,0.0,0.0,13.0,4.1,60.0,30,Skyler
SC8,SC8_20240120,4,SC8_20240120082001.JPG,2024-01-20 08:20:01,SC8_20240120085001.JPG,2024-01-20 08:50:01,4.0,3.0,-1.0,-1.0,0.0,13.5,4.3,90.0,30,Skyler
SC8,SC8_20240120,5,SC8_20240120085001.JPG,2024-01-20 08:50:01,SC8_20240120092001.JPG,2024-01-20 09:20:01,3.0,3.0,0.0,0.0,0.0,14.0,3.7,120.0,28,Skyler
SC8,SC8_20240120,6,SC8_20240120092001.JPG,2024-01-20 09:20:01,SC8_20240120095001.JPG,2024-01-20 09:50:01,3.0,3.0,0.0,0.0,0.0,14.0,3.7,150.0,28,Skyler
SC8,SC8_20240120,7,SC8_20240120095001.JPG,2024-01-20 09:50:01,SC8_20240120102001.JPG,2024-01-20 10:20:01,3.0,3.0,0.0,0.0,0.0,14.0,3.4,180.0,17,Skyler
SC8,SC8_20240120,8,SC8_20240120102001.JPG,2024-01-20 10:20:01,SC8_20240120105001.JPG,2024-01-20 10:50:01,3.0,3.0,0.0,0.0,0.0,14.5,3.8,210.0,29,Skyler
SC8,SC8_20240120,9,SC8_20240120105001.JPG,2024-01-20 10:50:01,SC8_20240120112001.JPG,2024-01-20 11:20:01,3.0,3.0,0.0,0.0,0.0,15.0,3.7,240.0,26,Skyler
SC8,SC8_20240120,10,SC8_20240120112001.JPG,2024-01-20 11:20:01,SC8_20240120115001.JPG,2024-01-20 11:50:01,3.0,3.0,0.0,0.0,0.0,15.0,4.7,270.0,27,Skyler
SC8,SC8_20240120,11,SC8_20240120115001.JPG,2024-01-20 11:50:01,SC8_20240120122002.JPG,2024-01-20 12:20:02,3.0,2.0,-1.0,-1.0,0.0,15.5,3.2,300.01666666666665,23,Skyler
SC8,SC8_20240120,12,SC8_20240120122002.JPG,2024-01-20 12:20:02,SC8_20240120125001.JPG,2024-01-20 12:50:01,2.0,4.0,2.0,1.2599210498948732,0.0,16.0,2.6,330.0,10,Skyler
SC8,SC8_20240120,13,SC8_20240120125001.JPG,2024-01-20 12:50:01,SC8_20240120132001.JPG,2024-01-20 13:20:01,4.0,4.0,0.0,0.0,0.0,16.0,3.2,360.0,15,Skyler
SC8,SC8_20240120,14,SC8_20240120132001.JPG,2024-01-20 13:20:01,SC8_20240120135001.JPG,2024-01-20 13:50:01,4.0,2.0,-2.0,-1.2599210498948732,0.0,15.5,2.4,390.0,16,Skyler
SC8,SC8_20240120,15,SC8_20240120135001.JPG,2024-01-20 13:50:01,SC8_20240120142001.JPG,2024-01-20 14:20:01,2.0,3.0,1.0,1.0,0.0,15.5,3.0,420.0,15,Skyler
SC8,SC8_20240120,16,SC8_20240120142001.JPG,2024-01-20 14:20:01,SC8_20240120145001.JPG,2024-01-20 14:50:01,3.0,4.0,1.0,1.0,0.0,16.0,2.0,450.0,1,Skyler
SC8,SC8_20240120,17,SC8_20240120145001.JPG,2024-01-20 14:50:01,SC8_20240120152001.JPG,2024-01-20 15:20:01,4.0,3.0,-1.0,-1.0,0.0,15.5,3.0,480.0,7,Skyler
SC8,SC8_20240120,18,SC8_20240120152001.JPG,2024-01-20 15:20:01,SC8_20240120155001.JPG,2024-01-20 15:50:01,3.0,3.0,0.0,0.0,0.0,14.5,3.4,510.0,30,Skyler
SC8,SC8_20240120,19,SC8_20240120155001.JPG,2024-01-20 15:50:01,SC8_20240120162001.JPG,2024-01-20 16:20:01,3.0,4.0,1.0,1.0,0.0,14.0,4.1,540.0,29,Skyler
SC8,SC8_20240120,20,SC8_20240120162001.JPG,2024-01-20 16:20:01,SC8_20240120165001.JPG,2024-01-20 16:50:01,4.0,3.0,-1.0,-1.0,0.0,14.0,3.2,570.0,28,Skyler
SC8,SC8_20240120,21,SC8_20240120165001.JPG,2024-01-20 16:50:01,SC8_20240120172001.JPG,2024-01-20 17:20:01,3.0,2.0,-1.0,-1.0,0.0,13.5,3.7,600.0,30,Skyler
SC8,SC8_20240121,2,SC8_20240121072001.JPG,2024-01-21 07:20:01,SC8_20240121075001.JPG,2024-01-21 07:50:01,4.0,3.0,-1.0,-1.0,0.0,13.0,2.0,30.0,1,Skyler
SC8,SC8_20240121,3,SC8_20240121075001.JPG,2024-01-21 07:50:01,SC8_20240121082001.JPG,2024-01-21 08:20:01,3.0,4.0,1.0,1.0,0.0,13.5,2.2,60.0,1,Skyler
SC8,SC8_20240121,4,SC8_20240121082001.JPG,2024-01-21 08:20:01,SC8_20240121085001.JPG,2024-01-21 08:50:01,4.0,2.0,-2.0,-1.2599210498948732,0.0,14.0,3.8,90.0,12,Skyler
SC8,SC8_20240121,5,SC8_20240121085001.JPG,2024-01-21 08:50:01,SC8_20240121092001.JPG,2024-01-21 09:20:01,2.0,2.0,0.0,0.0,0.0,14.0,3.8,120.0,27,Skyler
SC8,SC8_20240121,6,SC8_20240121092001.JPG,2024-01-21 09:20:01,SC8_20240121095001.JPG,2024-01-21 09:50:01,2.0,3.0,1.0,1.0,0.0,14.5,4.1,150.0,27,Skyler
SC8,SC8_20240121,7,SC8_20240121095001.JPG,2024-01-21 09:50:01,SC8_20240121102001.JPG,2024-01-21 10:20:01,3.0,3.0,0.0,0.0,0.0,15.5,3.8,180.0,27,Skyler
SC8,SC8_20240121,8,SC8_20240121102001.JPG,2024-01-21 10:20:01,SC8_20240121105001.JPG,2024-01-21 10:50:01,3.0,3.0,0.0,0.0,0.0,16.0,3.4,210.0,30,Skyler
SC8,SC8_20240121,9,SC8_20240121105001.JPG,2024-01-21 10:50:01,SC8_20240121112001.JPG,2024-01-21 11:20:01,3.0,5.0,2.0,1.2599210498948732,1.0,16.0,3.7,240.0,30,Skyler
SC8,SC8_20240121,10,SC8_20240121112001.JPG,2024-01-21 11:20:01,SC8_20240121115001.JPG,2024-01-21 11:50:01,5.0,7.0,2.0,1.2599210498948732,5.0,16.5,3.8,270.0,29,Skyler
SC8,SC8_20240121,11,SC8_20240121115001.JPG,2024-01-21 11:50:01,SC8_20240121122001.JPG,2024-01-21 12:20:01,7.0,4.0,-3.0,-1.4422495703074083,5.0,17.0,3.0,300.0,21,Skyler
SC8,SC8_20240121,12,SC8_20240121122001.JPG,2024-01-21 12:20:01,SC8_20240121125001.JPG,2024-01-21 12:50:01,4.0,2.0,-2.0,-1.2599210498948732,1.0,17.5,3.8,330.0,27,Skyler
SC8,SC8_20240121,13,SC8_20240121125001.JPG,2024-01-21 12:50:01,SC8_20240121132001.JPG,2024-01-21 13:20:01,2.0,2.0,0.0,0.0,0.0,17.5,4.7,360.0,25,Skyler
SC8,SC8_20240121,14,SC8_20240121132001.JPG,2024-01-21 13:20:01,SC8_20240121135001.JPG,2024-01-21 13:50:01,2.0,2.0,0.0,0.0,0.0,17.5,3.4,390.0,25,Skyler
SC8,SC8_20240121,15,SC8_20240121135001.JPG,2024-01-21 13:50:01,SC8_20240121142001.JPG,2024-01-21 14:20:01,2.0,2.0,0.0,0.0,0.0,18.0,4.5,420.0,28,Skyler
SC8,SC8_20240121,16,SC8_20240121142001.JPG,2024-01-21 14:20:01,SC8_20240121145001.JPG,2024-01-21 14:50:01,2.0,2.0,0.0,0.0,0.0,17.5,3.8,450.0,29,Skyler
SC8,SC8_20240121,17,SC8_20240121145001.JPG,2024-01-21 14:50:01,SC8_20240121152001.JPG,2024-01-21 15:20:01,2.0,4.0,2.0,1.2599210498948732,0.0,17.0,6.2,480.0,30,Skyler
SC8,SC8_20240121,18,SC8_20240121152001.JPG,2024-01-21 15:20:01,SC8_20240121155001.JPG,2024-01-21 15:50:01,4.0,6.0,2.0,1.2599210498948732,0.0,16.5,6.2,510.0,30,Skyler
SC8,SC8_20240121,19,SC8_20240121155001.JPG,2024-01-21 15:50:01,SC8_20240121162001.JPG,2024-01-21 16:20:01,6.0,4.0,-2.0,-1.2599210498948732,0.0,15.5,6.6,540.0,30,Skyler
SC8,SC8_20240121,20,SC8_20240121162001.JPG,2024-01-21 16:20:01,SC8_20240121165001.JPG,2024-01-21 16:50:01,4.0,4.0,0.0,0.0,0.0,15.0,5.9,570.0,30,Skyler
SC8,SC8_20240121,21,SC8_20240121165001.JPG,2024-01-21 16:50:01,SC8_20240121172001.JPG,2024-01-21 17:20:01,4.0,3.0,-1.0,-1.0,0.0,14.5,6.6,600.0,30,Skyler
SC8,SC8_20240122,2,SC8_20240122072002.JPG,2024-01-22 07:20:02,SC8_20240122075001.JPG,2024-01-22 07:50:01,5.0,5.0,0.0,0.0,0.0,14.5,1.8,29.983333333333334,0,Skyler
SC8,SC8_20240122,3,SC8_20240122075001.JPG,2024-01-22 07:50:01,SC8_20240122082001.JPG,2024-01-22 08:20:01,5.0,4.0,-1.0,-1.0,0.0,15.0,2.4,59.983333333333334,4,Skyler
SC8,SC8_20240122,4,SC8_20240122082001.JPG,2024-01-22 08:20:01,SC8_20240122085001.JPG,2024-01-22 08:50:01,4.0,4.0,0.0,0.0,0.0,15.0,1.8,89.98333333333333,0,Skyler
SC8,SC8_20240122,5,SC8_20240122085001.JPG,2024-01-22 08:50:01,SC8_20240122092001.JPG,2024-01-22 09:20:01,4.0,4.0,0.0,0.0,0.0,15.0,2.6,119.98333333333332,14,Skyler
SC8,SC8_20240122,6,SC8_20240122092001.JPG,2024-01-22 09:20:01,SC8_20240122095001.JPG,2024-01-22 09:50:01,4.0,4.0,0.0,0.0,0.0,15.5,2.4,149.98333333333332,11,Skyler
SC8,SC8_20240122,7,SC8_20240122095001.JPG,2024-01-22 09:50:01,SC8_20240122102001.JPG,2024-01-22 10:20:01,4.0,4.0,0.0,0.0,0.0,16.0,3.7,179.98333333333332,6,Skyler
SC8,SC8_20240122,8,SC8_20240122102001.JPG,2024-01-22 10:20:01,SC8_20240122105001.JPG,2024-01-22 10:50:01,4.0,23.0,19.0,2.668401648721945,0.0,16.5,3.0,209.98333333333332,5,Skyler
SC8,SC8_20240122,9,SC8_20240122105001.JPG,2024-01-22 10:50:01,SC8_20240122112001.JPG,2024-01-22 11:20:01,23.0,4.0,-19.0,-2.668401648721945,19.0,17.0,2.6,239.98333333333332,10,Skyler
SC8,SC8_20240122,10,SC8_20240122112001.JPG,2024-01-22 11:20:01,SC8_20240122115001.JPG,2024-01-22 11:50:01,4.0,6.0,2.0,1.2599210498948732,0.0,16.5,2.2,269.98333333333335,9,Skyler
SC8,SC8_20240122,11,SC8_20240122115001.JPG,2024-01-22 11:50:01,SC8_20240122122001.JPG,2024-01-22 12:20:01,6.0,6.0,0.0,0.0,0.0,16.0,2.4,299.98333333333335,7,Skyler
SC8,SC8_20240122,12,SC8_20240122122001.JPG,2024-01-22 12:20:01,SC8_20240122125001.JPG,2024-01-22 12:50:01,6.0,4.0,-2.0,-1.2599210498948732,0.0,15.5,2.6,329.98333333333335,20,Skyler
SC8,SC8_20240122,13,SC8_20240122125001.JPG,2024-01-22 12:50:01,SC8_20240122132001.JPG,2024-01-22 13:20:01,4.0,4.0,0.0,0.0,0.0,14.5,2.6,359.98333333333335,12,Skyler
SC8,SC8_20240122,14,SC8_20240122132001.JPG,2024-01-22 13:20:01,SC8_20240122135001.JPG,2024-01-22 13:50:01,4.0,4.0,0.0,0.0,0.0,14.0,1.8,389.98333333333335,0,Skyler
SC8,SC8_20240122,15,SC8_20240122135001.JPG,2024-01-22 13:50:01,SC8_20240122142001.JPG,2024-01-22 14:20:01,4.0,5.0,1.0,1.0,0.0,14.5,2.6,419.98333333333335,9,Skyler
SC8,SC8_20240122,16,SC8_20240122142001.JPG,2024-01-22 14:20:01,SC8_20240122145001.JPG,2024-01-22 14:50:01,5.0,5.0,0.0,0.0,0.0,14.5,2.4,449.98333333333335,12,Skyler
SC8,SC8_20240122,17,SC8_20240122145001.JPG,2024-01-22 14:50:01,SC8_20240122152001.JPG,2024-01-22 15:20:01,5.0,4.0,-1.0,-1.0,0.0,13.5,2.2,479.98333333333335,3,Skyler
SC8,SC8_20240122,18,SC8_20240122152001.JPG,2024-01-22 15:20:01,SC8_20240122155001.JPG,2024-01-22 15:50:01,4.0,5.0,1.0,1.0,0.0,13.0,2.4,509.98333333333335,15,Skyler
SC8,SC8_20240122,19,SC8_20240122155001.JPG,2024-01-22 15:50:01,SC8_20240122162001.JPG,2024-01-22 16:20:01,5.0,4.0,-1.0,-1.0,0.0,13.0,2.2,539.9833333333333,4,Skyler
SC8,SC8_20240122,20,SC8_20240122162001.JPG,2024-01-22 16:20:01,SC8_20240122165001.JPG,2024-01-22 16:50:01,4.0,4.0,0.0,0.0,0.0,13.0,2.8,569.9833333333333,7,Skyler
SC8,SC8_20240122,21,SC8_20240122165001.JPG,2024-01-22 16:50:01,SC8_20240122172001.JPG,2024-01-22 17:20:01,4.0,4.0,0.0,0.0,0.0,12.5,2.4,599.9833333333333,11,Skyler
SC8,SC8_20240123,2,SC8_20240123072001.JPG,2024-01-23 07:20:01,SC8_20240123075001.JPG,2024-01-23 07:50:01,6.0,6.0,0.0,0.0,0.0,12.0,2.2,30.0,2,Skyler
SC8,SC8_20240123,3,SC8_20240123075001.JPG,2024-01-23 07:50:01,SC8_20240123082001.JPG,2024-01-23 08:20:01,6.0,6.0,0.0,0.0,0.0,11.5,0.7,60.0,0,Skyler
SC8,SC8_20240123,4,SC8_20240123082001.JPG,2024-01-23 08:20:01,SC8_20240123085001.JPG,2024-01-23 08:50:01,6.0,6.0,0.0,0.0,0.0,11.5,1.2,90.0,0,Skyler
SC8,SC8_20240123,5,SC8_20240123085001.JPG,2024-01-23 08:50:01,SC8_20240123092001.JPG,2024-01-23 09:20:01,6.0,6.0,0.0,0.0,0.0,12.5,1.6,120.0,0,Skyler
SC8,SC8_20240123,6,SC8_20240123092001.JPG,2024-01-23 09:20:01,SC8_20240123095001.JPG,2024-01-23 09:50:01,6.0,6.0,0.0,0.0,0.0,13.0,1.6,150.0,0,Skyler
SC8,SC8_20240123,7,SC8_20240123095001.JPG,2024-01-23 09:50:01,SC8_20240123102001.JPG,2024-01-23 10:20:01,6.0,7.0,1.0,1.0,0.0,13.5,2.6,180.0,12,Skyler
SC8,SC8_20240123,8,SC8_20240123102001.JPG,2024-01-23 10:20:01,SC8_20240123105001.JPG,2024-01-23 10:50:01,7.0,6.0,-1.0,-1.0,0.0,14.5,3.0,210.0,25,Skyler
SC8,SC8_20240123,9,SC8_20240123105001.JPG,2024-01-23 10:50:01,SC8_20240123112001.JPG,2024-01-23 11:20:01,6.0,6.0,0.0,0.0,0.0,14.5,3.2,240.0,26,Skyler
SC8,SC8_20240123,10,SC8_20240123112001.JPG,2024-01-23 11:20:01,SC8_20240123115001.JPG,2024-01-23 11:50:01,6.0,7.0,1.0,1.0,0.0,14.5,2.8,270.0,27,Skyler
SC8,SC8_20240123,11,SC8_20240123115001.JPG,2024-01-23 11:50:01,SC8_20240123122001.JPG,2024-01-23 12:20:01,7.0,6.0,-1.0,-1.0,0.0,15.0,3.8,300.0,30,Skyler
SC8,SC8_20240123,12,SC8_20240123122001.JPG,2024-01-23 12:20:01,SC8_20240123125001.JPG,2024-01-23 12:50:01,6.0,6.0,0.0,0.0,0.0,15.0,3.8,330.0,30,Skyler
SC8,SC8_20240123,13,SC8_20240123125001.JPG,2024-01-23 12:50:01,SC8_20240123132001.JPG,2024-01-23 13:20:01,6.0,6.0,0.0,0.0,0.0,15.0,4.1,360.0,30,Skyler
SC8,SC8_20240123,14,SC8_20240123132001.JPG,2024-01-23 13:20:01,SC8_20240123135001.JPG,2024-01-23 13:50:01,6.0,8.0,2.0,1.2599210498948732,0.0,15.0,4.1,390.0,30,Skyler
SC8,SC8_20240123,15,SC8_20240123135001.JPG,2024-01-23 13:50:01,SC8_20240123142003.JPG,2024-01-23 14:20:03,8.0,8.0,0.0,0.0,0.0,16.0,4.1,420.03333333333336,28,Skyler
SC8,SC8_20240123,16,SC8_20240123142003.JPG,2024-01-23 14:20:03,SC8_20240123145001.JPG,2024-01-23 14:50:01,8.0,8.0,0.0,0.0,0.0,17.0,3.2,450.0,17,Skyler
SC8,SC8_20240123,17,SC8_20240123145001.JPG,2024-01-23 14:50:01,SC8_20240123152001.JPG,2024-01-23 15:20:01,8.0,8.0,0.0,0.0,0.0,16.0,2.8,480.0,22,Skyler
SC8,SC8_20240123,18,SC8_20240123152001.JPG,2024-01-23 15:20:01,SC8_20240123155001.JPG,2024-01-23 15:50:01,8.0,8.0,0.0,0.0,0.0,14.5,2.8,510.0,12,Skyler
SC8,SC8_20240123,19,SC8_20240123155001.JPG,2024-01-23 15:50:01,SC8_20240123162001.JPG,2024-01-23 16:20:01,8.0,8.0,0.0,0.0,0.0,14.0,2.2,540.0,12,Skyler
SC8,SC8_20240123,20,SC8_20240123162001.JPG,2024-01-23 16:20:01,SC8_20240123165001.JPG,2024-01-23 16:50:01,8.0,8.0,0.0,0.0,0.0,13.5,3.4,570.0,18,Skyler
SC8,SC8_20240123,21,SC8_20240123165001.JPG,2024-01-23 16:50:01,SC8_20240123172001.JPG,2024-01-23 17:20:01,8.0,8.0,0.0,0.0,0.0,13.0,3.7,600.0,28,Skyler
SC8,SC8_20240124,2,SC8_20240124072001.JPG,2024-01-24 07:20:01,SC8_20240124075001.JPG,2024-01-24 07:50:01,8.0,8.0,0.0,0.0,0.0,12.0,0.0,30.0,0,Skyler
SC8,SC8_20240124,3,SC8_20240124075001.JPG,2024-01-24 07:50:01,SC8_20240124082001.JPG,2024-01-24 08:20:01,8.0,8.0,0.0,0.0,0.0,12.0,0.7,60.0,0,Skyler
SC8,SC8_20240124,4,SC8_20240124082001.JPG,2024-01-24 08:20:01,SC8_20240124085001.JPG,2024-01-24 08:50:01,8.0,8.0,0.0,0.0,0.0,12.0,0.5,90.0,0,Skyler
SC8,SC8_20240124,5,SC8_20240124085001.JPG,2024-01-24 08:50:01,SC8_20240124092001.JPG,2024-01-24 09:20:01,8.0,8.0,0.0,0.0,0.0,12.0,0.0,120.0,0,Skyler
SC8,SC8_20240124,6,SC8_20240124092001.JPG,2024-01-24 09:20:01,SC8_20240124095001.JPG,2024-01-24 09:50:01,8.0,8.0,0.0,0.0,0.0,12.5,0.0,150.0,0,Skyler
SC8,SC8_20240124,7,SC8_20240124095001.JPG,2024-01-24 09:50:01,SC8_20240124102001.JPG,2024-01-24 10:20:01,8.0,9.0,1.0,1.0,0.0,12.5,1.3,180.0,0,Skyler
SC8,SC8_20240124,8,SC8_20240124102001.JPG,2024-01-24 10:20:01,SC8_20240124105001.JPG,2024-01-24 10:50:01,9.0,9.0,0.0,0.0,0.0,13.0,1.6,210.0,0,Skyler
SC8,SC8_20240124,9,SC8_20240124105001.JPG,2024-01-24 10:50:01,SC8_20240124112001.JPG,2024-01-24 11:20:01,9.0,8.0,-1.0,-1.0,0.0,14.0,2.0,240.0,2,Skyler
SC8,SC8_20240124,10,SC8_20240124112001.JPG,2024-01-24 11:20:01,SC8_20240124115001.JPG,2024-01-24 11:50:01,8.0,8.0,0.0,0.0,0.0,13.5,2.6,270.0,8,Skyler
SC8,SC8_20240124,11,SC8_20240124115001.JPG,2024-01-24 11:50:01,SC8_20240124122001.JPG,2024-01-24 12:20:01,8.0,8.0,0.0,0.0,0.0,13.0,1.8,300.0,0,Skyler
SC8,SC8_20240124,12,SC8_20240124122001.JPG,2024-01-24 12:20:01,SC8_20240124125001.JPG,2024-01-24 12:50:01,8.0,8.0,0.0,0.0,0.0,13.0,2.0,330.0,1,Skyler
SC8,SC8_20240124,13,SC8_20240124125001.JPG,2024-01-24 12:50:01,SC8_20240124132001.JPG,2024-01-24 13:20:01,8.0,8.0,0.0,0.0,0.0,13.0,1.6,360.0,0,Skyler
SC8,SC8_20240124,14,SC8_20240124132001.JPG,2024-01-24 13:20:01,SC8_20240124135001.JPG,2024-01-24 13:50:01,8.0,8.0,0.0,0.0,0.0,13.0,0.0,390.0,0,Skyler
SC8,SC8_20240124,15,SC8_20240124135001.JPG,2024-01-24 13:50:01,SC8_20240124142001.JPG,2024-01-24 14:20:01,8.0,9.0,1.0,1.0,0.0,13.0,1.6,420.0,0,Skyler
SC8,SC8_20240124,16,SC8_20240124142001.JPG,2024-01-24 14:20:01,SC8_20240124145001.JPG,2024-01-24 14:50:01,9.0,9.0,0.0,0.0,0.0,13.5,1.8,450.0,0,Skyler
SC8,SC8_20240124,17,SC8_20240124145001.JPG,2024-01-24 14:50:01,SC8_20240124152001.JPG,2024-01-24 15:20:01,9.0,9.0,0.0,0.0,0.0,13.5,1.6,480.0,0,Skyler
SC8,SC8_20240124,18,SC8_20240124152001.JPG,2024-01-24 15:20:01,SC8_20240124155001.JPG,2024-01-24 15:50:01,9.0,9.0,0.0,0.0,0.0,13.0,0.9,510.0,0,Skyler
SC8,SC8_20240124,19,SC8_20240124155001.JPG,2024-01-24 15:50:01,SC8_20240124162001.JPG,2024-01-24 16:20:01,9.0,9.0,0.0,0.0,0.0,13.0,1.2,540.0,0,Skyler
SC8,SC8_20240124,20,SC8_20240124162001.JPG,2024-01-24 16:20:01,SC8_20240124165001.JPG,2024-01-24 16:50:01,9.0,9.0,0.0,0.0,0.0,13.0,1.3,570.0,0,Skyler
SC8,SC8_20240124,21,SC8_20240124165001.JPG,2024-01-24 16:50:01,SC8_20240124172001.JPG,2024-01-24 17:20:01,9.0,9.0,0.0,0.0,0.0,13.0,0.7,600.0,0,Skyler
SC8,SC8_20240125,2,SC8_20240125085001.JPG,2024-01-25 08:50:01,SC8_20240125092001.JPG,2024-01-25 09:20:01,16.0,18.0,2.0,1.2599210498948732,0.0,12.5,1.2,30.0,0,Skyler
SC8,SC8_20240125,3,SC8_20240125092001.JPG,2024-01-25 09:20:01,SC8_20240125095001.JPG,2024-01-25 09:50:01,18.0,18.0,0.0,0.0,0.0,13.0,1.8,60.0,0,Skyler
SC8,SC8_20240125,4,SC8_20240125095001.JPG,2024-01-25 09:50:01,SC8_20240125102001.JPG,2024-01-25 10:20:01,18.0,30.0,12.0,2.2894284851066637,0.0,13.0,1.8,90.0,0,Skyler
SC8,SC8_20240125,5,SC8_20240125102001.JPG,2024-01-25 10:20:01,SC8_20240125105001.JPG,2024-01-25 10:50:01,30.0,35.0,5.0,1.7099759466766968,0.0,13.5,2.0,120.0,2,Skyler
SC8,SC8_20240125,6,SC8_20240125105001.JPG,2024-01-25 10:50:01,SC8_20240125112001.JPG,2024-01-25 11:20:01,35.0,36.0,1.0,1.0,10.0,14.0,3.0,150.0,13,Skyler
SC8,SC8_20240125,7,SC8_20240125112001.JPG,2024-01-25 11:20:01,SC8_20240125115001.JPG,2024-01-25 11:50:01,36.0,37.0,1.0,1.0,11.0,14.0,3.0,180.0,26,Skyler
SC8,SC8_20240125,8,SC8_20240125115001.JPG,2024-01-25 11:50:01,SC8_20240125122001.JPG,2024-01-25 12:20:01,37.0,24.0,-13.0,-2.3513346877207573,12.0,14.5,3.2,210.0,30,Skyler
SC8,SC8_20240125,9,SC8_20240125122001.JPG,2024-01-25 12:20:01,SC8_20240125125001.JPG,2024-01-25 12:50:01,24.0,11.0,-13.0,-2.3513346877207573,0.0,14.5,3.4,240.0,30,Skyler
SC8,SC8_20240125,10,SC8_20240125125001.JPG,2024-01-25 12:50:01,SC8_20240125132001.JPG,2024-01-25 13:20:01,11.0,11.0,0.0,0.0,0.0,14.5,3.7,270.0,30,Skyler
SC8,SC8_20240125,11,SC8_20240125132001.JPG,2024-01-25 13:20:01,SC8_20240125135001.JPG,2024-01-25 13:50:01,11.0,11.0,0.0,0.0,0.0,15.0,3.4,300.0,30,Skyler
SC8,SC8_20240125,12,SC8_20240125135001.JPG,2024-01-25 13:50:01,SC8_20240125142001.JPG,2024-01-25 14:20:01,11.0,11.0,0.0,0.0,0.0,16.0,4.1,330.0,30,Skyler
SC8,SC8_20240125,13,SC8_20240125142001.JPG,2024-01-25 14:20:01,SC8_20240125145001.JPG,2024-01-25 14:50:01,11.0,11.0,0.0,0.0,0.0,17.5,3.4,360.0,30,Skyler
SC8,SC8_20240125,14,SC8_20240125145001.JPG,2024-01-25 14:50:01,SC8_20240125152001.JPG,2024-01-25 15:20:01,11.0,13.0,2.0,1.2599210498948732,0.0,16.5,3.7,390.0,30,Skyler
SC8,SC8_20240125,15,SC8_20240125152001.JPG,2024-01-25 15:20:01,SC8_20240125155001.JPG,2024-01-25 15:50:01,13.0,14.0,1.0,1.0,0.0,14.5,3.7,420.0,30,Skyler
SC8,SC8_20240125,16,SC8_20240125155001.JPG,2024-01-25 15:50:01,SC8_20240125162001.JPG,2024-01-25 16:20:01,14.0,26.0,12.0,2.2894284851066637,0.0,13.5,3.8,450.0,30,Skyler
SC8,SC8_20240125,17,SC8_20240125162001.JPG,2024-01-25 16:20:01,SC8_20240125165001.JPG,2024-01-25 16:50:01,26.0,23.0,-3.0,-1.4422495703074083,0.0,13.0,3.2,480.0,20,Skyler
SC8,SC8_20240125,18,SC8_20240125165001.JPG,2024-01-25 16:50:01,SC8_20240125172001.JPG,2024-01-25 17:20:01,23.0,23.0,0.0,0.0,0.0,12.5,1.6,510.0,0,Skyler
SC8,SC8_20240125,19,SC8_20240125172001.JPG,2024-01-25 17:20:01,SC8_20240125175001.JPG,2024-01-25 17:50:01,23.0,23.0,0.0,0.0,0.0,12.0,1.8,540.0,0,Skyler
SC8,SC8_20240126,2,SC8_20240126065002.JPG,2024-01-26 06:50:02,SC8_20240126072002.JPG,2024-01-26 07:20:02,24.0,25.0,1.0,1.0,0.0,10.5,2.2,30.0,9,Skyler
SC8,SC8_20240126,3,SC8_20240126072002.JPG,2024-01-26 07:20:02,SC8_20240126075001.JPG,2024-01-26 07:50:01,25.0,25.0,0.0,0.0,0.0,10.5,2.2,59.983333333333334,4,Skyler
SC8,SC8_20240126,4,SC8_20240126075001.JPG,2024-01-26 07:50:01,SC8_20240126082001.JPG,2024-01-26 08:20:01,25.0,25.0,0.0,0.0,0.0,11.0,1.8,89.98333333333333,0,Skyler
SC8,SC8_20240126,5,SC8_20240126082001.JPG,2024-01-26 08:20:01,SC8_20240126085001.JPG,2024-01-26 08:50:01,25.0,25.0,0.0,0.0,2.0,12.5,2.2,119.98333333333332,7,Skyler
SC8,SC8_20240126,6,SC8_20240126085001.JPG,2024-01-26 08:50:01,SC8_20240126092001.JPG,2024-01-26 09:20:01,25.0,26.0,1.0,1.0,1.0,13.5,2.2,149.98333333333332,11,Skyler
SC8,SC8_20240126,7,SC8_20240126092001.JPG,2024-01-26 09:20:01,SC8_20240126095001.JPG,2024-01-26 09:50:01,26.0,41.0,15.0,2.46621207433047,14.0,14.5,2.4,179.98333333333332,4,Skyler
SC8,SC8_20240126,8,SC8_20240126095001.JPG,2024-01-26 09:50:01,SC8_20240126102001.JPG,2024-01-26 10:20:01,41.0,11.0,-30.0,-3.1072325059538586,26.0,16.5,1.3,209.98333333333332,0,Skyler
SC8,SC8_20240126,9,SC8_20240126102001.JPG,2024-01-26 10:20:01,SC8_20240126105001.JPG,2024-01-26 10:50:01,11.0,19.0,8.0,2.0,0.0,18.0,1.6,239.98333333333332,0,Skyler
SC8,SC8_20240126,10,SC8_20240126105001.JPG,2024-01-26 10:50:01,SC8_20240126112001.JPG,2024-01-26 11:20:01,19.0,22.0,3.0,1.4422495703074083,0.0,18.0,1.3,269.98333333333335,0,Skyler
SC8,SC8_20240126,11,SC8_20240126112001.JPG,2024-01-26 11:20:01,SC8_20240126115001.JPG,2024-01-26 11:50:01,22.0,9.0,-13.0,-2.3513346877207573,0.0,18.0,2.0,299.98333333333335,2,Skyler
SC8,SC8_20240126,12,SC8_20240126115001.JPG,2024-01-26 11:50:01,SC8_20240126122001.JPG,2024-01-26 12:20:01,9.0,10.0,1.0,1.0,0.0,18.0,2.6,329.98333333333335,5,Skyler
SC8,SC8_20240126,13,SC8_20240126122001.JPG,2024-01-26 12:20:01,SC8_20240126125001.JPG,2024-01-26 12:50:01,10.0,10.0,0.0,0.0,0.0,18.0,3.0,359.98333333333335,15,Skyler
SC8,SC8_20240126,14,SC8_20240126125001.JPG,2024-01-26 12:50:01,SC8_20240126132001.JPG,2024-01-26 13:20:01,10.0,9.0,-1.0,-1.0,0.0,17.0,2.4,389.98333333333335,5,Skyler
SC8,SC8_20240126,15,SC8_20240126132001.JPG,2024-01-26 13:20:01,SC8_20240126135001.JPG,2024-01-26 13:50:01,9.0,7.0,-2.0,-1.2599210498948732,0.0,16.5,2.8,419.98333333333335,14,Skyler
SC8,SC8_20240126,16,SC8_20240126135001.JPG,2024-01-26 13:50:01,SC8_20240126142001.JPG,2024-01-26 14:20:01,7.0,7.0,0.0,0.0,0.0,17.5,2.8,449.98333333333335,14,Skyler
SC8,SC8_20240126,17,SC8_20240126142001.JPG,2024-01-26 14:20:01,SC8_20240126145001.JPG,2024-01-26 14:50:01,7.0,7.0,0.0,0.0,0.0,19.0,2.4,479.98333333333335,5,Skyler
SC8,SC8_20240126,18,SC8_20240126145001.JPG,2024-01-26 14:50:01,SC8_20240126152001.JPG,2024-01-26 15:20:01,7.0,7.0,0.0,0.0,0.0,19.5,1.8,509.98333333333335,0,Skyler
SC8,SC8_20240126,19,SC8_20240126152001.JPG,2024-01-26 15:20:01,SC8_20240126155001.JPG,2024-01-26 15:50:01,7.0,7.0,0.0,0.0,0.0,18.0,0.5,539.9833333333333,0,Skyler
SC8,SC8_20240126,20,SC8_20240126155001.JPG,2024-01-26 15:50:01,SC8_20240126162001.JPG,2024-01-26 16:20:01,7.0,9.0,2.0,1.2599210498948732,0.0,17.0,0.0,569.9833333333333,0,Skyler
SC8,SC8_20240126,21,SC8_20240126162001.JPG,2024-01-26 16:20:01,SC8_20240126165001.JPG,2024-01-26 16:50:01,9.0,41.0,32.0,3.1748021039363987,0.0,16.5,0.0,599.9833333333333,0,Skyler
SC8,SC8_20240126,22,SC8_20240126165001.JPG,2024-01-26 16:50:01,SC8_20240126172001.JPG,2024-01-26 17:20:01,41.0,41.0,0.0,0.0,0.0,16.0,1.2,629.9833333333333,0,Skyler
SC8,SC8_20240127,2,SC8_20240127065001.JPG,2024-01-27 06:50:01,SC8_20240127072001.JPG,2024-01-27 07:20:01,10.0,11.0,1.0,1.0,0.0,10.0,1.3,30.0,0,Skyler
SC8,SC8_20240127,3,SC8_20240127072001.JPG,2024-01-27 07:20:01,SC8_20240127075001.JPG,2024-01-27 07:50:01,11.0,11.0,0.0,0.0,0.0,10.5,1.2,60.0,0,Skyler
SC8,SC8_20240127,4,SC8_20240127075001.JPG,2024-01-27 07:50:01,SC8_20240127082001.JPG,2024-01-27 08:20:01,11.0,11.0,0.0,0.0,0.0,11.5,1.2,90.0,0,Skyler
SC8,SC8_20240127,5,SC8_20240127082001.JPG,2024-01-27 08:20:01,SC8_20240127085001.JPG,2024-01-27 08:50:01,11.0,22.0,11.0,2.2239800905693152,0.0,13.0,0.9,120.0,0,Skyler
SC8,SC8_20240127,6,SC8_20240127085001.JPG,2024-01-27 08:50:01,SC8_20240127092001.JPG,2024-01-27 09:20:01,22.0,22.0,0.0,0.0,0.0,15.0,0.0,150.0,0,Skyler
SC8,SC8_20240127,7,SC8_20240127092001.JPG,2024-01-27 09:20:01,SC8_20240127095001.JPG,2024-01-27 09:50:01,22.0,22.0,0.0,0.0,0.0,16.5,0.7,180.0,0,Skyler
SC8,SC8_20240127,8,SC8_20240127095001.JPG,2024-01-27 09:50:01,SC8_20240127102001.JPG,2024-01-27 10:20:01,22.0,22.0,0.0,0.0,0.0,18.0,0.5,210.0,0,Skyler
SC8,SC8_20240127,9,SC8_20240127102001.JPG,2024-01-27 10:20:01,SC8_20240127105001.JPG,2024-01-27 10:50:01,22.0,4.0,-18.0,-2.6207413942088964,0.0,19.5,2.0,240.0,1,Skyler
SC8,SC8_20240127,10,SC8_20240127105001.JPG,2024-01-27 10:50:01,SC8_20240127112001.JPG,2024-01-27 11:20:01,4.0,3.0,-1.0,-1.0,0.0,20.0,1.6,270.0,0,Skyler
SC9,SC9_20240129,16,SC9_20240129140001.JPG,2024-01-29 14:00:01,SC9_20240129143001.JPG,2024-01-29 14:30:01,0.0,1.0,1.0,1.0,0.0,25.0,0.0,450.0,0,Vincent
UDMH2,UDMH2_20240105,2,UDMH2_20240105122001.JPG,2024-01-05 12:20:01,UDMH2_20240105125001.JPG,2024-01-05 12:50:01,92.0,106.0,14.0,2.4101422641752297,46.0,21.5,2.6,30.0,9,Skyler
UDMH2,UDMH2_20240105,3,UDMH2_20240105125001.JPG,2024-01-05 12:50:01,UDMH2_20240105132001.JPG,2024-01-05 13:20:01,106.0,123.0,17.0,2.571281590658235,39.0,17.5,2.2,60.0,2,Skyler
UDMH2,UDMH2_20240105,4,UDMH2_20240105132001.JPG,2024-01-05 13:20:01,UDMH2_20240105135001.JPG,2024-01-05 13:50:01,123.0,117.0,-6.0,-1.8171205928321397,15.0,17.5,2.2,90.0,8,Skyler
UDMH2,UDMH2_20240105,5,UDMH2_20240105135001.JPG,2024-01-05 13:50:01,UDMH2_20240105142001.JPG,2024-01-05 14:20:01,117.0,188.0,71.0,4.140817749422853,28.0,18.5,2.2,120.0,8,Skyler
UDMH2,UDMH2_20240105,6,UDMH2_20240105142001.JPG,2024-01-05 14:20:01,UDMH2_20240105145001.JPG,2024-01-05 14:50:01,188.0,374.0,186.0,5.708267473384861,29.0,19.5,3.0,150.0,11,Skyler
UDMH2,UDMH2_20240105,7,UDMH2_20240105145001.JPG,2024-01-05 14:50:01,UDMH2_20240105152001.JPG,2024-01-05 15:20:01,374.0,619.0,245.0,6.257324745675973,21.0,19.5,4.1,180.0,27,Skyler
UDMH2,UDMH2_20240105,8,UDMH2_20240105152001.JPG,2024-01-05 15:20:01,UDMH2_20240105155001.JPG,2024-01-05 15:50:01,619.0,371.0,-248.0,-6.2827613047827855,6.0,18.0,3.4,210.0,26,Skyler
UDMH2,UDMH2_20240105,9,UDMH2_20240105155001.JPG,2024-01-05 15:50:01,UDMH2_20240105162001.JPG,2024-01-05 16:20:01,371.0,528.0,157.0,5.394690712109591,7.0,17.0,2.6,240.0,26,Skyler
UDMH2,UDMH2_20240105,10,UDMH2_20240105162001.JPG,2024-01-05 16:20:01,UDMH2_20240105165001.JPG,2024-01-05 16:50:01,528.0,740.0,212.0,5.96273195774369,11.0,16.0,2.6,270.0,11,Skyler
UDMH2,UDMH2_20240105,11,UDMH2_20240105165001.JPG,2024-01-05 16:50:01,UDMH2_20240105172001.JPG,2024-01-05 17:20:01,740.0,950.0,210.0,5.943921952763129,8.0,14.5,2.0,300.0,1,Skyler
UDMH4,UDMH4_20240118,2,UDMH4_20240118155001.JPG,2024-01-18 15:50:01,UDMH4_20240118162001.JPG,2024-01-18 16:20:01,91.0,90.0,-1.0,-1.0,0.0,18.0,0.7,30.0,0,Skyler
UDMH4,UDMH4_20240118,3,UDMH4_20240118162001.JPG,2024-01-18 16:20:01,UDMH4_20240118165001.JPG,2024-01-18 16:50:01,90.0,98.0,8.0,2.0,0.0,14.0,2.0,60.0,1,Skyler
UDMH4,UDMH4_20240118,4,UDMH4_20240118165001.JPG,2024-01-18 16:50:01,UDMH4_20240118172001.JPG,2024-01-18 17:20:01,98.0,98.0,0.0,0.0,0.0,13.0,2.0,90.0,1,Skyler
UDMH4,UDMH4_20240119,2,UDMH4_20240119072000.JPG,2024-01-19 07:20:00,UDMH4_20240119075002.JPG,2024-01-19 07:50:02,97.0,97.0,0.0,0.0,0.0,10.5,2.0,30.033333333333335,1,Skyler
UDMH4,UDMH4_20240119,3,UDMH4_20240119075002.JPG,2024-01-19 07:50:02,UDMH4_20240119082001.JPG,2024-01-19 08:20:01,97.0,69.0,-28.0,-3.0365889718756622,0.0,10.5,5.5,60.016666666666666,22,Skyler
UDMH4,UDMH4_20240119,4,UDMH4_20240119082001.JPG,2024-01-19 08:20:01,UDMH4_20240119085001.JPG,2024-01-19 08:50:01,69.0,51.0,-18.0,-2.6207413942088964,0.0,11.5,6.2,90.01666666666667,30,Skyler
UDMH4,UDMH4_20240119,5,UDMH4_20240119085001.JPG,2024-01-19 08:50:01,UDMH4_20240119092001.JPG,2024-01-19 09:20:01,51.0,33.0,-18.0,-2.6207413942088964,0.0,12.5,4.7,120.01666666666668,30,Skyler
UDMH4,UDMH4_20240119,6,UDMH4_20240119092001.JPG,2024-01-19 09:20:01,UDMH4_20240119095001.JPG,2024-01-19 09:50:01,33.0,20.0,-13.0,-2.3513346877207573,0.0,13.0,7.2,150.01666666666668,30,Skyler
UDMH4,UDMH4_20240119,7,UDMH4_20240119095001.JPG,2024-01-19 09:50:01,UDMH4_20240119102001.JPG,2024-01-19 10:20:01,20.0,9.0,-11.0,-2.2239800905693152,13.0,13.5,6.3,180.01666666666668,30,Skyler
UDMH4,UDMH4_20240119,8,UDMH4_20240119102001.JPG,2024-01-19 10:20:01,UDMH4_20240119105001.JPG,2024-01-19 10:50:01,9.0,2.0,-7.0,-1.912931182772389,3.0,14.5,7.2,210.01666666666668,30,Skyler
UDMH4,UDMH4_20240119,9,UDMH4_20240119105001.JPG,2024-01-19 10:50:01,UDMH4_20240119112001.JPG,2024-01-19 11:20:01,2.0,1.0,-1.0,-1.0,2.0,16.0,7.0,240.01666666666668,30,Skyler
