source_relative_path,original_timestamp_recorded,timestamp_recorded,image_filename
raw/Unusual Deployments/TGR1/20240105/DCIM/100MEDIA/DSCF0002.JPG,2022-09-13T17:04:09,2023-12-15T16:34:52.663,TGR1_20231215163452.JPG
raw/Unusual Deployments/TGR1/20240105/DCIM/100MEDIA/DSCF0003.JPG,2022-09-13T17:06:05,2023-12-15T16:36:48.676,TGR1_20231215163648.JPG
raw/Unusual Deployments/TGR1/20240105/DCIM/100MEDIA/DSCF0004.JPG,2022-09-13T17:16:04,2023-12-15T16:46:47.741,TGR1_20231215164647.JPG
raw/Unusual Deployments/TGR1/20240105/DCIM/100MEDIA/DSCF0005.JPG,2022-09-13T17:26:04,2023-12-15T16:56:47.806,TGR1_20231215165647.JPG
raw/Unusual Deployments/TGR1/20240105/DCIM/100MEDIA/DSCF0006.JPG,2022-09-13T17:36:04,2023-12-15T17:06:47.871,TGR1_20231215170647.JPG
raw/Unusual Deployments/TGR1/20240105/DCIM/100MEDIA/DSCF0007.JPG,2022-09-13T17:46:04,2023-12-15T17:16:47.936,TGR1_20231215171647.JPG
raw/Unusual Deployments/TGR1/20240105/DCIM/100MEDIA/DSCF0008.JPG,2022-09-13T17:56:04,2023-12-15T17:26:48.001,TGR1_20231215172648.JPG
raw/Unusual Deployments/TGR1/20240105/DCIM/100MEDIA/DSCF0009.JPG,2022-09-13T18:06:05,2023-12-15T17:36:49.067,TGR1_20231215173649.JPG
raw/Unusual Deployments/TGR1/20240105/DCIM/100MEDIA/DSCF0010.JPG,2022-09-13T18:16:04,2023-12-15T17:46:48.132,TGR1_20231215174648.JPG
raw/Unusual Deployments/TGR1/20240105/DCIM/100MEDIA/DSCF0011.JPG,2022-09-13T18:26:04,2023-12-15T17:56:48.197,TGR1_20231215175648.JPG
raw/Unusual Deployments/TGR1/20240105/DCIM/100MEDIA/DSCF0012.JPG,2022-09-13T18:36:04,2023-12-15T18:06:48.262,TGR1_20231215180648.JPG
raw/Unusual Deployments/TGR1/20240105/DCIM/100MEDIA/DSCF0013.JPG,2022-09-13T18:46:04,2023-12-15T18:16:48.327,TGR1_20231215181648.JPG
raw/Unusual Deployments/TGR1/20240105/DCIM/100MEDIA/DSCF0014.JPG,2022-09-13T18:56:04,2023-12-15T18:26:48.392,TGR1_20231215182648.JPG
raw/Unusual Deployments/TGR1/20240105/DCIM/100MEDIA/DSCF0015.JPG,2022-09-13T19:06:03,2023-12-15T18:36:47.457,TGR1_20231215183647.JPG
raw/Unusual Deployments/TGR1/20240105/DCIM/100MEDIA/DSCF0016.JPG,2022-09-13T19:16:04,2023-12-15T18:46:48.523,TGR1_20231215184648.JPG
raw/Unusual Deployments/TGR1/20240105/DCIM/100MEDIA/DSCF0017.JPG,2022-09-13T19:26:04,2023-12-15T18:56:48.588,TGR1_20231215185648.JPG
raw/Unusual Deployments/TGR1/20240105/DCIM/100MEDIA/DSCF0018.JPG,2022-09-13T19:36:04,2023-12-15T19:06:48.653,TGR1_20231215190648.JPG
raw/Unusual Deployments/TGR1/20240105/DCIM/100MEDIA/DSCF0019.JPG,2022-09-13T19:46:04,2023-12-15T19:16:48.718,TGR1_20231215191648.JPG
raw/Unusual Deployments/TGR1/20240105/DCIM/100MEDIA/DSCF0020.JPG,2022-09-13T19:56:04,2023-12-15T19:26:48.783,TGR1_20231215192648.JPG
raw/Unusual Deployments/TGR1/20240105/DCIM/100MEDIA/DSCF0021.JPG,2022-09-13T20:06:04,2023-12-15T19:36:48.848,TGR1_20231215193648.JPG
raw/Unusual Deployments/TGR1/20240105/DCIM/100MEDIA/DSCF0022.JPG,2022-09-13T20:16:04,2023-12-15T19:46:48.914,TGR1_20231215194648.JPG
raw/Unusual Deployments/TGR1/20240105/DCIM/100MEDIA/DSCF0023.JPG,2022-09-13T20:26:04,2023-12-15T19:56:48.979,TGR1_20231215195648.JPG
raw/Unusual Deployments/TGR1/20240105/DCIM/100MEDIA/DSCF0024.JPG,2022-09-13T20:36:04,2023-12-15T20:06:49.044,TGR1_20231215200649.JPG
raw/Unusual Deployments/TGR1/20240105/DCIM/100MEDIA/DSCF0025.JPG,2022-09-13T20:46:04,2023-12-15T20:16:49.109,TGR1_20231215201649.JPG
raw/Unusual Deployments/TGR1/20240105/DCIM/100MEDIA/DSCF0026.JPG,2022-09-13T20:56:04,2023-12-15T20:26:49.174,TGR1_20231215202649.JPG
raw/Unusual Deployments/TGR1/20240105/DCIM/100MEDIA/DSCF0027.JPG,2022-09-13T21:06:04,2023-12-15T20:36:49.239,TGR1_20231215203649.JPG
raw/Unusual Deployments/TGR1/20240105/DCIM/100MEDIA/DSCF0028.JPG,2022-09-13T21:16:04,2023-12-15T20:46:49.305,TGR1_20231215204649.JPG
raw/Unusual Deployments/TGR1/20240105/DCIM/100MEDIA/DSCF0029.JPG,2022-09-13T21:26:04,2023-12-15T20:56:49.370,TGR1_20231215205649.JPG
raw/Unusual Deployments/TGR1/20240105/DCIM/100MEDIA/DSCF0030.JPG,2022-09-13T21:36:04,2023-12-15T21:06:49.435,TGR1_20231215210649.JPG
raw/Unusual Deployments/TGR1/20240105/DCIM/100MEDIA/DSCF0031.JPG,2022-09-13T21:46:04,2023-12-15T21:16:49.500,TGR1_20231215211649.JPG
raw/Unusual Deployments/TGR1/20240105/DCIM/100MEDIA/DSCF0032.JPG,2022-09-13T21:56:04,2023-12-15T21:26:49.565,TGR1_20231215212649.JPG
raw/Unusual Deployments/TGR1/20240105/DCIM/100MEDIA/DSCF0033.JPG,2022-09-13T22:06:04,2023-12-15T21:36:49.630,TGR1_20231215213649.JPG
raw/Unusual Deployments/TGR1/20240105/DCIM/100MEDIA/DSCF0034.JPG,2022-09-13T22:16:04,2023-12-15T21:46:49.696,TGR1_20231215214649.JPG
raw/Unusual Deployments/TGR1/20240105/DCIM/100MEDIA/DSCF0035.JPG,2022-09-13T22:26:04,2023-12-15T21:56:49.761,TGR1_20231215215649.JPG
raw/Unusual Deployments/TGR1/20240105/DCIM/100MEDIA/DSCF0036.JPG,2022-09-13T22:46:05,2023-12-15T22:16:50.891,TGR1_20231215221650.JPG
raw/Unusual Deployments/TGR1/20240105/DCIM/100MEDIA/DSCF0037.JPG,2022-09-13T22:56:04,2023-12-15T22:26:49.956,TGR1_20231215222649.JPG
raw/Unusual Deployments/TGR1/20240105/DCIM/100MEDIA/DSCF0038.JPG,2022-09-13T23:06:04,2023-12-15T22:36:50.021,TGR1_20231215223650.JPG
raw/Unusual Deployments/TGR1/20240105/DCIM/100MEDIA/DSCF0039.JPG,2022-09-13T23:16:04,2023-12-15T22:46:50.087,TGR1_20231215224650.JPG
raw/Unusual Deployments/TGR1/20240105/DCIM/100MEDIA/DSCF0040.JPG,2022-09-13T23:26:04,2023-12-15T22:56:50.152,TGR1_20231215225650.JPG
raw/Unusual Deployments/TGR1/20240105/DCIM/100MEDIA/DSCF0041.JPG,2022-09-13T23:36:04,2023-12-15T23:06:50.217,TGR1_20231215230650.JPG
raw/Unusual Deployments/TGR1/20240105/DCIM/100MEDIA/DSCF0042.JPG,2022-09-13T23:46:04,2023-12-15T23:16:50.282,TGR1_20231215231650.JPG
raw/Unusual Deployments/TGR1/20240105/DCIM/100MEDIA/DSCF0043.JPG,2022-09-13T23:56:04,2023-12-15T23:26:50.347,TGR1_20231215232650.JPG
raw/Unusual Deployments/TGR1/20240105/DCIM/100MEDIA/DSCF0044.JPG,2022-09-14T00:06:04,2023-12-15T23:36:50.412,TGR1_20231215233650.JPG
raw/Unusual Deployments/TGR1/20240105/DCIM/100MEDIA/DSCF0045.JPG,2022-09-14T00:16:04,2023-12-15T23:46:50.478,TGR1_20231215234650.JPG
raw/Unusual Deployments/TGR1/20240105/DCIM/100MEDIA/DSCF0046.JPG,2022-09-14T00:26:04,2023-12-15T23:56:50.543,TGR1_20231215235650.JPG
raw/Unusual Deployments/TGR1/20240105/DCIM/100MEDIA/DSCF0047.JPG,2022-09-14T00:36:04,2023-12-16T00:06:50.608,TGR1_20231216000650.JPG
raw/Unusual Deployments/TGR1/20240105/DCIM/100MEDIA/DSCF0048.JPG,2022-09-14T00:46:04,2023-12-16T00:16:50.673,TGR1_20231216001650.JPG
raw/Unusual Deployments/TGR1/20240105/DCIM/100MEDIA/DSCF0049.JPG,2022-09-14T00:56:04,2023-12-16T00:26:50.738,TGR1_20231216002650.JPG
raw/Unusual Deployments/TGR1/20240105/DCIM/100MEDIA/DSCF0050.JPG,2022-09-14T01:06:04,2023-12-16T00:36:50.803,TGR1_20231216003650.JPG
raw/Unusual Deployments/TGR1/20240105/DCIM/100MEDIA/DSCF0051.JPG,2022-09-14T01:16:04,2023-12-16T00:46:50.869,TGR1_20231216004650.JPG
raw/Unusual Deployments/TGR1/20240105/DCIM/100MEDIA/DSCF0052.JPG,2022-09-14T01:26:04,2023-12-16T00:56:50.934,TGR1_20231216005650.JPG
raw/Unusual Deployments/TGR1/20240105/DCIM/100MEDIA/DSCF0053.JPG,2022-09-14T01:36:04,2023-12-16T01:06:50.999,TGR1_20231216010650.JPG
raw/Unusual Deployments/TGR1/20240105/DCIM/100MEDIA/DSCF0054.JPG,2022-09-14T01:46:04,2023-12-16T01:16:51.064,TGR1_20231216011651.JPG
raw/Unusual Deployments/TGR1/20240105/DCIM/100MEDIA/DSCF0055.JPG,2022-09-14T01:56:04,2023-12-16T01:26:51.129,TGR1_20231216012651.JPG
raw/Unusual Deployments/TGR1/20240105/DCIM/100MEDIA/DSCF0056.JPG,2022-09-14T02:06:04,2023-12-16T01:36:51.194,TGR1_20231216013651.JPG
raw/Unusual Deployments/TGR1/20240105/DCIM/100MEDIA/DSCF0057.JPG,2022-09-14T02:16:04,2023-12-16T01:46:51.260,TGR1_20231216014651.JPG
raw/Unusual Deployments/TGR1/20240105/DCIM/100MEDIA/DSCF0058.JPG,2022-09-14T02:26:04,2023-12-16T01:56:51.325,TGR1_20231216015651.JPG
raw/Unusual Deployments/TGR1/20240105/DCIM/100MEDIA/DSCF0059.JPG,2022-09-14T02:36:04,2023-12-16T02:06:51.390,TGR1_20231216020651.JPG
raw/Unusual Deployments/TGR1/20240105/DCIM/100MEDIA/DSCF0060.JPG,2022-09-14T02:46:04,2023-12-16T02:16:51.455,TGR1_20231216021651.JPG
raw/Unusual Deployments/TGR1/20240105/DCIM/100MEDIA/DSCF0061.JPG,2022-09-14T02:56:04,2023-12-16T02:26:51.520,TGR1_20231216022651.JPG
raw/Unusual Deployments/TGR1/20240105/DCIM/100MEDIA/DSCF0062.JPG,2022-09-14T03:06:04,2023-12-16T02:36:51.585,TGR1_20231216023651.JPG
raw/Unusual Deployments/TGR1/20240105/DCIM/100MEDIA/DSCF0063.JPG,2022-09-14T03:16:04,2023-12-16T02:46:51.651,TGR1_20231216024651.JPG
raw/Unusual Deployments/TGR1/20240105/DCIM/100MEDIA/DSCF0064.JPG,2022-09-14T03:26:04,2023-12-16T02:56:51.716,TGR1_20231216025651.JPG
raw/Unusual Deployments/TGR1/20240105/DCIM/100MEDIA/DSCF0065.JPG,2022-09-14T03:36:04,2023-12-16T03:06:51.781,TGR1_20231216030651.JPG
raw/Unusual Deployments/TGR1/20240105/DCIM/100MEDIA/DSCF0066.JPG,2022-09-14T03:46:04,2023-12-16T03:16:51.846,TGR1_20231216031651.JPG
raw/Unusual Deployments/TGR1/20240105/DCIM/100MEDIA/DSCF0067.JPG,2022-09-14T03:56:04,2023-12-16T03:26:51.911,TGR1_20231216032651.JPG
raw/Unusual Deployments/TGR1/20240105/DCIM/100MEDIA/DSCF0068.JPG,2022-09-14T04:06:04,2023-12-16T03:36:51.976,TGR1_20231216033651.JPG
raw/Unusual Deployments/TGR1/20240105/DCIM/100MEDIA/DSCF0069.JPG,2022-09-14T04:16:04,2023-12-16T03:46:52.042,TGR1_20231216034652.JPG
raw/Unusual Deployments/TGR1/20240105/DCIM/100MEDIA/DSCF0070.JPG,2022-09-14T04:26:04,2023-12-16T03:56:52.107,TGR1_20231216035652.JPG
raw/Unusual Deployments/TGR1/20240105/DCIM/100MEDIA/DSCF0071.JPG,2022-09-14T04:36:04,2023-12-16T04:06:52.172,TGR1_20231216040652.JPG
raw/Unusual Deployments/TGR1/20240105/DCIM/100MEDIA/DSCF0072.JPG,2022-09-14T04:46:04,2023-12-16T04:16:52.237,TGR1_20231216041652.JPG
raw/Unusual Deployments/TGR1/20240105/DCIM/100MEDIA/DSCF0073.JPG,2022-09-14T04:56:04,2023-12-16T04:26:52.302,TGR1_20231216042652.JPG
raw/Unusual Deployments/TGR1/20240105/DCIM/100MEDIA/DSCF0074.JPG,2022-09-14T05:06:04,2023-12-16T04:36:52.367,TGR1_20231216043652.JPG
raw/Unusual Deployments/TGR1/20240105/DCIM/100MEDIA/DSCF0075.JPG,2022-09-14T05:16:04,2023-12-16T04:46:52.433,TGR1_20231216044652.JPG
raw/Unusual Deployments/TGR1/20240105/DCIM/100MEDIA/DSCF0076.JPG,2022-09-14T05:26:04,2023-12-16T04:56:52.498,TGR1_20231216045652.JPG
raw/Unusual Deployments/TGR1/20240105/DCIM/100MEDIA/DSCF0077.JPG,2022-09-14T05:36:04,2023-12-16T05:06:52.563,TGR1_20231216050652.JPG
raw/Unusual Deployments/TGR1/20240105/DCIM/100MEDIA/DSCF0078.JPG,2022-09-14T05:46:04,2023-12-16T05:16:52.628,TGR1_20231216051652.JPG
raw/Unusual Deployments/TGR1/20240105/DCIM/100MEDIA/DSCF0079.JPG,2022-09-14T05:56:04,2023-12-16T05:26:52.693,TGR1_20231216052652.JPG
raw/Unusual Deployments/TGR1/20240105/DCIM/100MEDIA/DSCF0080.JPG,2022-09-14T06:06:04,2023-12-16T05:36:52.758,TGR1_20231216053652.JPG
raw/Unusual Deployments/TGR1/20240105/DCIM/100MEDIA/DSCF0081.JPG,2022-09-14T06:16:04,2023-12-16T05:46:52.824,TGR1_20231216054652.JPG
raw/Unusual Deployments/TGR1/20240105/DCIM/100MEDIA/DSCF0082.JPG,2022-09-14T06:26:04,2023-12-16T05:56:52.889,TGR1_20231216055652.JPG
raw/Unusual Deployments/TGR1/20240105/DCIM/100MEDIA/DSCF0083.JPG,2022-09-14T06:36:04,2023-12-16T06:06:52.954,TGR1_20231216060652.JPG
raw/Unusual Deployments/TGR1/20240105/DCIM/100MEDIA/DSCF0084.JPG,2022-09-14T06:46:04,2023-12-16T06:16:53.019,TGR1_20231216061653.JPG
raw/Unusual Deployments/TGR1/20240105/DCIM/100MEDIA/DSCF0085.JPG,2022-09-14T06:56:04,2023-12-16T06:26:53.084,TGR1_20231216062653.JPG
raw/Unusual Deployments/TGR1/20240105/DCIM/100MEDIA/DSCF0086.JPG,2022-09-14T07:06:04,2023-12-16T06:36:53.149,TGR1_20231216063653.JPG
raw/Unusual Deployments/TGR1/20240105/DCIM/100MEDIA/DSCF0087.JPG,2022-09-14T07:16:04,2023-12-16T06:46:53.215,TGR1_20231216064653.JPG
raw/Unusual Deployments/TGR1/20240105/DCIM/100MEDIA/DSCF0088.JPG,2022-09-14T07:26:04,2023-12-16T06:56:53.280,TGR1_20231216065653.JPG
raw/Unusual Deployments/TGR1/20240105/DCIM/100MEDIA/DSCF0089.JPG,2022-09-14T07:36:04,2023-12-16T07:06:53.345,TGR1_20231216070653.JPG
raw/Unusual Deployments/TGR1/20240105/DCIM/100MEDIA/DSCF0090.JPG,2022-09-14T07:46:03,2023-12-16T07:16:52.410,TGR1_20231216071652.JPG
raw/Unusual Deployments/TGR1/20240105/DCIM/100MEDIA/DSCF0091.JPG,2022-09-14T07:56:04,2023-12-16T07:26:53.475,TGR1_20231216072653.JPG
raw/Unusual Deployments/TGR1/20240105/DCIM/100MEDIA/DSCF0092.JPG,2022-09-14T08:06:04,2023-12-16T07:36:53.540,TGR1_20231216073653.JPG
raw/Unusual Deployments/TGR1/20240105/DCIM/100MEDIA/DSCF0093.JPG,2022-09-14T08:16:04,2023-12-16T07:46:53.606,TGR1_20231216074653.JPG
raw/Unusual Deployments/TGR1/20240105/DCIM/100MEDIA/DSCF0094.JPG,2022-09-14T08:26:04,2023-12-16T07:56:53.671,TGR1_20231216075653.JPG
raw/Unusual Deployments/TGR1/20240105/DCIM/100MEDIA/DSCF0095.JPG,2022-09-14T08:36:04,2023-12-16T08:06:53.736,TGR1_20231216080653.JPG
raw/Unusual Deployments/TGR1/20240105/DCIM/100MEDIA/DSCF0096.JPG,2022-09-14T08:46:04,2023-12-16T08:16:53.801,TGR1_20231216081653.JPG
raw/Unusual Deployments/TGR1/20240105/DCIM/100MEDIA/DSCF0097.JPG,2022-09-14T08:56:04,2023-12-16T08:26:53.866,TGR1_20231216082653.JPG
raw/Unusual Deployments/TGR1/20240105/DCIM/100MEDIA/DSCF0098.JPG,2022-09-14T09:06:04,2023-12-16T08:36:53.931,TGR1_20231216083653.JPG
raw/Unusual Deployments/TGR1/20240105/DCIM/100MEDIA/DSCF0099.JPG,2022-09-14T09:16:04,2023-12-16T08:46:53.997,TGR1_20231216084653.JPG
raw/Unusual Deployments/TGR1/20240105/DCIM/100MEDIA/DSCF0100.JPG,2022-09-14T09:26:04,2023-12-16T08:56:54.062,TGR1_20231216085654.JPG
raw/Unusual Deployments/TGR1/20240105/DCIM/100MEDIA/DSCF0101.JPG,2022-09-14T09:36:04,2023-12-16T09:06:54.127,TGR1_20231216090654.JPG
raw/Unusual Deployments/TGR1/20240105/DCIM/100MEDIA/DSCF0102.JPG,2022-09-14T09:46:04,2023-12-16T09:16:54.192,TGR1_20231216091654.JPG
raw/Unusual Deployments/TGR1/20240105/DCIM/100MEDIA/DSCF0103.JPG,2022-09-14T09:56:04,2023-12-16T09:26:54.257,TGR1_20231216092654.JPG
raw/Unusual Deployments/TGR1/20240105/DCIM/100MEDIA/DSCF0104.JPG,2022-09-14T10:06:04,2023-12-16T09:36:54.322,TGR1_20231216093654.JPG
raw/Unusual Deployments/TGR1/20240105/DCIM/100MEDIA/DSCF0105.JPG,2022-09-14T10:16:04,2023-12-16T09:46:54.388,TGR1_20231216094654.JPG
raw/Unusual Deployments/TGR1/20240105/DCIM/100MEDIA/DSCF0106.JPG,2022-09-14T10:26:04,2023-12-16T09:56:54.453,TGR1_20231216095654.JPG
raw/Unusual Deployments/TGR1/20240105/DCIM/100MEDIA/DSCF0107.JPG,2022-09-14T10:36:04,2023-12-16T10:06:54.518,TGR1_20231216100654.JPG
raw/Unusual Deployments/TGR1/20240105/DCIM/100MEDIA/DSCF0108.JPG,2022-09-14T10:46:04,2023-12-16T10:16:54.583,TGR1_20231216101654.JPG
raw/Unusual Deployments/TGR1/20240105/DCIM/100MEDIA/DSCF0109.JPG,2022-09-14T10:56:04,2023-12-16T10:26:54.648,TGR1_20231216102654.JPG
raw/Unusual Deployments/TGR1/20240105/DCIM/100MEDIA/DSCF0110.JPG,2022-09-14T11:06:04,2023-12-16T10:36:54.713,TGR1_20231216103654.JPG
raw/Unusual Deployments/TGR1/20240105/DCIM/100MEDIA/DSCF0111.JPG,2022-09-14T11:16:04,2023-12-16T10:46:54.779,TGR1_20231216104654.JPG
raw/Unusual Deployments/TGR1/20240105/DCIM/100MEDIA/DSCF0112.JPG,2022-09-14T11:26:04,2023-12-16T10:56:54.844,TGR1_20231216105654.JPG
raw/Unusual Deployments/TGR1/20240105/DCIM/100MEDIA/DSCF0113.JPG,2022-09-14T11:36:04,2023-12-16T11:06:54.909,TGR1_20231216110654.JPG
raw/Unusual Deployments/TGR1/20240105/DCIM/100MEDIA/DSCF0114.JPG,2022-09-14T11:46:04,2023-12-16T11:16:54.974,TGR1_20231216111654.JPG
raw/Unusual Deployments/TGR1/20240105/DCIM/100MEDIA/DSCF0115.JPG,2022-09-14T11:56:04,2023-12-16T11:26:55.039,TGR1_20231216112655.JPG
raw/Unusual Deployments/TGR1/20240105/DCIM/100MEDIA/DSCF0116.JPG,2022-09-14T12:06:04,2023-12-16T11:36:55.104,TGR1_20231216113655.JPG
raw/Unusual Deployments/TGR1/20240105/DCIM/100MEDIA/DSCF0117.JPG,2022-09-14T12:16:04,2023-12-16T11:46:55.170,TGR1_20231216114655.JPG
raw/Unusual Deployments/TGR1/20240105/DCIM/100MEDIA/DSCF0118.JPG,2022-09-14T12:26:04,2023-12-16T11:56:55.235,TGR1_20231216115655.JPG
raw/Unusual Deployments/TGR1/20240105/DCIM/100MEDIA/DSCF0119.JPG,2022-09-14T12:36:04,2023-12-16T12:06:55.300,TGR1_20231216120655.JPG
raw/Unusual Deployments/TGR1/20240105/DCIM/100MEDIA/DSCF0120.JPG,2022-09-14T12:46:04,2023-12-16T12:16:55.365,TGR1_20231216121655.JPG
raw/Unusual Deployments/TGR1/20240105/DCIM/100MEDIA/DSCF0121.JPG,2022-09-14T12:56:04,2023-12-16T12:26:55.430,TGR1_20231216122655.JPG
raw/Unusual Deployments/TGR1/20240105/DCIM/100MEDIA/DSCF0122.JPG,2022-09-14T13:06:04,2023-12-16T12:36:55.495,TGR1_20231216123655.JPG
raw/Unusual Deployments/TGR1/20240105/DCIM/100MEDIA/DSCF0123.JPG,2022-09-14T13:16:04,2023-12-16T12:46:55.560,TGR1_20231216124655.JPG
raw/Unusual Deployments/TGR1/20240105/DCIM/100MEDIA/DSCF0124.JPG,2022-09-14T13:26:04,2023-12-16T12:56:55.626,TGR1_20231216125655.JPG
raw/Unusual Deployments/TGR1/20240105/DCIM/100MEDIA/DSCF0125.JPG,2022-09-14T13:36:04,2023-12-16T13:06:55.691,TGR1_20231216130655.JPG
raw/Unusual Deployments/TGR1/20240105/DCIM/100MEDIA/DSCF0126.JPG,2022-09-14T13:46:04,2023-12-16T13:16:55.756,TGR1_20231216131655.JPG
raw/Unusual Deployments/TGR1/20240105/DCIM/100MEDIA/DSCF0127.JPG,2022-09-14T13:56:04,2023-12-16T13:26:55.821,TGR1_20231216132655.JPG
raw/Unusual Deployments/TGR1/20240105/DCIM/100MEDIA/DSCF0128.JPG,2022-09-14T14:06:04,2023-12-16T13:36:55.886,TGR1_20231216133655.JPG
raw/Unusual Deployments/TGR1/20240105/DCIM/100MEDIA/DSCF0129.JPG,2022-09-14T14:16:04,2023-12-16T13:46:55.951,TGR1_20231216134655.JPG
raw/Unusual Deployments/TGR1/20240105/DCIM/100MEDIA/DSCF0130.JPG,2022-09-14T14:26:04,2023-12-16T13:56:56.017,TGR1_20231216135656.JPG
raw/Unusual Deployments/TGR1/20240105/DCIM/100MEDIA/DSCF0131.JPG,2022-09-14T14:36:04,2023-12-16T14:06:56.082,TGR1_20231216140656.JPG
raw/Unusual Deployments/TGR1/20240105/DCIM/100MEDIA/DSCF0132.JPG,2022-09-14T14:46:04,2023-12-16T14:16:56.147,TGR1_20231216141656.JPG
raw/Unusual Deployments/TGR1/20240105/DCIM/100MEDIA/DSCF0133.JPG,2022-09-14T14:56:04,2023-12-16T14:26:56.212,TGR1_20231216142656.JPG
raw/Unusual Deployments/TGR1/20240105/DCIM/100MEDIA/DSCF0134.JPG,2022-09-14T15:06:04,2023-12-16T14:36:56.277,TGR1_20231216143656.JPG
raw/Unusual Deployments/TGR1/20240105/DCIM/100MEDIA/DSCF0135.JPG,2022-09-14T15:16:04,2023-12-16T14:46:56.342,TGR1_20231216144656.JPG
raw/Unusual Deployments/TGR1/20240105/DCIM/100MEDIA/DSCF0136.JPG,2022-09-14T15:26:04,2023-12-16T14:56:56.408,TGR1_20231216145656.JPG
raw/Unusual Deployments/TGR1/20240105/DCIM/100MEDIA/DSCF0137.JPG,2022-09-14T15:36:04,2023-12-16T15:06:56.473,TGR1_20231216150656.JPG
raw/Unusual Deployments/TGR1/20240105/DCIM/100MEDIA/DSCF0138.JPG,2022-09-14T15:46:04,2023-12-16T15:16:56.538,TGR1_20231216151656.JPG
raw/Unusual Deployments/TGR1/20240105/DCIM/100MEDIA/DSCF0139.JPG,2022-09-14T15:56:04,2023-12-16T15:26:56.603,TGR1_20231216152656.JPG
raw/Unusual Deployments/TGR1/20240105/DCIM/100MEDIA/DSCF0140.JPG,2022-09-14T16:06:04,2023-12-16T15:36:56.668,TGR1_20231216153656.JPG
raw/Unusual Deployments/TGR1/20240105/DCIM/100MEDIA/DSCF0141.JPG,2022-09-14T16:16:04,2023-12-16T15:46:56.733,TGR1_20231216154656.JPG
raw/Unusual Deployments/TGR1/20240105/DCIM/100MEDIA/DSCF0142.JPG,2022-09-14T16:26:04,2023-12-16T15:56:56.799,TGR1_20231216155656.JPG
raw/Unusual Deployments/TGR1/20240105/DCIM/100MEDIA/DSCF0143.JPG,2022-09-14T16:36:04,2023-12-16T16:06:56.864,TGR1_20231216160656.JPG
raw/Unusual Deployments/TGR1/20240105/DCIM/100MEDIA/DSCF0144.JPG,2022-09-14T16:46:04,2023-12-16T16:16:56.929,TGR1_20231216161656.JPG
raw/Unusual Deployments/TGR1/20240105/DCIM/100MEDIA/DSCF0145.JPG,2022-09-14T16:56:04,2023-12-16T16:26:56.994,TGR1_20231216162656.JPG
raw/Unusual Deployments/TGR1/20240105/DCIM/100MEDIA/DSCF0146.JPG,2022-09-14T17:06:04,2023-12-16T16:36:57.059,TGR1_20231216163657.JPG
raw/Unusual Deployments/TGR1/20240105/DCIM/100MEDIA/DSCF0147.JPG,2022-09-14T17:16:04,2023-12-16T16:46:57.124,TGR1_20231216164657.JPG
raw/Unusual Deployments/TGR1/20240105/DCIM/100MEDIA/DSCF0148.JPG,2022-09-14T17:26:04,2023-12-16T16:56:57.190,TGR1_20231216165657.JPG
raw/Unusual Deployments/TGR1/20240105/DCIM/100MEDIA/DSCF0149.JPG,2022-09-14T17:36:04,2023-12-16T17:06:57.255,TGR1_20231216170657.JPG
raw/Unusual Deployments/TGR1/20240105/DCIM/100MEDIA/DSCF0150.JPG,2022-09-14T17:46:04,2023-12-16T17:16:57.320,TGR1_20231216171657.JPG
raw/Unusual Deployments/TGR1/20240105/DCIM/100MEDIA/DSCF0151.JPG,2022-09-14T17:56:04,2023-12-16T17:26:57.385,TGR1_20231216172657.JPG
raw/Unusual Deployments/TGR1/20240105/DCIM/100MEDIA/DSCF0152.JPG,2022-09-14T18:06:05,2023-12-16T17:36:58.450,TGR1_20231216173658.JPG
raw/Unusual Deployments/TGR1/20240105/DCIM/100MEDIA/DSCF0153.JPG,2022-09-14T18:16:04,2023-12-16T17:46:57.515,TGR1_20231216174657.JPG
raw/Unusual Deployments/TGR1/20240105/DCIM/100MEDIA/DSCF0154.JPG,2022-09-14T18:26:04,2023-12-16T17:56:57.581,TGR1_20231216175657.JPG
raw/Unusual Deployments/TGR1/20240105/DCIM/100MEDIA/DSCF0155.JPG,2022-09-14T18:36:04,2023-12-16T18:06:57.646,TGR1_20231216180657.JPG
raw/Unusual Deployments/TGR1/20240105/DCIM/100MEDIA/DSCF0156.JPG,2022-09-14T18:46:04,2023-12-16T18:16:57.711,TGR1_20231216181657.JPG
raw/Unusual Deployments/TGR1/20240105/DCIM/100MEDIA/DSCF0157.JPG,2022-09-14T18:56:04,2023-12-16T18:26:57.776,TGR1_20231216182657.JPG
raw/Unusual Deployments/TGR1/20240105/DCIM/100MEDIA/DSCF0158.JPG,2022-09-14T19:06:04,2023-12-16T18:36:57.841,TGR1_20231216183657.JPG
raw/Unusual Deployments/TGR1/20240105/DCIM/100MEDIA/DSCF0159.JPG,2022-09-14T19:16:04,2023-12-16T18:46:57.906,TGR1_20231216184657.JPG
raw/Unusual Deployments/TGR1/20240105/DCIM/100MEDIA/DSCF0160.JPG,2022-09-14T19:26:04,2023-12-16T18:56:57.972,TGR1_20231216185657.JPG
raw/Unusual Deployments/TGR1/20240105/DCIM/100MEDIA/DSCF0161.JPG,2022-09-14T19:36:04,2023-12-16T19:06:58.037,TGR1_20231216190658.JPG
raw/Unusual Deployments/TGR1/20240105/DCIM/100MEDIA/DSCF0162.JPG,2022-09-14T19:46:04,2023-12-16T19:16:58.102,TGR1_20231216191658.JPG
raw/Unusual Deployments/TGR1/20240105/DCIM/100MEDIA/DSCF0163.JPG,2022-09-14T19:56:04,2023-12-16T19:26:58.167,TGR1_20231216192658.JPG
raw/Unusual Deployments/TGR1/20240105/DCIM/100MEDIA/DSCF0164.JPG,2022-09-14T20:06:04,2023-12-16T19:36:58.232,TGR1_20231216193658.JPG
raw/Unusual Deployments/TGR1/20240105/DCIM/100MEDIA/DSCF0165.JPG,2022-09-14T20:16:04,2023-12-16T19:46:58.297,TGR1_20231216194658.JPG
raw/Unusual Deployments/TGR1/20240105/DCIM/100MEDIA/DSCF0166.JPG,2022-09-14T20:26:04,2023-12-16T19:56:58.363,TGR1_20231216195658.JPG
raw/Unusual Deployments/TGR1/20240105/DCIM/100MEDIA/DSCF0167.JPG,2022-09-14T20:36:04,2023-12-16T20:06:58.428,TGR1_20231216200658.JPG
raw/Unusual Deployments/TGR1/20240105/DCIM/100MEDIA/DSCF0168.JPG,2022-09-14T20:46:04,2023-12-16T20:16:58.493,TGR1_20231216201658.JPG
raw/Unusual Deployments/TGR1/20240105/DCIM/100MEDIA/DSCF0169.JPG,2022-09-14T20:56:04,2023-12-16T20:26:58.558,TGR1_20231216202658.JPG
raw/Unusual Deployments/TGR1/20240105/DCIM/100MEDIA/DSCF0170.JPG,2022-09-14T21:06:04,2023-12-16T20:36:58.623,TGR1_20231216203658.JPG
raw/Unusual Deployments/TGR1/20240105/DCIM/100MEDIA/DSCF0171.JPG,2022-09-14T21:16:04,2023-12-16T20:46:58.688,TGR1_20231216204658.JPG
raw/Unusual Deployments/TGR1/20240105/DCIM/100MEDIA/DSCF0172.JPG,2022-09-14T21:26:04,2023-12-16T20:56:58.754,TGR1_20231216205658.JPG
raw/Unusual Deployments/TGR1/20240105/DCIM/100MEDIA/DSCF0173.JPG,2022-09-14T21:36:04,2023-12-16T21:06:58.819,TGR1_20231216210658.JPG
raw/Unusual Deployments/TGR1/20240105/DCIM/100MEDIA/DSCF0174.JPG,2022-09-14T21:46:04,2023-12-16T21:16:58.884,TGR1_20231216211658.JPG
raw/Unusual Deployments/TGR1/20240105/DCIM/100MEDIA/DSCF0175.JPG,2022-09-14T21:56:04,2023-12-16T21:26:58.949,TGR1_20231216212658.JPG
raw/Unusual Deployments/TGR1/20240105/DCIM/100MEDIA/DSCF0176.JPG,2022-09-14T22:06:04,2023-12-16T21:36:59.014,TGR1_20231216213659.JPG
raw/Unusual Deployments/TGR1/20240105/DCIM/100MEDIA/DSCF0177.JPG,2022-09-14T22:16:04,2023-12-16T21:46:59.079,TGR1_20231216214659.JPG
raw/Unusual Deployments/TGR1/20240105/DCIM/100MEDIA/DSCF0178.JPG,2022-09-14T22:26:04,2023-12-16T21:56:59.145,TGR1_20231216215659.JPG
raw/Unusual Deployments/TGR1/20240105/DCIM/100MEDIA/DSCF0179.JPG,2022-09-14T22:36:04,2023-12-16T22:06:59.210,TGR1_20231216220659.JPG
raw/Unusual Deployments/TGR1/20240105/DCIM/100MEDIA/DSCF0180.JPG,2022-09-14T22:46:04,2023-12-16T22:16:59.275,TGR1_20231216221659.JPG
raw/Unusual Deployments/TGR1/20240105/DCIM/100MEDIA/DSCF0181.JPG,2022-09-14T22:56:04,2023-12-16T22:26:59.340,TGR1_20231216222659.JPG
raw/Unusual Deployments/TGR1/20240105/DCIM/100MEDIA/DSCF0182.JPG,2022-09-14T23:06:04,2023-12-16T22:36:59.405,TGR1_20231216223659.JPG
raw/Unusual Deployments/TGR1/20240105/DCIM/100MEDIA/DSCF0183.JPG,2022-09-14T23:16:04,2023-12-16T22:46:59.470,TGR1_20231216224659.JPG
raw/Unusual Deployments/TGR1/20240105/DCIM/100MEDIA/DSCF0184.JPG,2022-09-14T23:26:04,2023-12-16T22:56:59.536,TGR1_20231216225659.JPG
raw/Unusual Deployments/TGR1/20240105/DCIM/100MEDIA/DSCF0185.JPG,2022-09-14T23:36:04,2023-12-16T23:06:59.601,TGR1_20231216230659.JPG
raw/Unusual Deployments/TGR1/20240105/DCIM/100MEDIA/DSCF0186.JPG,2022-09-14T23:46:04,2023-12-16T23:16:59.666,TGR1_20231216231659.JPG
raw/Unusual Deployments/TGR1/20240105/DCIM/100MEDIA/DSCF0187.JPG,2022-09-14T23:56:04,2023-12-16T23:26:59.731,TGR1_20231216232659.JPG
raw/Unusual Deployments/TGR1/20240105/DCIM/100MEDIA/DSCF0188.JPG,2022-09-15T00:06:04,2023-12-16T23:36:59.796,TGR1_20231216233659.JPG
raw/Unusual Deployments/TGR1/20240105/DCIM/100MEDIA/DSCF0189.JPG,2022-09-15T00:16:04,2023-12-16T23:46:59.861,TGR1_20231216234659.JPG
raw/Unusual Deployments/TGR1/20240105/DCIM/100MEDIA/DSCF0190.JPG,2022-09-15T00:26:04,2023-12-16T23:56:59.927,TGR1_20231216235659.JPG
raw/Unusual Deployments/TGR1/20240105/DCIM/100MEDIA/DSCF0191.JPG,2022-09-15T00:36:04,2023-12-17T00:06:59.992,TGR1_20231217000659.JPG
raw/Unusual Deployments/TGR1/20240105/DCIM/100MEDIA/DSCF0192.JPG,2022-09-15T00:46:04,2023-12-17T00:17:00.057,TGR1_20231217001700.JPG
raw/Unusual Deployments/TGR1/20240105/DCIM/100MEDIA/DSCF0193.JPG,2022-09-15T00:56:04,2023-12-17T00:27:00.122,TGR1_20231217002700.JPG
raw/Unusual Deployments/TGR1/20240105/DCIM/100MEDIA/DSCF0194.JPG,2022-09-15T01:06:04,2023-12-17T00:37:00.187,TGR1_20231217003700.JPG
raw/Unusual Deployments/TGR1/20240105/DCIM/100MEDIA/DSCF0195.JPG,2022-09-15T01:16:04,2023-12-17T00:47:00.252,TGR1_20231217004700.JPG
raw/Unusual Deployments/TGR1/20240105/DCIM/100MEDIA/DSCF0196.JPG,2022-09-15T01:26:04,2023-12-17T00:57:00.318,TGR1_20231217005700.JPG
raw/Unusual Deployments/TGR1/20240105/DCIM/100MEDIA/DSCF0197.JPG,2022-09-15T01:36:04,2023-12-17T01:07:00.383,TGR1_20231217010700.JPG
raw/Unusual Deployments/TGR1/20240105/DCIM/100MEDIA/DSCF0198.JPG,2022-09-15T01:46:04,2023-12-17T01:17:00.448,TGR1_20231217011700.JPG
raw/Unusual Deployments/TGR1/20240105/DCIM/100MEDIA/DSCF0199.JPG,2022-09-15T01:56:04,2023-12-17T01:27:00.513,TGR1_20231217012700.JPG
raw/Unusual Deployments/TGR1/20240105/DCIM/100MEDIA/DSCF0200.JPG,2022-09-15T02:06:04,2023-12-17T01:37:00.578,TGR1_20231217013700.JPG
raw/Unusual Deployments/TGR1/20240105/DCIM/100MEDIA/DSCF0201.JPG,2022-09-15T02:16:04,2023-12-17T01:47:00.643,TGR1_20231217014700.JPG
raw/Unusual Deployments/TGR1/20240105/DCIM/100MEDIA/DSCF0202.JPG,2022-09-15T02:26:04,2023-12-17T01:57:00.709,TGR1_20231217015700.JPG
raw/Unusual Deployments/TGR1/20240105/DCIM/100MEDIA/DSCF0203.JPG,2022-09-15T02:36:04,2023-12-17T02:07:00.774,TGR1_20231217020700.JPG
raw/Unusual Deployments/TGR1/20240105/DCIM/100MEDIA/DSCF0204.JPG,2022-09-15T02:46:04,2023-12-17T02:17:00.839,TGR1_20231217021700.JPG
raw/Unusual Deployments/TGR1/20240105/DCIM/100MEDIA/DSCF0205.JPG,2022-09-15T02:56:04,2023-12-17T02:27:00.904,TGR1_20231217022700.JPG
raw/Unusual Deployments/TGR1/20240105/DCIM/100MEDIA/DSCF0206.JPG,2022-09-15T03:06:04,2023-12-17T02:37:00.969,TGR1_20231217023700.JPG
raw/Unusual Deployments/TGR1/20240105/DCIM/100MEDIA/DSCF0207.JPG,2022-09-15T03:16:04,2023-12-17T02:47:01.034,TGR1_20231217024701.JPG
raw/Unusual Deployments/TGR1/20240105/DCIM/100MEDIA/DSCF0208.JPG,2022-09-15T03:26:04,2023-12-17T02:57:01.100,TGR1_20231217025701.JPG
raw/Unusual Deployments/TGR1/20240105/DCIM/100MEDIA/DSCF0209.JPG,2022-09-15T03:36:04,2023-12-17T03:07:01.165,TGR1_20231217030701.JPG
raw/Unusual Deployments/TGR1/20240105/DCIM/100MEDIA/DSCF0210.JPG,2022-09-15T03:46:04,2023-12-17T03:17:01.230,TGR1_20231217031701.JPG
raw/Unusual Deployments/TGR1/20240105/DCIM/100MEDIA/DSCF0211.JPG,2022-09-15T03:56:04,2023-12-17T03:27:01.295,TGR1_20231217032701.JPG
raw/Unusual Deployments/TGR1/20240105/DCIM/100MEDIA/DSCF0212.JPG,2022-09-15T04:06:04,2023-12-17T03:37:01.360,TGR1_20231217033701.JPG
raw/Unusual Deployments/TGR1/20240105/DCIM/100MEDIA/DSCF0213.JPG,2022-09-15T04:16:04,2023-12-17T03:47:01.425,TGR1_20231217034701.JPG
raw/Unusual Deployments/TGR1/20240105/DCIM/100MEDIA/DSCF0214.JPG,2022-09-15T04:26:04,2023-12-17T03:57:01.491,TGR1_20231217035701.JPG
raw/Unusual Deployments/TGR1/20240105/DCIM/100MEDIA/DSCF0215.JPG,2022-09-15T04:36:04,2023-12-17T04:07:01.556,TGR1_20231217040701.JPG
raw/Unusual Deployments/TGR1/20240105/DCIM/100MEDIA/DSCF0216.JPG,2022-09-15T04:46:04,2023-12-17T04:17:01.621,TGR1_20231217041701.JPG
raw/Unusual Deployments/TGR1/20240105/DCIM/100MEDIA/DSCF0217.JPG,2022-09-15T04:56:04,2023-12-17T04:27:01.686,TGR1_20231217042701.JPG
raw/Unusual Deployments/TGR1/20240105/DCIM/100MEDIA/DSCF0218.JPG,2022-09-15T05:06:04,2023-12-17T04:37:01.751,TGR1_20231217043701.JPG
raw/Unusual Deployments/TGR1/20240105/DCIM/100MEDIA/DSCF0219.JPG,2022-09-15T05:16:04,2023-12-17T04:47:01.816,TGR1_20231217044701.JPG
raw/Unusual Deployments/TGR1/20240105/DCIM/100MEDIA/DSCF0220.JPG,2022-09-15T05:26:04,2023-12-17T04:57:01.882,TGR1_20231217045701.JPG
raw/Unusual Deployments/TGR1/20240105/DCIM/100MEDIA/DSCF0221.JPG,2022-09-15T05:36:04,2023-12-17T05:07:01.947,TGR1_20231217050701.JPG
raw/Unusual Deployments/TGR1/20240105/DCIM/100MEDIA/DSCF0222.JPG,2022-09-15T05:46:04,2023-12-17T05:17:02.012,TGR1_20231217051702.JPG
raw/Unusual Deployments/TGR1/20240105/DCIM/100MEDIA/DSCF0223.JPG,2022-09-15T05:56:04,2023-12-17T05:27:02.077,TGR1_20231217052702.JPG
raw/Unusual Deployments/TGR1/20240105/DCIM/100MEDIA/DSCF0224.JPG,2022-09-15T06:06:04,2023-12-17T05:37:02.142,TGR1_20231217053702.JPG
raw/Unusual Deployments/TGR1/20240105/DCIM/100MEDIA/DSCF0225.JPG,2022-09-15T06:16:04,2023-12-17T05:47:02.207,TGR1_20231217054702.JPG
raw/Unusual Deployments/TGR1/20240105/DCIM/100MEDIA/DSCF0226.JPG,2022-09-15T06:26:04,2023-12-17T05:57:02.273,TGR1_20231217055702.JPG
raw/Unusual Deployments/TGR1/20240105/DCIM/100MEDIA/DSCF0227.JPG,2022-09-15T06:36:04,2023-12-17T06:07:02.338,TGR1_20231217060702.JPG
raw/Unusual Deployments/TGR1/20240105/DCIM/100MEDIA/DSCF0228.JPG,2022-09-15T06:46:04,2023-12-17T06:17:02.403,TGR1_20231217061702.JPG
raw/Unusual Deployments/TGR1/20240105/DCIM/100MEDIA/DSCF0229.JPG,2022-09-15T06:56:04,2023-12-17T06:27:02.468,TGR1_20231217062702.JPG
raw/Unusual Deployments/TGR1/20240105/DCIM/100MEDIA/DSCF0230.JPG,2022-09-15T07:06:04,2023-12-17T06:37:02.533,TGR1_20231217063702.JPG
raw/Unusual Deployments/TGR1/20240105/DCIM/100MEDIA/DSCF0231.JPG,2022-09-15T07:16:04,2023-12-17T06:47:02.598,TGR1_20231217064702.JPG
raw/Unusual Deployments/TGR1/20240105/DCIM/100MEDIA/DSCF0232.JPG,2022-09-15T07:26:05,2023-12-17T06:57:03.664,TGR1_20231217065703.JPG
raw/Unusual Deployments/TGR1/20240105/DCIM/100MEDIA/DSCF0233.JPG,2022-09-15T07:36:04,2023-12-17T07:07:02.729,TGR1_20231217070702.JPG
raw/Unusual Deployments/TGR1/20240105/DCIM/100MEDIA/DSCF0234.JPG,2022-09-15T07:46:03,2023-12-17T07:17:01.794,TGR1_20231217071701.JPG
raw/Unusual Deployments/TGR1/20240105/DCIM/100MEDIA/DSCF0235.JPG,2022-09-15T07:56:04,2023-12-17T07:27:02.859,TGR1_20231217072702.JPG
raw/Unusual Deployments/TGR1/20240105/DCIM/100MEDIA/DSCF0236.JPG,2022-09-15T08:06:04,2023-12-17T07:37:02.924,TGR1_20231217073702.JPG
raw/Unusual Deployments/TGR1/20240105/DCIM/100MEDIA/DSCF0237.JPG,2022-09-15T08:16:04,2023-12-17T07:47:02.989,TGR1_20231217074702.JPG
raw/Unusual Deployments/TGR1/20240105/DCIM/100MEDIA/DSCF0238.JPG,2022-09-15T08:26:04,2023-12-17T07:57:03.055,TGR1_20231217075703.JPG
raw/Unusual Deployments/TGR1/20240105/DCIM/100MEDIA/DSCF0239.JPG,2022-09-15T08:36:04,2023-12-17T08:07:03.120,TGR1_20231217080703.JPG
raw/Unusual Deployments/TGR1/20240105/DCIM/100MEDIA/DSCF0240.JPG,2022-09-15T08:46:04,2023-12-17T08:17:03.185,TGR1_20231217081703.JPG
raw/Unusual Deployments/TGR1/20240105/DCIM/100MEDIA/DSCF0241.JPG,2022-09-15T08:56:04,2023-12-17T08:27:03.250,TGR1_20231217082703.JPG
raw/Unusual Deployments/TGR1/20240105/DCIM/100MEDIA/DSCF0242.JPG,2022-09-15T09:06:04,2023-12-17T08:37:03.315,TGR1_20231217083703.JPG
raw/Unusual Deployments/TGR1/20240105/DCIM/100MEDIA/DSCF0243.JPG,2022-09-15T09:16:04,2023-12-17T08:47:03.380,TGR1_20231217084703.JPG
raw/Unusual Deployments/TGR1/20240105/DCIM/100MEDIA/DSCF0244.JPG,2022-09-15T09:26:04,2023-12-17T08:57:03.445,TGR1_20231217085703.JPG
raw/Unusual Deployments/TGR1/20240105/DCIM/100MEDIA/DSCF0245.JPG,2022-09-15T09:36:04,2023-12-17T09:07:03.511,TGR1_20231217090703.JPG
raw/Unusual Deployments/TGR1/20240105/DCIM/100MEDIA/DSCF0246.JPG,2022-09-15T09:46:04,2023-12-17T09:17:03.576,TGR1_20231217091703.JPG
raw/Unusual Deployments/TGR1/20240105/DCIM/100MEDIA/DSCF0247.JPG,2022-09-15T09:56:04,2023-12-17T09:27:03.641,TGR1_20231217092703.JPG
raw/Unusual Deployments/TGR1/20240105/DCIM/100MEDIA/DSCF0248.JPG,2022-09-15T10:06:04,2023-12-17T09:37:03.706,TGR1_20231217093703.JPG
raw/Unusual Deployments/TGR1/20240105/DCIM/100MEDIA/DSCF0249.JPG,2022-09-15T10:16:04,2023-12-17T09:47:03.771,TGR1_20231217094703.JPG
raw/Unusual Deployments/TGR1/20240105/DCIM/100MEDIA/DSCF0250.JPG,2022-09-15T10:26:04,2023-12-17T09:57:03.836,TGR1_20231217095703.JPG
raw/Unusual Deployments/TGR1/20240105/DCIM/100MEDIA/DSCF0251.JPG,2022-09-15T10:36:04,2023-12-17T10:07:03.902,TGR1_20231217100703.JPG
raw/Unusual Deployments/TGR1/20240105/DCIM/100MEDIA/DSCF0252.JPG,2022-09-15T10:46:04,2023-12-17T10:17:03.967,TGR1_20231217101703.JPG
raw/Unusual Deployments/TGR1/20240105/DCIM/100MEDIA/DSCF0253.JPG,2022-09-15T10:56:04,2023-12-17T10:27:04.032,TGR1_20231217102704.JPG
raw/Unusual Deployments/TGR1/20240105/DCIM/100MEDIA/DSCF0254.JPG,2022-09-15T11:06:04,2023-12-17T10:37:04.097,TGR1_20231217103704.JPG
raw/Unusual Deployments/TGR1/20240105/DCIM/100MEDIA/DSCF0255.JPG,2022-09-15T11:16:04,2023-12-17T10:47:04.162,TGR1_20231217104704.JPG
raw/Unusual Deployments/TGR1/20240105/DCIM/100MEDIA/DSCF0256.JPG,2022-09-15T11:26:04,2023-12-17T10:57:04.227,TGR1_20231217105704.JPG
raw/Unusual Deployments/TGR1/20240105/DCIM/100MEDIA/DSCF0257.JPG,2022-09-15T11:36:04,2023-12-17T11:07:04.293,TGR1_20231217110704.JPG
raw/Unusual Deployments/TGR1/20240105/DCIM/100MEDIA/DSCF0258.JPG,2022-09-15T11:46:04,2023-12-17T11:17:04.358,TGR1_20231217111704.JPG
raw/Unusual Deployments/TGR1/20240105/DCIM/100MEDIA/DSCF0259.JPG,2022-09-15T11:56:04,2023-12-17T11:27:04.423,TGR1_20231217112704.JPG
raw/Unusual Deployments/TGR1/20240105/DCIM/100MEDIA/DSCF0260.JPG,2022-09-15T12:06:04,2023-12-17T11:37:04.488,TGR1_20231217113704.JPG
raw/Unusual Deployments/TGR1/20240105/DCIM/100MEDIA/DSCF0261.JPG,2022-09-15T12:16:04,2023-12-17T11:47:04.553,TGR1_20231217114704.JPG
raw/Unusual Deployments/TGR1/20240105/DCIM/100MEDIA/DSCF0262.JPG,2022-09-15T12:26:04,2023-12-17T11:57:04.618,TGR1_20231217115704.JPG
raw/Unusual Deployments/TGR1/20240105/DCIM/100MEDIA/DSCF0263.JPG,2022-09-15T12:36:04,2023-12-17T12:07:04.684,TGR1_20231217120704.JPG
raw/Unusual Deployments/TGR1/20240105/DCIM/100MEDIA/DSCF0264.JPG,2022-09-15T12:46:04,2023-12-17T12:17:04.749,TGR1_20231217121704.JPG
raw/Unusual Deployments/TGR1/20240105/DCIM/100MEDIA/DSCF0265.JPG,2022-09-15T12:56:04,2023-12-17T12:27:04.814,TGR1_20231217122704.JPG
raw/Unusual Deployments/TGR1/20240105/DCIM/100MEDIA/DSCF0266.JPG,2022-09-15T13:06:04,2023-12-17T12:37:04.879,TGR1_20231217123704.JPG
raw/Unusual Deployments/TGR1/20240105/DCIM/100MEDIA/DSCF0267.JPG,2022-09-15T13:16:04,2023-12-17T12:47:04.944,TGR1_20231217124704.JPG
raw/Unusual Deployments/TGR1/20240105/DCIM/100MEDIA/DSCF0268.JPG,2022-09-15T13:26:04,2023-12-17T12:57:05.009,TGR1_20231217125705.JPG
raw/Unusual Deployments/TGR1/20240105/DCIM/100MEDIA/DSCF0269.JPG,2022-09-15T13:36:04,2023-12-17T13:07:05.075,TGR1_20231217130705.JPG
raw/Unusual Deployments/TGR1/20240105/DCIM/100MEDIA/DSCF0270.JPG,2022-09-15T13:46:04,2023-12-17T13:17:05.140,TGR1_20231217131705.JPG
raw/Unusual Deployments/TGR1/20240105/DCIM/100MEDIA/DSCF0271.JPG,2022-09-15T13:56:04,2023-12-17T13:27:05.205,TGR1_20231217132705.JPG
raw/Unusual Deployments/TGR1/20240105/DCIM/100MEDIA/DSCF0272.JPG,2022-09-15T14:06:04,2023-12-17T13:37:05.270,TGR1_20231217133705.JPG
raw/Unusual Deployments/TGR1/20240105/DCIM/100MEDIA/DSCF0273.JPG,2022-09-15T14:16:04,2023-12-17T13:47:05.335,TGR1_20231217134705.JPG
raw/Unusual Deployments/TGR1/20240105/DCIM/100MEDIA/DSCF0274.JPG,2022-09-15T14:26:04,2023-12-17T13:57:05.400,TGR1_20231217135705.JPG
raw/Unusual Deployments/TGR1/20240105/DCIM/100MEDIA/DSCF0275.JPG,2022-09-15T14:36:04,2023-12-17T14:07:05.466,TGR1_20231217140705.JPG
raw/Unusual Deployments/TGR1/20240105/DCIM/100MEDIA/DSCF0276.JPG,2022-09-15T14:46:04,2023-12-17T14:17:05.531,TGR1_20231217141705.JPG
raw/Unusual Deployments/TGR1/20240105/DCIM/100MEDIA/DSCF0277.JPG,2022-09-15T14:56:04,2023-12-17T14:27:05.596,TGR1_20231217142705.JPG
raw/Unusual Deployments/TGR1/20240105/DCIM/100MEDIA/DSCF0278.JPG,2022-09-15T15:06:04,2023-12-17T14:37:05.661,TGR1_20231217143705.JPG
raw/Unusual Deployments/TGR1/20240105/DCIM/100MEDIA/DSCF0279.JPG,2022-09-15T15:16:04,2023-12-17T14:47:05.726,TGR1_20231217144705.JPG
raw/Unusual Deployments/TGR1/20240105/DCIM/100MEDIA/DSCF0280.JPG,2022-09-15T15:26:04,2023-12-17T14:57:05.791,TGR1_20231217145705.JPG
raw/Unusual Deployments/TGR1/20240105/DCIM/100MEDIA/DSCF0281.JPG,2022-09-15T15:36:04,2023-12-17T15:07:05.857,TGR1_20231217150705.JPG
raw/Unusual Deployments/TGR1/20240105/DCIM/100MEDIA/DSCF0282.JPG,2022-09-15T15:46:04,2023-12-17T15:17:05.922,TGR1_20231217151705.JPG
raw/Unusual Deployments/TGR1/20240105/DCIM/100MEDIA/DSCF0283.JPG,2022-09-15T15:56:04,2023-12-17T15:27:05.987,TGR1_20231217152705.JPG
raw/Unusual Deployments/TGR1/20240105/DCIM/100MEDIA/DSCF0284.JPG,2022-09-15T16:06:04,2023-12-17T15:37:06.052,TGR1_20231217153706.JPG
raw/Unusual Deployments/TGR1/20240105/DCIM/100MEDIA/DSCF0285.JPG,2022-09-15T16:16:04,2023-12-17T15:47:06.117,TGR1_20231217154706.JPG
raw/Unusual Deployments/TGR1/20240105/DCIM/100MEDIA/DSCF0286.JPG,2022-09-15T16:26:04,2023-12-17T15:57:06.182,TGR1_20231217155706.JPG
raw/Unusual Deployments/TGR1/20240105/DCIM/100MEDIA/DSCF0287.JPG,2022-09-15T16:36:04,2023-12-17T16:07:06.248,TGR1_20231217160706.JPG
raw/Unusual Deployments/TGR1/20240105/DCIM/100MEDIA/DSCF0288.JPG,2022-09-15T16:46:04,2023-12-17T16:17:06.313,TGR1_20231217161706.JPG
raw/Unusual Deployments/TGR1/20240105/DCIM/100MEDIA/DSCF0289.JPG,2022-09-15T16:56:04,2023-12-17T16:27:06.378,TGR1_20231217162706.JPG
raw/Unusual Deployments/TGR1/20240105/DCIM/100MEDIA/DSCF0290.JPG,2022-09-15T17:06:04,2023-12-17T16:37:06.443,TGR1_20231217163706.JPG
raw/Unusual Deployments/TGR1/20240105/DCIM/100MEDIA/DSCF0291.JPG,2022-09-15T17:16:04,2023-12-17T16:47:06.508,TGR1_20231217164706.JPG
raw/Unusual Deployments/TGR1/20240105/DCIM/100MEDIA/DSCF0292.JPG,2022-09-15T17:26:04,2023-12-17T16:57:06.573,TGR1_20231217165706.JPG
raw/Unusual Deployments/TGR1/20240105/DCIM/100MEDIA/DSCF0293.JPG,2022-09-15T17:36:04,2023-12-17T17:07:06.639,TGR1_20231217170706.JPG
raw/Unusual Deployments/TGR1/20240105/DCIM/100MEDIA/DSCF0294.JPG,2022-09-15T17:46:04,2023-12-17T17:17:06.704,TGR1_20231217171706.JPG
raw/Unusual Deployments/TGR1/20240105/DCIM/100MEDIA/DSCF0295.JPG,2022-09-15T17:56:04,2023-12-17T17:27:06.769,TGR1_20231217172706.JPG
raw/Unusual Deployments/TGR1/20240105/DCIM/100MEDIA/DSCF0296.JPG,2022-09-15T18:06:05,2023-12-17T17:37:07.834,TGR1_20231217173707.JPG
raw/Unusual Deployments/TGR1/20240105/DCIM/100MEDIA/DSCF0297.JPG,2022-09-15T18:16:04,2023-12-17T17:47:06.899,TGR1_20231217174706.JPG
raw/Unusual Deployments/TGR1/20240105/DCIM/100MEDIA/DSCF0298.JPG,2022-09-15T18:26:04,2023-12-17T17:57:06.964,TGR1_20231217175706.JPG
raw/Unusual Deployments/TGR1/20240105/DCIM/100MEDIA/DSCF0299.JPG,2022-09-15T18:36:04,2023-12-17T18:07:07.030,TGR1_20231217180707.JPG
raw/Unusual Deployments/TGR1/20240105/DCIM/100MEDIA/DSCF0300.JPG,2022-09-15T18:46:04,2023-12-17T18:17:07.095,TGR1_20231217181707.JPG
raw/Unusual Deployments/TGR1/20240105/DCIM/100MEDIA/DSCF0301.JPG,2022-09-15T18:56:04,2023-12-17T18:27:07.160,TGR1_20231217182707.JPG
raw/Unusual Deployments/TGR1/20240105/DCIM/100MEDIA/DSCF0302.JPG,2022-09-15T19:06:04,2023-12-17T18:37:07.225,TGR1_20231217183707.JPG
raw/Unusual Deployments/TGR1/20240105/DCIM/100MEDIA/DSCF0303.JPG,2022-09-15T19:16:04,2023-12-17T18:47:07.290,TGR1_20231217184707.JPG
raw/Unusual Deployments/TGR1/20240105/DCIM/100MEDIA/DSCF0304.JPG,2022-09-15T19:26:04,2023-12-17T18:57:07.355,TGR1_20231217185707.JPG
raw/Unusual Deployments/TGR1/20240105/DCIM/100MEDIA/DSCF0305.JPG,2022-09-15T19:36:04,2023-12-17T19:07:07.421,TGR1_20231217190707.JPG
raw/Unusual Deployments/TGR1/20240105/DCIM/100MEDIA/DSCF0306.JPG,2022-09-15T19:46:04,2023-12-17T19:17:07.486,TGR1_20231217191707.JPG
raw/Unusual Deployments/TGR1/20240105/DCIM/100MEDIA/DSCF0307.JPG,2022-09-15T19:56:04,2023-12-17T19:27:07.551,TGR1_20231217192707.JPG
raw/Unusual Deployments/TGR1/20240105/DCIM/100MEDIA/DSCF0308.JPG,2022-09-15T20:06:04,2023-12-17T19:37:07.616,TGR1_20231217193707.JPG
raw/Unusual Deployments/TGR1/20240105/DCIM/100MEDIA/DSCF0309.JPG,2022-09-15T20:16:04,2023-12-17T19:47:07.681,TGR1_20231217194707.JPG
raw/Unusual Deployments/TGR1/20240105/DCIM/100MEDIA/DSCF0310.JPG,2022-09-15T20:26:04,2023-12-17T19:57:07.746,TGR1_20231217195707.JPG
raw/Unusual Deployments/TGR1/20240105/DCIM/100MEDIA/DSCF0311.JPG,2022-09-15T20:36:04,2023-12-17T20:07:07.812,TGR1_20231217200707.JPG
raw/Unusual Deployments/TGR1/20240105/DCIM/100MEDIA/DSCF0312.JPG,2022-09-15T20:46:04,2023-12-17T20:17:07.877,TGR1_20231217201707.JPG
raw/Unusual Deployments/TGR1/20240105/DCIM/100MEDIA/DSCF0313.JPG,2022-09-15T20:56:04,2023-12-17T20:27:07.942,TGR1_20231217202707.JPG
raw/Unusual Deployments/TGR1/20240105/DCIM/100MEDIA/DSCF0314.JPG,2022-09-15T21:06:04,2023-12-17T20:37:08.007,TGR1_20231217203708.JPG
raw/Unusual Deployments/TGR1/20240105/DCIM/100MEDIA/DSCF0315.JPG,2022-09-15T21:16:04,2023-12-17T20:47:08.072,TGR1_20231217204708.JPG
raw/Unusual Deployments/TGR1/20240105/DCIM/100MEDIA/DSCF0316.JPG,2022-09-15T21:26:04,2023-12-17T20:57:08.137,TGR1_20231217205708.JPG
raw/Unusual Deployments/TGR1/20240105/DCIM/100MEDIA/DSCF0317.JPG,2022-09-15T21:36:04,2023-12-17T21:07:08.203,TGR1_20231217210708.JPG
raw/Unusual Deployments/TGR1/20240105/DCIM/100MEDIA/DSCF0318.JPG,2022-09-15T21:46:04,2023-12-17T21:17:08.268,TGR1_20231217211708.JPG
raw/Unusual Deployments/TGR1/20240105/DCIM/100MEDIA/DSCF0319.JPG,2022-09-15T21:56:04,2023-12-17T21:27:08.333,TGR1_20231217212708.JPG
raw/Unusual Deployments/TGR1/20240105/DCIM/100MEDIA/DSCF0320.JPG,2022-09-15T22:06:04,2023-12-17T21:37:08.398,TGR1_20231217213708.JPG
raw/Unusual Deployments/TGR1/20240105/DCIM/100MEDIA/DSCF0321.JPG,2022-09-15T22:16:04,2023-12-17T21:47:08.463,TGR1_20231217214708.JPG
raw/Unusual Deployments/TGR1/20240105/DCIM/100MEDIA/DSCF0322.JPG,2022-09-15T22:26:04,2023-12-17T21:57:08.528,TGR1_20231217215708.JPG
raw/Unusual Deployments/TGR1/20240105/DCIM/100MEDIA/DSCF0323.JPG,2022-09-15T22:36:04,2023-12-17T22:07:08.594,TGR1_20231217220708.JPG
raw/Unusual Deployments/TGR1/20240105/DCIM/100MEDIA/DSCF0324.JPG,2022-09-15T22:46:04,2023-12-17T22:17:08.659,TGR1_20231217221708.JPG
raw/Unusual Deployments/TGR1/20240105/DCIM/100MEDIA/DSCF0325.JPG,2022-09-15T22:56:04,2023-12-17T22:27:08.724,TGR1_20231217222708.JPG
raw/Unusual Deployments/TGR1/20240105/DCIM/100MEDIA/DSCF0326.JPG,2022-09-15T23:06:04,2023-12-17T22:37:08.789,TGR1_20231217223708.JPG
raw/Unusual Deployments/TGR1/20240105/DCIM/100MEDIA/DSCF0327.JPG,2022-09-15T23:16:04,2023-12-17T22:47:08.854,TGR1_20231217224708.JPG
raw/Unusual Deployments/TGR1/20240105/DCIM/100MEDIA/DSCF0328.JPG,2022-09-15T23:26:04,2023-12-17T22:57:08.919,TGR1_20231217225708.JPG
raw/Unusual Deployments/TGR1/20240105/DCIM/100MEDIA/DSCF0329.JPG,2022-09-15T23:36:04,2023-12-17T23:07:08.985,TGR1_20231217230708.JPG
raw/Unusual Deployments/TGR1/20240105/DCIM/100MEDIA/DSCF0330.JPG,2022-09-15T23:46:04,2023-12-17T23:17:09.050,TGR1_20231217231709.JPG
raw/Unusual Deployments/TGR1/20240105/DCIM/100MEDIA/DSCF0331.JPG,2022-09-15T23:56:04,2023-12-17T23:27:09.115,TGR1_20231217232709.JPG
raw/Unusual Deployments/TGR1/20240105/DCIM/100MEDIA/DSCF0332.JPG,2022-09-16T00:06:04,2023-12-17T23:37:09.180,TGR1_20231217233709.JPG
raw/Unusual Deployments/TGR1/20240105/DCIM/100MEDIA/DSCF0333.JPG,2022-09-16T00:16:04,2023-12-17T23:47:09.245,TGR1_20231217234709.JPG
raw/Unusual Deployments/TGR1/20240105/DCIM/100MEDIA/DSCF0334.JPG,2022-09-16T00:26:04,2023-12-17T23:57:09.310,TGR1_20231217235709.JPG
raw/Unusual Deployments/TGR1/20240105/DCIM/100MEDIA/DSCF0335.JPG,2022-09-16T00:36:04,2023-12-18T00:07:09.376,TGR1_20231218000709.JPG
raw/Unusual Deployments/TGR1/20240105/DCIM/100MEDIA/DSCF0336.JPG,2022-09-16T00:46:04,2023-12-18T00:17:09.441,TGR1_20231218001709.JPG
raw/Unusual Deployments/TGR1/20240105/DCIM/100MEDIA/DSCF0337.JPG,2022-09-16T00:56:04,2023-12-18T00:27:09.506,TGR1_20231218002709.JPG
raw/Unusual Deployments/TGR1/20240105/DCIM/100MEDIA/DSCF0338.JPG,2022-09-16T01:06:04,2023-12-18T00:37:09.571,TGR1_20231218003709.JPG
raw/Unusual Deployments/TGR1/20240105/DCIM/100MEDIA/DSCF0339.JPG,2022-09-16T01:16:04,2023-12-18T00:47:09.636,TGR1_20231218004709.JPG
raw/Unusual Deployments/TGR1/20240105/DCIM/100MEDIA/DSCF0340.JPG,2022-09-16T01:26:04,2023-12-18T00:57:09.701,TGR1_20231218005709.JPG
raw/Unusual Deployments/TGR1/20240105/DCIM/100MEDIA/DSCF0341.JPG,2022-09-16T01:36:04,2023-12-18T01:07:09.767,TGR1_20231218010709.JPG
raw/Unusual Deployments/TGR1/20240105/DCIM/100MEDIA/DSCF0342.JPG,2022-09-16T01:46:04,2023-12-18T01:17:09.832,TGR1_20231218011709.JPG
raw/Unusual Deployments/TGR1/20240105/DCIM/100MEDIA/DSCF0343.JPG,2022-09-16T01:56:04,2023-12-18T01:27:09.897,TGR1_20231218012709.JPG
raw/Unusual Deployments/TGR1/20240105/DCIM/100MEDIA/DSCF0344.JPG,2022-09-16T02:06:04,2023-12-18T01:37:09.962,TGR1_20231218013709.JPG
raw/Unusual Deployments/TGR1/20240105/DCIM/100MEDIA/DSCF0345.JPG,2022-09-16T02:16:04,2023-12-18T01:47:10.027,TGR1_20231218014710.JPG
raw/Unusual Deployments/TGR1/20240105/DCIM/100MEDIA/DSCF0346.JPG,2022-09-16T02:26:04,2023-12-18T01:57:10.092,TGR1_20231218015710.JPG
raw/Unusual Deployments/TGR1/20240105/DCIM/100MEDIA/DSCF0347.JPG,2022-09-16T02:36:04,2023-12-18T02:07:10.158,TGR1_20231218020710.JPG
raw/Unusual Deployments/TGR1/20240105/DCIM/100MEDIA/DSCF0348.JPG,2022-09-16T02:46:04,2023-12-18T02:17:10.223,TGR1_20231218021710.JPG
raw/Unusual Deployments/TGR1/20240105/DCIM/100MEDIA/DSCF0349.JPG,2022-09-16T02:56:04,2023-12-18T02:27:10.288,TGR1_20231218022710.JPG
raw/Unusual Deployments/TGR1/20240105/DCIM/100MEDIA/DSCF0350.JPG,2022-09-16T03:06:04,2023-12-18T02:37:10.353,TGR1_20231218023710.JPG
raw/Unusual Deployments/TGR1/20240105/DCIM/100MEDIA/DSCF0351.JPG,2022-09-16T03:16:04,2023-12-18T02:47:10.418,TGR1_20231218024710.JPG
raw/Unusual Deployments/TGR1/20240105/DCIM/100MEDIA/DSCF0352.JPG,2022-09-16T03:26:04,2023-12-18T02:57:10.483,TGR1_20231218025710.JPG
raw/Unusual Deployments/TGR1/20240105/DCIM/100MEDIA/DSCF0353.JPG,2022-09-16T03:36:04,2023-12-18T03:07:10.549,TGR1_20231218030710.JPG
raw/Unusual Deployments/TGR1/20240105/DCIM/100MEDIA/DSCF0354.JPG,2022-09-16T03:46:04,2023-12-18T03:17:10.614,TGR1_20231218031710.JPG
raw/Unusual Deployments/TGR1/20240105/DCIM/100MEDIA/DSCF0355.JPG,2022-09-16T03:56:04,2023-12-18T03:27:10.679,TGR1_20231218032710.JPG
raw/Unusual Deployments/TGR1/20240105/DCIM/100MEDIA/DSCF0356.JPG,2022-09-16T04:06:04,2023-12-18T03:37:10.744,TGR1_20231218033710.JPG
raw/Unusual Deployments/TGR1/20240105/DCIM/100MEDIA/DSCF0357.JPG,2022-09-16T04:16:04,2023-12-18T03:47:10.809,TGR1_20231218034710.JPG
raw/Unusual Deployments/TGR1/20240105/DCIM/100MEDIA/DSCF0358.JPG,2022-09-16T04:26:04,2023-12-18T03:57:10.874,TGR1_20231218035710.JPG
raw/Unusual Deployments/TGR1/20240105/DCIM/100MEDIA/DSCF0359.JPG,2022-09-16T04:36:04,2023-12-18T04:07:10.940,TGR1_20231218040710.JPG
raw/Unusual Deployments/TGR1/20240105/DCIM/100MEDIA/DSCF0360.JPG,2022-09-16T04:46:04,2023-12-18T04:17:11.005,TGR1_20231218041711.JPG
raw/Unusual Deployments/TGR1/20240105/DCIM/100MEDIA/DSCF0361.JPG,2022-09-16T04:56:04,2023-12-18T04:27:11.070,TGR1_20231218042711.JPG
raw/Unusual Deployments/TGR1/20240105/DCIM/100MEDIA/DSCF0362.JPG,2022-09-16T05:06:04,2023-12-18T04:37:11.135,TGR1_20231218043711.JPG
raw/Unusual Deployments/TGR1/20240105/DCIM/100MEDIA/DSCF0363.JPG,2022-09-16T05:16:04,2023-12-18T04:47:11.200,TGR1_20231218044711.JPG
raw/Unusual Deployments/TGR1/20240105/DCIM/100MEDIA/DSCF0364.JPG,2022-09-16T05:26:04,2023-12-18T04:57:11.265,TGR1_20231218045711.JPG
raw/Unusual Deployments/TGR1/20240105/DCIM/100MEDIA/DSCF0365.JPG,2022-09-16T05:36:04,2023-12-18T05:07:11.331,TGR1_20231218050711.JPG
raw/Unusual Deployments/TGR1/20240105/DCIM/100MEDIA/DSCF0366.JPG,2022-09-16T05:46:04,2023-12-18T05:17:11.396,TGR1_20231218051711.JPG
raw/Unusual Deployments/TGR1/20240105/DCIM/100MEDIA/DSCF0367.JPG,2022-09-16T05:56:04,2023-12-18T05:27:11.461,TGR1_20231218052711.JPG
raw/Unusual Deployments/TGR1/20240105/DCIM/100MEDIA/DSCF0368.JPG,2022-09-16T06:06:04,2023-12-18T05:37:11.526,TGR1_20231218053711.JPG
raw/Unusual Deployments/TGR1/20240105/DCIM/100MEDIA/DSCF0369.JPG,2022-09-16T06:16:04,2023-12-18T05:47:11.591,TGR1_20231218054711.JPG
raw/Unusual Deployments/TGR1/20240105/DCIM/100MEDIA/DSCF0370.JPG,2022-09-16T06:26:04,2023-12-18T05:57:11.656,TGR1_20231218055711.JPG
raw/Unusual Deployments/TGR1/20240105/DCIM/100MEDIA/DSCF0371.JPG,2022-09-16T06:36:04,2023-12-18T06:07:11.721,TGR1_20231218060711.JPG
raw/Unusual Deployments/TGR1/20240105/DCIM/100MEDIA/DSCF0372.JPG,2022-09-16T06:46:04,2023-12-18T06:17:11.787,TGR1_20231218061711.JPG
raw/Unusual Deployments/TGR1/20240105/DCIM/100MEDIA/DSCF0373.JPG,2022-09-16T06:56:04,2023-12-18T06:27:11.852,TGR1_20231218062711.JPG
raw/Unusual Deployments/TGR1/20240105/DCIM/100MEDIA/DSCF0374.JPG,2022-09-16T07:06:04,2023-12-18T06:37:11.917,TGR1_20231218063711.JPG
raw/Unusual Deployments/TGR1/20240105/DCIM/100MEDIA/DSCF0375.JPG,2022-09-16T07:16:04,2023-12-18T06:47:11.982,TGR1_20231218064711.JPG
raw/Unusual Deployments/TGR1/20240105/DCIM/100MEDIA/DSCF0376.JPG,2022-09-16T07:26:04,2023-12-18T06:57:12.047,TGR1_20231218065712.JPG
raw/Unusual Deployments/TGR1/20240105/DCIM/100MEDIA/DSCF0377.JPG,2022-09-16T07:36:04,2023-12-18T07:07:12.112,TGR1_20231218070712.JPG
raw/Unusual Deployments/TGR1/20240105/DCIM/100MEDIA/DSCF0378.JPG,2022-09-16T07:46:04,2023-12-18T07:17:12.178,TGR1_20231218071712.JPG
raw/Unusual Deployments/TGR1/20240105/DCIM/100MEDIA/DSCF0379.JPG,2022-09-16T07:56:04,2023-12-18T07:27:12.243,TGR1_20231218072712.JPG
raw/Unusual Deployments/TGR1/20240105/DCIM/100MEDIA/DSCF0380.JPG,2022-09-16T08:06:04,2023-12-18T07:37:12.308,TGR1_20231218073712.JPG
raw/Unusual Deployments/TGR1/20240105/DCIM/100MEDIA/DSCF0381.JPG,2022-09-16T08:16:04,2023-12-18T07:47:12.373,TGR1_20231218074712.JPG
raw/Unusual Deployments/TGR1/20240105/DCIM/100MEDIA/DSCF0382.JPG,2022-09-16T08:26:04,2023-12-18T07:57:12.438,TGR1_20231218075712.JPG
raw/Unusual Deployments/TGR1/20240105/DCIM/100MEDIA/DSCF0383.JPG,2022-09-16T08:36:04,2023-12-18T08:07:12.503,TGR1_20231218080712.JPG
raw/Unusual Deployments/TGR1/20240105/DCIM/100MEDIA/DSCF0384.JPG,2022-09-16T08:46:04,2023-12-18T08:17:12.569,TGR1_20231218081712.JPG
raw/Unusual Deployments/TGR1/20240105/DCIM/100MEDIA/DSCF0385.JPG,2022-09-16T08:56:04,2023-12-18T08:27:12.634,TGR1_20231218082712.JPG
raw/Unusual Deployments/TGR1/20240105/DCIM/100MEDIA/DSCF0386.JPG,2022-09-16T09:06:04,2023-12-18T08:37:12.699,TGR1_20231218083712.JPG
raw/Unusual Deployments/TGR1/20240105/DCIM/100MEDIA/DSCF0387.JPG,2022-09-16T09:16:03,2023-12-18T08:47:11.764,TGR1_20231218084711.JPG
raw/Unusual Deployments/TGR1/20240105/DCIM/100MEDIA/DSCF0388.JPG,2022-09-16T09:26:04,2023-12-18T08:57:12.829,TGR1_20231218085712.JPG
raw/Unusual Deployments/TGR1/20240105/DCIM/100MEDIA/DSCF0389.JPG,2022-09-16T09:36:04,2023-12-18T09:07:12.894,TGR1_20231218090712.JPG
raw/Unusual Deployments/TGR1/20240105/DCIM/100MEDIA/DSCF0390.JPG,2022-09-16T09:46:04,2023-12-18T09:17:12.960,TGR1_20231218091712.JPG
raw/Unusual Deployments/TGR1/20240105/DCIM/100MEDIA/DSCF0391.JPG,2022-09-16T09:56:04,2023-12-18T09:27:13.025,TGR1_20231218092713.JPG
raw/Unusual Deployments/TGR1/20240105/DCIM/100MEDIA/DSCF0392.JPG,2022-09-16T10:06:04,2023-12-18T09:37:13.090,TGR1_20231218093713.JPG
raw/Unusual Deployments/TGR1/20240105/DCIM/100MEDIA/DSCF0393.JPG,2022-09-16T10:16:04,2023-12-18T09:47:13.155,TGR1_20231218094713.JPG
raw/Unusual Deployments/TGR1/20240105/DCIM/100MEDIA/DSCF0394.JPG,2022-09-16T10:26:04,2023-12-18T09:57:13.220,TGR1_20231218095713.JPG
raw/Unusual Deployments/TGR1/20240105/DCIM/100MEDIA/DSCF0395.JPG,2022-09-16T10:36:04,2023-12-18T10:07:13.285,TGR1_20231218100713.JPG
raw/Unusual Deployments/TGR1/20240105/DCIM/100MEDIA/DSCF0396.JPG,2022-09-16T10:46:04,2023-12-18T10:17:13.351,TGR1_20231218101713.JPG
raw/Unusual Deployments/TGR1/20240105/DCIM/100MEDIA/DSCF0397.JPG,2022-09-16T10:56:04,2023-12-18T10:27:13.416,TGR1_20231218102713.JPG
raw/Unusual Deployments/TGR1/20240105/DCIM/100MEDIA/DSCF0398.JPG,2022-09-16T11:06:04,2023-12-18T10:37:13.481,TGR1_20231218103713.JPG
raw/Unusual Deployments/TGR1/20240105/DCIM/100MEDIA/DSCF0399.JPG,2022-09-16T11:16:04,2023-12-18T10:47:13.546,TGR1_20231218104713.JPG
raw/Unusual Deployments/TGR1/20240105/DCIM/100MEDIA/DSCF0400.JPG,2022-09-16T11:26:04,2023-12-18T10:57:13.611,TGR1_20231218105713.JPG
raw/Unusual Deployments/TGR1/20240105/DCIM/100MEDIA/DSCF0401.JPG,2022-09-16T11:36:04,2023-12-18T11:07:13.676,TGR1_20231218110713.JPG
raw/Unusual Deployments/TGR1/20240105/DCIM/100MEDIA/DSCF0402.JPG,2022-09-16T11:46:04,2023-12-18T11:17:13.742,TGR1_20231218111713.JPG
raw/Unusual Deployments/TGR1/20240105/DCIM/100MEDIA/DSCF0403.JPG,2022-09-16T11:56:04,2023-12-18T11:27:13.807,TGR1_20231218112713.JPG
raw/Unusual Deployments/TGR1/20240105/DCIM/100MEDIA/DSCF0404.JPG,2022-09-16T12:06:04,2023-12-18T11:37:13.872,TGR1_20231218113713.JPG
raw/Unusual Deployments/TGR1/20240105/DCIM/100MEDIA/DSCF0405.JPG,2022-09-16T12:16:04,2023-12-18T11:47:13.937,TGR1_20231218114713.JPG
raw/Unusual Deployments/TGR1/20240105/DCIM/100MEDIA/DSCF0406.JPG,2022-09-16T12:26:04,2023-12-18T11:57:14.002,TGR1_20231218115714.JPG
raw/Unusual Deployments/TGR1/20240105/DCIM/100MEDIA/DSCF0407.JPG,2022-09-16T12:36:04,2023-12-18T12:07:14.067,TGR1_20231218120714.JPG
raw/Unusual Deployments/TGR1/20240105/DCIM/100MEDIA/DSCF0408.JPG,2022-09-16T12:46:04,2023-12-18T12:17:14.133,TGR1_20231218121714.JPG
raw/Unusual Deployments/TGR1/20240105/DCIM/100MEDIA/DSCF0409.JPG,2022-09-16T12:56:04,2023-12-18T12:27:14.198,TGR1_20231218122714.JPG
raw/Unusual Deployments/TGR1/20240105/DCIM/100MEDIA/DSCF0410.JPG,2022-09-16T13:06:04,2023-12-18T12:37:14.263,TGR1_20231218123714.JPG
raw/Unusual Deployments/TGR1/20240105/DCIM/100MEDIA/DSCF0411.JPG,2022-09-16T13:16:04,2023-12-18T12:47:14.328,TGR1_20231218124714.JPG
raw/Unusual Deployments/TGR1/20240105/DCIM/100MEDIA/DSCF0412.JPG,2022-09-16T13:26:04,2023-12-18T12:57:14.393,TGR1_20231218125714.JPG
raw/Unusual Deployments/TGR1/20240105/DCIM/100MEDIA/DSCF0413.JPG,2022-09-16T13:36:04,2023-12-18T13:07:14.458,TGR1_20231218130714.JPG
raw/Unusual Deployments/TGR1/20240105/DCIM/100MEDIA/DSCF0414.JPG,2022-09-16T13:46:04,2023-12-18T13:17:14.524,TGR1_20231218131714.JPG
raw/Unusual Deployments/TGR1/20240105/DCIM/100MEDIA/DSCF0415.JPG,2022-09-16T13:56:04,2023-12-18T13:27:14.589,TGR1_20231218132714.JPG
raw/Unusual Deployments/TGR1/20240105/DCIM/100MEDIA/DSCF0416.JPG,2022-09-16T14:06:04,2023-12-18T13:37:14.654,TGR1_20231218133714.JPG
raw/Unusual Deployments/TGR1/20240105/DCIM/100MEDIA/DSCF0417.JPG,2022-09-16T14:16:04,2023-12-18T13:47:14.719,TGR1_20231218134714.JPG
raw/Unusual Deployments/TGR1/20240105/DCIM/100MEDIA/DSCF0418.JPG,2022-09-16T14:26:04,2023-12-18T13:57:14.784,TGR1_20231218135714.JPG
raw/Unusual Deployments/TGR1/20240105/DCIM/100MEDIA/DSCF0419.JPG,2022-09-16T14:36:04,2023-12-18T14:07:14.849,TGR1_20231218140714.JPG
raw/Unusual Deployments/TGR1/20240105/DCIM/100MEDIA/DSCF0420.JPG,2022-09-16T14:46:04,2023-12-18T14:17:14.915,TGR1_20231218141714.JPG
raw/Unusual Deployments/TGR1/20240105/DCIM/100MEDIA/DSCF0421.JPG,2022-09-16T14:56:04,2023-12-18T14:27:14.980,TGR1_20231218142714.JPG
raw/Unusual Deployments/TGR1/20240105/DCIM/100MEDIA/DSCF0422.JPG,2022-09-16T15:06:04,2023-12-18T14:37:15.045,TGR1_20231218143715.JPG
raw/Unusual Deployments/TGR1/20240105/DCIM/100MEDIA/DSCF0423.JPG,2022-09-16T15:16:04,2023-12-18T14:47:15.110,TGR1_20231218144715.JPG
raw/Unusual Deployments/TGR1/20240105/DCIM/100MEDIA/DSCF0424.JPG,2022-09-16T15:26:04,2023-12-18T14:57:15.175,TGR1_20231218145715.JPG
raw/Unusual Deployments/TGR1/20240105/DCIM/100MEDIA/DSCF0425.JPG,2022-09-16T15:36:04,2023-12-18T15:07:15.240,TGR1_20231218150715.JPG
raw/Unusual Deployments/TGR1/20240105/DCIM/100MEDIA/DSCF0426.JPG,2022-09-16T15:46:04,2023-12-18T15:17:15.306,TGR1_20231218151715.JPG
raw/Unusual Deployments/TGR1/20240105/DCIM/100MEDIA/DSCF0427.JPG,2022-09-16T15:56:04,2023-12-18T15:27:15.371,TGR1_20231218152715.JPG
raw/Unusual Deployments/TGR1/20240105/DCIM/100MEDIA/DSCF0428.JPG,2022-09-16T16:06:04,2023-12-18T15:37:15.436,TGR1_20231218153715.JPG
raw/Unusual Deployments/TGR1/20240105/DCIM/100MEDIA/DSCF0429.JPG,2022-09-16T16:16:04,2023-12-18T15:47:15.501,TGR1_20231218154715.JPG
raw/Unusual Deployments/TGR1/20240105/DCIM/100MEDIA/DSCF0430.JPG,2022-09-16T16:26:04,2023-12-18T15:57:15.566,TGR1_20231218155715.JPG
raw/Unusual Deployments/TGR1/20240105/DCIM/100MEDIA/DSCF0431.JPG,2022-09-16T16:36:04,2023-12-18T16:07:15.631,TGR1_20231218160715.JPG
raw/Unusual Deployments/TGR1/20240105/DCIM/100MEDIA/DSCF0432.JPG,2022-09-16T16:46:04,2023-12-18T16:17:15.697,TGR1_20231218161715.JPG
raw/Unusual Deployments/TGR1/20240105/DCIM/100MEDIA/DSCF0433.JPG,2022-09-16T16:56:04,2023-12-18T16:27:15.762,TGR1_20231218162715.JPG
raw/Unusual Deployments/TGR1/20240105/DCIM/100MEDIA/DSCF0434.JPG,2022-09-16T17:06:04,2023-12-18T16:37:15.827,TGR1_20231218163715.JPG
raw/Unusual Deployments/TGR1/20240105/DCIM/100MEDIA/DSCF0435.JPG,2022-09-16T17:16:04,2023-12-18T16:47:15.892,TGR1_20231218164715.JPG
raw/Unusual Deployments/TGR1/20240105/DCIM/100MEDIA/DSCF0436.JPG,2022-09-16T17:26:04,2023-12-18T16:57:15.957,TGR1_20231218165715.JPG
raw/Unusual Deployments/TGR1/20240105/DCIM/100MEDIA/DSCF0437.JPG,2022-09-16T17:36:04,2023-12-18T17:07:16.022,TGR1_20231218170716.JPG
raw/Unusual Deployments/TGR1/20240105/DCIM/100MEDIA/DSCF0438.JPG,2022-09-16T17:46:04,2023-12-18T17:17:16.088,TGR1_20231218171716.JPG
raw/Unusual Deployments/TGR1/20240105/DCIM/100MEDIA/DSCF0439.JPG,2022-09-16T17:56:04,2023-12-18T17:27:16.153,TGR1_20231218172716.JPG
raw/Unusual Deployments/TGR1/20240105/DCIM/100MEDIA/DSCF0440.JPG,2022-09-16T18:06:05,2023-12-18T17:37:17.218,TGR1_20231218173717.JPG
raw/Unusual Deployments/TGR1/20240105/DCIM/100MEDIA/DSCF0441.JPG,2022-09-16T18:16:04,2023-12-18T17:47:16.283,TGR1_20231218174716.JPG
raw/Unusual Deployments/TGR1/20240105/DCIM/100MEDIA/DSCF0442.JPG,2022-09-16T18:26:04,2023-12-18T17:57:16.348,TGR1_20231218175716.JPG
raw/Unusual Deployments/TGR1/20240105/DCIM/100MEDIA/DSCF0443.JPG,2022-09-16T18:36:04,2023-12-18T18:07:16.413,TGR1_20231218180716.JPG
raw/Unusual Deployments/TGR1/20240105/DCIM/100MEDIA/DSCF0444.JPG,2022-09-16T18:46:04,2023-12-18T18:17:16.479,TGR1_20231218181716.JPG
raw/Unusual Deployments/TGR1/20240105/DCIM/100MEDIA/DSCF0445.JPG,2022-09-16T18:56:04,2023-12-18T18:27:16.544,TGR1_20231218182716.JPG
raw/Unusual Deployments/TGR1/20240105/DCIM/100MEDIA/DSCF0446.JPG,2022-09-16T19:06:04,2023-12-18T18:37:16.609,TGR1_20231218183716.JPG
raw/Unusual Deployments/TGR1/20240105/DCIM/100MEDIA/DSCF0447.JPG,2022-09-16T19:16:04,2023-12-18T18:47:16.674,TGR1_20231218184716.JPG
raw/Unusual Deployments/TGR1/20240105/DCIM/100MEDIA/DSCF0448.JPG,2022-09-16T19:26:04,2023-12-18T18:57:16.739,TGR1_20231218185716.JPG
raw/Unusual Deployments/TGR1/20240105/DCIM/100MEDIA/DSCF0449.JPG,2022-09-16T19:36:04,2023-12-18T19:07:16.804,TGR1_20231218190716.JPG
raw/Unusual Deployments/TGR1/20240105/DCIM/100MEDIA/DSCF0450.JPG,2022-09-16T19:46:04,2023-12-18T19:17:16.870,TGR1_20231218191716.JPG
raw/Unusual Deployments/TGR1/20240105/DCIM/100MEDIA/DSCF0451.JPG,2022-09-16T19:56:04,2023-12-18T19:27:16.935,TGR1_20231218192716.JPG
raw/Unusual Deployments/TGR1/20240105/DCIM/100MEDIA/DSCF0452.JPG,2022-09-16T20:06:04,2023-12-18T19:37:17.000,TGR1_20231218193717.JPG
raw/Unusual Deployments/TGR1/20240105/DCIM/100MEDIA/DSCF0453.JPG,2022-09-16T20:16:04,2023-12-18T19:47:17.065,TGR1_20231218194717.JPG
raw/Unusual Deployments/TGR1/20240105/DCIM/100MEDIA/DSCF0454.JPG,2022-09-16T20:26:04,2023-12-18T19:57:17.130,TGR1_20231218195717.JPG
raw/Unusual Deployments/TGR1/20240105/DCIM/100MEDIA/DSCF0455.JPG,2022-09-16T20:36:04,2023-12-18T20:07:17.195,TGR1_20231218200717.JPG
raw/Unusual Deployments/TGR1/20240105/DCIM/100MEDIA/DSCF0456.JPG,2022-09-16T20:46:04,2023-12-18T20:17:17.261,TGR1_20231218201717.JPG
raw/Unusual Deployments/TGR1/20240105/DCIM/100MEDIA/DSCF0457.JPG,2022-09-16T20:56:04,2023-12-18T20:27:17.326,TGR1_20231218202717.JPG
raw/Unusual Deployments/TGR1/20240105/DCIM/100MEDIA/DSCF0458.JPG,2022-09-16T21:06:04,2023-12-18T20:37:17.391,TGR1_20231218203717.JPG
raw/Unusual Deployments/TGR1/20240105/DCIM/100MEDIA/DSCF0459.JPG,2022-09-16T21:16:04,2023-12-18T20:47:17.456,TGR1_20231218204717.JPG
raw/Unusual Deployments/TGR1/20240105/DCIM/100MEDIA/DSCF0460.JPG,2022-09-16T21:26:04,2023-12-18T20:57:17.521,TGR1_20231218205717.JPG
raw/Unusual Deployments/TGR1/20240105/DCIM/100MEDIA/DSCF0461.JPG,2022-09-16T21:36:04,2023-12-18T21:07:17.586,TGR1_20231218210717.JPG
raw/Unusual Deployments/TGR1/20240105/DCIM/100MEDIA/DSCF0462.JPG,2022-09-16T21:46:04,2023-12-18T21:17:17.652,TGR1_20231218211717.JPG
raw/Unusual Deployments/TGR1/20240105/DCIM/100MEDIA/DSCF0463.JPG,2022-09-16T21:56:04,2023-12-18T21:27:17.717,TGR1_20231218212717.JPG
raw/Unusual Deployments/TGR1/20240105/DCIM/100MEDIA/DSCF0464.JPG,2022-09-16T22:06:04,2023-12-18T21:37:17.782,TGR1_20231218213717.JPG
raw/Unusual Deployments/TGR1/20240105/DCIM/100MEDIA/DSCF0465.JPG,2022-09-16T22:16:04,2023-12-18T21:47:17.847,TGR1_20231218214717.JPG
raw/Unusual Deployments/TGR1/20240105/DCIM/100MEDIA/DSCF0466.JPG,2022-09-16T22:26:04,2023-12-18T21:57:17.912,TGR1_20231218215717.JPG
raw/Unusual Deployments/TGR1/20240105/DCIM/100MEDIA/DSCF0467.JPG,2022-09-16T22:36:04,2023-12-18T22:07:17.977,TGR1_20231218220717.JPG
raw/Unusual Deployments/TGR1/20240105/DCIM/100MEDIA/DSCF0468.JPG,2022-09-16T22:46:04,2023-12-18T22:17:18.043,TGR1_20231218221718.JPG
raw/Unusual Deployments/TGR1/20240105/DCIM/100MEDIA/DSCF0469.JPG,2022-09-16T22:56:04,2023-12-18T22:27:18.108,TGR1_20231218222718.JPG
raw/Unusual Deployments/TGR1/20240105/DCIM/100MEDIA/DSCF0470.JPG,2022-09-16T23:06:04,2023-12-18T22:37:18.173,TGR1_20231218223718.JPG
raw/Unusual Deployments/TGR1/20240105/DCIM/100MEDIA/DSCF0471.JPG,2022-09-16T23:16:04,2023-12-18T22:47:18.238,TGR1_20231218224718.JPG
raw/Unusual Deployments/TGR1/20240105/DCIM/100MEDIA/DSCF0472.JPG,2022-09-16T23:26:04,2023-12-18T22:57:18.303,TGR1_20231218225718.JPG
raw/Unusual Deployments/TGR1/20240105/DCIM/100MEDIA/DSCF0473.JPG,2022-09-16T23:36:04,2023-12-18T23:07:18.368,TGR1_20231218230718.JPG
raw/Unusual Deployments/TGR1/20240105/DCIM/100MEDIA/DSCF0474.JPG,2022-09-16T23:46:04,2023-12-18T23:17:18.434,TGR1_20231218231718.JPG
raw/Unusual Deployments/TGR1/20240105/DCIM/100MEDIA/DSCF0475.JPG,2022-09-16T23:56:04,2023-12-18T23:27:18.499,TGR1_20231218232718.JPG
raw/Unusual Deployments/TGR1/20240105/DCIM/100MEDIA/DSCF0476.JPG,2022-09-17T00:06:04,2023-12-18T23:37:18.564,TGR1_20231218233718.JPG
raw/Unusual Deployments/TGR1/20240105/DCIM/100MEDIA/DSCF0477.JPG,2022-09-17T00:16:04,2023-12-18T23:47:18.629,TGR1_20231218234718.JPG
raw/Unusual Deployments/TGR1/20240105/DCIM/100MEDIA/DSCF0478.JPG,2022-09-17T00:26:04,2023-12-18T23:57:18.694,TGR1_20231218235718.JPG
raw/Unusual Deployments/TGR1/20240105/DCIM/100MEDIA/DSCF0479.JPG,2022-09-17T00:36:04,2023-12-19T00:07:18.759,TGR1_20231219000718.JPG
raw/Unusual Deployments/TGR1/20240105/DCIM/100MEDIA/DSCF0480.JPG,2022-09-17T00:46:04,2023-12-19T00:17:18.825,TGR1_20231219001718.JPG
raw/Unusual Deployments/TGR1/20240105/DCIM/100MEDIA/DSCF0481.JPG,2022-09-17T00:56:04,2023-12-19T00:27:18.890,TGR1_20231219002718.JPG
raw/Unusual Deployments/TGR1/20240105/DCIM/100MEDIA/DSCF0482.JPG,2022-09-17T01:06:04,2023-12-19T00:37:18.955,TGR1_20231219003718.JPG
raw/Unusual Deployments/TGR1/20240105/DCIM/100MEDIA/DSCF0483.JPG,2022-09-17T01:16:04,2023-12-19T00:47:19.020,TGR1_20231219004719.JPG
raw/Unusual Deployments/TGR1/20240105/DCIM/100MEDIA/DSCF0484.JPG,2022-09-17T01:26:04,2023-12-19T00:57:19.085,TGR1_20231219005719.JPG
raw/Unusual Deployments/TGR1/20240105/DCIM/100MEDIA/DSCF0485.JPG,2022-09-17T01:36:04,2023-12-19T01:07:19.150,TGR1_20231219010719.JPG
raw/Unusual Deployments/TGR1/20240105/DCIM/100MEDIA/DSCF0486.JPG,2022-09-17T01:46:04,2023-12-19T01:17:19.216,TGR1_20231219011719.JPG
raw/Unusual Deployments/TGR1/20240105/DCIM/100MEDIA/DSCF0487.JPG,2022-09-17T01:56:04,2023-12-19T01:27:19.281,TGR1_20231219012719.JPG
raw/Unusual Deployments/TGR1/20240105/DCIM/100MEDIA/DSCF0488.JPG,2022-09-17T02:06:04,2023-12-19T01:37:19.346,TGR1_20231219013719.JPG
raw/Unusual Deployments/TGR1/20240105/DCIM/100MEDIA/DSCF0489.JPG,2022-09-17T02:16:04,2023-12-19T01:47:19.411,TGR1_20231219014719.JPG
raw/Unusual Deployments/TGR1/20240105/DCIM/100MEDIA/DSCF0490.JPG,2022-09-17T02:26:04,2023-12-19T01:57:19.476,TGR1_20231219015719.JPG
raw/Unusual Deployments/TGR1/20240105/DCIM/100MEDIA/DSCF0491.JPG,2022-09-17T02:36:04,2023-12-19T02:07:19.541,TGR1_20231219020719.JPG
raw/Unusual Deployments/TGR1/20240105/DCIM/100MEDIA/DSCF0492.JPG,2022-09-17T02:46:04,2023-12-19T02:17:19.606,TGR1_20231219021719.JPG
raw/Unusual Deployments/TGR1/20240105/DCIM/100MEDIA/DSCF0493.JPG,2022-09-17T02:56:04,2023-12-19T02:27:19.672,TGR1_20231219022719.JPG
raw/Unusual Deployments/TGR1/20240105/DCIM/100MEDIA/DSCF0494.JPG,2022-09-17T03:06:04,2023-12-19T02:37:19.737,TGR1_20231219023719.JPG
raw/Unusual Deployments/TGR1/20240105/DCIM/100MEDIA/DSCF0495.JPG,2022-09-17T03:16:04,2023-12-19T02:47:19.802,TGR1_20231219024719.JPG
raw/Unusual Deployments/TGR1/20240105/DCIM/100MEDIA/DSCF0496.JPG,2022-09-17T03:26:04,2023-12-19T02:57:19.867,TGR1_20231219025719.JPG
raw/Unusual Deployments/TGR1/20240105/DCIM/100MEDIA/DSCF0497.JPG,2022-09-17T03:36:04,2023-12-19T03:07:19.932,TGR1_20231219030719.JPG
raw/Unusual Deployments/TGR1/20240105/DCIM/100MEDIA/DSCF0498.JPG,2022-09-17T03:46:04,2023-12-19T03:17:19.997,TGR1_20231219031719.JPG
raw/Unusual Deployments/TGR1/20240105/DCIM/100MEDIA/DSCF0499.JPG,2022-09-17T03:56:04,2023-12-19T03:27:20.063,TGR1_20231219032720.JPG
raw/Unusual Deployments/TGR1/20240105/DCIM/100MEDIA/DSCF0500.JPG,2022-09-17T04:06:04,2023-12-19T03:37:20.128,TGR1_20231219033720.JPG
raw/Unusual Deployments/TGR1/20240105/DCIM/100MEDIA/DSCF0501.JPG,2022-09-17T04:16:04,2023-12-19T03:47:20.193,TGR1_20231219034720.JPG
raw/Unusual Deployments/TGR1/20240105/DCIM/100MEDIA/DSCF0502.JPG,2022-09-17T04:26:04,2023-12-19T03:57:20.258,TGR1_20231219035720.JPG
raw/Unusual Deployments/TGR1/20240105/DCIM/100MEDIA/DSCF0503.JPG,2022-09-17T04:36:04,2023-12-19T04:07:20.323,TGR1_20231219040720.JPG
raw/Unusual Deployments/TGR1/20240105/DCIM/100MEDIA/DSCF0504.JPG,2022-09-17T04:46:04,2023-12-19T04:17:20.388,TGR1_20231219041720.JPG
raw/Unusual Deployments/TGR1/20240105/DCIM/100MEDIA/DSCF0505.JPG,2022-09-17T04:56:04,2023-12-19T04:27:20.454,TGR1_20231219042720.JPG
raw/Unusual Deployments/TGR1/20240105/DCIM/100MEDIA/DSCF0506.JPG,2022-09-17T05:06:04,2023-12-19T04:37:20.519,TGR1_20231219043720.JPG
raw/Unusual Deployments/TGR1/20240105/DCIM/100MEDIA/DSCF0507.JPG,2022-09-17T05:16:04,2023-12-19T04:47:20.584,TGR1_20231219044720.JPG
raw/Unusual Deployments/TGR1/20240105/DCIM/100MEDIA/DSCF0508.JPG,2022-09-17T05:26:04,2023-12-19T04:57:20.649,TGR1_20231219045720.JPG
raw/Unusual Deployments/TGR1/20240105/DCIM/100MEDIA/DSCF0509.JPG,2022-09-17T05:36:04,2023-12-19T05:07:20.714,TGR1_20231219050720.JPG
raw/Unusual Deployments/TGR1/20240105/DCIM/100MEDIA/DSCF0510.JPG,2022-09-17T05:46:04,2023-12-19T05:17:20.779,TGR1_20231219051720.JPG
raw/Unusual Deployments/TGR1/20240105/DCIM/100MEDIA/DSCF0511.JPG,2022-09-17T05:56:04,2023-12-19T05:27:20.845,TGR1_20231219052720.JPG
raw/Unusual Deployments/TGR1/20240105/DCIM/100MEDIA/DSCF0512.JPG,2022-09-17T06:06:04,2023-12-19T05:37:20.910,TGR1_20231219053720.JPG
raw/Unusual Deployments/TGR1/20240105/DCIM/100MEDIA/DSCF0513.JPG,2022-09-17T06:16:04,2023-12-19T05:47:20.975,TGR1_20231219054720.JPG
raw/Unusual Deployments/TGR1/20240105/DCIM/100MEDIA/DSCF0514.JPG,2022-09-17T06:26:04,2023-12-19T05:57:21.040,TGR1_20231219055721.JPG
raw/Unusual Deployments/TGR1/20240105/DCIM/100MEDIA/DSCF0515.JPG,2022-09-17T06:36:04,2023-12-19T06:07:21.105,TGR1_20231219060721.JPG
raw/Unusual Deployments/TGR1/20240105/DCIM/100MEDIA/DSCF0516.JPG,2022-09-17T06:46:04,2023-12-19T06:17:21.170,TGR1_20231219061721.JPG
raw/Unusual Deployments/TGR1/20240105/DCIM/100MEDIA/DSCF0517.JPG,2022-09-17T06:56:04,2023-12-19T06:27:21.236,TGR1_20231219062721.JPG
raw/Unusual Deployments/TGR1/20240105/DCIM/100MEDIA/DSCF0518.JPG,2022-09-17T07:06:04,2023-12-19T06:37:21.301,TGR1_20231219063721.JPG
raw/Unusual Deployments/TGR1/20240105/DCIM/100MEDIA/DSCF0519.JPG,2022-09-17T07:16:04,2023-12-19T06:47:21.366,TGR1_20231219064721.JPG
raw/Unusual Deployments/TGR1/20240105/DCIM/100MEDIA/DSCF0520.JPG,2022-09-17T07:26:05,2023-12-19T06:57:22.431,TGR1_20231219065722.JPG
raw/Unusual Deployments/TGR1/20240105/DCIM/100MEDIA/DSCF0521.JPG,2022-09-17T07:36:04,2023-12-19T07:07:21.496,TGR1_20231219070721.JPG
raw/Unusual Deployments/TGR1/20240105/DCIM/100MEDIA/DSCF0522.JPG,2022-09-17T07:46:04,2023-12-19T07:17:21.561,TGR1_20231219071721.JPG
raw/Unusual Deployments/TGR1/20240105/DCIM/100MEDIA/DSCF0523.JPG,2022-09-17T07:56:04,2023-12-19T07:27:21.627,TGR1_20231219072721.JPG
raw/Unusual Deployments/TGR1/20240105/DCIM/100MEDIA/DSCF0524.JPG,2022-09-17T08:06:04,2023-12-19T07:37:21.692,TGR1_20231219073721.JPG
raw/Unusual Deployments/TGR1/20240105/DCIM/100MEDIA/DSCF0525.JPG,2022-09-17T08:16:03,2023-12-19T07:47:20.757,TGR1_20231219074720.JPG
raw/Unusual Deployments/TGR1/20240105/DCIM/100MEDIA/DSCF0526.JPG,2022-09-17T08:26:04,2023-12-19T07:57:21.822,TGR1_20231219075721.JPG
raw/Unusual Deployments/TGR1/20240105/DCIM/100MEDIA/DSCF0527.JPG,2022-09-17T08:36:04,2023-12-19T08:07:21.887,TGR1_20231219080721.JPG
raw/Unusual Deployments/TGR1/20240105/DCIM/100MEDIA/DSCF0528.JPG,2022-09-17T08:46:04,2023-12-19T08:17:21.952,TGR1_20231219081721.JPG
raw/Unusual Deployments/TGR1/20240105/DCIM/100MEDIA/DSCF0529.JPG,2022-09-17T08:56:04,2023-12-19T08:27:22.018,TGR1_20231219082722.JPG
raw/Unusual Deployments/TGR1/20240105/DCIM/100MEDIA/DSCF0530.JPG,2022-09-17T09:06:04,2023-12-19T08:37:22.083,TGR1_20231219083722.JPG
raw/Unusual Deployments/TGR1/20240105/DCIM/100MEDIA/DSCF0531.JPG,2022-09-17T09:16:04,2023-12-19T08:47:22.148,TGR1_20231219084722.JPG
raw/Unusual Deployments/TGR1/20240105/DCIM/100MEDIA/DSCF0532.JPG,2022-09-17T09:26:04,2023-12-19T08:57:22.213,TGR1_20231219085722.JPG
raw/Unusual Deployments/TGR1/20240105/DCIM/100MEDIA/DSCF0533.JPG,2022-09-17T09:36:04,2023-12-19T09:07:22.278,TGR1_20231219090722.JPG
raw/Unusual Deployments/TGR1/20240105/DCIM/100MEDIA/DSCF0534.JPG,2022-09-17T09:46:04,2023-12-19T09:17:22.343,TGR1_20231219091722.JPG
raw/Unusual Deployments/TGR1/20240105/DCIM/100MEDIA/DSCF0535.JPG,2022-09-17T09:56:04,2023-12-19T09:27:22.409,TGR1_20231219092722.JPG
raw/Unusual Deployments/TGR1/20240105/DCIM/100MEDIA/DSCF0536.JPG,2022-09-17T10:06:04,2023-12-19T09:37:22.474,TGR1_20231219093722.JPG
raw/Unusual Deployments/TGR1/20240105/DCIM/100MEDIA/DSCF0537.JPG,2022-09-17T10:16:04,2023-12-19T09:47:22.539,TGR1_20231219094722.JPG
raw/Unusual Deployments/TGR1/20240105/DCIM/100MEDIA/DSCF0538.JPG,2022-09-17T10:26:04,2023-12-19T09:57:22.604,TGR1_20231219095722.JPG
raw/Unusual Deployments/TGR1/20240105/DCIM/100MEDIA/DSCF0539.JPG,2022-09-17T10:36:04,2023-12-19T10:07:22.669,TGR1_20231219100722.JPG
raw/Unusual Deployments/TGR1/20240105/DCIM/100MEDIA/DSCF0540.JPG,2022-09-17T10:46:04,2023-12-19T10:17:22.734,TGR1_20231219101722.JPG
raw/Unusual Deployments/TGR1/20240105/DCIM/100MEDIA/DSCF0541.JPG,2022-09-17T10:56:04,2023-12-19T10:27:22.800,TGR1_20231219102722.JPG
raw/Unusual Deployments/TGR1/20240105/DCIM/100MEDIA/DSCF0542.JPG,2022-09-17T11:06:04,2023-12-19T10:37:22.865,TGR1_20231219103722.JPG
raw/Unusual Deployments/TGR1/20240105/DCIM/100MEDIA/DSCF0543.JPG,2022-09-17T11:16:04,2023-12-19T10:47:22.930,TGR1_20231219104722.JPG
raw/Unusual Deployments/TGR1/20240105/DCIM/100MEDIA/DSCF0544.JPG,2022-09-17T11:26:04,2023-12-19T10:57:22.995,TGR1_20231219105722.JPG
raw/Unusual Deployments/TGR1/20240105/DCIM/100MEDIA/DSCF0545.JPG,2022-09-17T11:36:04,2023-12-19T11:07:23.060,TGR1_20231219110723.JPG
raw/Unusual Deployments/TGR1/20240105/DCIM/100MEDIA/DSCF0546.JPG,2022-09-17T11:46:04,2023-12-19T11:17:23.125,TGR1_20231219111723.JPG
raw/Unusual Deployments/TGR1/20240105/DCIM/100MEDIA/DSCF0547.JPG,2022-09-17T11:56:04,2023-12-19T11:27:23.191,TGR1_20231219112723.JPG
raw/Unusual Deployments/TGR1/20240105/DCIM/100MEDIA/DSCF0548.JPG,2022-09-17T12:06:04,2023-12-19T11:37:23.256,TGR1_20231219113723.JPG
raw/Unusual Deployments/TGR1/20240105/DCIM/100MEDIA/DSCF0549.JPG,2022-09-17T12:16:04,2023-12-19T11:47:23.321,TGR1_20231219114723.JPG
raw/Unusual Deployments/TGR1/20240105/DCIM/100MEDIA/DSCF0550.JPG,2022-09-17T12:26:04,2023-12-19T11:57:23.386,TGR1_20231219115723.JPG
raw/Unusual Deployments/TGR1/20240105/DCIM/100MEDIA/DSCF0551.JPG,2022-09-17T12:36:04,2023-12-19T12:07:23.451,TGR1_20231219120723.JPG
raw/Unusual Deployments/TGR1/20240105/DCIM/100MEDIA/DSCF0552.JPG,2022-09-17T12:46:04,2023-12-19T12:17:23.516,TGR1_20231219121723.JPG
raw/Unusual Deployments/TGR1/20240105/DCIM/100MEDIA/DSCF0553.JPG,2022-09-17T12:56:04,2023-12-19T12:27:23.582,TGR1_20231219122723.JPG
raw/Unusual Deployments/TGR1/20240105/DCIM/100MEDIA/DSCF0554.JPG,2022-09-17T13:06:04,2023-12-19T12:37:23.647,TGR1_20231219123723.JPG
raw/Unusual Deployments/TGR1/20240105/DCIM/100MEDIA/DSCF0555.JPG,2022-09-17T13:16:04,2023-12-19T12:47:23.712,TGR1_20231219124723.JPG
raw/Unusual Deployments/TGR1/20240105/DCIM/100MEDIA/DSCF0556.JPG,2022-09-17T13:26:04,2023-12-19T12:57:23.777,TGR1_20231219125723.JPG
raw/Unusual Deployments/TGR1/20240105/DCIM/100MEDIA/DSCF0557.JPG,2022-09-17T13:36:04,2023-12-19T13:07:23.842,TGR1_20231219130723.JPG
raw/Unusual Deployments/TGR1/20240105/DCIM/100MEDIA/DSCF0558.JPG,2022-09-17T13:46:04,2023-12-19T13:17:23.907,TGR1_20231219131723.JPG
raw/Unusual Deployments/TGR1/20240105/DCIM/100MEDIA/DSCF0559.JPG,2022-09-17T13:56:04,2023-12-19T13:27:23.973,TGR1_20231219132723.JPG
raw/Unusual Deployments/TGR1/20240105/DCIM/100MEDIA/DSCF0560.JPG,2022-09-17T14:06:04,2023-12-19T13:37:24.038,TGR1_20231219133724.JPG
raw/Unusual Deployments/TGR1/20240105/DCIM/100MEDIA/DSCF0561.JPG,2022-09-17T14:16:04,2023-12-19T13:47:24.103,TGR1_20231219134724.JPG
raw/Unusual Deployments/TGR1/20240105/DCIM/100MEDIA/DSCF0562.JPG,2022-09-17T14:26:04,2023-12-19T13:57:24.168,TGR1_20231219135724.JPG
raw/Unusual Deployments/TGR1/20240105/DCIM/100MEDIA/DSCF0563.JPG,2022-09-17T14:36:04,2023-12-19T14:07:24.233,TGR1_20231219140724.JPG
raw/Unusual Deployments/TGR1/20240105/DCIM/100MEDIA/DSCF0564.JPG,2022-09-17T14:46:04,2023-12-19T14:17:24.298,TGR1_20231219141724.JPG
raw/Unusual Deployments/TGR1/20240105/DCIM/100MEDIA/DSCF0565.JPG,2022-09-17T14:56:04,2023-12-19T14:27:24.364,TGR1_20231219142724.JPG
raw/Unusual Deployments/TGR1/20240105/DCIM/100MEDIA/DSCF0566.JPG,2022-09-17T15:06:04,2023-12-19T14:37:24.429,TGR1_20231219143724.JPG
raw/Unusual Deployments/TGR1/20240105/DCIM/100MEDIA/DSCF0567.JPG,2022-09-17T15:16:04,2023-12-19T14:47:24.494,TGR1_20231219144724.JPG
raw/Unusual Deployments/TGR1/20240105/DCIM/100MEDIA/DSCF0568.JPG,2022-09-17T15:26:04,2023-12-19T14:57:24.559,TGR1_20231219145724.JPG
raw/Unusual Deployments/TGR1/20240105/DCIM/100MEDIA/DSCF0569.JPG,2022-09-17T15:36:04,2023-12-19T15:07:24.624,TGR1_20231219150724.JPG
raw/Unusual Deployments/TGR1/20240105/DCIM/100MEDIA/DSCF0570.JPG,2022-09-17T15:46:04,2023-12-19T15:17:24.689,TGR1_20231219151724.JPG
raw/Unusual Deployments/TGR1/20240105/DCIM/100MEDIA/DSCF0571.JPG,2022-09-17T15:56:04,2023-12-19T15:27:24.755,TGR1_20231219152724.JPG
raw/Unusual Deployments/TGR1/20240105/DCIM/100MEDIA/DSCF0572.JPG,2022-09-17T16:06:04,2023-12-19T15:37:24.820,TGR1_20231219153724.JPG
raw/Unusual Deployments/TGR1/20240105/DCIM/100MEDIA/DSCF0573.JPG,2022-09-17T16:16:04,2023-12-19T15:47:24.885,TGR1_20231219154724.JPG
raw/Unusual Deployments/TGR1/20240105/DCIM/100MEDIA/DSCF0574.JPG,2022-09-17T16:26:04,2023-12-19T15:57:24.950,TGR1_20231219155724.JPG
raw/Unusual Deployments/TGR1/20240105/DCIM/100MEDIA/DSCF0575.JPG,2022-09-17T16:36:04,2023-12-19T16:07:25.015,TGR1_20231219160725.JPG
raw/Unusual Deployments/TGR1/20240105/DCIM/100MEDIA/DSCF0576.JPG,2022-09-17T16:46:04,2023-12-19T16:17:25.080,TGR1_20231219161725.JPG
raw/Unusual Deployments/TGR1/20240105/DCIM/100MEDIA/DSCF0577.JPG,2022-09-17T16:56:04,2023-12-19T16:27:25.146,TGR1_20231219162725.JPG
raw/Unusual Deployments/TGR1/20240105/DCIM/100MEDIA/DSCF0578.JPG,2022-09-17T17:06:04,2023-12-19T16:37:25.211,TGR1_20231219163725.JPG
raw/Unusual Deployments/TGR1/20240105/DCIM/100MEDIA/DSCF0579.JPG,2022-09-17T17:16:04,2023-12-19T16:47:25.276,TGR1_20231219164725.JPG
raw/Unusual Deployments/TGR1/20240105/DCIM/100MEDIA/DSCF0580.JPG,2022-09-17T17:26:04,2023-12-19T16:57:25.341,TGR1_20231219165725.JPG
raw/Unusual Deployments/TGR1/20240105/DCIM/100MEDIA/DSCF0581.JPG,2022-09-17T17:36:04,2023-12-19T17:07:25.406,TGR1_20231219170725.JPG
raw/Unusual Deployments/TGR1/20240105/DCIM/100MEDIA/DSCF0582.JPG,2022-09-17T17:46:04,2023-12-19T17:17:25.471,TGR1_20231219171725.JPG
raw/Unusual Deployments/TGR1/20240105/DCIM/100MEDIA/DSCF0583.JPG,2022-09-17T17:56:04,2023-12-19T17:27:25.537,TGR1_20231219172725.JPG
raw/Unusual Deployments/TGR1/20240105/DCIM/100MEDIA/DSCF0584.JPG,2022-09-17T18:06:05,2023-12-19T17:37:26.602,TGR1_20231219173726.JPG
raw/Unusual Deployments/TGR1/20240105/DCIM/100MEDIA/DSCF0585.JPG,2022-09-17T18:16:04,2023-12-19T17:47:25.667,TGR1_20231219174725.JPG
raw/Unusual Deployments/TGR1/20240105/DCIM/100MEDIA/DSCF0586.JPG,2022-09-17T18:26:04,2023-12-19T17:57:25.732,TGR1_20231219175725.JPG
raw/Unusual Deployments/TGR1/20240105/DCIM/100MEDIA/DSCF0587.JPG,2022-09-17T18:36:04,2023-12-19T18:07:25.797,TGR1_20231219180725.JPG
raw/Unusual Deployments/TGR1/20240105/DCIM/100MEDIA/DSCF0588.JPG,2022-09-17T18:46:04,2023-12-19T18:17:25.862,TGR1_20231219181725.JPG
raw/Unusual Deployments/TGR1/20240105/DCIM/100MEDIA/DSCF0589.JPG,2022-09-17T18:56:04,2023-12-19T18:27:25.928,TGR1_20231219182725.JPG
raw/Unusual Deployments/TGR1/20240105/DCIM/100MEDIA/DSCF0590.JPG,2022-09-17T19:06:04,2023-12-19T18:37:25.993,TGR1_20231219183725.JPG
raw/Unusual Deployments/TGR1/20240105/DCIM/100MEDIA/DSCF0591.JPG,2022-09-17T19:16:04,2023-12-19T18:47:26.058,TGR1_20231219184726.JPG
raw/Unusual Deployments/TGR1/20240105/DCIM/100MEDIA/DSCF0592.JPG,2022-09-17T19:26:04,2023-12-19T18:57:26.123,TGR1_20231219185726.JPG
raw/Unusual Deployments/TGR1/20240105/DCIM/100MEDIA/DSCF0593.JPG,2022-09-17T19:36:04,2023-12-19T19:07:26.188,TGR1_20231219190726.JPG
raw/Unusual Deployments/TGR1/20240105/DCIM/100MEDIA/DSCF0594.JPG,2022-09-17T19:46:04,2023-12-19T19:17:26.253,TGR1_20231219191726.JPG
raw/Unusual Deployments/TGR1/20240105/DCIM/100MEDIA/DSCF0595.JPG,2022-09-17T19:56:04,2023-12-19T19:27:26.319,TGR1_20231219192726.JPG
raw/Unusual Deployments/TGR1/20240105/DCIM/100MEDIA/DSCF0596.JPG,2022-09-17T20:06:04,2023-12-19T19:37:26.384,TGR1_20231219193726.JPG
raw/Unusual Deployments/TGR1/20240105/DCIM/100MEDIA/DSCF0597.JPG,2022-09-17T20:16:04,2023-12-19T19:47:26.449,TGR1_20231219194726.JPG
raw/Unusual Deployments/TGR1/20240105/DCIM/100MEDIA/DSCF0598.JPG,2022-09-17T20:26:04,2023-12-19T19:57:26.514,TGR1_20231219195726.JPG
raw/Unusual Deployments/TGR1/20240105/DCIM/100MEDIA/DSCF0599.JPG,2022-09-17T20:36:04,2023-12-19T20:07:26.579,TGR1_20231219200726.JPG
raw/Unusual Deployments/TGR1/20240105/DCIM/100MEDIA/DSCF0600.JPG,2022-09-17T20:46:04,2023-12-19T20:17:26.644,TGR1_20231219201726.JPG
raw/Unusual Deployments/TGR1/20240105/DCIM/100MEDIA/DSCF0601.JPG,2022-09-17T20:56:04,2023-12-19T20:27:26.710,TGR1_20231219202726.JPG
raw/Unusual Deployments/TGR1/20240105/DCIM/100MEDIA/DSCF0602.JPG,2022-09-17T21:06:04,2023-12-19T20:37:26.775,TGR1_20231219203726.JPG
raw/Unusual Deployments/TGR1/20240105/DCIM/100MEDIA/DSCF0603.JPG,2022-09-17T21:16:04,2023-12-19T20:47:26.840,TGR1_20231219204726.JPG
raw/Unusual Deployments/TGR1/20240105/DCIM/100MEDIA/DSCF0604.JPG,2022-09-17T21:26:04,2023-12-19T20:57:26.905,TGR1_20231219205726.JPG
raw/Unusual Deployments/TGR1/20240105/DCIM/100MEDIA/DSCF0605.JPG,2022-09-17T21:36:04,2023-12-19T21:07:26.970,TGR1_20231219210726.JPG
raw/Unusual Deployments/TGR1/20240105/DCIM/100MEDIA/DSCF0606.JPG,2022-09-17T21:46:04,2023-12-19T21:17:27.035,TGR1_20231219211727.JPG
raw/Unusual Deployments/TGR1/20240105/DCIM/100MEDIA/DSCF0607.JPG,2022-09-17T21:56:04,2023-12-19T21:27:27.101,TGR1_20231219212727.JPG
raw/Unusual Deployments/TGR1/20240105/DCIM/100MEDIA/DSCF0608.JPG,2022-09-17T22:06:04,2023-12-19T21:37:27.166,TGR1_20231219213727.JPG
raw/Unusual Deployments/TGR1/20240105/DCIM/100MEDIA/DSCF0609.JPG,2022-09-17T22:16:04,2023-12-19T21:47:27.231,TGR1_20231219214727.JPG
raw/Unusual Deployments/TGR1/20240105/DCIM/100MEDIA/DSCF0610.JPG,2022-09-17T22:26:04,2023-12-19T21:57:27.296,TGR1_20231219215727.JPG
raw/Unusual Deployments/TGR1/20240105/DCIM/100MEDIA/DSCF0611.JPG,2022-09-17T22:36:04,2023-12-19T22:07:27.361,TGR1_20231219220727.JPG
raw/Unusual Deployments/TGR1/20240105/DCIM/100MEDIA/DSCF0612.JPG,2022-09-17T22:46:04,2023-12-19T22:17:27.426,TGR1_20231219221727.JPG
raw/Unusual Deployments/TGR1/20240105/DCIM/100MEDIA/DSCF0613.JPG,2022-09-17T22:56:04,2023-12-19T22:27:27.492,TGR1_20231219222727.JPG
raw/Unusual Deployments/TGR1/20240105/DCIM/100MEDIA/DSCF0614.JPG,2022-09-17T23:06:04,2023-12-19T22:37:27.557,TGR1_20231219223727.JPG
raw/Unusual Deployments/TGR1/20240105/DCIM/100MEDIA/DSCF0615.JPG,2022-09-17T23:16:04,2023-12-19T22:47:27.622,TGR1_20231219224727.JPG
raw/Unusual Deployments/TGR1/20240105/DCIM/100MEDIA/DSCF0616.JPG,2022-09-17T23:26:04,2023-12-19T22:57:27.687,TGR1_20231219225727.JPG
raw/Unusual Deployments/TGR1/20240105/DCIM/100MEDIA/DSCF0617.JPG,2022-09-17T23:36:04,2023-12-19T23:07:27.752,TGR1_20231219230727.JPG
raw/Unusual Deployments/TGR1/20240105/DCIM/100MEDIA/DSCF0618.JPG,2022-09-17T23:46:04,2023-12-19T23:17:27.817,TGR1_20231219231727.JPG
raw/Unusual Deployments/TGR1/20240105/DCIM/100MEDIA/DSCF0619.JPG,2022-09-17T23:56:04,2023-12-19T23:27:27.882,TGR1_20231219232727.JPG
raw/Unusual Deployments/TGR1/20240105/DCIM/100MEDIA/DSCF0620.JPG,2022-09-18T00:06:04,2023-12-19T23:37:27.948,TGR1_20231219233727.JPG
raw/Unusual Deployments/TGR1/20240105/DCIM/100MEDIA/DSCF0621.JPG,2022-09-18T00:16:04,2023-12-19T23:47:28.013,TGR1_20231219234728.JPG
raw/Unusual Deployments/TGR1/20240105/DCIM/100MEDIA/DSCF0622.JPG,2022-09-18T00:26:04,2023-12-19T23:57:28.078,TGR1_20231219235728.JPG
raw/Unusual Deployments/TGR1/20240105/DCIM/100MEDIA/DSCF0623.JPG,2022-09-18T00:36:04,2023-12-20T00:07:28.143,TGR1_20231220000728.JPG
raw/Unusual Deployments/TGR1/20240105/DCIM/100MEDIA/DSCF0624.JPG,2022-09-18T00:46:04,2023-12-20T00:17:28.208,TGR1_20231220001728.JPG
raw/Unusual Deployments/TGR1/20240105/DCIM/100MEDIA/DSCF0625.JPG,2022-09-18T00:56:04,2023-12-20T00:27:28.273,TGR1_20231220002728.JPG
raw/Unusual Deployments/TGR1/20240105/DCIM/100MEDIA/DSCF0626.JPG,2022-09-18T01:06:04,2023-12-20T00:37:28.339,TGR1_20231220003728.JPG
raw/Unusual Deployments/TGR1/20240105/DCIM/100MEDIA/DSCF0627.JPG,2022-09-18T01:16:04,2023-12-20T00:47:28.404,TGR1_20231220004728.JPG
raw/Unusual Deployments/TGR1/20240105/DCIM/100MEDIA/DSCF0628.JPG,2022-09-18T01:26:04,2023-12-20T00:57:28.469,TGR1_20231220005728.JPG
raw/Unusual Deployments/TGR1/20240105/DCIM/100MEDIA/DSCF0629.JPG,2022-09-18T01:36:04,2023-12-20T01:07:28.534,TGR1_20231220010728.JPG
raw/Unusual Deployments/TGR1/20240105/DCIM/100MEDIA/DSCF0630.JPG,2022-09-18T01:46:04,2023-12-20T01:17:28.599,TGR1_20231220011728.JPG
raw/Unusual Deployments/TGR1/20240105/DCIM/100MEDIA/DSCF0631.JPG,2022-09-18T01:56:04,2023-12-20T01:27:28.664,TGR1_20231220012728.JPG
raw/Unusual Deployments/TGR1/20240105/DCIM/100MEDIA/DSCF0632.JPG,2022-09-18T02:06:04,2023-12-20T01:37:28.730,TGR1_20231220013728.JPG
raw/Unusual Deployments/TGR1/20240105/DCIM/100MEDIA/DSCF0633.JPG,2022-09-18T02:16:04,2023-12-20T01:47:28.795,TGR1_20231220014728.JPG
raw/Unusual Deployments/TGR1/20240105/DCIM/100MEDIA/DSCF0634.JPG,2022-09-18T02:26:04,2023-12-20T01:57:28.860,TGR1_20231220015728.JPG
raw/Unusual Deployments/TGR1/20240105/DCIM/100MEDIA/DSCF0635.JPG,2022-09-18T02:36:04,2023-12-20T02:07:28.925,TGR1_20231220020728.JPG
raw/Unusual Deployments/TGR1/20240105/DCIM/100MEDIA/DSCF0636.JPG,2022-09-18T02:46:04,2023-12-20T02:17:28.990,TGR1_20231220021728.JPG
raw/Unusual Deployments/TGR1/20240105/DCIM/100MEDIA/DSCF0637.JPG,2022-09-18T02:56:04,2023-12-20T02:27:29.055,TGR1_20231220022729.JPG
raw/Unusual Deployments/TGR1/20240105/DCIM/100MEDIA/DSCF0638.JPG,2022-09-18T03:06:04,2023-12-20T02:37:29.121,TGR1_20231220023729.JPG
raw/Unusual Deployments/TGR1/20240105/DCIM/100MEDIA/DSCF0639.JPG,2022-09-18T03:16:04,2023-12-20T02:47:29.186,TGR1_20231220024729.JPG
raw/Unusual Deployments/TGR1/20240105/DCIM/100MEDIA/DSCF0640.JPG,2022-09-18T03:26:04,2023-12-20T02:57:29.251,TGR1_20231220025729.JPG
raw/Unusual Deployments/TGR1/20240105/DCIM/100MEDIA/DSCF0641.JPG,2022-09-18T03:36:04,2023-12-20T03:07:29.316,TGR1_20231220030729.JPG
raw/Unusual Deployments/TGR1/20240105/DCIM/100MEDIA/DSCF0642.JPG,2022-09-18T03:46:04,2023-12-20T03:17:29.381,TGR1_20231220031729.JPG
raw/Unusual Deployments/TGR1/20240105/DCIM/100MEDIA/DSCF0643.JPG,2022-09-18T03:56:04,2023-12-20T03:27:29.446,TGR1_20231220032729.JPG
raw/Unusual Deployments/TGR1/20240105/DCIM/100MEDIA/DSCF0644.JPG,2022-09-18T04:06:04,2023-12-20T03:37:29.512,TGR1_20231220033729.JPG
raw/Unusual Deployments/TGR1/20240105/DCIM/100MEDIA/DSCF0645.JPG,2022-09-18T04:16:04,2023-12-20T03:47:29.577,TGR1_20231220034729.JPG
raw/Unusual Deployments/TGR1/20240105/DCIM/100MEDIA/DSCF0646.JPG,2022-09-18T04:26:04,2023-12-20T03:57:29.642,TGR1_20231220035729.JPG
raw/Unusual Deployments/TGR1/20240105/DCIM/100MEDIA/DSCF0647.JPG,2022-09-18T04:36:04,2023-12-20T04:07:29.707,TGR1_20231220040729.JPG
raw/Unusual Deployments/TGR1/20240105/DCIM/100MEDIA/DSCF0648.JPG,2022-09-18T04:46:04,2023-12-20T04:17:29.772,TGR1_20231220041729.JPG
raw/Unusual Deployments/TGR1/20240105/DCIM/100MEDIA/DSCF0649.JPG,2022-09-18T04:56:04,2023-12-20T04:27:29.837,TGR1_20231220042729.JPG
raw/Unusual Deployments/TGR1/20240105/DCIM/100MEDIA/DSCF0650.JPG,2022-09-18T05:06:04,2023-12-20T04:37:29.903,TGR1_20231220043729.JPG
raw/Unusual Deployments/TGR1/20240105/DCIM/100MEDIA/DSCF0651.JPG,2022-09-18T05:16:04,2023-12-20T04:47:29.968,TGR1_20231220044729.JPG
raw/Unusual Deployments/TGR1/20240105/DCIM/100MEDIA/DSCF0652.JPG,2022-09-18T05:26:04,2023-12-20T04:57:30.033,TGR1_20231220045730.JPG
raw/Unusual Deployments/TGR1/20240105/DCIM/100MEDIA/DSCF0653.JPG,2022-09-18T05:36:04,2023-12-20T05:07:30.098,TGR1_20231220050730.JPG
raw/Unusual Deployments/TGR1/20240105/DCIM/100MEDIA/DSCF0654.JPG,2022-09-18T05:46:04,2023-12-20T05:17:30.163,TGR1_20231220051730.JPG
raw/Unusual Deployments/TGR1/20240105/DCIM/100MEDIA/DSCF0655.JPG,2022-09-18T05:56:04,2023-12-20T05:27:30.228,TGR1_20231220052730.JPG
raw/Unusual Deployments/TGR1/20240105/DCIM/100MEDIA/DSCF0656.JPG,2022-09-18T06:06:04,2023-12-20T05:37:30.294,TGR1_20231220053730.JPG
raw/Unusual Deployments/TGR1/20240105/DCIM/100MEDIA/DSCF0657.JPG,2022-09-18T06:16:04,2023-12-20T05:47:30.359,TGR1_20231220054730.JPG
raw/Unusual Deployments/TGR1/20240105/DCIM/100MEDIA/DSCF0658.JPG,2022-09-18T06:26:04,2023-12-20T05:57:30.424,TGR1_20231220055730.JPG
raw/Unusual Deployments/TGR1/20240105/DCIM/100MEDIA/DSCF0659.JPG,2022-09-18T06:36:04,2023-12-20T06:07:30.489,TGR1_20231220060730.JPG
raw/Unusual Deployments/TGR1/20240105/DCIM/100MEDIA/DSCF0660.JPG,2022-09-18T06:46:04,2023-12-20T06:17:30.554,TGR1_20231220061730.JPG
raw/Unusual Deployments/TGR1/20240105/DCIM/100MEDIA/DSCF0661.JPG,2022-09-18T06:56:04,2023-12-20T06:27:30.619,TGR1_20231220062730.JPG
raw/Unusual Deployments/TGR1/20240105/DCIM/100MEDIA/DSCF0662.JPG,2022-09-18T07:06:03,2023-12-20T06:37:29.684,TGR1_20231220063729.JPG
raw/Unusual Deployments/TGR1/20240105/DCIM/100MEDIA/DSCF0663.JPG,2022-09-18T07:16:04,2023-12-20T06:47:30.750,TGR1_20231220064730.JPG
raw/Unusual Deployments/TGR1/20240105/DCIM/100MEDIA/DSCF0664.JPG,2022-09-18T07:26:04,2023-12-20T06:57:30.815,TGR1_20231220065730.JPG
raw/Unusual Deployments/TGR1/20240105/DCIM/100MEDIA/DSCF0665.JPG,2022-09-18T07:36:04,2023-12-20T07:07:30.880,TGR1_20231220070730.JPG
raw/Unusual Deployments/TGR1/20240105/DCIM/100MEDIA/DSCF0666.JPG,2022-09-18T07:46:04,2023-12-20T07:17:30.945,TGR1_20231220071730.JPG
raw/Unusual Deployments/TGR1/20240105/DCIM/100MEDIA/DSCF0667.JPG,2022-09-18T07:56:04,2023-12-20T07:27:31.010,TGR1_20231220072731.JPG
raw/Unusual Deployments/TGR1/20240105/DCIM/100MEDIA/DSCF0668.JPG,2022-09-18T08:06:04,2023-12-20T07:37:31.076,TGR1_20231220073731.JPG
raw/Unusual Deployments/TGR1/20240105/DCIM/100MEDIA/DSCF0669.JPG,2022-09-18T08:16:04,2023-12-20T07:47:31.141,TGR1_20231220074731.JPG
raw/Unusual Deployments/TGR1/20240105/DCIM/100MEDIA/DSCF0670.JPG,2022-09-18T08:26:04,2023-12-20T07:57:31.206,TGR1_20231220075731.JPG
raw/Unusual Deployments/TGR1/20240105/DCIM/100MEDIA/DSCF0671.JPG,2022-09-18T08:36:04,2023-12-20T08:07:31.271,TGR1_20231220080731.JPG
raw/Unusual Deployments/TGR1/20240105/DCIM/100MEDIA/DSCF0672.JPG,2022-09-18T08:46:04,2023-12-20T08:17:31.336,TGR1_20231220081731.JPG
raw/Unusual Deployments/TGR1/20240105/DCIM/100MEDIA/DSCF0673.JPG,2022-09-18T08:56:04,2023-12-20T08:27:31.401,TGR1_20231220082731.JPG
raw/Unusual Deployments/TGR1/20240105/DCIM/100MEDIA/DSCF0674.JPG,2022-09-18T09:06:04,2023-12-20T08:37:31.467,TGR1_20231220083731.JPG
raw/Unusual Deployments/TGR1/20240105/DCIM/100MEDIA/DSCF0675.JPG,2022-09-18T09:16:04,2023-12-20T08:47:31.532,TGR1_20231220084731.JPG
raw/Unusual Deployments/TGR1/20240105/DCIM/100MEDIA/DSCF0676.JPG,2022-09-18T09:26:04,2023-12-20T08:57:31.597,TGR1_20231220085731.JPG
raw/Unusual Deployments/TGR1/20240105/DCIM/100MEDIA/DSCF0677.JPG,2022-09-18T09:36:04,2023-12-20T09:07:31.662,TGR1_20231220090731.JPG
raw/Unusual Deployments/TGR1/20240105/DCIM/100MEDIA/DSCF0678.JPG,2022-09-18T09:46:04,2023-12-20T09:17:31.727,TGR1_20231220091731.JPG
raw/Unusual Deployments/TGR1/20240105/DCIM/100MEDIA/DSCF0679.JPG,2022-09-18T09:56:04,2023-12-20T09:27:31.792,TGR1_20231220092731.JPG
raw/Unusual Deployments/TGR1/20240105/DCIM/100MEDIA/DSCF0680.JPG,2022-09-18T10:06:04,2023-12-20T09:37:31.858,TGR1_20231220093731.JPG
raw/Unusual Deployments/TGR1/20240105/DCIM/100MEDIA/DSCF0681.JPG,2022-09-18T10:16:04,2023-12-20T09:47:31.923,TGR1_20231220094731.JPG
raw/Unusual Deployments/TGR1/20240105/DCIM/100MEDIA/DSCF0682.JPG,2022-09-18T10:26:04,2023-12-20T09:57:31.988,TGR1_20231220095731.JPG
raw/Unusual Deployments/TGR1/20240105/DCIM/100MEDIA/DSCF0683.JPG,2022-09-18T10:36:04,2023-12-20T10:07:32.053,TGR1_20231220100732.JPG
raw/Unusual Deployments/TGR1/20240105/DCIM/100MEDIA/DSCF0684.JPG,2022-09-18T10:46:04,2023-12-20T10:17:32.118,TGR1_20231220101732.JPG
raw/Unusual Deployments/TGR1/20240105/DCIM/100MEDIA/DSCF0685.JPG,2022-09-18T10:56:04,2023-12-20T10:27:32.183,TGR1_20231220102732.JPG
raw/Unusual Deployments/TGR1/20240105/DCIM/100MEDIA/DSCF0686.JPG,2022-09-18T11:06:04,2023-12-20T10:37:32.249,TGR1_20231220103732.JPG
raw/Unusual Deployments/TGR1/20240105/DCIM/100MEDIA/DSCF0687.JPG,2022-09-18T11:16:04,2023-12-20T10:47:32.314,TGR1_20231220104732.JPG
raw/Unusual Deployments/TGR1/20240105/DCIM/100MEDIA/DSCF0688.JPG,2022-09-18T11:26:04,2023-12-20T10:57:32.379,TGR1_20231220105732.JPG
raw/Unusual Deployments/TGR1/20240105/DCIM/100MEDIA/DSCF0689.JPG,2022-09-18T11:36:04,2023-12-20T11:07:32.444,TGR1_20231220110732.JPG
raw/Unusual Deployments/TGR1/20240105/DCIM/100MEDIA/DSCF0690.JPG,2022-09-18T11:46:04,2023-12-20T11:17:32.509,TGR1_20231220111732.JPG
raw/Unusual Deployments/TGR1/20240105/DCIM/100MEDIA/DSCF0691.JPG,2022-09-18T11:56:04,2023-12-20T11:27:32.574,TGR1_20231220112732.JPG
raw/Unusual Deployments/TGR1/20240105/DCIM/100MEDIA/DSCF0692.JPG,2022-09-18T12:06:04,2023-12-20T11:37:32.640,TGR1_20231220113732.JPG
raw/Unusual Deployments/TGR1/20240105/DCIM/100MEDIA/DSCF0693.JPG,2022-09-18T12:16:04,2023-12-20T11:47:32.705,TGR1_20231220114732.JPG
raw/Unusual Deployments/TGR1/20240105/DCIM/100MEDIA/DSCF0694.JPG,2022-09-18T12:26:04,2023-12-20T11:57:32.770,TGR1_20231220115732.JPG
raw/Unusual Deployments/TGR1/20240105/DCIM/100MEDIA/DSCF0695.JPG,2022-09-18T12:36:04,2023-12-20T12:07:32.835,TGR1_20231220120732.JPG
raw/Unusual Deployments/TGR1/20240105/DCIM/100MEDIA/DSCF0696.JPG,2022-09-18T12:46:04,2023-12-20T12:17:32.900,TGR1_20231220121732.JPG
raw/Unusual Deployments/TGR1/20240105/DCIM/100MEDIA/DSCF0697.JPG,2022-09-18T12:56:04,2023-12-20T12:27:32.965,TGR1_20231220122732.JPG
raw/Unusual Deployments/TGR1/20240105/DCIM/100MEDIA/DSCF0698.JPG,2022-09-18T13:06:04,2023-12-20T12:37:33.031,TGR1_20231220123733.JPG
raw/Unusual Deployments/TGR1/20240105/DCIM/100MEDIA/DSCF0699.JPG,2022-09-18T13:16:04,2023-12-20T12:47:33.096,TGR1_20231220124733.JPG
raw/Unusual Deployments/TGR1/20240105/DCIM/100MEDIA/DSCF0700.JPG,2022-09-18T13:26:04,2023-12-20T12:57:33.161,TGR1_20231220125733.JPG
raw/Unusual Deployments/TGR1/20240105/DCIM/100MEDIA/DSCF0701.JPG,2022-09-18T13:36:04,2023-12-20T13:07:33.226,TGR1_20231220130733.JPG
raw/Unusual Deployments/TGR1/20240105/DCIM/100MEDIA/DSCF0702.JPG,2022-09-18T13:46:04,2023-12-20T13:17:33.291,TGR1_20231220131733.JPG
raw/Unusual Deployments/TGR1/20240105/DCIM/100MEDIA/DSCF0703.JPG,2022-09-18T13:56:04,2023-12-20T13:27:33.356,TGR1_20231220132733.JPG
raw/Unusual Deployments/TGR1/20240105/DCIM/100MEDIA/DSCF0704.JPG,2022-09-18T14:06:04,2023-12-20T13:37:33.422,TGR1_20231220133733.JPG
raw/Unusual Deployments/TGR1/20240105/DCIM/100MEDIA/DSCF0705.JPG,2022-09-18T14:16:04,2023-12-20T13:47:33.487,TGR1_20231220134733.JPG
raw/Unusual Deployments/TGR1/20240105/DCIM/100MEDIA/DSCF0706.JPG,2022-09-18T14:26:04,2023-12-20T13:57:33.552,TGR1_20231220135733.JPG
raw/Unusual Deployments/TGR1/20240105/DCIM/100MEDIA/DSCF0707.JPG,2022-09-18T14:36:04,2023-12-20T14:07:33.617,TGR1_20231220140733.JPG
raw/Unusual Deployments/TGR1/20240105/DCIM/100MEDIA/DSCF0708.JPG,2022-09-18T14:46:04,2023-12-20T14:17:33.682,TGR1_20231220141733.JPG
raw/Unusual Deployments/TGR1/20240105/DCIM/100MEDIA/DSCF0709.JPG,2022-09-18T14:56:04,2023-12-20T14:27:33.747,TGR1_20231220142733.JPG
raw/Unusual Deployments/TGR1/20240105/DCIM/100MEDIA/DSCF0710.JPG,2022-09-18T15:06:04,2023-12-20T14:37:33.813,TGR1_20231220143733.JPG
raw/Unusual Deployments/TGR1/20240105/DCIM/100MEDIA/DSCF0711.JPG,2022-09-18T15:16:04,2023-12-20T14:47:33.878,TGR1_20231220144733.JPG
raw/Unusual Deployments/TGR1/20240105/DCIM/100MEDIA/DSCF0712.JPG,2022-09-18T15:26:04,2023-12-20T14:57:33.943,TGR1_20231220145733.JPG
raw/Unusual Deployments/TGR1/20240105/DCIM/100MEDIA/DSCF0713.JPG,2022-09-18T15:36:04,2023-12-20T15:07:34.008,TGR1_20231220150734.JPG
raw/Unusual Deployments/TGR1/20240105/DCIM/100MEDIA/DSCF0714.JPG,2022-09-18T15:46:04,2023-12-20T15:17:34.073,TGR1_20231220151734.JPG
raw/Unusual Deployments/TGR1/20240105/DCIM/100MEDIA/DSCF0715.JPG,2022-09-18T15:56:04,2023-12-20T15:27:34.138,TGR1_20231220152734.JPG
raw/Unusual Deployments/TGR1/20240105/DCIM/100MEDIA/DSCF0716.JPG,2022-09-18T16:06:04,2023-12-20T15:37:34.204,TGR1_20231220153734.JPG
raw/Unusual Deployments/TGR1/20240105/DCIM/100MEDIA/DSCF0717.JPG,2022-09-18T16:16:04,2023-12-20T15:47:34.269,TGR1_20231220154734.JPG
raw/Unusual Deployments/TGR1/20240105/DCIM/100MEDIA/DSCF0718.JPG,2022-09-18T16:26:04,2023-12-20T15:57:34.334,TGR1_20231220155734.JPG
raw/Unusual Deployments/TGR1/20240105/DCIM/100MEDIA/DSCF0719.JPG,2022-09-18T16:36:04,2023-12-20T16:07:34.399,TGR1_20231220160734.JPG
raw/Unusual Deployments/TGR1/20240105/DCIM/100MEDIA/DSCF0720.JPG,2022-09-18T16:46:04,2023-12-20T16:17:34.464,TGR1_20231220161734.JPG
raw/Unusual Deployments/TGR1/20240105/DCIM/100MEDIA/DSCF0721.JPG,2022-09-18T16:56:04,2023-12-20T16:27:34.529,TGR1_20231220162734.JPG
raw/Unusual Deployments/TGR1/20240105/DCIM/100MEDIA/DSCF0722.JPG,2022-09-18T17:06:04,2023-12-20T16:37:34.595,TGR1_20231220163734.JPG
raw/Unusual Deployments/TGR1/20240105/DCIM/100MEDIA/DSCF0723.JPG,2022-09-18T17:16:04,2023-12-20T16:47:34.660,TGR1_20231220164734.JPG
raw/Unusual Deployments/TGR1/20240105/DCIM/100MEDIA/DSCF0724.JPG,2022-09-18T17:26:04,2023-12-20T16:57:34.725,TGR1_20231220165734.JPG
raw/Unusual Deployments/TGR1/20240105/DCIM/100MEDIA/DSCF0725.JPG,2022-09-18T17:36:04,2023-12-20T17:07:34.790,TGR1_20231220170734.JPG
raw/Unusual Deployments/TGR1/20240105/DCIM/100MEDIA/DSCF0726.JPG,2022-09-18T17:46:04,2023-12-20T17:17:34.855,TGR1_20231220171734.JPG
raw/Unusual Deployments/TGR1/20240105/DCIM/100MEDIA/DSCF0727.JPG,2022-09-18T17:56:05,2023-12-20T17:27:35.920,TGR1_20231220172735.JPG
raw/Unusual Deployments/TGR1/20240105/DCIM/100MEDIA/DSCF0728.JPG,2022-09-18T18:06:04,2023-12-20T17:37:34.986,TGR1_20231220173734.JPG
raw/Unusual Deployments/TGR1/20240105/DCIM/100MEDIA/DSCF0729.JPG,2022-09-18T18:16:04,2023-12-20T17:47:35.051,TGR1_20231220174735.JPG
raw/Unusual Deployments/TGR1/20240105/DCIM/100MEDIA/DSCF0730.JPG,2022-09-18T18:26:04,2023-12-20T17:57:35.116,TGR1_20231220175735.JPG
raw/Unusual Deployments/TGR1/20240105/DCIM/100MEDIA/DSCF0731.JPG,2022-09-18T18:36:04,2023-12-20T18:07:35.181,TGR1_20231220180735.JPG
raw/Unusual Deployments/TGR1/20240105/DCIM/100MEDIA/DSCF0732.JPG,2022-09-18T18:46:04,2023-12-20T18:17:35.246,TGR1_20231220181735.JPG
raw/Unusual Deployments/TGR1/20240105/DCIM/100MEDIA/DSCF0733.JPG,2022-09-18T18:56:04,2023-12-20T18:27:35.311,TGR1_20231220182735.JPG
raw/Unusual Deployments/TGR1/20240105/DCIM/100MEDIA/DSCF0734.JPG,2022-09-18T19:06:04,2023-12-20T18:37:35.377,TGR1_20231220183735.JPG
raw/Unusual Deployments/TGR1/20240105/DCIM/100MEDIA/DSCF0735.JPG,2022-09-18T19:16:04,2023-12-20T18:47:35.442,TGR1_20231220184735.JPG
raw/Unusual Deployments/TGR1/20240105/DCIM/100MEDIA/DSCF0736.JPG,2022-09-18T19:26:04,2023-12-20T18:57:35.507,TGR1_20231220185735.JPG
raw/Unusual Deployments/TGR1/20240105/DCIM/100MEDIA/DSCF0737.JPG,2022-09-18T19:36:04,2023-12-20T19:07:35.572,TGR1_20231220190735.JPG
raw/Unusual Deployments/TGR1/20240105/DCIM/100MEDIA/DSCF0738.JPG,2022-09-18T19:46:04,2023-12-20T19:17:35.637,TGR1_20231220191735.JPG
raw/Unusual Deployments/TGR1/20240105/DCIM/100MEDIA/DSCF0739.JPG,2022-09-18T19:56:04,2023-12-20T19:27:35.702,TGR1_20231220192735.JPG
raw/Unusual Deployments/TGR1/20240105/DCIM/100MEDIA/DSCF0740.JPG,2022-09-18T20:06:04,2023-12-20T19:37:35.767,TGR1_20231220193735.JPG
raw/Unusual Deployments/TGR1/20240105/DCIM/100MEDIA/DSCF0741.JPG,2022-09-18T20:16:04,2023-12-20T19:47:35.833,TGR1_20231220194735.JPG
raw/Unusual Deployments/TGR1/20240105/DCIM/100MEDIA/DSCF0742.JPG,2022-09-18T20:26:04,2023-12-20T19:57:35.898,TGR1_20231220195735.JPG
raw/Unusual Deployments/TGR1/20240105/DCIM/100MEDIA/DSCF0743.JPG,2022-09-18T20:36:04,2023-12-20T20:07:35.963,TGR1_20231220200735.JPG
raw/Unusual Deployments/TGR1/20240105/DCIM/100MEDIA/DSCF0744.JPG,2022-09-18T20:46:04,2023-12-20T20:17:36.028,TGR1_20231220201736.JPG
raw/Unusual Deployments/TGR1/20240105/DCIM/100MEDIA/DSCF0745.JPG,2022-09-18T20:56:04,2023-12-20T20:27:36.093,TGR1_20231220202736.JPG
raw/Unusual Deployments/TGR1/20240105/DCIM/100MEDIA/DSCF0746.JPG,2022-09-18T21:06:04,2023-12-20T20:37:36.158,TGR1_20231220203736.JPG
raw/Unusual Deployments/TGR1/20240105/DCIM/100MEDIA/DSCF0747.JPG,2022-09-18T21:16:04,2023-12-20T20:47:36.224,TGR1_20231220204736.JPG
raw/Unusual Deployments/TGR1/20240105/DCIM/100MEDIA/DSCF0748.JPG,2022-09-18T21:26:04,2023-12-20T20:57:36.289,TGR1_20231220205736.JPG
raw/Unusual Deployments/TGR1/20240105/DCIM/100MEDIA/DSCF0749.JPG,2022-09-18T21:36:04,2023-12-20T21:07:36.354,TGR1_20231220210736.JPG
raw/Unusual Deployments/TGR1/20240105/DCIM/100MEDIA/DSCF0750.JPG,2022-09-18T21:46:04,2023-12-20T21:17:36.419,TGR1_20231220211736.JPG
raw/Unusual Deployments/TGR1/20240105/DCIM/100MEDIA/DSCF0751.JPG,2022-09-18T21:56:04,2023-12-20T21:27:36.484,TGR1_20231220212736.JPG
raw/Unusual Deployments/TGR1/20240105/DCIM/100MEDIA/DSCF0752.JPG,2022-09-18T22:06:04,2023-12-20T21:37:36.549,TGR1_20231220213736.JPG
raw/Unusual Deployments/TGR1/20240105/DCIM/100MEDIA/DSCF0753.JPG,2022-09-18T22:16:04,2023-12-20T21:47:36.615,TGR1_20231220214736.JPG
raw/Unusual Deployments/TGR1/20240105/DCIM/100MEDIA/DSCF0754.JPG,2022-09-18T22:26:04,2023-12-20T21:57:36.680,TGR1_20231220215736.JPG
raw/Unusual Deployments/TGR1/20240105/DCIM/100MEDIA/DSCF0755.JPG,2022-09-18T22:36:04,2023-12-20T22:07:36.745,TGR1_20231220220736.JPG
raw/Unusual Deployments/TGR1/20240105/DCIM/100MEDIA/DSCF0756.JPG,2022-09-18T22:46:04,2023-12-20T22:17:36.810,TGR1_20231220221736.JPG
raw/Unusual Deployments/TGR1/20240105/DCIM/100MEDIA/DSCF0757.JPG,2022-09-18T22:56:04,2023-12-20T22:27:36.875,TGR1_20231220222736.JPG
raw/Unusual Deployments/TGR1/20240105/DCIM/100MEDIA/DSCF0758.JPG,2022-09-18T23:06:04,2023-12-20T22:37:36.940,TGR1_20231220223736.JPG
raw/Unusual Deployments/TGR1/20240105/DCIM/100MEDIA/DSCF0759.JPG,2022-09-18T23:16:04,2023-12-20T22:47:37.006,TGR1_20231220224737.JPG
raw/Unusual Deployments/TGR1/20240105/DCIM/100MEDIA/DSCF0760.JPG,2022-09-18T23:26:04,2023-12-20T22:57:37.071,TGR1_20231220225737.JPG
raw/Unusual Deployments/TGR1/20240105/DCIM/100MEDIA/DSCF0761.JPG,2022-09-18T23:36:04,2023-12-20T23:07:37.136,TGR1_20231220230737.JPG
raw/Unusual Deployments/TGR1/20240105/DCIM/100MEDIA/DSCF0762.JPG,2022-09-18T23:46:04,2023-12-20T23:17:37.201,TGR1_20231220231737.JPG
raw/Unusual Deployments/TGR1/20240105/DCIM/100MEDIA/DSCF0763.JPG,2022-09-18T23:56:04,2023-12-20T23:27:37.266,TGR1_20231220232737.JPG
raw/Unusual Deployments/TGR1/20240105/DCIM/100MEDIA/DSCF0764.JPG,2022-09-19T00:06:04,2023-12-20T23:37:37.331,TGR1_20231220233737.JPG
raw/Unusual Deployments/TGR1/20240105/DCIM/100MEDIA/DSCF0765.JPG,2022-09-19T00:16:04,2023-12-20T23:47:37.397,TGR1_20231220234737.JPG
raw/Unusual Deployments/TGR1/20240105/DCIM/100MEDIA/DSCF0766.JPG,2022-09-19T00:26:04,2023-12-20T23:57:37.462,TGR1_20231220235737.JPG
raw/Unusual Deployments/TGR1/20240105/DCIM/100MEDIA/DSCF0767.JPG,2022-09-19T00:36:04,2023-12-21T00:07:37.527,TGR1_20231221000737.JPG
raw/Unusual Deployments/TGR1/20240105/DCIM/100MEDIA/DSCF0768.JPG,2022-09-19T00:46:04,2023-12-21T00:17:37.592,TGR1_20231221001737.JPG
raw/Unusual Deployments/TGR1/20240105/DCIM/100MEDIA/DSCF0769.JPG,2022-09-19T00:56:04,2023-12-21T00:27:37.657,TGR1_20231221002737.JPG
raw/Unusual Deployments/TGR1/20240105/DCIM/100MEDIA/DSCF0770.JPG,2022-09-19T01:06:04,2023-12-21T00:37:37.722,TGR1_20231221003737.JPG
raw/Unusual Deployments/TGR1/20240105/DCIM/100MEDIA/DSCF0771.JPG,2022-09-19T01:16:04,2023-12-21T00:47:37.788,TGR1_20231221004737.JPG
raw/Unusual Deployments/TGR1/20240105/DCIM/100MEDIA/DSCF0772.JPG,2022-09-19T01:26:04,2023-12-21T00:57:37.853,TGR1_20231221005737.JPG
raw/Unusual Deployments/TGR1/20240105/DCIM/100MEDIA/DSCF0773.JPG,2022-09-19T01:36:04,2023-12-21T01:07:37.918,TGR1_20231221010737.JPG
raw/Unusual Deployments/TGR1/20240105/DCIM/100MEDIA/DSCF0774.JPG,2022-09-19T01:46:04,2023-12-21T01:17:37.983,TGR1_20231221011737.JPG
raw/Unusual Deployments/TGR1/20240105/DCIM/100MEDIA/DSCF0775.JPG,2022-09-19T01:56:04,2023-12-21T01:27:38.048,TGR1_20231221012738.JPG
raw/Unusual Deployments/TGR1/20240105/DCIM/100MEDIA/DSCF0776.JPG,2022-09-19T02:06:04,2023-12-21T01:37:38.113,TGR1_20231221013738.JPG
raw/Unusual Deployments/TGR1/20240105/DCIM/100MEDIA/DSCF0777.JPG,2022-09-19T02:16:04,2023-12-21T01:47:38.179,TGR1_20231221014738.JPG
raw/Unusual Deployments/TGR1/20240105/DCIM/100MEDIA/DSCF0778.JPG,2022-09-19T02:26:04,2023-12-21T01:57:38.244,TGR1_20231221015738.JPG
raw/Unusual Deployments/TGR1/20240105/DCIM/100MEDIA/DSCF0779.JPG,2022-09-19T02:36:04,2023-12-21T02:07:38.309,TGR1_20231221020738.JPG
raw/Unusual Deployments/TGR1/20240105/DCIM/100MEDIA/DSCF0780.JPG,2022-09-19T02:46:04,2023-12-21T02:17:38.374,TGR1_20231221021738.JPG
raw/Unusual Deployments/TGR1/20240105/DCIM/100MEDIA/DSCF0781.JPG,2022-09-19T02:56:04,2023-12-21T02:27:38.439,TGR1_20231221022738.JPG
raw/Unusual Deployments/TGR1/20240105/DCIM/100MEDIA/DSCF0782.JPG,2022-09-19T03:06:04,2023-12-21T02:37:38.504,TGR1_20231221023738.JPG
raw/Unusual Deployments/TGR1/20240105/DCIM/100MEDIA/DSCF0783.JPG,2022-09-19T03:16:04,2023-12-21T02:47:38.570,TGR1_20231221024738.JPG
raw/Unusual Deployments/TGR1/20240105/DCIM/100MEDIA/DSCF0784.JPG,2022-09-19T03:26:04,2023-12-21T02:57:38.635,TGR1_20231221025738.JPG
raw/Unusual Deployments/TGR1/20240105/DCIM/100MEDIA/DSCF0785.JPG,2022-09-19T03:36:04,2023-12-21T03:07:38.700,TGR1_20231221030738.JPG
raw/Unusual Deployments/TGR1/20240105/DCIM/100MEDIA/DSCF0786.JPG,2022-09-19T03:46:04,2023-12-21T03:17:38.765,TGR1_20231221031738.JPG
raw/Unusual Deployments/TGR1/20240105/DCIM/100MEDIA/DSCF0787.JPG,2022-09-19T03:56:04,2023-12-21T03:27:38.830,TGR1_20231221032738.JPG
raw/Unusual Deployments/TGR1/20240105/DCIM/100MEDIA/DSCF0788.JPG,2022-09-19T04:06:04,2023-12-21T03:37:38.895,TGR1_20231221033738.JPG
raw/Unusual Deployments/TGR1/20240105/DCIM/100MEDIA/DSCF0789.JPG,2022-09-19T04:16:04,2023-12-21T03:47:38.961,TGR1_20231221034738.JPG
raw/Unusual Deployments/TGR1/20240105/DCIM/100MEDIA/DSCF0790.JPG,2022-09-19T04:26:03,2023-12-21T03:57:38.026,TGR1_20231221035738.JPG
raw/Unusual Deployments/TGR1/20240105/DCIM/100MEDIA/DSCF0791.JPG,2022-09-19T04:36:04,2023-12-21T04:07:39.091,TGR1_20231221040739.JPG
raw/Unusual Deployments/TGR1/20240105/DCIM/100MEDIA/DSCF0792.JPG,2022-09-19T04:46:04,2023-12-21T04:17:39.156,TGR1_20231221041739.JPG
raw/Unusual Deployments/TGR1/20240105/DCIM/100MEDIA/DSCF0793.JPG,2022-09-19T04:56:04,2023-12-21T04:27:39.221,TGR1_20231221042739.JPG
raw/Unusual Deployments/TGR1/20240105/DCIM/100MEDIA/DSCF0794.JPG,2022-09-19T05:06:04,2023-12-21T04:37:39.286,TGR1_20231221043739.JPG
raw/Unusual Deployments/TGR1/20240105/DCIM/100MEDIA/DSCF0795.JPG,2022-09-19T05:16:04,2023-12-21T04:47:39.352,TGR1_20231221044739.JPG
raw/Unusual Deployments/TGR1/20240105/DCIM/100MEDIA/DSCF0796.JPG,2022-09-19T05:26:04,2023-12-21T04:57:39.417,TGR1_20231221045739.JPG
raw/Unusual Deployments/TGR1/20240105/DCIM/100MEDIA/DSCF0797.JPG,2022-09-19T05:36:04,2023-12-21T05:07:39.482,TGR1_20231221050739.JPG
raw/Unusual Deployments/TGR1/20240105/DCIM/100MEDIA/DSCF0798.JPG,2022-09-19T05:46:04,2023-12-21T05:17:39.547,TGR1_20231221051739.JPG
raw/Unusual Deployments/TGR1/20240105/DCIM/100MEDIA/DSCF0799.JPG,2022-09-19T05:56:04,2023-12-21T05:27:39.612,TGR1_20231221052739.JPG
raw/Unusual Deployments/TGR1/20240105/DCIM/100MEDIA/DSCF0800.JPG,2022-09-19T06:06:04,2023-12-21T05:37:39.677,TGR1_20231221053739.JPG
raw/Unusual Deployments/TGR1/20240105/DCIM/100MEDIA/DSCF0801.JPG,2022-09-19T06:16:04,2023-12-21T05:47:39.743,TGR1_20231221054739.JPG
raw/Unusual Deployments/TGR1/20240105/DCIM/100MEDIA/DSCF0802.JPG,2022-09-19T06:26:04,2023-12-21T05:57:39.808,TGR1_20231221055739.JPG
raw/Unusual Deployments/TGR1/20240105/DCIM/100MEDIA/DSCF0803.JPG,2022-09-19T06:36:04,2023-12-21T06:07:39.873,TGR1_20231221060739.JPG
raw/Unusual Deployments/TGR1/20240105/DCIM/100MEDIA/DSCF0804.JPG,2022-09-19T06:46:04,2023-12-21T06:17:39.938,TGR1_20231221061739.JPG
raw/Unusual Deployments/TGR1/20240105/DCIM/100MEDIA/DSCF0805.JPG,2022-09-19T06:56:04,2023-12-21T06:27:40.003,TGR1_20231221062740.JPG
raw/Unusual Deployments/TGR1/20240105/DCIM/100MEDIA/DSCF0806.JPG,2022-09-19T07:06:04,2023-12-21T06:37:40.068,TGR1_20231221063740.JPG
raw/Unusual Deployments/TGR1/20240105/DCIM/100MEDIA/DSCF0807.JPG,2022-09-19T07:16:04,2023-12-21T06:47:40.134,TGR1_20231221064740.JPG
raw/Unusual Deployments/TGR1/20240105/DCIM/100MEDIA/DSCF0808.JPG,2022-09-19T07:26:04,2023-12-21T06:57:40.199,TGR1_20231221065740.JPG
raw/Unusual Deployments/TGR1/20240105/DCIM/100MEDIA/DSCF0809.JPG,2022-09-19T07:36:04,2023-12-21T07:07:40.264,TGR1_20231221070740.JPG
raw/Unusual Deployments/TGR1/20240105/DCIM/100MEDIA/DSCF0810.JPG,2022-09-19T07:46:04,2023-12-21T07:17:40.329,TGR1_20231221071740.JPG
raw/Unusual Deployments/TGR1/20240105/DCIM/100MEDIA/DSCF0811.JPG,2022-09-19T07:56:04,2023-12-21T07:27:40.394,TGR1_20231221072740.JPG
raw/Unusual Deployments/TGR1/20240105/DCIM/100MEDIA/DSCF0812.JPG,2022-09-19T08:06:04,2023-12-21T07:37:40.459,TGR1_20231221073740.JPG
raw/Unusual Deployments/TGR1/20240105/DCIM/100MEDIA/DSCF0813.JPG,2022-09-19T08:16:04,2023-12-21T07:47:40.525,TGR1_20231221074740.JPG
raw/Unusual Deployments/TGR1/20240105/DCIM/100MEDIA/DSCF0814.JPG,2022-09-19T08:26:04,2023-12-21T07:57:40.590,TGR1_20231221075740.JPG
raw/Unusual Deployments/TGR1/20240105/DCIM/100MEDIA/DSCF0815.JPG,2022-09-19T08:36:04,2023-12-21T08:07:40.655,TGR1_20231221080740.JPG
raw/Unusual Deployments/TGR1/20240105/DCIM/100MEDIA/DSCF0816.JPG,2022-09-19T08:46:04,2023-12-21T08:17:40.720,TGR1_20231221081740.JPG
raw/Unusual Deployments/TGR1/20240105/DCIM/100MEDIA/DSCF0817.JPG,2022-09-19T08:56:04,2023-12-21T08:27:40.785,TGR1_20231221082740.JPG
raw/Unusual Deployments/TGR1/20240105/DCIM/100MEDIA/DSCF0818.JPG,2022-09-19T09:06:04,2023-12-21T08:37:40.850,TGR1_20231221083740.JPG
raw/Unusual Deployments/TGR1/20240105/DCIM/100MEDIA/DSCF0819.JPG,2022-09-19T09:16:04,2023-12-21T08:47:40.916,TGR1_20231221084740.JPG
raw/Unusual Deployments/TGR1/20240105/DCIM/100MEDIA/DSCF0820.JPG,2022-09-19T09:26:04,2023-12-21T08:57:40.981,TGR1_20231221085740.JPG
raw/Unusual Deployments/TGR1/20240105/DCIM/100MEDIA/DSCF0821.JPG,2022-09-19T09:36:04,2023-12-21T09:07:41.046,TGR1_20231221090741.JPG
raw/Unusual Deployments/TGR1/20240105/DCIM/100MEDIA/DSCF0822.JPG,2022-09-19T09:46:04,2023-12-21T09:17:41.111,TGR1_20231221091741.JPG
raw/Unusual Deployments/TGR1/20240105/DCIM/100MEDIA/DSCF0823.JPG,2022-09-19T09:56:04,2023-12-21T09:27:41.176,TGR1_20231221092741.JPG
raw/Unusual Deployments/TGR1/20240105/DCIM/100MEDIA/DSCF0824.JPG,2022-09-19T10:06:04,2023-12-21T09:37:41.241,TGR1_20231221093741.JPG
raw/Unusual Deployments/TGR1/20240105/DCIM/100MEDIA/DSCF0825.JPG,2022-09-19T10:16:04,2023-12-21T09:47:41.307,TGR1_20231221094741.JPG
raw/Unusual Deployments/TGR1/20240105/DCIM/100MEDIA/DSCF0826.JPG,2022-09-19T10:26:04,2023-12-21T09:57:41.372,TGR1_20231221095741.JPG
raw/Unusual Deployments/TGR1/20240105/DCIM/100MEDIA/DSCF0827.JPG,2022-09-19T10:36:04,2023-12-21T10:07:41.437,TGR1_20231221100741.JPG
raw/Unusual Deployments/TGR1/20240105/DCIM/100MEDIA/DSCF0828.JPG,2022-09-19T10:46:04,2023-12-21T10:17:41.502,TGR1_20231221101741.JPG
raw/Unusual Deployments/TGR1/20240105/DCIM/100MEDIA/DSCF0829.JPG,2022-09-19T10:56:04,2023-12-21T10:27:41.567,TGR1_20231221102741.JPG
raw/Unusual Deployments/TGR1/20240105/DCIM/100MEDIA/DSCF0830.JPG,2022-09-19T11:06:04,2023-12-21T10:37:41.632,TGR1_20231221103741.JPG
raw/Unusual Deployments/TGR1/20240105/DCIM/100MEDIA/DSCF0831.JPG,2022-09-19T11:16:04,2023-12-21T10:47:41.698,TGR1_20231221104741.JPG
raw/Unusual Deployments/TGR1/20240105/DCIM/100MEDIA/DSCF0832.JPG,2022-09-19T11:26:04,2023-12-21T10:57:41.763,TGR1_20231221105741.JPG
raw/Unusual Deployments/TGR1/20240105/DCIM/100MEDIA/DSCF0833.JPG,2022-09-19T11:36:04,2023-12-21T11:07:41.828,TGR1_20231221110741.JPG
raw/Unusual Deployments/TGR1/20240105/DCIM/100MEDIA/DSCF0834.JPG,2022-09-19T11:46:04,2023-12-21T11:17:41.893,TGR1_20231221111741.JPG
raw/Unusual Deployments/TGR1/20240105/DCIM/100MEDIA/DSCF0835.JPG,2022-09-19T11:56:04,2023-12-21T11:27:41.958,TGR1_20231221112741.JPG
raw/Unusual Deployments/TGR1/20240105/DCIM/100MEDIA/DSCF0836.JPG,2022-09-19T12:06:04,2023-12-21T11:37:42.023,TGR1_20231221113742.JPG
raw/Unusual Deployments/TGR1/20240105/DCIM/100MEDIA/DSCF0837.JPG,2022-09-19T12:16:04,2023-12-21T11:47:42.089,TGR1_20231221114742.JPG
raw/Unusual Deployments/TGR1/20240105/DCIM/100MEDIA/DSCF0838.JPG,2022-09-19T12:26:04,2023-12-21T11:57:42.154,TGR1_20231221115742.JPG
raw/Unusual Deployments/TGR1/20240105/DCIM/100MEDIA/DSCF0839.JPG,2022-09-19T12:36:04,2023-12-21T12:07:42.219,TGR1_20231221120742.JPG
raw/Unusual Deployments/TGR1/20240105/DCIM/100MEDIA/DSCF0840.JPG,2022-09-19T12:46:04,2023-12-21T12:17:42.284,TGR1_20231221121742.JPG
raw/Unusual Deployments/TGR1/20240105/DCIM/100MEDIA/DSCF0841.JPG,2022-09-19T12:56:04,2023-12-21T12:27:42.349,TGR1_20231221122742.JPG
raw/Unusual Deployments/TGR1/20240105/DCIM/100MEDIA/DSCF0842.JPG,2022-09-19T13:06:04,2023-12-21T12:37:42.414,TGR1_20231221123742.JPG
raw/Unusual Deployments/TGR1/20240105/DCIM/100MEDIA/DSCF0843.JPG,2022-09-19T13:16:04,2023-12-21T12:47:42.480,TGR1_20231221124742.JPG
raw/Unusual Deployments/TGR1/20240105/DCIM/100MEDIA/DSCF0844.JPG,2022-09-19T13:26:04,2023-12-21T12:57:42.545,TGR1_20231221125742.JPG
raw/Unusual Deployments/TGR1/20240105/DCIM/100MEDIA/DSCF0845.JPG,2022-09-19T13:36:04,2023-12-21T13:07:42.610,TGR1_20231221130742.JPG
raw/Unusual Deployments/TGR1/20240105/DCIM/100MEDIA/DSCF0846.JPG,2022-09-19T13:46:04,2023-12-21T13:17:42.675,TGR1_20231221131742.JPG
raw/Unusual Deployments/TGR1/20240105/DCIM/100MEDIA/DSCF0847.JPG,2022-09-19T13:56:04,2023-12-21T13:27:42.740,TGR1_20231221132742.JPG
raw/Unusual Deployments/TGR1/20240105/DCIM/100MEDIA/DSCF0848.JPG,2022-09-19T14:06:04,2023-12-21T13:37:42.805,TGR1_20231221133742.JPG
raw/Unusual Deployments/TGR1/20240105/DCIM/100MEDIA/DSCF0849.JPG,2022-09-19T14:16:04,2023-12-21T13:47:42.871,TGR1_20231221134742.JPG
raw/Unusual Deployments/TGR1/20240105/DCIM/100MEDIA/DSCF0850.JPG,2022-09-19T14:26:04,2023-12-21T13:57:42.936,TGR1_20231221135742.JPG
raw/Unusual Deployments/TGR1/20240105/DCIM/100MEDIA/DSCF0851.JPG,2022-09-19T14:36:04,2023-12-21T14:07:43.001,TGR1_20231221140743.JPG
raw/Unusual Deployments/TGR1/20240105/DCIM/100MEDIA/DSCF0852.JPG,2022-09-19T14:46:04,2023-12-21T14:17:43.066,TGR1_20231221141743.JPG
raw/Unusual Deployments/TGR1/20240105/DCIM/100MEDIA/DSCF0853.JPG,2022-09-19T14:56:04,2023-12-21T14:27:43.131,TGR1_20231221142743.JPG
raw/Unusual Deployments/TGR1/20240105/DCIM/100MEDIA/DSCF0854.JPG,2022-09-19T15:06:04,2023-12-21T14:37:43.196,TGR1_20231221143743.JPG
raw/Unusual Deployments/TGR1/20240105/DCIM/100MEDIA/DSCF0855.JPG,2022-09-19T15:16:04,2023-12-21T14:47:43.262,TGR1_20231221144743.JPG
raw/Unusual Deployments/TGR1/20240105/DCIM/100MEDIA/DSCF0856.JPG,2022-09-19T15:26:04,2023-12-21T14:57:43.327,TGR1_20231221145743.JPG
raw/Unusual Deployments/TGR1/20240105/DCIM/100MEDIA/DSCF0857.JPG,2022-09-19T15:36:04,2023-12-21T15:07:43.392,TGR1_20231221150743.JPG
raw/Unusual Deployments/TGR1/20240105/DCIM/100MEDIA/DSCF0858.JPG,2022-09-19T15:46:04,2023-12-21T15:17:43.457,TGR1_20231221151743.JPG
raw/Unusual Deployments/TGR1/20240105/DCIM/100MEDIA/DSCF0859.JPG,2022-09-19T15:56:04,2023-12-21T15:27:43.522,TGR1_20231221152743.JPG
raw/Unusual Deployments/TGR1/20240105/DCIM/100MEDIA/DSCF0860.JPG,2022-09-19T16:06:04,2023-12-21T15:37:43.587,TGR1_20231221153743.JPG
raw/Unusual Deployments/TGR1/20240105/DCIM/100MEDIA/DSCF0861.JPG,2022-09-19T16:16:04,2023-12-21T15:47:43.653,TGR1_20231221154743.JPG
raw/Unusual Deployments/TGR1/20240105/DCIM/100MEDIA/DSCF0862.JPG,2022-09-19T16:26:04,2023-12-21T15:57:43.718,TGR1_20231221155743.JPG
raw/Unusual Deployments/TGR1/20240105/DCIM/100MEDIA/DSCF0863.JPG,2022-09-19T16:36:04,2023-12-21T16:07:43.783,TGR1_20231221160743.JPG
raw/Unusual Deployments/TGR1/20240105/DCIM/100MEDIA/DSCF0864.JPG,2022-09-19T16:46:04,2023-12-21T16:17:43.848,TGR1_20231221161743.JPG
raw/Unusual Deployments/TGR1/20240105/DCIM/100MEDIA/DSCF0865.JPG,2022-09-19T16:56:04,2023-12-21T16:27:43.913,TGR1_20231221162743.JPG
raw/Unusual Deployments/TGR1/20240105/DCIM/100MEDIA/DSCF0866.JPG,2022-09-19T17:06:04,2023-12-21T16:37:43.978,TGR1_20231221163743.JPG
raw/Unusual Deployments/TGR1/20240105/DCIM/100MEDIA/DSCF0867.JPG,2022-09-19T17:16:04,2023-12-21T16:47:44.043,TGR1_20231221164744.JPG
raw/Unusual Deployments/TGR1/20240105/DCIM/100MEDIA/DSCF0868.JPG,2022-09-19T17:26:04,2023-12-21T16:57:44.109,TGR1_20231221165744.JPG
raw/Unusual Deployments/TGR1/20240105/DCIM/100MEDIA/DSCF0869.JPG,2022-09-19T17:36:04,2023-12-21T17:07:44.174,TGR1_20231221170744.JPG
raw/Unusual Deployments/TGR1/20240105/DCIM/100MEDIA/DSCF0870.JPG,2022-09-19T17:46:04,2023-12-21T17:17:44.239,TGR1_20231221171744.JPG
raw/Unusual Deployments/TGR1/20240105/DCIM/100MEDIA/DSCF0871.JPG,2022-09-19T17:56:04,2023-12-21T17:27:44.304,TGR1_20231221172744.JPG
raw/Unusual Deployments/TGR1/20240105/DCIM/100MEDIA/DSCF0872.JPG,2022-09-19T18:06:05,2023-12-21T17:37:45.369,TGR1_20231221173745.JPG
raw/Unusual Deployments/TGR1/20240105/DCIM/100MEDIA/DSCF0873.JPG,2022-09-19T18:16:04,2023-12-21T17:47:44.434,TGR1_20231221174744.JPG
raw/Unusual Deployments/TGR1/20240105/DCIM/100MEDIA/DSCF0874.JPG,2022-09-19T18:26:04,2023-12-21T17:57:44.500,TGR1_20231221175744.JPG
raw/Unusual Deployments/TGR1/20240105/DCIM/100MEDIA/DSCF0875.JPG,2022-09-19T18:36:04,2023-12-21T18:07:44.565,TGR1_20231221180744.JPG
raw/Unusual Deployments/TGR1/20240105/DCIM/100MEDIA/DSCF0876.JPG,2022-09-19T18:46:04,2023-12-21T18:17:44.630,TGR1_20231221181744.JPG
raw/Unusual Deployments/TGR1/20240105/DCIM/100MEDIA/DSCF0877.JPG,2022-09-19T18:56:04,2023-12-21T18:27:44.695,TGR1_20231221182744.JPG
raw/Unusual Deployments/TGR1/20240105/DCIM/100MEDIA/DSCF0878.JPG,2022-09-19T19:06:04,2023-12-21T18:37:44.760,TGR1_20231221183744.JPG
raw/Unusual Deployments/TGR1/20240105/DCIM/100MEDIA/DSCF0879.JPG,2022-09-19T19:16:04,2023-12-21T18:47:44.825,TGR1_20231221184744.JPG
raw/Unusual Deployments/TGR1/20240105/DCIM/100MEDIA/DSCF0880.JPG,2022-09-19T19:26:04,2023-12-21T18:57:44.891,TGR1_20231221185744.JPG
raw/Unusual Deployments/TGR1/20240105/DCIM/100MEDIA/DSCF0881.JPG,2022-09-19T19:36:04,2023-12-21T19:07:44.956,TGR1_20231221190744.JPG
raw/Unusual Deployments/TGR1/20240105/DCIM/100MEDIA/DSCF0882.JPG,2022-09-19T19:46:04,2023-12-21T19:17:45.021,TGR1_20231221191745.JPG
raw/Unusual Deployments/TGR1/20240105/DCIM/100MEDIA/DSCF0883.JPG,2022-09-19T19:56:04,2023-12-21T19:27:45.086,TGR1_20231221192745.JPG
raw/Unusual Deployments/TGR1/20240105/DCIM/100MEDIA/DSCF0884.JPG,2022-09-19T20:06:04,2023-12-21T19:37:45.151,TGR1_20231221193745.JPG
raw/Unusual Deployments/TGR1/20240105/DCIM/100MEDIA/DSCF0885.JPG,2022-09-19T20:16:04,2023-12-21T19:47:45.216,TGR1_20231221194745.JPG
raw/Unusual Deployments/TGR1/20240105/DCIM/100MEDIA/DSCF0886.JPG,2022-09-19T20:26:04,2023-12-21T19:57:45.282,TGR1_20231221195745.JPG
raw/Unusual Deployments/TGR1/20240105/DCIM/100MEDIA/DSCF0887.JPG,2022-09-19T20:36:04,2023-12-21T20:07:45.347,TGR1_20231221200745.JPG
raw/Unusual Deployments/TGR1/20240105/DCIM/100MEDIA/DSCF0888.JPG,2022-09-19T20:46:04,2023-12-21T20:17:45.412,TGR1_20231221201745.JPG
raw/Unusual Deployments/TGR1/20240105/DCIM/100MEDIA/DSCF0889.JPG,2022-09-19T20:56:04,2023-12-21T20:27:45.477,TGR1_20231221202745.JPG
raw/Unusual Deployments/TGR1/20240105/DCIM/100MEDIA/DSCF0890.JPG,2022-09-19T21:06:04,2023-12-21T20:37:45.542,TGR1_20231221203745.JPG
raw/Unusual Deployments/TGR1/20240105/DCIM/100MEDIA/DSCF0891.JPG,2022-09-19T21:16:04,2023-12-21T20:47:45.607,TGR1_20231221204745.JPG
raw/Unusual Deployments/TGR1/20240105/DCIM/100MEDIA/DSCF0892.JPG,2022-09-19T21:26:04,2023-12-21T20:57:45.673,TGR1_20231221205745.JPG
raw/Unusual Deployments/TGR1/20240105/DCIM/100MEDIA/DSCF0893.JPG,2022-09-19T21:36:04,2023-12-21T21:07:45.738,TGR1_20231221210745.JPG
raw/Unusual Deployments/TGR1/20240105/DCIM/100MEDIA/DSCF0894.JPG,2022-09-19T21:46:04,2023-12-21T21:17:45.803,TGR1_20231221211745.JPG
raw/Unusual Deployments/TGR1/20240105/DCIM/100MEDIA/DSCF0895.JPG,2022-09-19T21:56:04,2023-12-21T21:27:45.868,TGR1_20231221212745.JPG
raw/Unusual Deployments/TGR1/20240105/DCIM/100MEDIA/DSCF0896.JPG,2022-09-19T22:06:04,2023-12-21T21:37:45.933,TGR1_20231221213745.JPG
raw/Unusual Deployments/TGR1/20240105/DCIM/100MEDIA/DSCF0897.JPG,2022-09-19T22:16:04,2023-12-21T21:47:45.998,TGR1_20231221214745.JPG
raw/Unusual Deployments/TGR1/20240105/DCIM/100MEDIA/DSCF0898.JPG,2022-09-19T22:26:04,2023-12-21T21:57:46.064,TGR1_20231221215746.JPG
raw/Unusual Deployments/TGR1/20240105/DCIM/100MEDIA/DSCF0899.JPG,2022-09-19T22:36:04,2023-12-21T22:07:46.129,TGR1_20231221220746.JPG
raw/Unusual Deployments/TGR1/20240105/DCIM/100MEDIA/DSCF0900.JPG,2022-09-19T22:46:04,2023-12-21T22:17:46.194,TGR1_20231221221746.JPG
raw/Unusual Deployments/TGR1/20240105/DCIM/100MEDIA/DSCF0901.JPG,2022-09-19T22:56:04,2023-12-21T22:27:46.259,TGR1_20231221222746.JPG
raw/Unusual Deployments/TGR1/20240105/DCIM/100MEDIA/DSCF0902.JPG,2022-09-19T23:06:04,2023-12-21T22:37:46.324,TGR1_20231221223746.JPG
raw/Unusual Deployments/TGR1/20240105/DCIM/100MEDIA/DSCF0903.JPG,2022-09-19T23:16:04,2023-12-21T22:47:46.389,TGR1_20231221224746.JPG
raw/Unusual Deployments/TGR1/20240105/DCIM/100MEDIA/DSCF0904.JPG,2022-09-19T23:26:04,2023-12-21T22:57:46.455,TGR1_20231221225746.JPG
raw/Unusual Deployments/TGR1/20240105/DCIM/100MEDIA/DSCF0905.JPG,2022-09-19T23:36:04,2023-12-21T23:07:46.520,TGR1_20231221230746.JPG
raw/Unusual Deployments/TGR1/20240105/DCIM/100MEDIA/DSCF0906.JPG,2022-09-19T23:46:04,2023-12-21T23:17:46.585,TGR1_20231221231746.JPG
raw/Unusual Deployments/TGR1/20240105/DCIM/100MEDIA/DSCF0907.JPG,2022-09-19T23:56:04,2023-12-21T23:27:46.650,TGR1_20231221232746.JPG
raw/Unusual Deployments/TGR1/20240105/DCIM/100MEDIA/DSCF0908.JPG,2022-09-20T00:06:04,2023-12-21T23:37:46.715,TGR1_20231221233746.JPG
raw/Unusual Deployments/TGR1/20240105/DCIM/100MEDIA/DSCF0909.JPG,2022-09-20T00:16:04,2023-12-21T23:47:46.780,TGR1_20231221234746.JPG
raw/Unusual Deployments/TGR1/20240105/DCIM/100MEDIA/DSCF0910.JPG,2022-09-20T00:26:04,2023-12-21T23:57:46.846,TGR1_20231221235746.JPG
raw/Unusual Deployments/TGR1/20240105/DCIM/100MEDIA/DSCF0911.JPG,2022-09-20T00:36:04,2023-12-22T00:07:46.911,TGR1_20231222000746.JPG
raw/Unusual Deployments/TGR1/20240105/DCIM/100MEDIA/DSCF0912.JPG,2022-09-20T00:46:04,2023-12-22T00:17:46.976,TGR1_20231222001746.JPG
raw/Unusual Deployments/TGR1/20240105/DCIM/100MEDIA/DSCF0913.JPG,2022-09-20T00:56:04,2023-12-22T00:27:47.041,TGR1_20231222002747.JPG
raw/Unusual Deployments/TGR1/20240105/DCIM/100MEDIA/DSCF0914.JPG,2022-09-20T01:06:04,2023-12-22T00:37:47.106,TGR1_20231222003747.JPG
raw/Unusual Deployments/TGR1/20240105/DCIM/100MEDIA/DSCF0915.JPG,2022-09-20T01:16:04,2023-12-22T00:47:47.171,TGR1_20231222004747.JPG
raw/Unusual Deployments/TGR1/20240105/DCIM/100MEDIA/DSCF0916.JPG,2022-09-20T01:26:04,2023-12-22T00:57:47.237,TGR1_20231222005747.JPG
raw/Unusual Deployments/TGR1/20240105/DCIM/100MEDIA/DSCF0917.JPG,2022-09-20T01:36:04,2023-12-22T01:07:47.302,TGR1_20231222010747.JPG
raw/Unusual Deployments/TGR1/20240105/DCIM/100MEDIA/DSCF0918.JPG,2022-09-20T01:46:04,2023-12-22T01:17:47.367,TGR1_20231222011747.JPG
raw/Unusual Deployments/TGR1/20240105/DCIM/100MEDIA/DSCF0919.JPG,2022-09-20T01:56:04,2023-12-22T01:27:47.432,TGR1_20231222012747.JPG
raw/Unusual Deployments/TGR1/20240105/DCIM/100MEDIA/DSCF0920.JPG,2022-09-20T02:06:04,2023-12-22T01:37:47.497,TGR1_20231222013747.JPG
raw/Unusual Deployments/TGR1/20240105/DCIM/100MEDIA/DSCF0921.JPG,2022-09-20T02:16:04,2023-12-22T01:47:47.562,TGR1_20231222014747.JPG
raw/Unusual Deployments/TGR1/20240105/DCIM/100MEDIA/DSCF0922.JPG,2022-09-20T02:26:03,2023-12-22T01:57:46.627,TGR1_20231222015746.JPG
raw/Unusual Deployments/TGR1/20240105/DCIM/100MEDIA/DSCF0923.JPG,2022-09-20T02:36:04,2023-12-22T02:07:47.693,TGR1_20231222020747.JPG
raw/Unusual Deployments/TGR1/20240105/DCIM/100MEDIA/DSCF0924.JPG,2022-09-20T02:46:04,2023-12-22T02:17:47.758,TGR1_20231222021747.JPG
raw/Unusual Deployments/TGR1/20240105/DCIM/100MEDIA/DSCF0925.JPG,2022-09-20T02:56:04,2023-12-22T02:27:47.823,TGR1_20231222022747.JPG
raw/Unusual Deployments/TGR1/20240105/DCIM/100MEDIA/DSCF0926.JPG,2022-09-20T03:06:04,2023-12-22T02:37:47.888,TGR1_20231222023747.JPG
raw/Unusual Deployments/TGR1/20240105/DCIM/100MEDIA/DSCF0927.JPG,2022-09-20T03:16:04,2023-12-22T02:47:47.953,TGR1_20231222024747.JPG
raw/Unusual Deployments/TGR1/20240105/DCIM/100MEDIA/DSCF0928.JPG,2022-09-20T03:26:04,2023-12-22T02:57:48.019,TGR1_20231222025748.JPG
raw/Unusual Deployments/TGR1/20240105/DCIM/100MEDIA/DSCF0929.JPG,2022-09-20T03:36:04,2023-12-22T03:07:48.084,TGR1_20231222030748.JPG
raw/Unusual Deployments/TGR1/20240105/DCIM/100MEDIA/DSCF0930.JPG,2022-09-20T03:46:04,2023-12-22T03:17:48.149,TGR1_20231222031748.JPG
raw/Unusual Deployments/TGR1/20240105/DCIM/100MEDIA/DSCF0931.JPG,2022-09-20T03:56:04,2023-12-22T03:27:48.214,TGR1_20231222032748.JPG
raw/Unusual Deployments/TGR1/20240105/DCIM/100MEDIA/DSCF0932.JPG,2022-09-20T04:06:04,2023-12-22T03:37:48.279,TGR1_20231222033748.JPG
raw/Unusual Deployments/TGR1/20240105/DCIM/100MEDIA/DSCF0933.JPG,2022-09-20T04:16:04,2023-12-22T03:47:48.344,TGR1_20231222034748.JPG
raw/Unusual Deployments/TGR1/20240105/DCIM/100MEDIA/DSCF0934.JPG,2022-09-20T04:26:04,2023-12-22T03:57:48.410,TGR1_20231222035748.JPG
raw/Unusual Deployments/TGR1/20240105/DCIM/100MEDIA/DSCF0935.JPG,2022-09-20T04:36:04,2023-12-22T04:07:48.475,TGR1_20231222040748.JPG
raw/Unusual Deployments/TGR1/20240105/DCIM/100MEDIA/DSCF0936.JPG,2022-09-20T04:46:04,2023-12-22T04:17:48.540,TGR1_20231222041748.JPG
raw/Unusual Deployments/TGR1/20240105/DCIM/100MEDIA/DSCF0937.JPG,2022-09-20T04:56:04,2023-12-22T04:27:48.605,TGR1_20231222042748.JPG
raw/Unusual Deployments/TGR1/20240105/DCIM/100MEDIA/DSCF0938.JPG,2022-09-20T05:06:04,2023-12-22T04:37:48.670,TGR1_20231222043748.JPG
raw/Unusual Deployments/TGR1/20240105/DCIM/100MEDIA/DSCF0939.JPG,2022-09-20T05:16:04,2023-12-22T04:47:48.735,TGR1_20231222044748.JPG
raw/Unusual Deployments/TGR1/20240105/DCIM/100MEDIA/DSCF0940.JPG,2022-09-20T05:26:04,2023-12-22T04:57:48.801,TGR1_20231222045748.JPG
raw/Unusual Deployments/TGR1/20240105/DCIM/100MEDIA/DSCF0941.JPG,2022-09-20T05:36:04,2023-12-22T05:07:48.866,TGR1_20231222050748.JPG
raw/Unusual Deployments/TGR1/20240105/DCIM/100MEDIA/DSCF0942.JPG,2022-09-20T05:46:04,2023-12-22T05:17:48.931,TGR1_20231222051748.JPG
raw/Unusual Deployments/TGR1/20240105/DCIM/100MEDIA/DSCF0943.JPG,2022-09-20T05:56:04,2023-12-22T05:27:48.996,TGR1_20231222052748.JPG
raw/Unusual Deployments/TGR1/20240105/DCIM/100MEDIA/DSCF0944.JPG,2022-09-20T06:06:04,2023-12-22T05:37:49.061,TGR1_20231222053749.JPG
raw/Unusual Deployments/TGR1/20240105/DCIM/100MEDIA/DSCF0945.JPG,2022-09-20T06:16:04,2023-12-22T05:47:49.126,TGR1_20231222054749.JPG
raw/Unusual Deployments/TGR1/20240105/DCIM/100MEDIA/DSCF0946.JPG,2022-09-20T06:26:04,2023-12-22T05:57:49.192,TGR1_20231222055749.JPG
raw/Unusual Deployments/TGR1/20240105/DCIM/100MEDIA/DSCF0947.JPG,2022-09-20T06:36:04,2023-12-22T06:07:49.257,TGR1_20231222060749.JPG
raw/Unusual Deployments/TGR1/20240105/DCIM/100MEDIA/DSCF0948.JPG,2022-09-20T06:46:04,2023-12-22T06:17:49.322,TGR1_20231222061749.JPG
raw/Unusual Deployments/TGR1/20240105/DCIM/100MEDIA/DSCF0949.JPG,2022-09-20T06:56:04,2023-12-22T06:27:49.387,TGR1_20231222062749.JPG
raw/Unusual Deployments/TGR1/20240105/DCIM/100MEDIA/DSCF0950.JPG,2022-09-20T07:06:04,2023-12-22T06:37:49.452,TGR1_20231222063749.JPG
raw/Unusual Deployments/TGR1/20240105/DCIM/100MEDIA/DSCF0951.JPG,2022-09-20T07:16:04,2023-12-22T06:47:49.517,TGR1_20231222064749.JPG
raw/Unusual Deployments/TGR1/20240105/DCIM/100MEDIA/DSCF0952.JPG,2022-09-20T07:26:04,2023-12-22T06:57:49.583,TGR1_20231222065749.JPG
raw/Unusual Deployments/TGR1/20240105/DCIM/100MEDIA/DSCF0953.JPG,2022-09-20T07:36:04,2023-12-22T07:07:49.648,TGR1_20231222070749.JPG
raw/Unusual Deployments/TGR1/20240105/DCIM/100MEDIA/DSCF0954.JPG,2022-09-20T07:46:04,2023-12-22T07:17:49.713,TGR1_20231222071749.JPG
raw/Unusual Deployments/TGR1/20240105/DCIM/100MEDIA/DSCF0955.JPG,2022-09-20T07:56:04,2023-12-22T07:27:49.778,TGR1_20231222072749.JPG
raw/Unusual Deployments/TGR1/20240105/DCIM/100MEDIA/DSCF0956.JPG,2022-09-20T08:06:04,2023-12-22T07:37:49.843,TGR1_20231222073749.JPG
raw/Unusual Deployments/TGR1/20240105/DCIM/100MEDIA/DSCF0957.JPG,2022-09-20T08:16:04,2023-12-22T07:47:49.908,TGR1_20231222074749.JPG
raw/Unusual Deployments/TGR1/20240105/DCIM/100MEDIA/DSCF0958.JPG,2022-09-20T08:26:04,2023-12-22T07:57:49.974,TGR1_20231222075749.JPG
raw/Unusual Deployments/TGR1/20240105/DCIM/100MEDIA/DSCF0959.JPG,2022-09-20T08:36:04,2023-12-22T08:07:50.039,TGR1_20231222080750.JPG
raw/Unusual Deployments/TGR1/20240105/DCIM/100MEDIA/DSCF0960.JPG,2022-09-20T08:46:04,2023-12-22T08:17:50.104,TGR1_20231222081750.JPG
raw/Unusual Deployments/TGR1/20240105/DCIM/100MEDIA/DSCF0961.JPG,2022-09-20T08:56:04,2023-12-22T08:27:50.169,TGR1_20231222082750.JPG
raw/Unusual Deployments/TGR1/20240105/DCIM/100MEDIA/DSCF0962.JPG,2022-09-20T09:06:04,2023-12-22T08:37:50.234,TGR1_20231222083750.JPG
raw/Unusual Deployments/TGR1/20240105/DCIM/100MEDIA/DSCF0963.JPG,2022-09-20T09:16:04,2023-12-22T08:47:50.299,TGR1_20231222084750.JPG
raw/Unusual Deployments/TGR1/20240105/DCIM/100MEDIA/DSCF0964.JPG,2022-09-20T09:26:04,2023-12-22T08:57:50.365,TGR1_20231222085750.JPG
raw/Unusual Deployments/TGR1/20240105/DCIM/100MEDIA/DSCF0965.JPG,2022-09-20T09:36:04,2023-12-22T09:07:50.430,TGR1_20231222090750.JPG
raw/Unusual Deployments/TGR1/20240105/DCIM/100MEDIA/DSCF0966.JPG,2022-09-20T09:46:04,2023-12-22T09:17:50.495,TGR1_20231222091750.JPG
raw/Unusual Deployments/TGR1/20240105/DCIM/100MEDIA/DSCF0967.JPG,2022-09-20T09:56:04,2023-12-22T09:27:50.560,TGR1_20231222092750.JPG
raw/Unusual Deployments/TGR1/20240105/DCIM/100MEDIA/DSCF0968.JPG,2022-09-20T10:06:04,2023-12-22T09:37:50.625,TGR1_20231222093750.JPG
raw/Unusual Deployments/TGR1/20240105/DCIM/100MEDIA/DSCF0969.JPG,2022-09-20T10:16:04,2023-12-22T09:47:50.690,TGR1_20231222094750.JPG
raw/Unusual Deployments/TGR1/20240105/DCIM/100MEDIA/DSCF0970.JPG,2022-09-20T10:26:04,2023-12-22T09:57:50.756,TGR1_20231222095750.JPG
raw/Unusual Deployments/TGR1/20240105/DCIM/100MEDIA/DSCF0971.JPG,2022-09-20T10:36:04,2023-12-22T10:07:50.821,TGR1_20231222100750.JPG
raw/Unusual Deployments/TGR1/20240105/DCIM/100MEDIA/DSCF0972.JPG,2022-09-20T10:46:04,2023-12-22T10:17:50.886,TGR1_20231222101750.JPG
raw/Unusual Deployments/TGR1/20240105/DCIM/100MEDIA/DSCF0973.JPG,2022-09-20T10:56:04,2023-12-22T10:27:50.951,TGR1_20231222102750.JPG
raw/Unusual Deployments/TGR1/20240105/DCIM/100MEDIA/DSCF0974.JPG,2022-09-20T11:06:04,2023-12-22T10:37:51.016,TGR1_20231222103751.JPG
raw/Unusual Deployments/TGR1/20240105/DCIM/100MEDIA/DSCF0975.JPG,2022-09-20T11:16:04,2023-12-22T10:47:51.081,TGR1_20231222104751.JPG
raw/Unusual Deployments/TGR1/20240105/DCIM/100MEDIA/DSCF0976.JPG,2022-09-20T11:26:04,2023-12-22T10:57:51.147,TGR1_20231222105751.JPG
raw/Unusual Deployments/TGR1/20240105/DCIM/100MEDIA/DSCF0977.JPG,2022-09-20T11:36:04,2023-12-22T11:07:51.212,TGR1_20231222110751.JPG
raw/Unusual Deployments/TGR1/20240105/DCIM/100MEDIA/DSCF0978.JPG,2022-09-20T11:46:04,2023-12-22T11:17:51.277,TGR1_20231222111751.JPG
raw/Unusual Deployments/TGR1/20240105/DCIM/100MEDIA/DSCF0979.JPG,2022-09-20T11:56:04,2023-12-22T11:27:51.342,TGR1_20231222112751.JPG
raw/Unusual Deployments/TGR1/20240105/DCIM/100MEDIA/DSCF0980.JPG,2022-09-20T12:06:04,2023-12-22T11:37:51.407,TGR1_20231222113751.JPG
raw/Unusual Deployments/TGR1/20240105/DCIM/100MEDIA/DSCF0981.JPG,2022-09-20T12:16:04,2023-12-22T11:47:51.472,TGR1_20231222114751.JPG
raw/Unusual Deployments/TGR1/20240105/DCIM/100MEDIA/DSCF0982.JPG,2022-09-20T12:26:04,2023-12-22T11:57:51.538,TGR1_20231222115751.JPG
raw/Unusual Deployments/TGR1/20240105/DCIM/100MEDIA/DSCF0983.JPG,2022-09-20T12:36:04,2023-12-22T12:07:51.603,TGR1_20231222120751.JPG
raw/Unusual Deployments/TGR1/20240105/DCIM/100MEDIA/DSCF0984.JPG,2022-09-20T12:46:04,2023-12-22T12:17:51.668,TGR1_20231222121751.JPG
raw/Unusual Deployments/TGR1/20240105/DCIM/100MEDIA/DSCF0985.JPG,2022-09-20T12:56:04,2023-12-22T12:27:51.733,TGR1_20231222122751.JPG
raw/Unusual Deployments/TGR1/20240105/DCIM/100MEDIA/DSCF0986.JPG,2022-09-20T13:06:04,2023-12-22T12:37:51.798,TGR1_20231222123751.JPG
raw/Unusual Deployments/TGR1/20240105/DCIM/100MEDIA/DSCF0987.JPG,2022-09-20T13:16:04,2023-12-22T12:47:51.863,TGR1_20231222124751.JPG
raw/Unusual Deployments/TGR1/20240105/DCIM/100MEDIA/DSCF0988.JPG,2022-09-20T13:26:04,2023-12-22T12:57:51.929,TGR1_20231222125751.JPG
raw/Unusual Deployments/TGR1/20240105/DCIM/100MEDIA/DSCF0989.JPG,2022-09-20T13:36:04,2023-12-22T13:07:51.994,TGR1_20231222130751.JPG
raw/Unusual Deployments/TGR1/20240105/DCIM/100MEDIA/DSCF0990.JPG,2022-09-20T13:46:04,2023-12-22T13:17:52.059,TGR1_20231222131752.JPG
raw/Unusual Deployments/TGR1/20240105/DCIM/100MEDIA/DSCF0991.JPG,2022-09-20T13:56:04,2023-12-22T13:27:52.124,TGR1_20231222132752.JPG
raw/Unusual Deployments/TGR1/20240105/DCIM/100MEDIA/DSCF0992.JPG,2022-09-20T14:06:04,2023-12-22T13:37:52.189,TGR1_20231222133752.JPG
raw/Unusual Deployments/TGR1/20240105/DCIM/100MEDIA/DSCF0993.JPG,2022-09-20T14:16:04,2023-12-22T13:47:52.254,TGR1_20231222134752.JPG
raw/Unusual Deployments/TGR1/20240105/DCIM/100MEDIA/DSCF0994.JPG,2022-09-20T14:26:04,2023-12-22T13:57:52.319,TGR1_20231222135752.JPG
raw/Unusual Deployments/TGR1/20240105/DCIM/100MEDIA/DSCF0995.JPG,2022-09-20T14:36:04,2023-12-22T14:07:52.385,TGR1_20231222140752.JPG
raw/Unusual Deployments/TGR1/20240105/DCIM/100MEDIA/DSCF0996.JPG,2022-09-20T14:46:04,2023-12-22T14:17:52.450,TGR1_20231222141752.JPG
raw/Unusual Deployments/TGR1/20240105/DCIM/100MEDIA/DSCF0997.JPG,2022-09-20T14:56:04,2023-12-22T14:27:52.515,TGR1_20231222142752.JPG
raw/Unusual Deployments/TGR1/20240105/DCIM/100MEDIA/DSCF0998.JPG,2022-09-20T15:06:04,2023-12-22T14:37:52.580,TGR1_20231222143752.JPG
raw/Unusual Deployments/TGR1/20240105/DCIM/100MEDIA/DSCF0999.JPG,2022-09-20T15:16:04,2023-12-22T14:47:52.645,TGR1_20231222144752.JPG
raw/Unusual Deployments/TGR1/20240105/DCIM/101MEDIA/DSCF0001.JPG,2022-09-20T15:26:04,2023-12-22T14:57:52.710,TGR1_20231222145752.JPG
raw/Unusual Deployments/TGR1/20240105/DCIM/101MEDIA/DSCF0002.JPG,2022-09-20T15:36:04,2023-12-22T15:07:52.776,TGR1_20231222150752.JPG
raw/Unusual Deployments/TGR1/20240105/DCIM/101MEDIA/DSCF0003.JPG,2022-09-20T15:46:04,2023-12-22T15:17:52.841,TGR1_20231222151752.JPG
raw/Unusual Deployments/TGR1/20240105/DCIM/101MEDIA/DSCF0004.JPG,2022-09-20T15:56:04,2023-12-22T15:27:52.906,TGR1_20231222152752.JPG
raw/Unusual Deployments/TGR1/20240105/DCIM/101MEDIA/DSCF0005.JPG,2022-09-20T16:06:04,2023-12-22T15:37:52.971,TGR1_20231222153752.JPG
raw/Unusual Deployments/TGR1/20240105/DCIM/101MEDIA/DSCF0006.JPG,2022-09-20T16:16:04,2023-12-22T15:47:53.036,TGR1_20231222154753.JPG
raw/Unusual Deployments/TGR1/20240105/DCIM/101MEDIA/DSCF0007.JPG,2022-09-20T16:26:04,2023-12-22T15:57:53.101,TGR1_20231222155753.JPG
raw/Unusual Deployments/TGR1/20240105/DCIM/101MEDIA/DSCF0008.JPG,2022-09-20T16:36:04,2023-12-22T16:07:53.167,TGR1_20231222160753.JPG
raw/Unusual Deployments/TGR1/20240105/DCIM/101MEDIA/DSCF0009.JPG,2022-09-20T16:46:04,2023-12-22T16:17:53.232,TGR1_20231222161753.JPG
raw/Unusual Deployments/TGR1/20240105/DCIM/101MEDIA/DSCF0010.JPG,2022-09-20T16:56:04,2023-12-22T16:27:53.297,TGR1_20231222162753.JPG
raw/Unusual Deployments/TGR1/20240105/DCIM/101MEDIA/DSCF0011.JPG,2022-09-20T17:06:04,2023-12-22T16:37:53.362,TGR1_20231222163753.JPG
raw/Unusual Deployments/TGR1/20240105/DCIM/101MEDIA/DSCF0012.JPG,2022-09-20T17:16:04,2023-12-22T16:47:53.427,TGR1_20231222164753.JPG
raw/Unusual Deployments/TGR1/20240105/DCIM/101MEDIA/DSCF0013.JPG,2022-09-20T17:26:04,2023-12-22T16:57:53.492,TGR1_20231222165753.JPG
raw/Unusual Deployments/TGR1/20240105/DCIM/101MEDIA/DSCF0014.JPG,2022-09-20T17:36:04,2023-12-22T17:07:53.558,TGR1_20231222170753.JPG
raw/Unusual Deployments/TGR1/20240105/DCIM/101MEDIA/DSCF0015.JPG,2022-09-20T17:46:04,2023-12-22T17:17:53.623,TGR1_20231222171753.JPG
raw/Unusual Deployments/TGR1/20240105/DCIM/101MEDIA/DSCF0016.JPG,2022-09-20T17:56:04,2023-12-22T17:27:53.688,TGR1_20231222172753.JPG
raw/Unusual Deployments/TGR1/20240105/DCIM/101MEDIA/DSCF0017.JPG,2022-09-20T18:06:04,2023-12-22T17:37:53.753,TGR1_20231222173753.JPG
raw/Unusual Deployments/TGR1/20240105/DCIM/101MEDIA/DSCF0018.JPG,2022-09-20T18:16:05,2023-12-22T17:47:54.818,TGR1_20231222174754.JPG
raw/Unusual Deployments/TGR1/20240105/DCIM/101MEDIA/DSCF0019.JPG,2022-09-20T18:26:04,2023-12-22T17:57:53.883,TGR1_20231222175753.JPG
raw/Unusual Deployments/TGR1/20240105/DCIM/101MEDIA/DSCF0020.JPG,2022-09-20T18:36:04,2023-12-22T18:07:53.949,TGR1_20231222180753.JPG
raw/Unusual Deployments/TGR1/20240105/DCIM/101MEDIA/DSCF0021.JPG,2022-09-20T18:46:04,2023-12-22T18:17:54.014,TGR1_20231222181754.JPG
raw/Unusual Deployments/TGR1/20240105/DCIM/101MEDIA/DSCF0022.JPG,2022-09-20T18:56:04,2023-12-22T18:27:54.079,TGR1_20231222182754.JPG
raw/Unusual Deployments/TGR1/20240105/DCIM/101MEDIA/DSCF0023.JPG,2022-09-20T19:06:04,2023-12-22T18:37:54.144,TGR1_20231222183754.JPG
raw/Unusual Deployments/TGR1/20240105/DCIM/101MEDIA/DSCF0024.JPG,2022-09-20T19:16:04,2023-12-22T18:47:54.209,TGR1_20231222184754.JPG
raw/Unusual Deployments/TGR1/20240105/DCIM/101MEDIA/DSCF0025.JPG,2022-09-20T19:26:04,2023-12-22T18:57:54.274,TGR1_20231222185754.JPG
raw/Unusual Deployments/TGR1/20240105/DCIM/101MEDIA/DSCF0026.JPG,2022-09-20T19:36:04,2023-12-22T19:07:54.340,TGR1_20231222190754.JPG
raw/Unusual Deployments/TGR1/20240105/DCIM/101MEDIA/DSCF0027.JPG,2022-09-20T19:46:04,2023-12-22T19:17:54.405,TGR1_20231222191754.JPG
raw/Unusual Deployments/TGR1/20240105/DCIM/101MEDIA/DSCF0028.JPG,2022-09-20T19:56:04,2023-12-22T19:27:54.470,TGR1_20231222192754.JPG
raw/Unusual Deployments/TGR1/20240105/DCIM/101MEDIA/DSCF0029.JPG,2022-09-20T20:06:04,2023-12-22T19:37:54.535,TGR1_20231222193754.JPG
raw/Unusual Deployments/TGR1/20240105/DCIM/101MEDIA/DSCF0030.JPG,2022-09-20T20:16:04,2023-12-22T19:47:54.600,TGR1_20231222194754.JPG
raw/Unusual Deployments/TGR1/20240105/DCIM/101MEDIA/DSCF0031.JPG,2022-09-20T20:26:04,2023-12-22T19:57:54.665,TGR1_20231222195754.JPG
raw/Unusual Deployments/TGR1/20240105/DCIM/101MEDIA/DSCF0032.JPG,2022-09-20T20:36:04,2023-12-22T20:07:54.731,TGR1_20231222200754.JPG
raw/Unusual Deployments/TGR1/20240105/DCIM/101MEDIA/DSCF0033.JPG,2022-09-20T20:46:04,2023-12-22T20:17:54.796,TGR1_20231222201754.JPG
raw/Unusual Deployments/TGR1/20240105/DCIM/101MEDIA/DSCF0034.JPG,2022-09-20T20:56:04,2023-12-22T20:27:54.861,TGR1_20231222202754.JPG
raw/Unusual Deployments/TGR1/20240105/DCIM/101MEDIA/DSCF0035.JPG,2022-09-20T21:06:04,2023-12-22T20:37:54.926,TGR1_20231222203754.JPG
raw/Unusual Deployments/TGR1/20240105/DCIM/101MEDIA/DSCF0036.JPG,2022-09-20T21:16:04,2023-12-22T20:47:54.991,TGR1_20231222204754.JPG
raw/Unusual Deployments/TGR1/20240105/DCIM/101MEDIA/DSCF0037.JPG,2022-09-20T21:26:04,2023-12-22T20:57:55.056,TGR1_20231222205755.JPG
raw/Unusual Deployments/TGR1/20240105/DCIM/101MEDIA/DSCF0038.JPG,2022-09-20T21:36:04,2023-12-22T21:07:55.122,TGR1_20231222210755.JPG
raw/Unusual Deployments/TGR1/20240105/DCIM/101MEDIA/DSCF0039.JPG,2022-09-20T21:46:04,2023-12-22T21:17:55.187,TGR1_20231222211755.JPG
raw/Unusual Deployments/TGR1/20240105/DCIM/101MEDIA/DSCF0040.JPG,2022-09-20T21:56:04,2023-12-22T21:27:55.252,TGR1_20231222212755.JPG
raw/Unusual Deployments/TGR1/20240105/DCIM/101MEDIA/DSCF0041.JPG,2022-09-20T22:06:04,2023-12-22T21:37:55.317,TGR1_20231222213755.JPG
raw/Unusual Deployments/TGR1/20240105/DCIM/101MEDIA/DSCF0042.JPG,2022-09-20T22:16:04,2023-12-22T21:47:55.382,TGR1_20231222214755.JPG
raw/Unusual Deployments/TGR1/20240105/DCIM/101MEDIA/DSCF0043.JPG,2022-09-20T22:26:04,2023-12-22T21:57:55.447,TGR1_20231222215755.JPG
raw/Unusual Deployments/TGR1/20240105/DCIM/101MEDIA/DSCF0044.JPG,2022-09-20T22:36:04,2023-12-22T22:07:55.513,TGR1_20231222220755.JPG
raw/Unusual Deployments/TGR1/20240105/DCIM/101MEDIA/DSCF0045.JPG,2022-09-20T22:46:04,2023-12-22T22:17:55.578,TGR1_20231222221755.JPG
raw/Unusual Deployments/TGR1/20240105/DCIM/101MEDIA/DSCF0046.JPG,2022-09-20T22:56:04,2023-12-22T22:27:55.643,TGR1_20231222222755.JPG
raw/Unusual Deployments/TGR1/20240105/DCIM/101MEDIA/DSCF0047.JPG,2022-09-20T23:06:04,2023-12-22T22:37:55.708,TGR1_20231222223755.JPG
raw/Unusual Deployments/TGR1/20240105/DCIM/101MEDIA/DSCF0048.JPG,2022-09-20T23:16:04,2023-12-22T22:47:55.773,TGR1_20231222224755.JPG
raw/Unusual Deployments/TGR1/20240105/DCIM/101MEDIA/DSCF0049.JPG,2022-09-20T23:26:04,2023-12-22T22:57:55.838,TGR1_20231222225755.JPG
raw/Unusual Deployments/TGR1/20240105/DCIM/101MEDIA/DSCF0050.JPG,2022-09-20T23:36:04,2023-12-22T23:07:55.904,TGR1_20231222230755.JPG
raw/Unusual Deployments/TGR1/20240105/DCIM/101MEDIA/DSCF0051.JPG,2022-09-20T23:46:04,2023-12-22T23:17:55.969,TGR1_20231222231755.JPG
raw/Unusual Deployments/TGR1/20240105/DCIM/101MEDIA/DSCF0052.JPG,2022-09-20T23:56:04,2023-12-22T23:27:56.034,TGR1_20231222232756.JPG
raw/Unusual Deployments/TGR1/20240105/DCIM/101MEDIA/DSCF0053.JPG,2022-09-21T00:06:04,2023-12-22T23:37:56.099,TGR1_20231222233756.JPG
raw/Unusual Deployments/TGR1/20240105/DCIM/101MEDIA/DSCF0054.JPG,2022-09-21T00:16:04,2023-12-22T23:47:56.164,TGR1_20231222234756.JPG
raw/Unusual Deployments/TGR1/20240105/DCIM/101MEDIA/DSCF0055.JPG,2022-09-21T00:26:04,2023-12-22T23:57:56.229,TGR1_20231222235756.JPG
raw/Unusual Deployments/TGR1/20240105/DCIM/101MEDIA/DSCF0056.JPG,2022-09-21T00:36:04,2023-12-23T00:07:56.295,TGR1_20231223000756.JPG
raw/Unusual Deployments/TGR1/20240105/DCIM/101MEDIA/DSCF0057.JPG,2022-09-21T00:46:04,2023-12-23T00:17:56.360,TGR1_20231223001756.JPG
raw/Unusual Deployments/TGR1/20240105/DCIM/101MEDIA/DSCF0058.JPG,2022-09-21T00:56:04,2023-12-23T00:27:56.425,TGR1_20231223002756.JPG
raw/Unusual Deployments/TGR1/20240105/DCIM/101MEDIA/DSCF0059.JPG,2022-09-21T01:06:04,2023-12-23T00:37:56.490,TGR1_20231223003756.JPG
raw/Unusual Deployments/TGR1/20240105/DCIM/101MEDIA/DSCF0060.JPG,2022-09-21T01:16:04,2023-12-23T00:47:56.555,TGR1_20231223004756.JPG
raw/Unusual Deployments/TGR1/20240105/DCIM/101MEDIA/DSCF0061.JPG,2022-09-21T01:26:04,2023-12-23T00:57:56.620,TGR1_20231223005756.JPG
raw/Unusual Deployments/TGR1/20240105/DCIM/101MEDIA/DSCF0062.JPG,2022-09-21T01:36:04,2023-12-23T01:07:56.686,TGR1_20231223010756.JPG
raw/Unusual Deployments/TGR1/20240105/DCIM/101MEDIA/DSCF0063.JPG,2022-09-21T01:46:04,2023-12-23T01:17:56.751,TGR1_20231223011756.JPG
raw/Unusual Deployments/TGR1/20240105/DCIM/101MEDIA/DSCF0064.JPG,2022-09-21T01:56:04,2023-12-23T01:27:56.816,TGR1_20231223012756.JPG
raw/Unusual Deployments/TGR1/20240105/DCIM/101MEDIA/DSCF0065.JPG,2022-09-21T02:06:03,2023-12-23T01:37:55.881,TGR1_20231223013755.JPG
raw/Unusual Deployments/TGR1/20240105/DCIM/101MEDIA/DSCF0066.JPG,2022-09-21T02:16:04,2023-12-23T01:47:56.946,TGR1_20231223014756.JPG
raw/Unusual Deployments/TGR1/20240105/DCIM/101MEDIA/DSCF0067.JPG,2022-09-21T02:26:04,2023-12-23T01:57:57.011,TGR1_20231223015757.JPG
raw/Unusual Deployments/TGR1/20240105/DCIM/101MEDIA/DSCF0068.JPG,2022-09-21T02:36:04,2023-12-23T02:07:57.077,TGR1_20231223020757.JPG
raw/Unusual Deployments/TGR1/20240105/DCIM/101MEDIA/DSCF0069.JPG,2022-09-21T02:46:04,2023-12-23T02:17:57.142,TGR1_20231223021757.JPG
raw/Unusual Deployments/TGR1/20240105/DCIM/101MEDIA/DSCF0070.JPG,2022-09-21T02:56:04,2023-12-23T02:27:57.207,TGR1_20231223022757.JPG
raw/Unusual Deployments/TGR1/20240105/DCIM/101MEDIA/DSCF0071.JPG,2022-09-21T03:06:04,2023-12-23T02:37:57.272,TGR1_20231223023757.JPG
raw/Unusual Deployments/TGR1/20240105/DCIM/101MEDIA/DSCF0072.JPG,2022-09-21T03:16:04,2023-12-23T02:47:57.337,TGR1_20231223024757.JPG
raw/Unusual Deployments/TGR1/20240105/DCIM/101MEDIA/DSCF0073.JPG,2022-09-21T03:26:04,2023-12-23T02:57:57.402,TGR1_20231223025757.JPG
raw/Unusual Deployments/TGR1/20240105/DCIM/101MEDIA/DSCF0074.JPG,2022-09-21T03:36:04,2023-12-23T03:07:57.468,TGR1_20231223030757.JPG
raw/Unusual Deployments/TGR1/20240105/DCIM/101MEDIA/DSCF0075.JPG,2022-09-21T03:46:04,2023-12-23T03:17:57.533,TGR1_20231223031757.JPG
raw/Unusual Deployments/TGR1/20240105/DCIM/101MEDIA/DSCF0076.JPG,2022-09-21T03:56:04,2023-12-23T03:27:57.598,TGR1_20231223032757.JPG
raw/Unusual Deployments/TGR1/20240105/DCIM/101MEDIA/DSCF0077.JPG,2022-09-21T04:06:04,2023-12-23T03:37:57.663,TGR1_20231223033757.JPG
raw/Unusual Deployments/TGR1/20240105/DCIM/101MEDIA/DSCF0078.JPG,2022-09-21T04:16:04,2023-12-23T03:47:57.728,TGR1_20231223034757.JPG
raw/Unusual Deployments/TGR1/20240105/DCIM/101MEDIA/DSCF0079.JPG,2022-09-21T04:26:04,2023-12-23T03:57:57.793,TGR1_20231223035757.JPG
raw/Unusual Deployments/TGR1/20240105/DCIM/101MEDIA/DSCF0080.JPG,2022-09-21T04:36:04,2023-12-23T04:07:57.859,TGR1_20231223040757.JPG
raw/Unusual Deployments/TGR1/20240105/DCIM/101MEDIA/DSCF0081.JPG,2022-09-21T04:46:04,2023-12-23T04:17:57.924,TGR1_20231223041757.JPG
raw/Unusual Deployments/TGR1/20240105/DCIM/101MEDIA/DSCF0082.JPG,2022-09-21T04:56:04,2023-12-23T04:27:57.989,TGR1_20231223042757.JPG
raw/Unusual Deployments/TGR1/20240105/DCIM/101MEDIA/DSCF0083.JPG,2022-09-21T05:06:04,2023-12-23T04:37:58.054,TGR1_20231223043758.JPG
raw/Unusual Deployments/TGR1/20240105/DCIM/101MEDIA/DSCF0084.JPG,2022-09-21T05:16:04,2023-12-23T04:47:58.119,TGR1_20231223044758.JPG
raw/Unusual Deployments/TGR1/20240105/DCIM/101MEDIA/DSCF0085.JPG,2022-09-21T05:26:04,2023-12-23T04:57:58.184,TGR1_20231223045758.JPG
raw/Unusual Deployments/TGR1/20240105/DCIM/101MEDIA/DSCF0086.JPG,2022-09-21T05:36:04,2023-12-23T05:07:58.250,TGR1_20231223050758.JPG
raw/Unusual Deployments/TGR1/20240105/DCIM/101MEDIA/DSCF0087.JPG,2022-09-21T05:46:04,2023-12-23T05:17:58.315,TGR1_20231223051758.JPG
raw/Unusual Deployments/TGR1/20240105/DCIM/101MEDIA/DSCF0088.JPG,2022-09-21T05:56:04,2023-12-23T05:27:58.380,TGR1_20231223052758.JPG
raw/Unusual Deployments/TGR1/20240105/DCIM/101MEDIA/DSCF0089.JPG,2022-09-21T06:06:04,2023-12-23T05:37:58.445,TGR1_20231223053758.JPG
raw/Unusual Deployments/TGR1/20240105/DCIM/101MEDIA/DSCF0090.JPG,2022-09-21T06:16:04,2023-12-23T05:47:58.510,TGR1_20231223054758.JPG
raw/Unusual Deployments/TGR1/20240105/DCIM/101MEDIA/DSCF0091.JPG,2022-09-21T06:26:04,2023-12-23T05:57:58.575,TGR1_20231223055758.JPG
raw/Unusual Deployments/TGR1/20240105/DCIM/101MEDIA/DSCF0092.JPG,2022-09-21T06:36:04,2023-12-23T06:07:58.641,TGR1_20231223060758.JPG
raw/Unusual Deployments/TGR1/20240105/DCIM/101MEDIA/DSCF0093.JPG,2022-09-21T06:46:04,2023-12-23T06:17:58.706,TGR1_20231223061758.JPG
raw/Unusual Deployments/TGR1/20240105/DCIM/101MEDIA/DSCF0094.JPG,2022-09-21T06:56:04,2023-12-23T06:27:58.771,TGR1_20231223062758.JPG
raw/Unusual Deployments/TGR1/20240105/DCIM/101MEDIA/DSCF0095.JPG,2022-09-21T07:06:04,2023-12-23T06:37:58.836,TGR1_20231223063758.JPG
raw/Unusual Deployments/TGR1/20240105/DCIM/101MEDIA/DSCF0096.JPG,2022-09-21T07:16:04,2023-12-23T06:47:58.901,TGR1_20231223064758.JPG
raw/Unusual Deployments/TGR1/20240105/DCIM/101MEDIA/DSCF0097.JPG,2022-09-21T07:26:04,2023-12-23T06:57:58.966,TGR1_20231223065758.JPG
raw/Unusual Deployments/TGR1/20240105/DCIM/101MEDIA/DSCF0098.JPG,2022-09-21T07:36:04,2023-12-23T07:07:59.032,TGR1_20231223070759.JPG
raw/Unusual Deployments/TGR1/20240105/DCIM/101MEDIA/DSCF0099.JPG,2022-09-21T07:46:04,2023-12-23T07:17:59.097,TGR1_20231223071759.JPG
raw/Unusual Deployments/TGR1/20240105/DCIM/101MEDIA/DSCF0100.JPG,2022-09-21T07:56:04,2023-12-23T07:27:59.162,TGR1_20231223072759.JPG
raw/Unusual Deployments/TGR1/20240105/DCIM/101MEDIA/DSCF0101.JPG,2022-09-21T08:06:04,2023-12-23T07:37:59.227,TGR1_20231223073759.JPG
raw/Unusual Deployments/TGR1/20240105/DCIM/101MEDIA/DSCF0102.JPG,2022-09-21T08:16:04,2023-12-23T07:47:59.292,TGR1_20231223074759.JPG
raw/Unusual Deployments/TGR1/20240105/DCIM/101MEDIA/DSCF0103.JPG,2022-09-21T08:26:04,2023-12-23T07:57:59.357,TGR1_20231223075759.JPG
raw/Unusual Deployments/TGR1/20240105/DCIM/101MEDIA/DSCF0104.JPG,2022-09-21T08:36:04,2023-12-23T08:07:59.423,TGR1_20231223080759.JPG
raw/Unusual Deployments/TGR1/20240105/DCIM/101MEDIA/DSCF0105.JPG,2022-09-21T08:46:04,2023-12-23T08:17:59.488,TGR1_20231223081759.JPG
raw/Unusual Deployments/TGR1/20240105/DCIM/101MEDIA/DSCF0106.JPG,2022-09-21T08:56:04,2023-12-23T08:27:59.553,TGR1_20231223082759.JPG
raw/Unusual Deployments/TGR1/20240105/DCIM/101MEDIA/DSCF0107.JPG,2022-09-21T09:06:04,2023-12-23T08:37:59.618,TGR1_20231223083759.JPG
raw/Unusual Deployments/TGR1/20240105/DCIM/101MEDIA/DSCF0108.JPG,2022-09-21T09:16:04,2023-12-23T08:47:59.683,TGR1_20231223084759.JPG
raw/Unusual Deployments/TGR1/20240105/DCIM/101MEDIA/DSCF0109.JPG,2022-09-21T09:26:04,2023-12-23T08:57:59.748,TGR1_20231223085759.JPG
raw/Unusual Deployments/TGR1/20240105/DCIM/101MEDIA/DSCF0110.JPG,2022-09-21T09:36:04,2023-12-23T09:07:59.814,TGR1_20231223090759.JPG
raw/Unusual Deployments/TGR1/20240105/DCIM/101MEDIA/DSCF0111.JPG,2022-09-21T09:46:04,2023-12-23T09:17:59.879,TGR1_20231223091759.JPG
raw/Unusual Deployments/TGR1/20240105/DCIM/101MEDIA/DSCF0112.JPG,2022-09-21T09:56:04,2023-12-23T09:27:59.944,TGR1_20231223092759.JPG
raw/Unusual Deployments/TGR1/20240105/DCIM/101MEDIA/DSCF0113.JPG,2022-09-21T10:06:04,2023-12-23T09:38:00.009,TGR1_20231223093800.JPG
raw/Unusual Deployments/TGR1/20240105/DCIM/101MEDIA/DSCF0114.JPG,2022-09-21T10:16:04,2023-12-23T09:48:00.074,TGR1_20231223094800.JPG
raw/Unusual Deployments/TGR1/20240105/DCIM/101MEDIA/DSCF0115.JPG,2022-09-21T10:26:04,2023-12-23T09:58:00.139,TGR1_20231223095800.JPG
raw/Unusual Deployments/TGR1/20240105/DCIM/101MEDIA/DSCF0116.JPG,2022-09-21T10:36:04,2023-12-23T10:08:00.204,TGR1_20231223100800.JPG
raw/Unusual Deployments/TGR1/20240105/DCIM/101MEDIA/DSCF0117.JPG,2022-09-21T10:46:04,2023-12-23T10:18:00.270,TGR1_20231223101800.JPG
raw/Unusual Deployments/TGR1/20240105/DCIM/101MEDIA/DSCF0118.JPG,2022-09-21T10:56:04,2023-12-23T10:28:00.335,TGR1_20231223102800.JPG
raw/Unusual Deployments/TGR1/20240105/DCIM/101MEDIA/DSCF0119.JPG,2022-09-21T11:06:04,2023-12-23T10:38:00.400,TGR1_20231223103800.JPG
raw/Unusual Deployments/TGR1/20240105/DCIM/101MEDIA/DSCF0120.JPG,2022-09-21T11:16:04,2023-12-23T10:48:00.465,TGR1_20231223104800.JPG
raw/Unusual Deployments/TGR1/20240105/DCIM/101MEDIA/DSCF0121.JPG,2022-09-21T11:26:04,2023-12-23T10:58:00.530,TGR1_20231223105800.JPG
raw/Unusual Deployments/TGR1/20240105/DCIM/101MEDIA/DSCF0122.JPG,2022-09-21T11:36:04,2023-12-23T11:08:00.595,TGR1_20231223110800.JPG
raw/Unusual Deployments/TGR1/20240105/DCIM/101MEDIA/DSCF0123.JPG,2022-09-21T11:46:04,2023-12-23T11:18:00.661,TGR1_20231223111800.JPG
raw/Unusual Deployments/TGR1/20240105/DCIM/101MEDIA/DSCF0124.JPG,2022-09-21T11:56:04,2023-12-23T11:28:00.726,TGR1_20231223112800.JPG
raw/Unusual Deployments/TGR1/20240105/DCIM/101MEDIA/DSCF0125.JPG,2022-09-21T12:06:04,2023-12-23T11:38:00.791,TGR1_20231223113800.JPG
raw/Unusual Deployments/TGR1/20240105/DCIM/101MEDIA/DSCF0126.JPG,2022-09-21T12:16:04,2023-12-23T11:48:00.856,TGR1_20231223114800.JPG
raw/Unusual Deployments/TGR1/20240105/DCIM/101MEDIA/DSCF0127.JPG,2022-09-21T12:26:04,2023-12-23T11:58:00.921,TGR1_20231223115800.JPG
raw/Unusual Deployments/TGR1/20240105/DCIM/101MEDIA/DSCF0128.JPG,2022-09-21T12:36:04,2023-12-23T12:08:00.986,TGR1_20231223120800.JPG
raw/Unusual Deployments/TGR1/20240105/DCIM/101MEDIA/DSCF0129.JPG,2022-09-21T12:46:04,2023-12-23T12:18:01.052,TGR1_20231223121801.JPG
raw/Unusual Deployments/TGR1/20240105/DCIM/101MEDIA/DSCF0130.JPG,2022-09-21T12:56:04,2023-12-23T12:28:01.117,TGR1_20231223122801.JPG
raw/Unusual Deployments/TGR1/20240105/DCIM/101MEDIA/DSCF0131.JPG,2022-09-21T13:06:04,2023-12-23T12:38:01.182,TGR1_20231223123801.JPG
raw/Unusual Deployments/TGR1/20240105/DCIM/101MEDIA/DSCF0132.JPG,2022-09-21T13:16:04,2023-12-23T12:48:01.247,TGR1_20231223124801.JPG
raw/Unusual Deployments/TGR1/20240105/DCIM/101MEDIA/DSCF0133.JPG,2022-09-21T13:26:04,2023-12-23T12:58:01.312,TGR1_20231223125801.JPG
raw/Unusual Deployments/TGR1/20240105/DCIM/101MEDIA/DSCF0134.JPG,2022-09-21T13:36:04,2023-12-23T13:08:01.377,TGR1_20231223130801.JPG
raw/Unusual Deployments/TGR1/20240105/DCIM/101MEDIA/DSCF0135.JPG,2022-09-21T13:46:04,2023-12-23T13:18:01.443,TGR1_20231223131801.JPG
raw/Unusual Deployments/TGR1/20240105/DCIM/101MEDIA/DSCF0136.JPG,2022-09-21T13:56:04,2023-12-23T13:28:01.508,TGR1_20231223132801.JPG
raw/Unusual Deployments/TGR1/20240105/DCIM/101MEDIA/DSCF0137.JPG,2022-09-21T14:06:04,2023-12-23T13:38:01.573,TGR1_20231223133801.JPG
raw/Unusual Deployments/TGR1/20240105/DCIM/101MEDIA/DSCF0138.JPG,2022-09-21T14:16:04,2023-12-23T13:48:01.638,TGR1_20231223134801.JPG
raw/Unusual Deployments/TGR1/20240105/DCIM/101MEDIA/DSCF0139.JPG,2022-09-21T14:26:04,2023-12-23T13:58:01.703,TGR1_20231223135801.JPG
raw/Unusual Deployments/TGR1/20240105/DCIM/101MEDIA/DSCF0140.JPG,2022-09-21T14:36:04,2023-12-23T14:08:01.768,TGR1_20231223140801.JPG
raw/Unusual Deployments/TGR1/20240105/DCIM/101MEDIA/DSCF0141.JPG,2022-09-21T14:46:04,2023-12-23T14:18:01.834,TGR1_20231223141801.JPG
raw/Unusual Deployments/TGR1/20240105/DCIM/101MEDIA/DSCF0142.JPG,2022-09-21T14:56:04,2023-12-23T14:28:01.899,TGR1_20231223142801.JPG
raw/Unusual Deployments/TGR1/20240105/DCIM/101MEDIA/DSCF0143.JPG,2022-09-21T15:06:04,2023-12-23T14:38:01.964,TGR1_20231223143801.JPG
raw/Unusual Deployments/TGR1/20240105/DCIM/101MEDIA/DSCF0144.JPG,2022-09-21T15:16:04,2023-12-23T14:48:02.029,TGR1_20231223144802.JPG
raw/Unusual Deployments/TGR1/20240105/DCIM/101MEDIA/DSCF0145.JPG,2022-09-21T15:26:04,2023-12-23T14:58:02.094,TGR1_20231223145802.JPG
raw/Unusual Deployments/TGR1/20240105/DCIM/101MEDIA/DSCF0146.JPG,2022-09-21T15:36:04,2023-12-23T15:08:02.159,TGR1_20231223150802.JPG
raw/Unusual Deployments/TGR1/20240105/DCIM/101MEDIA/DSCF0147.JPG,2022-09-21T15:46:04,2023-12-23T15:18:02.225,TGR1_20231223151802.JPG
raw/Unusual Deployments/TGR1/20240105/DCIM/101MEDIA/DSCF0148.JPG,2022-09-21T15:56:04,2023-12-23T15:28:02.290,TGR1_20231223152802.JPG
raw/Unusual Deployments/TGR1/20240105/DCIM/101MEDIA/DSCF0149.JPG,2022-09-21T16:06:04,2023-12-23T15:38:02.355,TGR1_20231223153802.JPG
raw/Unusual Deployments/TGR1/20240105/DCIM/101MEDIA/DSCF0150.JPG,2022-09-21T16:16:04,2023-12-23T15:48:02.420,TGR1_20231223154802.JPG
raw/Unusual Deployments/TGR1/20240105/DCIM/101MEDIA/DSCF0151.JPG,2022-09-21T16:26:04,2023-12-23T15:58:02.485,TGR1_20231223155802.JPG
raw/Unusual Deployments/TGR1/20240105/DCIM/101MEDIA/DSCF0152.JPG,2022-09-21T16:36:04,2023-12-23T16:08:02.550,TGR1_20231223160802.JPG
raw/Unusual Deployments/TGR1/20240105/DCIM/101MEDIA/DSCF0153.JPG,2022-09-21T16:46:04,2023-12-23T16:18:02.616,TGR1_20231223161802.JPG
raw/Unusual Deployments/TGR1/20240105/DCIM/101MEDIA/DSCF0154.JPG,2022-09-21T16:56:04,2023-12-23T16:28:02.681,TGR1_20231223162802.JPG
raw/Unusual Deployments/TGR1/20240105/DCIM/101MEDIA/DSCF0155.JPG,2022-09-21T17:06:04,2023-12-23T16:38:02.746,TGR1_20231223163802.JPG
raw/Unusual Deployments/TGR1/20240105/DCIM/101MEDIA/DSCF0156.JPG,2022-09-21T17:16:04,2023-12-23T16:48:02.811,TGR1_20231223164802.JPG
raw/Unusual Deployments/TGR1/20240105/DCIM/101MEDIA/DSCF0157.JPG,2022-09-21T17:26:04,2023-12-23T16:58:02.876,TGR1_20231223165802.JPG
raw/Unusual Deployments/TGR1/20240105/DCIM/101MEDIA/DSCF0158.JPG,2022-09-21T17:36:04,2023-12-23T17:08:02.941,TGR1_20231223170802.JPG
raw/Unusual Deployments/TGR1/20240105/DCIM/101MEDIA/DSCF0159.JPG,2022-09-21T17:46:04,2023-12-23T17:18:03.007,TGR1_20231223171803.JPG
raw/Unusual Deployments/TGR1/20240105/DCIM/101MEDIA/DSCF0160.JPG,2022-09-21T17:56:04,2023-12-23T17:28:03.072,TGR1_20231223172803.JPG
raw/Unusual Deployments/TGR1/20240105/DCIM/101MEDIA/DSCF0161.JPG,2022-09-21T18:06:05,2023-12-23T17:38:04.137,TGR1_20231223173804.JPG
raw/Unusual Deployments/TGR1/20240105/DCIM/101MEDIA/DSCF0162.JPG,2022-09-21T18:16:04,2023-12-23T17:48:03.202,TGR1_20231223174803.JPG
raw/Unusual Deployments/TGR1/20240105/DCIM/101MEDIA/DSCF0163.JPG,2022-09-21T18:26:04,2023-12-23T17:58:03.267,TGR1_20231223175803.JPG
raw/Unusual Deployments/TGR1/20240105/DCIM/101MEDIA/DSCF0164.JPG,2022-09-21T18:36:04,2023-12-23T18:08:03.332,TGR1_20231223180803.JPG
raw/Unusual Deployments/TGR1/20240105/DCIM/101MEDIA/DSCF0165.JPG,2022-09-21T18:46:04,2023-12-23T18:18:03.398,TGR1_20231223181803.JPG
raw/Unusual Deployments/TGR1/20240105/DCIM/101MEDIA/DSCF0166.JPG,2022-09-21T18:56:04,2023-12-23T18:28:03.463,TGR1_20231223182803.JPG
raw/Unusual Deployments/TGR1/20240105/DCIM/101MEDIA/DSCF0167.JPG,2022-09-21T19:06:04,2023-12-23T18:38:03.528,TGR1_20231223183803.JPG
raw/Unusual Deployments/TGR1/20240105/DCIM/101MEDIA/DSCF0168.JPG,2022-09-21T19:16:04,2023-12-23T18:48:03.593,TGR1_20231223184803.JPG
raw/Unusual Deployments/TGR1/20240105/DCIM/101MEDIA/DSCF0169.JPG,2022-09-21T19:26:04,2023-12-23T18:58:03.658,TGR1_20231223185803.JPG
raw/Unusual Deployments/TGR1/20240105/DCIM/101MEDIA/DSCF0170.JPG,2022-09-21T19:36:04,2023-12-23T19:08:03.723,TGR1_20231223190803.JPG
raw/Unusual Deployments/TGR1/20240105/DCIM/101MEDIA/DSCF0171.JPG,2022-09-21T19:46:04,2023-12-23T19:18:03.789,TGR1_20231223191803.JPG
raw/Unusual Deployments/TGR1/20240105/DCIM/101MEDIA/DSCF0172.JPG,2022-09-21T19:56:04,2023-12-23T19:28:03.854,TGR1_20231223192803.JPG
raw/Unusual Deployments/TGR1/20240105/DCIM/101MEDIA/DSCF0173.JPG,2022-09-21T20:06:04,2023-12-23T19:38:03.919,TGR1_20231223193803.JPG
raw/Unusual Deployments/TGR1/20240105/DCIM/101MEDIA/DSCF0174.JPG,2022-09-21T20:16:04,2023-12-23T19:48:03.984,TGR1_20231223194803.JPG
raw/Unusual Deployments/TGR1/20240105/DCIM/101MEDIA/DSCF0175.JPG,2022-09-21T20:26:04,2023-12-23T19:58:04.049,TGR1_20231223195804.JPG
raw/Unusual Deployments/TGR1/20240105/DCIM/101MEDIA/DSCF0176.JPG,2022-09-21T20:36:04,2023-12-23T20:08:04.114,TGR1_20231223200804.JPG
raw/Unusual Deployments/TGR1/20240105/DCIM/101MEDIA/DSCF0177.JPG,2022-09-21T20:46:04,2023-12-23T20:18:04.180,TGR1_20231223201804.JPG
raw/Unusual Deployments/TGR1/20240105/DCIM/101MEDIA/DSCF0178.JPG,2022-09-21T20:56:04,2023-12-23T20:28:04.245,TGR1_20231223202804.JPG
raw/Unusual Deployments/TGR1/20240105/DCIM/101MEDIA/DSCF0179.JPG,2022-09-21T21:06:04,2023-12-23T20:38:04.310,TGR1_20231223203804.JPG
raw/Unusual Deployments/TGR1/20240105/DCIM/101MEDIA/DSCF0180.JPG,2022-09-21T21:16:04,2023-12-23T20:48:04.375,TGR1_20231223204804.JPG
raw/Unusual Deployments/TGR1/20240105/DCIM/101MEDIA/DSCF0181.JPG,2022-09-21T21:26:04,2023-12-23T20:58:04.440,TGR1_20231223205804.JPG
raw/Unusual Deployments/TGR1/20240105/DCIM/101MEDIA/DSCF0182.JPG,2022-09-21T21:36:04,2023-12-23T21:08:04.505,TGR1_20231223210804.JPG
raw/Unusual Deployments/TGR1/20240105/DCIM/101MEDIA/DSCF0183.JPG,2022-09-21T21:46:04,2023-12-23T21:18:04.571,TGR1_20231223211804.JPG
raw/Unusual Deployments/TGR1/20240105/DCIM/101MEDIA/DSCF0184.JPG,2022-09-21T21:56:04,2023-12-23T21:28:04.636,TGR1_20231223212804.JPG
raw/Unusual Deployments/TGR1/20240105/DCIM/101MEDIA/DSCF0185.JPG,2022-09-21T22:06:04,2023-12-23T21:38:04.701,TGR1_20231223213804.JPG
raw/Unusual Deployments/TGR1/20240105/DCIM/101MEDIA/DSCF0186.JPG,2022-09-21T22:16:04,2023-12-23T21:48:04.766,TGR1_20231223214804.JPG
raw/Unusual Deployments/TGR1/20240105/DCIM/101MEDIA/DSCF0187.JPG,2022-09-21T22:26:04,2023-12-23T21:58:04.831,TGR1_20231223215804.JPG
raw/Unusual Deployments/TGR1/20240105/DCIM/101MEDIA/DSCF0188.JPG,2022-09-21T22:36:04,2023-12-23T22:08:04.896,TGR1_20231223220804.JPG
raw/Unusual Deployments/TGR1/20240105/DCIM/101MEDIA/DSCF0189.JPG,2022-09-21T22:46:04,2023-12-23T22:18:04.962,TGR1_20231223221804.JPG
raw/Unusual Deployments/TGR1/20240105/DCIM/101MEDIA/DSCF0190.JPG,2022-09-21T22:56:04,2023-12-23T22:28:05.027,TGR1_20231223222805.JPG
raw/Unusual Deployments/TGR1/20240105/DCIM/101MEDIA/DSCF0191.JPG,2022-09-21T23:06:04,2023-12-23T22:38:05.092,TGR1_20231223223805.JPG
raw/Unusual Deployments/TGR1/20240105/DCIM/101MEDIA/DSCF0192.JPG,2022-09-21T23:16:04,2023-12-23T22:48:05.157,TGR1_20231223224805.JPG
raw/Unusual Deployments/TGR1/20240105/DCIM/101MEDIA/DSCF0193.JPG,2022-09-21T23:26:04,2023-12-23T22:58:05.222,TGR1_20231223225805.JPG
raw/Unusual Deployments/TGR1/20240105/DCIM/101MEDIA/DSCF0194.JPG,2022-09-21T23:36:04,2023-12-23T23:08:05.287,TGR1_20231223230805.JPG
raw/Unusual Deployments/TGR1/20240105/DCIM/101MEDIA/DSCF0195.JPG,2022-09-21T23:46:04,2023-12-23T23:18:05.353,TGR1_20231223231805.JPG
raw/Unusual Deployments/TGR1/20240105/DCIM/101MEDIA/DSCF0196.JPG,2022-09-21T23:56:04,2023-12-23T23:28:05.418,TGR1_20231223232805.JPG
raw/Unusual Deployments/TGR1/20240105/DCIM/101MEDIA/DSCF0197.JPG,2022-09-22T00:06:04,2023-12-23T23:38:05.483,TGR1_20231223233805.JPG
raw/Unusual Deployments/TGR1/20240105/DCIM/101MEDIA/DSCF0198.JPG,2022-09-22T00:16:04,2023-12-23T23:48:05.548,TGR1_20231223234805.JPG
raw/Unusual Deployments/TGR1/20240105/DCIM/101MEDIA/DSCF0199.JPG,2022-09-22T00:26:04,2023-12-23T23:58:05.613,TGR1_20231223235805.JPG
raw/Unusual Deployments/TGR1/20240105/DCIM/101MEDIA/DSCF0200.JPG,2022-09-22T00:36:04,2023-12-24T00:08:05.678,TGR1_20231224000805.JPG
raw/Unusual Deployments/TGR1/20240105/DCIM/101MEDIA/DSCF0201.JPG,2022-09-22T00:46:03,2023-12-24T00:18:04.743,TGR1_20231224001804.JPG
raw/Unusual Deployments/TGR1/20240105/DCIM/101MEDIA/DSCF0202.JPG,2022-09-22T00:56:04,2023-12-24T00:28:05.809,TGR1_20231224002805.JPG
raw/Unusual Deployments/TGR1/20240105/DCIM/101MEDIA/DSCF0203.JPG,2022-09-22T01:06:04,2023-12-24T00:38:05.874,TGR1_20231224003805.JPG
raw/Unusual Deployments/TGR1/20240105/DCIM/101MEDIA/DSCF0204.JPG,2022-09-22T01:16:04,2023-12-24T00:48:05.939,TGR1_20231224004805.JPG
raw/Unusual Deployments/TGR1/20240105/DCIM/101MEDIA/DSCF0205.JPG,2022-09-22T01:26:04,2023-12-24T00:58:06.004,TGR1_20231224005806.JPG
raw/Unusual Deployments/TGR1/20240105/DCIM/101MEDIA/DSCF0206.JPG,2022-09-22T01:36:04,2023-12-24T01:08:06.069,TGR1_20231224010806.JPG
raw/Unusual Deployments/TGR1/20240105/DCIM/101MEDIA/DSCF0207.JPG,2022-09-22T01:46:04,2023-12-24T01:18:06.135,TGR1_20231224011806.JPG
raw/Unusual Deployments/TGR1/20240105/DCIM/101MEDIA/DSCF0208.JPG,2022-09-22T01:56:04,2023-12-24T01:28:06.200,TGR1_20231224012806.JPG
raw/Unusual Deployments/TGR1/20240105/DCIM/101MEDIA/DSCF0209.JPG,2022-09-22T02:06:04,2023-12-24T01:38:06.265,TGR1_20231224013806.JPG
raw/Unusual Deployments/TGR1/20240105/DCIM/101MEDIA/DSCF0210.JPG,2022-09-22T02:16:04,2023-12-24T01:48:06.330,TGR1_20231224014806.JPG
raw/Unusual Deployments/TGR1/20240105/DCIM/101MEDIA/DSCF0211.JPG,2022-09-22T02:26:04,2023-12-24T01:58:06.395,TGR1_20231224015806.JPG
raw/Unusual Deployments/TGR1/20240105/DCIM/101MEDIA/DSCF0212.JPG,2022-09-22T02:36:04,2023-12-24T02:08:06.460,TGR1_20231224020806.JPG
raw/Unusual Deployments/TGR1/20240105/DCIM/101MEDIA/DSCF0213.JPG,2022-09-22T02:46:04,2023-12-24T02:18:06.526,TGR1_20231224021806.JPG
raw/Unusual Deployments/TGR1/20240105/DCIM/101MEDIA/DSCF0214.JPG,2022-09-22T02:56:04,2023-12-24T02:28:06.591,TGR1_20231224022806.JPG
raw/Unusual Deployments/TGR1/20240105/DCIM/101MEDIA/DSCF0215.JPG,2022-09-22T03:06:04,2023-12-24T02:38:06.656,TGR1_20231224023806.JPG
raw/Unusual Deployments/TGR1/20240105/DCIM/101MEDIA/DSCF0216.JPG,2022-09-22T03:16:04,2023-12-24T02:48:06.721,TGR1_20231224024806.JPG
raw/Unusual Deployments/TGR1/20240105/DCIM/101MEDIA/DSCF0217.JPG,2022-09-22T03:26:04,2023-12-24T02:58:06.786,TGR1_20231224025806.JPG
raw/Unusual Deployments/TGR1/20240105/DCIM/101MEDIA/DSCF0218.JPG,2022-09-22T03:36:04,2023-12-24T03:08:06.851,TGR1_20231224030806.JPG
raw/Unusual Deployments/TGR1/20240105/DCIM/101MEDIA/DSCF0219.JPG,2022-09-22T03:46:04,2023-12-24T03:18:06.917,TGR1_20231224031806.JPG
raw/Unusual Deployments/TGR1/20240105/DCIM/101MEDIA/DSCF0220.JPG,2022-09-22T03:56:04,2023-12-24T03:28:06.982,TGR1_20231224032806.JPG
raw/Unusual Deployments/TGR1/20240105/DCIM/101MEDIA/DSCF0221.JPG,2022-09-22T04:06:04,2023-12-24T03:38:07.047,TGR1_20231224033807.JPG
raw/Unusual Deployments/TGR1/20240105/DCIM/101MEDIA/DSCF0222.JPG,2022-09-22T04:16:04,2023-12-24T03:48:07.112,TGR1_20231224034807.JPG
raw/Unusual Deployments/TGR1/20240105/DCIM/101MEDIA/DSCF0223.JPG,2022-09-22T04:26:04,2023-12-24T03:58:07.177,TGR1_20231224035807.JPG
raw/Unusual Deployments/TGR1/20240105/DCIM/101MEDIA/DSCF0224.JPG,2022-09-22T04:36:04,2023-12-24T04:08:07.242,TGR1_20231224040807.JPG
raw/Unusual Deployments/TGR1/20240105/DCIM/101MEDIA/DSCF0225.JPG,2022-09-22T04:46:04,2023-12-24T04:18:07.308,TGR1_20231224041807.JPG
raw/Unusual Deployments/TGR1/20240105/DCIM/101MEDIA/DSCF0226.JPG,2022-09-22T04:56:04,2023-12-24T04:28:07.373,TGR1_20231224042807.JPG
raw/Unusual Deployments/TGR1/20240105/DCIM/101MEDIA/DSCF0227.JPG,2022-09-22T05:06:04,2023-12-24T04:38:07.438,TGR1_20231224043807.JPG
raw/Unusual Deployments/TGR1/20240105/DCIM/101MEDIA/DSCF0228.JPG,2022-09-22T05:16:04,2023-12-24T04:48:07.503,TGR1_20231224044807.JPG
raw/Unusual Deployments/TGR1/20240105/DCIM/101MEDIA/DSCF0229.JPG,2022-09-22T05:26:04,2023-12-24T04:58:07.568,TGR1_20231224045807.JPG
raw/Unusual Deployments/TGR1/20240105/DCIM/101MEDIA/DSCF0230.JPG,2022-09-22T05:36:04,2023-12-24T05:08:07.633,TGR1_20231224050807.JPG
raw/Unusual Deployments/TGR1/20240105/DCIM/101MEDIA/DSCF0231.JPG,2022-09-22T05:46:04,2023-12-24T05:18:07.699,TGR1_20231224051807.JPG
raw/Unusual Deployments/TGR1/20240105/DCIM/101MEDIA/DSCF0232.JPG,2022-09-22T05:56:04,2023-12-24T05:28:07.764,TGR1_20231224052807.JPG
raw/Unusual Deployments/TGR1/20240105/DCIM/101MEDIA/DSCF0233.JPG,2022-09-22T06:06:04,2023-12-24T05:38:07.829,TGR1_20231224053807.JPG
raw/Unusual Deployments/TGR1/20240105/DCIM/101MEDIA/DSCF0234.JPG,2022-09-22T06:16:04,2023-12-24T05:48:07.894,TGR1_20231224054807.JPG
raw/Unusual Deployments/TGR1/20240105/DCIM/101MEDIA/DSCF0235.JPG,2022-09-22T06:26:04,2023-12-24T05:58:07.959,TGR1_20231224055807.JPG
raw/Unusual Deployments/TGR1/20240105/DCIM/101MEDIA/DSCF0236.JPG,2022-09-22T06:36:04,2023-12-24T06:08:08.024,TGR1_20231224060808.JPG
raw/Unusual Deployments/TGR1/20240105/DCIM/101MEDIA/DSCF0237.JPG,2022-09-22T06:46:04,2023-12-24T06:18:08.090,TGR1_20231224061808.JPG
raw/Unusual Deployments/TGR1/20240105/DCIM/101MEDIA/DSCF0238.JPG,2022-09-22T06:56:04,2023-12-24T06:28:08.155,TGR1_20231224062808.JPG
raw/Unusual Deployments/TGR1/20240105/DCIM/101MEDIA/DSCF0239.JPG,2022-09-22T07:06:04,2023-12-24T06:38:08.220,TGR1_20231224063808.JPG
raw/Unusual Deployments/TGR1/20240105/DCIM/101MEDIA/DSCF0240.JPG,2022-09-22T07:16:04,2023-12-24T06:48:08.285,TGR1_20231224064808.JPG
raw/Unusual Deployments/TGR1/20240105/DCIM/101MEDIA/DSCF0241.JPG,2022-09-22T07:26:04,2023-12-24T06:58:08.350,TGR1_20231224065808.JPG
raw/Unusual Deployments/TGR1/20240105/DCIM/101MEDIA/DSCF0242.JPG,2022-09-22T07:36:04,2023-12-24T07:08:08.415,TGR1_20231224070808.JPG
raw/Unusual Deployments/TGR1/20240105/DCIM/101MEDIA/DSCF0243.JPG,2022-09-22T07:46:04,2023-12-24T07:18:08.480,TGR1_20231224071808.JPG
raw/Unusual Deployments/TGR1/20240105/DCIM/101MEDIA/DSCF0244.JPG,2022-09-22T07:56:04,2023-12-24T07:28:08.546,TGR1_20231224072808.JPG
raw/Unusual Deployments/TGR1/20240105/DCIM/101MEDIA/DSCF0245.JPG,2022-09-22T08:06:04,2023-12-24T07:38:08.611,TGR1_20231224073808.JPG
raw/Unusual Deployments/TGR1/20240105/DCIM/101MEDIA/DSCF0246.JPG,2022-09-22T08:16:04,2023-12-24T07:48:08.676,TGR1_20231224074808.JPG
raw/Unusual Deployments/TGR1/20240105/DCIM/101MEDIA/DSCF0247.JPG,2022-09-22T08:26:04,2023-12-24T07:58:08.741,TGR1_20231224075808.JPG
raw/Unusual Deployments/TGR1/20240105/DCIM/101MEDIA/DSCF0248.JPG,2022-09-22T08:36:04,2023-12-24T08:08:08.806,TGR1_20231224080808.JPG
raw/Unusual Deployments/TGR1/20240105/DCIM/101MEDIA/DSCF0249.JPG,2022-09-22T08:46:04,2023-12-24T08:18:08.871,TGR1_20231224081808.JPG
raw/Unusual Deployments/TGR1/20240105/DCIM/101MEDIA/DSCF0250.JPG,2022-09-22T08:56:04,2023-12-24T08:28:08.937,TGR1_20231224082808.JPG
raw/Unusual Deployments/TGR1/20240105/DCIM/101MEDIA/DSCF0251.JPG,2022-09-22T09:06:04,2023-12-24T08:38:09.002,TGR1_20231224083809.JPG
raw/Unusual Deployments/TGR1/20240105/DCIM/101MEDIA/DSCF0252.JPG,2022-09-22T09:16:04,2023-12-24T08:48:09.067,TGR1_20231224084809.JPG
raw/Unusual Deployments/TGR1/20240105/DCIM/101MEDIA/DSCF0253.JPG,2022-09-22T09:26:04,2023-12-24T08:58:09.132,TGR1_20231224085809.JPG
raw/Unusual Deployments/TGR1/20240105/DCIM/101MEDIA/DSCF0254.JPG,2022-09-22T09:36:04,2023-12-24T09:08:09.197,TGR1_20231224090809.JPG
raw/Unusual Deployments/TGR1/20240105/DCIM/101MEDIA/DSCF0255.JPG,2022-09-22T09:46:04,2023-12-24T09:18:09.262,TGR1_20231224091809.JPG
raw/Unusual Deployments/TGR1/20240105/DCIM/101MEDIA/DSCF0256.JPG,2022-09-22T09:56:04,2023-12-24T09:28:09.328,TGR1_20231224092809.JPG
raw/Unusual Deployments/TGR1/20240105/DCIM/101MEDIA/DSCF0257.JPG,2022-09-22T10:06:04,2023-12-24T09:38:09.393,TGR1_20231224093809.JPG
raw/Unusual Deployments/TGR1/20240105/DCIM/101MEDIA/DSCF0258.JPG,2022-09-22T10:16:04,2023-12-24T09:48:09.458,TGR1_20231224094809.JPG
raw/Unusual Deployments/TGR1/20240105/DCIM/101MEDIA/DSCF0259.JPG,2022-09-22T10:26:04,2023-12-24T09:58:09.523,TGR1_20231224095809.JPG
raw/Unusual Deployments/TGR1/20240105/DCIM/101MEDIA/DSCF0260.JPG,2022-09-22T10:36:04,2023-12-24T10:08:09.588,TGR1_20231224100809.JPG
raw/Unusual Deployments/TGR1/20240105/DCIM/101MEDIA/DSCF0261.JPG,2022-09-22T10:46:04,2023-12-24T10:18:09.653,TGR1_20231224101809.JPG
raw/Unusual Deployments/TGR1/20240105/DCIM/101MEDIA/DSCF0262.JPG,2022-09-22T10:56:04,2023-12-24T10:28:09.719,TGR1_20231224102809.JPG
raw/Unusual Deployments/TGR1/20240105/DCIM/101MEDIA/DSCF0263.JPG,2022-09-22T11:06:04,2023-12-24T10:38:09.784,TGR1_20231224103809.JPG
raw/Unusual Deployments/TGR1/20240105/DCIM/101MEDIA/DSCF0264.JPG,2022-09-22T11:16:04,2023-12-24T10:48:09.849,TGR1_20231224104809.JPG
raw/Unusual Deployments/TGR1/20240105/DCIM/101MEDIA/DSCF0265.JPG,2022-09-22T11:26:04,2023-12-24T10:58:09.914,TGR1_20231224105809.JPG
raw/Unusual Deployments/TGR1/20240105/DCIM/101MEDIA/DSCF0266.JPG,2022-09-22T11:36:04,2023-12-24T11:08:09.979,TGR1_20231224110809.JPG
raw/Unusual Deployments/TGR1/20240105/DCIM/101MEDIA/DSCF0267.JPG,2022-09-22T11:46:04,2023-12-24T11:18:10.044,TGR1_20231224111810.JPG
raw/Unusual Deployments/TGR1/20240105/DCIM/101MEDIA/DSCF0268.JPG,2022-09-22T11:56:04,2023-12-24T11:28:10.110,TGR1_20231224112810.JPG
raw/Unusual Deployments/TGR1/20240105/DCIM/101MEDIA/DSCF0269.JPG,2022-09-22T12:06:04,2023-12-24T11:38:10.175,TGR1_20231224113810.JPG
raw/Unusual Deployments/TGR1/20240105/DCIM/101MEDIA/DSCF0270.JPG,2022-09-22T12:16:04,2023-12-24T11:48:10.240,TGR1_20231224114810.JPG
raw/Unusual Deployments/TGR1/20240105/DCIM/101MEDIA/DSCF0271.JPG,2022-09-22T12:26:04,2023-12-24T11:58:10.305,TGR1_20231224115810.JPG
raw/Unusual Deployments/TGR1/20240105/DCIM/101MEDIA/DSCF0272.JPG,2022-09-22T12:36:04,2023-12-24T12:08:10.370,TGR1_20231224120810.JPG
raw/Unusual Deployments/TGR1/20240105/DCIM/101MEDIA/DSCF0273.JPG,2022-09-22T12:46:04,2023-12-24T12:18:10.435,TGR1_20231224121810.JPG
raw/Unusual Deployments/TGR1/20240105/DCIM/101MEDIA/DSCF0274.JPG,2022-09-22T12:56:04,2023-12-24T12:28:10.501,TGR1_20231224122810.JPG
raw/Unusual Deployments/TGR1/20240105/DCIM/101MEDIA/DSCF0275.JPG,2022-09-22T13:06:04,2023-12-24T12:38:10.566,TGR1_20231224123810.JPG
raw/Unusual Deployments/TGR1/20240105/DCIM/101MEDIA/DSCF0276.JPG,2022-09-22T13:16:04,2023-12-24T12:48:10.631,TGR1_20231224124810.JPG
raw/Unusual Deployments/TGR1/20240105/DCIM/101MEDIA/DSCF0277.JPG,2022-09-22T13:26:04,2023-12-24T12:58:10.696,TGR1_20231224125810.JPG
raw/Unusual Deployments/TGR1/20240105/DCIM/101MEDIA/DSCF0278.JPG,2022-09-22T13:36:04,2023-12-24T13:08:10.761,TGR1_20231224130810.JPG
raw/Unusual Deployments/TGR1/20240105/DCIM/101MEDIA/DSCF0279.JPG,2022-09-22T13:46:04,2023-12-24T13:18:10.826,TGR1_20231224131810.JPG
raw/Unusual Deployments/TGR1/20240105/DCIM/101MEDIA/DSCF0280.JPG,2022-09-22T13:56:04,2023-12-24T13:28:10.892,TGR1_20231224132810.JPG
raw/Unusual Deployments/TGR1/20240105/DCIM/101MEDIA/DSCF0281.JPG,2022-09-22T14:06:04,2023-12-24T13:38:10.957,TGR1_20231224133810.JPG
raw/Unusual Deployments/TGR1/20240105/DCIM/101MEDIA/DSCF0282.JPG,2022-09-22T14:16:04,2023-12-24T13:48:11.022,TGR1_20231224134811.JPG
raw/Unusual Deployments/TGR1/20240105/DCIM/101MEDIA/DSCF0283.JPG,2022-09-22T14:26:04,2023-12-24T13:58:11.087,TGR1_20231224135811.JPG
raw/Unusual Deployments/TGR1/20240105/DCIM/101MEDIA/DSCF0284.JPG,2022-09-22T14:36:04,2023-12-24T14:08:11.152,TGR1_20231224140811.JPG
raw/Unusual Deployments/TGR1/20240105/DCIM/101MEDIA/DSCF0285.JPG,2022-09-22T14:46:04,2023-12-24T14:18:11.217,TGR1_20231224141811.JPG
raw/Unusual Deployments/TGR1/20240105/DCIM/101MEDIA/DSCF0286.JPG,2022-09-22T14:56:04,2023-12-24T14:28:11.283,TGR1_20231224142811.JPG
raw/Unusual Deployments/TGR1/20240105/DCIM/101MEDIA/DSCF0287.JPG,2022-09-22T15:06:04,2023-12-24T14:38:11.348,TGR1_20231224143811.JPG
raw/Unusual Deployments/TGR1/20240105/DCIM/101MEDIA/DSCF0288.JPG,2022-09-22T15:16:04,2023-12-24T14:48:11.413,TGR1_20231224144811.JPG
raw/Unusual Deployments/TGR1/20240105/DCIM/101MEDIA/DSCF0289.JPG,2022-09-22T15:26:04,2023-12-24T14:58:11.478,TGR1_20231224145811.JPG
raw/Unusual Deployments/TGR1/20240105/DCIM/101MEDIA/DSCF0290.JPG,2022-09-22T15:36:04,2023-12-24T15:08:11.543,TGR1_20231224150811.JPG
raw/Unusual Deployments/TGR1/20240105/DCIM/101MEDIA/DSCF0291.JPG,2022-09-22T15:46:04,2023-12-24T15:18:11.608,TGR1_20231224151811.JPG
raw/Unusual Deployments/TGR1/20240105/DCIM/101MEDIA/DSCF0292.JPG,2022-09-22T15:56:04,2023-12-24T15:28:11.674,TGR1_20231224152811.JPG
raw/Unusual Deployments/TGR1/20240105/DCIM/101MEDIA/DSCF0293.JPG,2022-09-22T16:06:04,2023-12-24T15:38:11.739,TGR1_20231224153811.JPG
raw/Unusual Deployments/TGR1/20240105/DCIM/101MEDIA/DSCF0294.JPG,2022-09-22T16:16:04,2023-12-24T15:48:11.804,TGR1_20231224154811.JPG
raw/Unusual Deployments/TGR1/20240105/DCIM/101MEDIA/DSCF0295.JPG,2022-09-22T16:26:04,2023-12-24T15:58:11.869,TGR1_20231224155811.JPG
raw/Unusual Deployments/TGR1/20240105/DCIM/101MEDIA/DSCF0296.JPG,2022-09-22T16:36:04,2023-12-24T16:08:11.934,TGR1_20231224160811.JPG
raw/Unusual Deployments/TGR1/20240105/DCIM/101MEDIA/DSCF0297.JPG,2022-09-22T16:46:04,2023-12-24T16:18:11.999,TGR1_20231224161811.JPG
raw/Unusual Deployments/TGR1/20240105/DCIM/101MEDIA/DSCF0298.JPG,2022-09-22T16:56:04,2023-12-24T16:28:12.065,TGR1_20231224162812.JPG
raw/Unusual Deployments/TGR1/20240105/DCIM/101MEDIA/DSCF0299.JPG,2022-09-22T17:06:04,2023-12-24T16:38:12.130,TGR1_20231224163812.JPG
raw/Unusual Deployments/TGR1/20240105/DCIM/101MEDIA/DSCF0300.JPG,2022-09-22T17:16:04,2023-12-24T16:48:12.195,TGR1_20231224164812.JPG
raw/Unusual Deployments/TGR1/20240105/DCIM/101MEDIA/DSCF0301.JPG,2022-09-22T17:26:04,2023-12-24T16:58:12.260,TGR1_20231224165812.JPG
raw/Unusual Deployments/TGR1/20240105/DCIM/101MEDIA/DSCF0302.JPG,2022-09-22T17:36:04,2023-12-24T17:08:12.325,TGR1_20231224170812.JPG
raw/Unusual Deployments/TGR1/20240105/DCIM/101MEDIA/DSCF0303.JPG,2022-09-22T17:46:04,2023-12-24T17:18:12.390,TGR1_20231224171812.JPG
raw/Unusual Deployments/TGR1/20240105/DCIM/101MEDIA/DSCF0304.JPG,2022-09-22T17:56:04,2023-12-24T17:28:12.456,TGR1_20231224172812.JPG
raw/Unusual Deployments/TGR1/20240105/DCIM/101MEDIA/DSCF0305.JPG,2022-09-22T18:06:04,2023-12-24T17:38:12.521,TGR1_20231224173812.JPG
raw/Unusual Deployments/TGR1/20240105/DCIM/101MEDIA/DSCF0306.JPG,2022-09-22T18:16:05,2023-12-24T17:48:13.586,TGR1_20231224174813.JPG
raw/Unusual Deployments/TGR1/20240105/DCIM/101MEDIA/DSCF0307.JPG,2022-09-22T18:26:04,2023-12-24T17:58:12.651,TGR1_20231224175812.JPG
raw/Unusual Deployments/TGR1/20240105/DCIM/101MEDIA/DSCF0308.JPG,2022-09-22T18:36:04,2023-12-24T18:08:12.716,TGR1_20231224180812.JPG
raw/Unusual Deployments/TGR1/20240105/DCIM/101MEDIA/DSCF0309.JPG,2022-09-22T18:46:04,2023-12-24T18:18:12.781,TGR1_20231224181812.JPG
raw/Unusual Deployments/TGR1/20240105/DCIM/101MEDIA/DSCF0310.JPG,2022-09-22T18:56:04,2023-12-24T18:28:12.847,TGR1_20231224182812.JPG
raw/Unusual Deployments/TGR1/20240105/DCIM/101MEDIA/DSCF0311.JPG,2022-09-22T19:06:04,2023-12-24T18:38:12.912,TGR1_20231224183812.JPG
raw/Unusual Deployments/TGR1/20240105/DCIM/101MEDIA/DSCF0312.JPG,2022-09-22T19:16:04,2023-12-24T18:48:12.977,TGR1_20231224184812.JPG
raw/Unusual Deployments/TGR1/20240105/DCIM/101MEDIA/DSCF0313.JPG,2022-09-22T19:26:04,2023-12-24T18:58:13.042,TGR1_20231224185813.JPG
raw/Unusual Deployments/TGR1/20240105/DCIM/101MEDIA/DSCF0314.JPG,2022-09-22T19:36:04,2023-12-24T19:08:13.107,TGR1_20231224190813.JPG
raw/Unusual Deployments/TGR1/20240105/DCIM/101MEDIA/DSCF0315.JPG,2022-09-22T19:46:04,2023-12-24T19:18:13.172,TGR1_20231224191813.JPG
raw/Unusual Deployments/TGR1/20240105/DCIM/101MEDIA/DSCF0316.JPG,2022-09-22T19:56:04,2023-12-24T19:28:13.238,TGR1_20231224192813.JPG
raw/Unusual Deployments/TGR1/20240105/DCIM/101MEDIA/DSCF0317.JPG,2022-09-22T20:06:04,2023-12-24T19:38:13.303,TGR1_20231224193813.JPG
raw/Unusual Deployments/TGR1/20240105/DCIM/101MEDIA/DSCF0318.JPG,2022-09-22T20:16:04,2023-12-24T19:48:13.368,TGR1_20231224194813.JPG
raw/Unusual Deployments/TGR1/20240105/DCIM/101MEDIA/DSCF0319.JPG,2022-09-22T20:26:04,2023-12-24T19:58:13.433,TGR1_20231224195813.JPG
raw/Unusual Deployments/TGR1/20240105/DCIM/101MEDIA/DSCF0320.JPG,2022-09-22T20:36:04,2023-12-24T20:08:13.498,TGR1_20231224200813.JPG
raw/Unusual Deployments/TGR1/20240105/DCIM/101MEDIA/DSCF0321.JPG,2022-09-22T20:46:04,2023-12-24T20:18:13.563,TGR1_20231224201813.JPG
raw/Unusual Deployments/TGR1/20240105/DCIM/101MEDIA/DSCF0322.JPG,2022-09-22T20:56:04,2023-12-24T20:28:13.629,TGR1_20231224202813.JPG
raw/Unusual Deployments/TGR1/20240105/DCIM/101MEDIA/DSCF0323.JPG,2022-09-22T21:06:04,2023-12-24T20:38:13.694,TGR1_20231224203813.JPG
raw/Unusual Deployments/TGR1/20240105/DCIM/101MEDIA/DSCF0324.JPG,2022-09-22T21:16:04,2023-12-24T20:48:13.759,TGR1_20231224204813.JPG
raw/Unusual Deployments/TGR1/20240105/DCIM/101MEDIA/DSCF0325.JPG,2022-09-22T21:26:04,2023-12-24T20:58:13.824,TGR1_20231224205813.JPG
raw/Unusual Deployments/TGR1/20240105/DCIM/101MEDIA/DSCF0326.JPG,2022-09-22T21:36:04,2023-12-24T21:08:13.889,TGR1_20231224210813.JPG
raw/Unusual Deployments/TGR1/20240105/DCIM/101MEDIA/DSCF0327.JPG,2022-09-22T21:46:04,2023-12-24T21:18:13.954,TGR1_20231224211813.JPG
raw/Unusual Deployments/TGR1/20240105/DCIM/101MEDIA/DSCF0328.JPG,2022-09-22T21:56:04,2023-12-24T21:28:14.020,TGR1_20231224212814.JPG
raw/Unusual Deployments/TGR1/20240105/DCIM/101MEDIA/DSCF0329.JPG,2022-09-22T22:06:04,2023-12-24T21:38:14.085,TGR1_20231224213814.JPG
raw/Unusual Deployments/TGR1/20240105/DCIM/101MEDIA/DSCF0330.JPG,2022-09-22T22:16:04,2023-12-24T21:48:14.150,TGR1_20231224214814.JPG
raw/Unusual Deployments/TGR1/20240105/DCIM/101MEDIA/DSCF0331.JPG,2022-09-22T22:26:04,2023-12-24T21:58:14.215,TGR1_20231224215814.JPG
raw/Unusual Deployments/TGR1/20240105/DCIM/101MEDIA/DSCF0332.JPG,2022-09-22T22:36:04,2023-12-24T22:08:14.280,TGR1_20231224220814.JPG
raw/Unusual Deployments/TGR1/20240105/DCIM/101MEDIA/DSCF0333.JPG,2022-09-22T22:46:04,2023-12-24T22:18:14.345,TGR1_20231224221814.JPG
raw/Unusual Deployments/TGR1/20240105/DCIM/101MEDIA/DSCF0334.JPG,2022-09-22T22:56:03,2023-12-24T22:28:13.410,TGR1_20231224222813.JPG
raw/Unusual Deployments/TGR1/20240105/DCIM/101MEDIA/DSCF0335.JPG,2022-09-22T23:06:04,2023-12-24T22:38:14.476,TGR1_20231224223814.JPG
raw/Unusual Deployments/TGR1/20240105/DCIM/101MEDIA/DSCF0336.JPG,2022-09-22T23:16:04,2023-12-24T22:48:14.541,TGR1_20231224224814.JPG
raw/Unusual Deployments/TGR1/20240105/DCIM/101MEDIA/DSCF0337.JPG,2022-09-22T23:26:04,2023-12-24T22:58:14.606,TGR1_20231224225814.JPG
raw/Unusual Deployments/TGR1/20240105/DCIM/101MEDIA/DSCF0338.JPG,2022-09-22T23:36:04,2023-12-24T23:08:14.671,TGR1_20231224230814.JPG
raw/Unusual Deployments/TGR1/20240105/DCIM/101MEDIA/DSCF0339.JPG,2022-09-22T23:46:04,2023-12-24T23:18:14.736,TGR1_20231224231814.JPG
raw/Unusual Deployments/TGR1/20240105/DCIM/101MEDIA/DSCF0340.JPG,2022-09-22T23:56:04,2023-12-24T23:28:14.802,TGR1_20231224232814.JPG
raw/Unusual Deployments/TGR1/20240105/DCIM/101MEDIA/DSCF0341.JPG,2022-09-23T00:06:04,2023-12-24T23:38:14.867,TGR1_20231224233814.JPG
raw/Unusual Deployments/TGR1/20240105/DCIM/101MEDIA/DSCF0342.JPG,2022-09-23T00:16:04,2023-12-24T23:48:14.932,TGR1_20231224234814.JPG
raw/Unusual Deployments/TGR1/20240105/DCIM/101MEDIA/DSCF0343.JPG,2022-09-23T00:26:04,2023-12-24T23:58:14.997,TGR1_20231224235814.JPG
raw/Unusual Deployments/TGR1/20240105/DCIM/101MEDIA/DSCF0344.JPG,2022-09-23T00:36:04,2023-12-25T00:08:15.062,TGR1_20231225000815.JPG
raw/Unusual Deployments/TGR1/20240105/DCIM/101MEDIA/DSCF0345.JPG,2022-09-23T00:46:04,2023-12-25T00:18:15.127,TGR1_20231225001815.JPG
raw/Unusual Deployments/TGR1/20240105/DCIM/101MEDIA/DSCF0346.JPG,2022-09-23T00:56:04,2023-12-25T00:28:15.193,TGR1_20231225002815.JPG
raw/Unusual Deployments/TGR1/20240105/DCIM/101MEDIA/DSCF0347.JPG,2022-09-23T01:06:04,2023-12-25T00:38:15.258,TGR1_20231225003815.JPG
raw/Unusual Deployments/TGR1/20240105/DCIM/101MEDIA/DSCF0348.JPG,2022-09-23T01:16:04,2023-12-25T00:48:15.323,TGR1_20231225004815.JPG
raw/Unusual Deployments/TGR1/20240105/DCIM/101MEDIA/DSCF0349.JPG,2022-09-23T01:26:04,2023-12-25T00:58:15.388,TGR1_20231225005815.JPG
raw/Unusual Deployments/TGR1/20240105/DCIM/101MEDIA/DSCF0350.JPG,2022-09-23T01:36:04,2023-12-25T01:08:15.453,TGR1_20231225010815.JPG
raw/Unusual Deployments/TGR1/20240105/DCIM/101MEDIA/DSCF0351.JPG,2022-09-23T01:46:04,2023-12-25T01:18:15.518,TGR1_20231225011815.JPG
raw/Unusual Deployments/TGR1/20240105/DCIM/101MEDIA/DSCF0352.JPG,2022-09-23T01:56:04,2023-12-25T01:28:15.584,TGR1_20231225012815.JPG
raw/Unusual Deployments/TGR1/20240105/DCIM/101MEDIA/DSCF0353.JPG,2022-09-23T02:06:04,2023-12-25T01:38:15.649,TGR1_20231225013815.JPG
raw/Unusual Deployments/TGR1/20240105/DCIM/101MEDIA/DSCF0354.JPG,2022-09-23T02:16:04,2023-12-25T01:48:15.714,TGR1_20231225014815.JPG
raw/Unusual Deployments/TGR1/20240105/DCIM/101MEDIA/DSCF0355.JPG,2022-09-23T02:26:04,2023-12-25T01:58:15.779,TGR1_20231225015815.JPG
raw/Unusual Deployments/TGR1/20240105/DCIM/101MEDIA/DSCF0356.JPG,2022-09-23T02:36:04,2023-12-25T02:08:15.844,TGR1_20231225020815.JPG
raw/Unusual Deployments/TGR1/20240105/DCIM/101MEDIA/DSCF0357.JPG,2022-09-23T02:46:04,2023-12-25T02:18:15.909,TGR1_20231225021815.JPG
raw/Unusual Deployments/TGR1/20240105/DCIM/101MEDIA/DSCF0358.JPG,2022-09-23T02:56:04,2023-12-25T02:28:15.975,TGR1_20231225022815.JPG
raw/Unusual Deployments/TGR1/20240105/DCIM/101MEDIA/DSCF0359.JPG,2022-09-23T03:06:04,2023-12-25T02:38:16.040,TGR1_20231225023816.JPG
raw/Unusual Deployments/TGR1/20240105/DCIM/101MEDIA/DSCF0360.JPG,2022-09-23T03:16:04,2023-12-25T02:48:16.105,TGR1_20231225024816.JPG
raw/Unusual Deployments/TGR1/20240105/DCIM/101MEDIA/DSCF0361.JPG,2022-09-23T03:26:04,2023-12-25T02:58:16.170,TGR1_20231225025816.JPG
raw/Unusual Deployments/TGR1/20240105/DCIM/101MEDIA/DSCF0362.JPG,2022-09-23T03:36:04,2023-12-25T03:08:16.235,TGR1_20231225030816.JPG
raw/Unusual Deployments/TGR1/20240105/DCIM/101MEDIA/DSCF0363.JPG,2022-09-23T03:46:04,2023-12-25T03:18:16.300,TGR1_20231225031816.JPG
raw/Unusual Deployments/TGR1/20240105/DCIM/101MEDIA/DSCF0364.JPG,2022-09-23T03:56:04,2023-12-25T03:28:16.365,TGR1_20231225032816.JPG
raw/Unusual Deployments/TGR1/20240105/DCIM/101MEDIA/DSCF0365.JPG,2022-09-23T04:06:04,2023-12-25T03:38:16.431,TGR1_20231225033816.JPG
raw/Unusual Deployments/TGR1/20240105/DCIM/101MEDIA/DSCF0366.JPG,2022-09-23T04:16:04,2023-12-25T03:48:16.496,TGR1_20231225034816.JPG
raw/Unusual Deployments/TGR1/20240105/DCIM/101MEDIA/DSCF0367.JPG,2022-09-23T04:26:04,2023-12-25T03:58:16.561,TGR1_20231225035816.JPG
raw/Unusual Deployments/TGR1/20240105/DCIM/101MEDIA/DSCF0368.JPG,2022-09-23T04:36:04,2023-12-25T04:08:16.626,TGR1_20231225040816.JPG
raw/Unusual Deployments/TGR1/20240105/DCIM/101MEDIA/DSCF0369.JPG,2022-09-23T04:46:04,2023-12-25T04:18:16.691,TGR1_20231225041816.JPG
raw/Unusual Deployments/TGR1/20240105/DCIM/101MEDIA/DSCF0370.JPG,2022-09-23T04:56:04,2023-12-25T04:28:16.756,TGR1_20231225042816.JPG
raw/Unusual Deployments/TGR1/20240105/DCIM/101MEDIA/DSCF0371.JPG,2022-09-23T05:06:04,2023-12-25T04:38:16.822,TGR1_20231225043816.JPG
raw/Unusual Deployments/TGR1/20240105/DCIM/101MEDIA/DSCF0372.JPG,2022-09-23T05:16:04,2023-12-25T04:48:16.887,TGR1_20231225044816.JPG
raw/Unusual Deployments/TGR1/20240105/DCIM/101MEDIA/DSCF0373.JPG,2022-09-23T05:26:04,2023-12-25T04:58:16.952,TGR1_20231225045816.JPG
raw/Unusual Deployments/TGR1/20240105/DCIM/101MEDIA/DSCF0374.JPG,2022-09-23T05:36:04,2023-12-25T05:08:17.017,TGR1_20231225050817.JPG
raw/Unusual Deployments/TGR1/20240105/DCIM/101MEDIA/DSCF0375.JPG,2022-09-23T05:46:04,2023-12-25T05:18:17.082,TGR1_20231225051817.JPG
raw/Unusual Deployments/TGR1/20240105/DCIM/101MEDIA/DSCF0376.JPG,2022-09-23T05:56:04,2023-12-25T05:28:17.147,TGR1_20231225052817.JPG
raw/Unusual Deployments/TGR1/20240105/DCIM/101MEDIA/DSCF0377.JPG,2022-09-23T06:06:04,2023-12-25T05:38:17.213,TGR1_20231225053817.JPG
raw/Unusual Deployments/TGR1/20240105/DCIM/101MEDIA/DSCF0378.JPG,2022-09-23T06:16:04,2023-12-25T05:48:17.278,TGR1_20231225054817.JPG
raw/Unusual Deployments/TGR1/20240105/DCIM/101MEDIA/DSCF0379.JPG,2022-09-23T06:26:04,2023-12-25T05:58:17.343,TGR1_20231225055817.JPG
raw/Unusual Deployments/TGR1/20240105/DCIM/101MEDIA/DSCF0380.JPG,2022-09-23T06:36:04,2023-12-25T06:08:17.408,TGR1_20231225060817.JPG
raw/Unusual Deployments/TGR1/20240105/DCIM/101MEDIA/DSCF0381.JPG,2022-09-23T06:46:04,2023-12-25T06:18:17.473,TGR1_20231225061817.JPG
raw/Unusual Deployments/TGR1/20240105/DCIM/101MEDIA/DSCF0382.JPG,2022-09-23T06:56:04,2023-12-25T06:28:17.538,TGR1_20231225062817.JPG
raw/Unusual Deployments/TGR1/20240105/DCIM/101MEDIA/DSCF0383.JPG,2022-09-23T07:06:04,2023-12-25T06:38:17.604,TGR1_20231225063817.JPG
raw/Unusual Deployments/TGR1/20240105/DCIM/101MEDIA/DSCF0384.JPG,2022-09-23T07:16:04,2023-12-25T06:48:17.669,TGR1_20231225064817.JPG
raw/Unusual Deployments/TGR1/20240105/DCIM/101MEDIA/DSCF0385.JPG,2022-09-23T07:26:04,2023-12-25T06:58:17.734,TGR1_20231225065817.JPG
raw/Unusual Deployments/TGR1/20240105/DCIM/101MEDIA/DSCF0386.JPG,2022-09-23T07:36:04,2023-12-25T07:08:17.799,TGR1_20231225070817.JPG
raw/Unusual Deployments/TGR1/20240105/DCIM/101MEDIA/DSCF0387.JPG,2022-09-23T07:46:04,2023-12-25T07:18:17.864,TGR1_20231225071817.JPG
raw/Unusual Deployments/TGR1/20240105/DCIM/101MEDIA/DSCF0388.JPG,2022-09-23T07:56:04,2023-12-25T07:28:17.929,TGR1_20231225072817.JPG
raw/Unusual Deployments/TGR1/20240105/DCIM/101MEDIA/DSCF0389.JPG,2022-09-23T08:06:04,2023-12-25T07:38:17.995,TGR1_20231225073817.JPG
raw/Unusual Deployments/TGR1/20240105/DCIM/101MEDIA/DSCF0390.JPG,2022-09-23T08:16:04,2023-12-25T07:48:18.060,TGR1_20231225074818.JPG
raw/Unusual Deployments/TGR1/20240105/DCIM/101MEDIA/DSCF0391.JPG,2022-09-23T08:26:04,2023-12-25T07:58:18.125,TGR1_20231225075818.JPG
raw/Unusual Deployments/TGR1/20240105/DCIM/101MEDIA/DSCF0392.JPG,2022-09-23T08:36:04,2023-12-25T08:08:18.190,TGR1_20231225080818.JPG
raw/Unusual Deployments/TGR1/20240105/DCIM/101MEDIA/DSCF0393.JPG,2022-09-23T08:46:04,2023-12-25T08:18:18.255,TGR1_20231225081818.JPG
raw/Unusual Deployments/TGR1/20240105/DCIM/101MEDIA/DSCF0394.JPG,2022-09-23T08:56:04,2023-12-25T08:28:18.320,TGR1_20231225082818.JPG
raw/Unusual Deployments/TGR1/20240105/DCIM/101MEDIA/DSCF0395.JPG,2022-09-23T09:06:04,2023-12-25T08:38:18.386,TGR1_20231225083818.JPG
raw/Unusual Deployments/TGR1/20240105/DCIM/101MEDIA/DSCF0396.JPG,2022-09-23T09:16:04,2023-12-25T08:48:18.451,TGR1_20231225084818.JPG
raw/Unusual Deployments/TGR1/20240105/DCIM/101MEDIA/DSCF0397.JPG,2022-09-23T09:26:04,2023-12-25T08:58:18.516,TGR1_20231225085818.JPG
raw/Unusual Deployments/TGR1/20240105/DCIM/101MEDIA/DSCF0398.JPG,2022-09-23T09:36:04,2023-12-25T09:08:18.581,TGR1_20231225090818.JPG
raw/Unusual Deployments/TGR1/20240105/DCIM/101MEDIA/DSCF0399.JPG,2022-09-23T09:46:04,2023-12-25T09:18:18.646,TGR1_20231225091818.JPG
raw/Unusual Deployments/TGR1/20240105/DCIM/101MEDIA/DSCF0400.JPG,2022-09-23T09:56:04,2023-12-25T09:28:18.711,TGR1_20231225092818.JPG
raw/Unusual Deployments/TGR1/20240105/DCIM/101MEDIA/DSCF0401.JPG,2022-09-23T10:06:04,2023-12-25T09:38:18.777,TGR1_20231225093818.JPG
raw/Unusual Deployments/TGR1/20240105/DCIM/101MEDIA/DSCF0402.JPG,2022-09-23T10:16:04,2023-12-25T09:48:18.842,TGR1_20231225094818.JPG
raw/Unusual Deployments/TGR1/20240105/DCIM/101MEDIA/DSCF0403.JPG,2022-09-23T10:26:04,2023-12-25T09:58:18.907,TGR1_20231225095818.JPG
raw/Unusual Deployments/TGR1/20240105/DCIM/101MEDIA/DSCF0404.JPG,2022-09-23T10:36:04,2023-12-25T10:08:18.972,TGR1_20231225100818.JPG
raw/Unusual Deployments/TGR1/20240105/DCIM/101MEDIA/DSCF0405.JPG,2022-09-23T10:46:04,2023-12-25T10:18:19.037,TGR1_20231225101819.JPG
raw/Unusual Deployments/TGR1/20240105/DCIM/101MEDIA/DSCF0406.JPG,2022-09-23T10:56:04,2023-12-25T10:28:19.102,TGR1_20231225102819.JPG
raw/Unusual Deployments/TGR1/20240105/DCIM/101MEDIA/DSCF0407.JPG,2022-09-23T11:06:04,2023-12-25T10:38:19.168,TGR1_20231225103819.JPG
raw/Unusual Deployments/TGR1/20240105/DCIM/101MEDIA/DSCF0408.JPG,2022-09-23T11:16:04,2023-12-25T10:48:19.233,TGR1_20231225104819.JPG
raw/Unusual Deployments/TGR1/20240105/DCIM/101MEDIA/DSCF0409.JPG,2022-09-23T11:26:04,2023-12-25T10:58:19.298,TGR1_20231225105819.JPG
raw/Unusual Deployments/TGR1/20240105/DCIM/101MEDIA/DSCF0410.JPG,2022-09-23T11:36:04,2023-12-25T11:08:19.363,TGR1_20231225110819.JPG
raw/Unusual Deployments/TGR1/20240105/DCIM/101MEDIA/DSCF0411.JPG,2022-09-23T11:46:04,2023-12-25T11:18:19.428,TGR1_20231225111819.JPG
raw/Unusual Deployments/TGR1/20240105/DCIM/101MEDIA/DSCF0412.JPG,2022-09-23T11:56:04,2023-12-25T11:28:19.493,TGR1_20231225112819.JPG
raw/Unusual Deployments/TGR1/20240105/DCIM/101MEDIA/DSCF0413.JPG,2022-09-23T12:06:04,2023-12-25T11:38:19.559,TGR1_20231225113819.JPG
raw/Unusual Deployments/TGR1/20240105/DCIM/101MEDIA/DSCF0414.JPG,2022-09-23T12:16:04,2023-12-25T11:48:19.624,TGR1_20231225114819.JPG
raw/Unusual Deployments/TGR1/20240105/DCIM/101MEDIA/DSCF0415.JPG,2022-09-23T12:26:04,2023-12-25T11:58:19.689,TGR1_20231225115819.JPG
raw/Unusual Deployments/TGR1/20240105/DCIM/101MEDIA/DSCF0416.JPG,2022-09-23T12:36:04,2023-12-25T12:08:19.754,TGR1_20231225120819.JPG
raw/Unusual Deployments/TGR1/20240105/DCIM/101MEDIA/DSCF0417.JPG,2022-09-23T12:46:04,2023-12-25T12:18:19.819,TGR1_20231225121819.JPG
raw/Unusual Deployments/TGR1/20240105/DCIM/101MEDIA/DSCF0418.JPG,2022-09-23T12:56:04,2023-12-25T12:28:19.884,TGR1_20231225122819.JPG
raw/Unusual Deployments/TGR1/20240105/DCIM/101MEDIA/DSCF0419.JPG,2022-09-23T13:06:04,2023-12-25T12:38:19.950,TGR1_20231225123819.JPG
raw/Unusual Deployments/TGR1/20240105/DCIM/101MEDIA/DSCF0420.JPG,2022-09-23T13:16:04,2023-12-25T12:48:20.015,TGR1_20231225124820.JPG
raw/Unusual Deployments/TGR1/20240105/DCIM/101MEDIA/DSCF0421.JPG,2022-09-23T13:26:04,2023-12-25T12:58:20.080,TGR1_20231225125820.JPG
raw/Unusual Deployments/TGR1/20240105/DCIM/101MEDIA/DSCF0422.JPG,2022-09-23T13:36:04,2023-12-25T13:08:20.145,TGR1_20231225130820.JPG
raw/Unusual Deployments/TGR1/20240105/DCIM/101MEDIA/DSCF0423.JPG,2022-09-23T13:46:04,2023-12-25T13:18:20.210,TGR1_20231225131820.JPG
raw/Unusual Deployments/TGR1/20240105/DCIM/101MEDIA/DSCF0424.JPG,2022-09-23T13:56:04,2023-12-25T13:28:20.275,TGR1_20231225132820.JPG
raw/Unusual Deployments/TGR1/20240105/DCIM/101MEDIA/DSCF0425.JPG,2022-09-23T14:06:04,2023-12-25T13:38:20.341,TGR1_20231225133820.JPG
raw/Unusual Deployments/TGR1/20240105/DCIM/101MEDIA/DSCF0426.JPG,2022-09-23T14:16:04,2023-12-25T13:48:20.406,TGR1_20231225134820.JPG
raw/Unusual Deployments/TGR1/20240105/DCIM/101MEDIA/DSCF0427.JPG,2022-09-23T14:26:04,2023-12-25T13:58:20.471,TGR1_20231225135820.JPG
raw/Unusual Deployments/TGR1/20240105/DCIM/101MEDIA/DSCF0428.JPG,2022-09-23T14:36:04,2023-12-25T14:08:20.536,TGR1_20231225140820.JPG
raw/Unusual Deployments/TGR1/20240105/DCIM/101MEDIA/DSCF0429.JPG,2022-09-23T14:46:04,2023-12-25T14:18:20.601,TGR1_20231225141820.JPG
raw/Unusual Deployments/TGR1/20240105/DCIM/101MEDIA/DSCF0430.JPG,2022-09-23T14:56:04,2023-12-25T14:28:20.666,TGR1_20231225142820.JPG
raw/Unusual Deployments/TGR1/20240105/DCIM/101MEDIA/DSCF0431.JPG,2022-09-23T15:06:04,2023-12-25T14:38:20.732,TGR1_20231225143820.JPG
raw/Unusual Deployments/TGR1/20240105/DCIM/101MEDIA/DSCF0432.JPG,2022-09-23T15:16:04,2023-12-25T14:48:20.797,TGR1_20231225144820.JPG
raw/Unusual Deployments/TGR1/20240105/DCIM/101MEDIA/DSCF0433.JPG,2022-09-23T15:26:04,2023-12-25T14:58:20.862,TGR1_20231225145820.JPG
raw/Unusual Deployments/TGR1/20240105/DCIM/101MEDIA/DSCF0434.JPG,2022-09-23T15:36:04,2023-12-25T15:08:20.927,TGR1_20231225150820.JPG
raw/Unusual Deployments/TGR1/20240105/DCIM/101MEDIA/DSCF0435.JPG,2022-09-23T15:46:04,2023-12-25T15:18:20.992,TGR1_20231225151820.JPG
raw/Unusual Deployments/TGR1/20240105/DCIM/101MEDIA/DSCF0436.JPG,2022-09-23T15:56:04,2023-12-25T15:28:21.057,TGR1_20231225152821.JPG
raw/Unusual Deployments/TGR1/20240105/DCIM/101MEDIA/DSCF0437.JPG,2022-09-23T16:06:04,2023-12-25T15:38:21.123,TGR1_20231225153821.JPG
raw/Unusual Deployments/TGR1/20240105/DCIM/101MEDIA/DSCF0438.JPG,2022-09-23T16:16:04,2023-12-25T15:48:21.188,TGR1_20231225154821.JPG
raw/Unusual Deployments/TGR1/20240105/DCIM/101MEDIA/DSCF0439.JPG,2022-09-23T16:26:04,2023-12-25T15:58:21.253,TGR1_20231225155821.JPG
raw/Unusual Deployments/TGR1/20240105/DCIM/101MEDIA/DSCF0440.JPG,2022-09-23T16:36:04,2023-12-25T16:08:21.318,TGR1_20231225160821.JPG
raw/Unusual Deployments/TGR1/20240105/DCIM/101MEDIA/DSCF0441.JPG,2022-09-23T16:46:04,2023-12-25T16:18:21.383,TGR1_20231225161821.JPG
raw/Unusual Deployments/TGR1/20240105/DCIM/101MEDIA/DSCF0442.JPG,2022-09-23T16:56:04,2023-12-25T16:28:21.448,TGR1_20231225162821.JPG
raw/Unusual Deployments/TGR1/20240105/DCIM/101MEDIA/DSCF0443.JPG,2022-09-23T17:06:04,2023-12-25T16:38:21.514,TGR1_20231225163821.JPG
raw/Unusual Deployments/TGR1/20240105/DCIM/101MEDIA/DSCF0444.JPG,2022-09-23T17:16:04,2023-12-25T16:48:21.579,TGR1_20231225164821.JPG
raw/Unusual Deployments/TGR1/20240105/DCIM/101MEDIA/DSCF0445.JPG,2022-09-23T17:26:04,2023-12-25T16:58:21.644,TGR1_20231225165821.JPG
raw/Unusual Deployments/TGR1/20240105/DCIM/101MEDIA/DSCF0446.JPG,2022-09-23T17:36:04,2023-12-25T17:08:21.709,TGR1_20231225170821.JPG
raw/Unusual Deployments/TGR1/20240105/DCIM/101MEDIA/DSCF0447.JPG,2022-09-23T17:46:04,2023-12-25T17:18:21.774,TGR1_20231225171821.JPG
raw/Unusual Deployments/TGR1/20240105/DCIM/101MEDIA/DSCF0448.JPG,2022-09-23T17:56:04,2023-12-25T17:28:21.839,TGR1_20231225172821.JPG
raw/Unusual Deployments/TGR1/20240105/DCIM/101MEDIA/DSCF0449.JPG,2022-09-23T18:06:05,2023-12-25T17:38:22.905,TGR1_20231225173822.JPG
raw/Unusual Deployments/TGR1/20240105/DCIM/101MEDIA/DSCF0450.JPG,2022-09-23T18:16:04,2023-12-25T17:48:21.970,TGR1_20231225174821.JPG
raw/Unusual Deployments/TGR1/20240105/DCIM/101MEDIA/DSCF0451.JPG,2022-09-23T18:26:04,2023-12-25T17:58:22.035,TGR1_20231225175822.JPG
raw/Unusual Deployments/TGR1/20240105/DCIM/101MEDIA/DSCF0452.JPG,2022-09-23T18:36:04,2023-12-25T18:08:22.100,TGR1_20231225180822.JPG
raw/Unusual Deployments/TGR1/20240105/DCIM/101MEDIA/DSCF0453.JPG,2022-09-23T18:46:04,2023-12-25T18:18:22.165,TGR1_20231225181822.JPG
raw/Unusual Deployments/TGR1/20240105/DCIM/101MEDIA/DSCF0454.JPG,2022-09-23T18:56:04,2023-12-25T18:28:22.230,TGR1_20231225182822.JPG
raw/Unusual Deployments/TGR1/20240105/DCIM/101MEDIA/DSCF0455.JPG,2022-09-23T19:06:04,2023-12-25T18:38:22.296,TGR1_20231225183822.JPG
raw/Unusual Deployments/TGR1/20240105/DCIM/101MEDIA/DSCF0456.JPG,2022-09-23T19:16:04,2023-12-25T18:48:22.361,TGR1_20231225184822.JPG
raw/Unusual Deployments/TGR1/20240105/DCIM/101MEDIA/DSCF0457.JPG,2022-09-23T19:26:04,2023-12-25T18:58:22.426,TGR1_20231225185822.JPG
raw/Unusual Deployments/TGR1/20240105/DCIM/101MEDIA/DSCF0458.JPG,2022-09-23T19:36:04,2023-12-25T19:08:22.491,TGR1_20231225190822.JPG
raw/Unusual Deployments/TGR1/20240105/DCIM/101MEDIA/DSCF0459.JPG,2022-09-23T19:46:03,2023-12-25T19:18:21.556,TGR1_20231225191821.JPG
raw/Unusual Deployments/TGR1/20240105/DCIM/101MEDIA/DSCF0460.JPG,2022-09-23T19:56:04,2023-12-25T19:28:22.621,TGR1_20231225192822.JPG
raw/Unusual Deployments/TGR1/20240105/DCIM/101MEDIA/DSCF0461.JPG,2022-09-23T20:06:04,2023-12-25T19:38:22.687,TGR1_20231225193822.JPG
raw/Unusual Deployments/TGR1/20240105/DCIM/101MEDIA/DSCF0462.JPG,2022-09-23T20:16:04,2023-12-25T19:48:22.752,TGR1_20231225194822.JPG
raw/Unusual Deployments/TGR1/20240105/DCIM/101MEDIA/DSCF0463.JPG,2022-09-23T20:26:04,2023-12-25T19:58:22.817,TGR1_20231225195822.JPG
raw/Unusual Deployments/TGR1/20240105/DCIM/101MEDIA/DSCF0464.JPG,2022-09-23T20:36:04,2023-12-25T20:08:22.882,TGR1_20231225200822.JPG
raw/Unusual Deployments/TGR1/20240105/DCIM/101MEDIA/DSCF0465.JPG,2022-09-23T20:46:04,2023-12-25T20:18:22.947,TGR1_20231225201822.JPG
raw/Unusual Deployments/TGR1/20240105/DCIM/101MEDIA/DSCF0466.JPG,2022-09-23T20:56:04,2023-12-25T20:28:23.012,TGR1_20231225202823.JPG
raw/Unusual Deployments/TGR1/20240105/DCIM/101MEDIA/DSCF0467.JPG,2022-09-23T21:06:04,2023-12-25T20:38:23.078,TGR1_20231225203823.JPG
raw/Unusual Deployments/TGR1/20240105/DCIM/101MEDIA/DSCF0468.JPG,2022-09-23T21:16:04,2023-12-25T20:48:23.143,TGR1_20231225204823.JPG
raw/Unusual Deployments/TGR1/20240105/DCIM/101MEDIA/DSCF0469.JPG,2022-09-23T21:26:04,2023-12-25T20:58:23.208,TGR1_20231225205823.JPG
raw/Unusual Deployments/TGR1/20240105/DCIM/101MEDIA/DSCF0470.JPG,2022-09-23T21:36:04,2023-12-25T21:08:23.273,TGR1_20231225210823.JPG
raw/Unusual Deployments/TGR1/20240105/DCIM/101MEDIA/DSCF0471.JPG,2022-09-23T21:46:04,2023-12-25T21:18:23.338,TGR1_20231225211823.JPG
raw/Unusual Deployments/TGR1/20240105/DCIM/101MEDIA/DSCF0472.JPG,2022-09-23T21:56:04,2023-12-25T21:28:23.403,TGR1_20231225212823.JPG
raw/Unusual Deployments/TGR1/20240105/DCIM/101MEDIA/DSCF0473.JPG,2022-09-23T22:06:04,2023-12-25T21:38:23.469,TGR1_20231225213823.JPG
raw/Unusual Deployments/TGR1/20240105/DCIM/101MEDIA/DSCF0474.JPG,2022-09-23T22:16:04,2023-12-25T21:48:23.534,TGR1_20231225214823.JPG
raw/Unusual Deployments/TGR1/20240105/DCIM/101MEDIA/DSCF0475.JPG,2022-09-23T22:26:04,2023-12-25T21:58:23.599,TGR1_20231225215823.JPG
raw/Unusual Deployments/TGR1/20240105/DCIM/101MEDIA/DSCF0476.JPG,2022-09-23T22:36:04,2023-12-25T22:08:23.664,TGR1_20231225220823.JPG
raw/Unusual Deployments/TGR1/20240105/DCIM/101MEDIA/DSCF0477.JPG,2022-09-23T22:46:04,2023-12-25T22:18:23.729,TGR1_20231225221823.JPG
raw/Unusual Deployments/TGR1/20240105/DCIM/101MEDIA/DSCF0478.JPG,2022-09-23T22:56:04,2023-12-25T22:28:23.794,TGR1_20231225222823.JPG
raw/Unusual Deployments/TGR1/20240105/DCIM/101MEDIA/DSCF0479.JPG,2022-09-23T23:06:04,2023-12-25T22:38:23.860,TGR1_20231225223823.JPG
raw/Unusual Deployments/TGR1/20240105/DCIM/101MEDIA/DSCF0480.JPG,2022-09-23T23:16:04,2023-12-25T22:48:23.925,TGR1_20231225224823.JPG
raw/Unusual Deployments/TGR1/20240105/DCIM/101MEDIA/DSCF0481.JPG,2022-09-23T23:26:04,2023-12-25T22:58:23.990,TGR1_20231225225823.JPG
raw/Unusual Deployments/TGR1/20240105/DCIM/101MEDIA/DSCF0482.JPG,2022-09-23T23:36:04,2023-12-25T23:08:24.055,TGR1_20231225230824.JPG
raw/Unusual Deployments/TGR1/20240105/DCIM/101MEDIA/DSCF0483.JPG,2022-09-23T23:46:04,2023-12-25T23:18:24.120,TGR1_20231225231824.JPG
raw/Unusual Deployments/TGR1/20240105/DCIM/101MEDIA/DSCF0484.JPG,2022-09-23T23:56:04,2023-12-25T23:28:24.185,TGR1_20231225232824.JPG
raw/Unusual Deployments/TGR1/20240105/DCIM/101MEDIA/DSCF0485.JPG,2022-09-24T00:06:04,2023-12-25T23:38:24.251,TGR1_20231225233824.JPG
raw/Unusual Deployments/TGR1/20240105/DCIM/101MEDIA/DSCF0486.JPG,2022-09-24T00:16:04,2023-12-25T23:48:24.316,TGR1_20231225234824.JPG
raw/Unusual Deployments/TGR1/20240105/DCIM/101MEDIA/DSCF0487.JPG,2022-09-24T00:26:04,2023-12-25T23:58:24.381,TGR1_20231225235824.JPG
raw/Unusual Deployments/TGR1/20240105/DCIM/101MEDIA/DSCF0488.JPG,2022-09-24T00:36:04,2023-12-26T00:08:24.446,TGR1_20231226000824.JPG
raw/Unusual Deployments/TGR1/20240105/DCIM/101MEDIA/DSCF0489.JPG,2022-09-24T00:46:04,2023-12-26T00:18:24.511,TGR1_20231226001824.JPG
raw/Unusual Deployments/TGR1/20240105/DCIM/101MEDIA/DSCF0490.JPG,2022-09-24T00:56:04,2023-12-26T00:28:24.576,TGR1_20231226002824.JPG
raw/Unusual Deployments/TGR1/20240105/DCIM/101MEDIA/DSCF0491.JPG,2022-09-24T01:06:04,2023-12-26T00:38:24.641,TGR1_20231226003824.JPG
raw/Unusual Deployments/TGR1/20240105/DCIM/101MEDIA/DSCF0492.JPG,2022-09-24T01:16:04,2023-12-26T00:48:24.707,TGR1_20231226004824.JPG
raw/Unusual Deployments/TGR1/20240105/DCIM/101MEDIA/DSCF0493.JPG,2022-09-24T01:26:04,2023-12-26T00:58:24.772,TGR1_20231226005824.JPG
raw/Unusual Deployments/TGR1/20240105/DCIM/101MEDIA/DSCF0494.JPG,2022-09-24T01:36:04,2023-12-26T01:08:24.837,TGR1_20231226010824.JPG
raw/Unusual Deployments/TGR1/20240105/DCIM/101MEDIA/DSCF0495.JPG,2022-09-24T01:46:04,2023-12-26T01:18:24.902,TGR1_20231226011824.JPG
raw/Unusual Deployments/TGR1/20240105/DCIM/101MEDIA/DSCF0496.JPG,2022-09-24T01:56:04,2023-12-26T01:28:24.967,TGR1_20231226012824.JPG
raw/Unusual Deployments/TGR1/20240105/DCIM/101MEDIA/DSCF0497.JPG,2022-09-24T02:06:04,2023-12-26T01:38:25.032,TGR1_20231226013825.JPG
raw/Unusual Deployments/TGR1/20240105/DCIM/101MEDIA/DSCF0498.JPG,2022-09-24T02:16:04,2023-12-26T01:48:25.098,TGR1_20231226014825.JPG
raw/Unusual Deployments/TGR1/20240105/DCIM/101MEDIA/DSCF0499.JPG,2022-09-24T02:26:04,2023-12-26T01:58:25.163,TGR1_20231226015825.JPG
raw/Unusual Deployments/TGR1/20240105/DCIM/101MEDIA/DSCF0500.JPG,2022-09-24T02:36:04,2023-12-26T02:08:25.228,TGR1_20231226020825.JPG
raw/Unusual Deployments/TGR1/20240105/DCIM/101MEDIA/DSCF0501.JPG,2022-09-24T02:46:04,2023-12-26T02:18:25.293,TGR1_20231226021825.JPG
raw/Unusual Deployments/TGR1/20240105/DCIM/101MEDIA/DSCF0502.JPG,2022-09-24T02:56:04,2023-12-26T02:28:25.358,TGR1_20231226022825.JPG
raw/Unusual Deployments/TGR1/20240105/DCIM/101MEDIA/DSCF0503.JPG,2022-09-24T03:06:04,2023-12-26T02:38:25.423,TGR1_20231226023825.JPG
raw/Unusual Deployments/TGR1/20240105/DCIM/101MEDIA/DSCF0504.JPG,2022-09-24T03:16:04,2023-12-26T02:48:25.489,TGR1_20231226024825.JPG
raw/Unusual Deployments/TGR1/20240105/DCIM/101MEDIA/DSCF0505.JPG,2022-09-24T03:26:04,2023-12-26T02:58:25.554,TGR1_20231226025825.JPG
raw/Unusual Deployments/TGR1/20240105/DCIM/101MEDIA/DSCF0506.JPG,2022-09-24T03:36:04,2023-12-26T03:08:25.619,TGR1_20231226030825.JPG
raw/Unusual Deployments/TGR1/20240105/DCIM/101MEDIA/DSCF0507.JPG,2022-09-24T03:46:04,2023-12-26T03:18:25.684,TGR1_20231226031825.JPG
raw/Unusual Deployments/TGR1/20240105/DCIM/101MEDIA/DSCF0508.JPG,2022-09-24T03:56:04,2023-12-26T03:28:25.749,TGR1_20231226032825.JPG
raw/Unusual Deployments/TGR1/20240105/DCIM/101MEDIA/DSCF0509.JPG,2022-09-24T04:06:04,2023-12-26T03:38:25.814,TGR1_20231226033825.JPG
raw/Unusual Deployments/TGR1/20240105/DCIM/101MEDIA/DSCF0510.JPG,2022-09-24T04:16:04,2023-12-26T03:48:25.880,TGR1_20231226034825.JPG
raw/Unusual Deployments/TGR1/20240105/DCIM/101MEDIA/DSCF0511.JPG,2022-09-24T04:26:04,2023-12-26T03:58:25.945,TGR1_20231226035825.JPG
raw/Unusual Deployments/TGR1/20240105/DCIM/101MEDIA/DSCF0512.JPG,2022-09-24T04:36:04,2023-12-26T04:08:26.010,TGR1_20231226040826.JPG
raw/Unusual Deployments/TGR1/20240105/DCIM/101MEDIA/DSCF0513.JPG,2022-09-24T04:46:04,2023-12-26T04:18:26.075,TGR1_20231226041826.JPG
raw/Unusual Deployments/TGR1/20240105/DCIM/101MEDIA/DSCF0514.JPG,2022-09-24T04:56:04,2023-12-26T04:28:26.140,TGR1_20231226042826.JPG
raw/Unusual Deployments/TGR1/20240105/DCIM/101MEDIA/DSCF0515.JPG,2022-09-24T05:06:04,2023-12-26T04:38:26.205,TGR1_20231226043826.JPG
raw/Unusual Deployments/TGR1/20240105/DCIM/101MEDIA/DSCF0516.JPG,2022-09-24T05:16:04,2023-12-26T04:48:26.271,TGR1_20231226044826.JPG
raw/Unusual Deployments/TGR1/20240105/DCIM/101MEDIA/DSCF0517.JPG,2022-09-24T05:26:04,2023-12-26T04:58:26.336,TGR1_20231226045826.JPG
raw/Unusual Deployments/TGR1/20240105/DCIM/101MEDIA/DSCF0518.JPG,2022-09-24T05:36:04,2023-12-26T05:08:26.401,TGR1_20231226050826.JPG
raw/Unusual Deployments/TGR1/20240105/DCIM/101MEDIA/DSCF0519.JPG,2022-09-24T05:46:04,2023-12-26T05:18:26.466,TGR1_20231226051826.JPG
raw/Unusual Deployments/TGR1/20240105/DCIM/101MEDIA/DSCF0520.JPG,2022-09-24T05:56:04,2023-12-26T05:28:26.531,TGR1_20231226052826.JPG
raw/Unusual Deployments/TGR1/20240105/DCIM/101MEDIA/DSCF0521.JPG,2022-09-24T06:06:04,2023-12-26T05:38:26.596,TGR1_20231226053826.JPG
raw/Unusual Deployments/TGR1/20240105/DCIM/101MEDIA/DSCF0522.JPG,2022-09-24T06:16:04,2023-12-26T05:48:26.662,TGR1_20231226054826.JPG
raw/Unusual Deployments/TGR1/20240105/DCIM/101MEDIA/DSCF0523.JPG,2022-09-24T06:26:04,2023-12-26T05:58:26.727,TGR1_20231226055826.JPG
raw/Unusual Deployments/TGR1/20240105/DCIM/101MEDIA/DSCF0524.JPG,2022-09-24T06:36:04,2023-12-26T06:08:26.792,TGR1_20231226060826.JPG
raw/Unusual Deployments/TGR1/20240105/DCIM/101MEDIA/DSCF0525.JPG,2022-09-24T06:46:04,2023-12-26T06:18:26.857,TGR1_20231226061826.JPG
raw/Unusual Deployments/TGR1/20240105/DCIM/101MEDIA/DSCF0526.JPG,2022-09-24T06:56:04,2023-12-26T06:28:26.922,TGR1_20231226062826.JPG
raw/Unusual Deployments/TGR1/20240105/DCIM/101MEDIA/DSCF0527.JPG,2022-09-24T07:06:04,2023-12-26T06:38:26.987,TGR1_20231226063826.JPG
raw/Unusual Deployments/TGR1/20240105/DCIM/101MEDIA/DSCF0528.JPG,2022-09-24T07:16:04,2023-12-26T06:48:27.053,TGR1_20231226064827.JPG
raw/Unusual Deployments/TGR1/20240105/DCIM/101MEDIA/DSCF0529.JPG,2022-09-24T07:26:04,2023-12-26T06:58:27.118,TGR1_20231226065827.JPG
raw/Unusual Deployments/TGR1/20240105/DCIM/101MEDIA/DSCF0530.JPG,2022-09-24T07:36:04,2023-12-26T07:08:27.183,TGR1_20231226070827.JPG
raw/Unusual Deployments/TGR1/20240105/DCIM/101MEDIA/DSCF0531.JPG,2022-09-24T07:46:04,2023-12-26T07:18:27.248,TGR1_20231226071827.JPG
raw/Unusual Deployments/TGR1/20240105/DCIM/101MEDIA/DSCF0532.JPG,2022-09-24T07:56:04,2023-12-26T07:28:27.313,TGR1_20231226072827.JPG
raw/Unusual Deployments/TGR1/20240105/DCIM/101MEDIA/DSCF0533.JPG,2022-09-24T08:06:04,2023-12-26T07:38:27.378,TGR1_20231226073827.JPG
raw/Unusual Deployments/TGR1/20240105/DCIM/101MEDIA/DSCF0534.JPG,2022-09-24T08:16:04,2023-12-26T07:48:27.444,TGR1_20231226074827.JPG
raw/Unusual Deployments/TGR1/20240105/DCIM/101MEDIA/DSCF0535.JPG,2022-09-24T08:26:04,2023-12-26T07:58:27.509,TGR1_20231226075827.JPG
raw/Unusual Deployments/TGR1/20240105/DCIM/101MEDIA/DSCF0536.JPG,2022-09-24T08:36:04,2023-12-26T08:08:27.574,TGR1_20231226080827.JPG
raw/Unusual Deployments/TGR1/20240105/DCIM/101MEDIA/DSCF0537.JPG,2022-09-24T08:46:04,2023-12-26T08:18:27.639,TGR1_20231226081827.JPG
raw/Unusual Deployments/TGR1/20240105/DCIM/101MEDIA/DSCF0538.JPG,2022-09-24T08:56:04,2023-12-26T08:28:27.704,TGR1_20231226082827.JPG
raw/Unusual Deployments/TGR1/20240105/DCIM/101MEDIA/DSCF0539.JPG,2022-09-24T09:06:04,2023-12-26T08:38:27.769,TGR1_20231226083827.JPG
raw/Unusual Deployments/TGR1/20240105/DCIM/101MEDIA/DSCF0540.JPG,2022-09-24T09:16:04,2023-12-26T08:48:27.835,TGR1_20231226084827.JPG
raw/Unusual Deployments/TGR1/20240105/DCIM/101MEDIA/DSCF0541.JPG,2022-09-24T09:26:04,2023-12-26T08:58:27.900,TGR1_20231226085827.JPG
raw/Unusual Deployments/TGR1/20240105/DCIM/101MEDIA/DSCF0542.JPG,2022-09-24T09:36:04,2023-12-26T09:08:27.965,TGR1_20231226090827.JPG
raw/Unusual Deployments/TGR1/20240105/DCIM/101MEDIA/DSCF0543.JPG,2022-09-24T09:46:04,2023-12-26T09:18:28.030,TGR1_20231226091828.JPG
raw/Unusual Deployments/TGR1/20240105/DCIM/101MEDIA/DSCF0544.JPG,2022-09-24T09:56:04,2023-12-26T09:28:28.095,TGR1_20231226092828.JPG
raw/Unusual Deployments/TGR1/20240105/DCIM/101MEDIA/DSCF0545.JPG,2022-09-24T10:06:04,2023-12-26T09:38:28.160,TGR1_20231226093828.JPG
raw/Unusual Deployments/TGR1/20240105/DCIM/101MEDIA/DSCF0546.JPG,2022-09-24T10:16:04,2023-12-26T09:48:28.226,TGR1_20231226094828.JPG
raw/Unusual Deployments/TGR1/20240105/DCIM/101MEDIA/DSCF0547.JPG,2022-09-24T10:26:04,2023-12-26T09:58:28.291,TGR1_20231226095828.JPG
raw/Unusual Deployments/TGR1/20240105/DCIM/101MEDIA/DSCF0548.JPG,2022-09-24T10:36:04,2023-12-26T10:08:28.356,TGR1_20231226100828.JPG
raw/Unusual Deployments/TGR1/20240105/DCIM/101MEDIA/DSCF0549.JPG,2022-09-24T10:46:04,2023-12-26T10:18:28.421,TGR1_20231226101828.JPG
raw/Unusual Deployments/TGR1/20240105/DCIM/101MEDIA/DSCF0550.JPG,2022-09-24T10:56:04,2023-12-26T10:28:28.486,TGR1_20231226102828.JPG
raw/Unusual Deployments/TGR1/20240105/DCIM/101MEDIA/DSCF0551.JPG,2022-09-24T11:06:04,2023-12-26T10:38:28.551,TGR1_20231226103828.JPG
raw/Unusual Deployments/TGR1/20240105/DCIM/101MEDIA/DSCF0552.JPG,2022-09-24T11:16:04,2023-12-26T10:48:28.617,TGR1_20231226104828.JPG
raw/Unusual Deployments/TGR1/20240105/DCIM/101MEDIA/DSCF0553.JPG,2022-09-24T11:26:04,2023-12-26T10:58:28.682,TGR1_20231226105828.JPG
raw/Unusual Deployments/TGR1/20240105/DCIM/101MEDIA/DSCF0554.JPG,2022-09-24T11:36:04,2023-12-26T11:08:28.747,TGR1_20231226110828.JPG
raw/Unusual Deployments/TGR1/20240105/DCIM/101MEDIA/DSCF0555.JPG,2022-09-24T11:46:04,2023-12-26T11:18:28.812,TGR1_20231226111828.JPG
raw/Unusual Deployments/TGR1/20240105/DCIM/101MEDIA/DSCF0556.JPG,2022-09-24T11:56:04,2023-12-26T11:28:28.877,TGR1_20231226112828.JPG
raw/Unusual Deployments/TGR1/20240105/DCIM/101MEDIA/DSCF0557.JPG,2022-09-24T12:06:04,2023-12-26T11:38:28.942,TGR1_20231226113828.JPG
raw/Unusual Deployments/TGR1/20240105/DCIM/101MEDIA/DSCF0558.JPG,2022-09-24T12:16:04,2023-12-26T11:48:29.008,TGR1_20231226114829.JPG
raw/Unusual Deployments/TGR1/20240105/DCIM/101MEDIA/DSCF0559.JPG,2022-09-24T12:26:04,2023-12-26T11:58:29.073,TGR1_20231226115829.JPG
raw/Unusual Deployments/TGR1/20240105/DCIM/101MEDIA/DSCF0560.JPG,2022-09-24T12:36:04,2023-12-26T12:08:29.138,TGR1_20231226120829.JPG
raw/Unusual Deployments/TGR1/20240105/DCIM/101MEDIA/DSCF0561.JPG,2022-09-24T12:46:04,2023-12-26T12:18:29.203,TGR1_20231226121829.JPG
raw/Unusual Deployments/TGR1/20240105/DCIM/101MEDIA/DSCF0562.JPG,2022-09-24T12:56:04,2023-12-26T12:28:29.268,TGR1_20231226122829.JPG
raw/Unusual Deployments/TGR1/20240105/DCIM/101MEDIA/DSCF0563.JPG,2022-09-24T13:06:04,2023-12-26T12:38:29.333,TGR1_20231226123829.JPG
raw/Unusual Deployments/TGR1/20240105/DCIM/101MEDIA/DSCF0564.JPG,2022-09-24T13:16:04,2023-12-26T12:48:29.399,TGR1_20231226124829.JPG
raw/Unusual Deployments/TGR1/20240105/DCIM/101MEDIA/DSCF0565.JPG,2022-09-24T13:26:04,2023-12-26T12:58:29.464,TGR1_20231226125829.JPG
raw/Unusual Deployments/TGR1/20240105/DCIM/101MEDIA/DSCF0566.JPG,2022-09-24T13:36:04,2023-12-26T13:08:29.529,TGR1_20231226130829.JPG
raw/Unusual Deployments/TGR1/20240105/DCIM/101MEDIA/DSCF0567.JPG,2022-09-24T13:46:04,2023-12-26T13:18:29.594,TGR1_20231226131829.JPG
raw/Unusual Deployments/TGR1/20240105/DCIM/101MEDIA/DSCF0568.JPG,2022-09-24T13:56:04,2023-12-26T13:28:29.659,TGR1_20231226132829.JPG
raw/Unusual Deployments/TGR1/20240105/DCIM/101MEDIA/DSCF0569.JPG,2022-09-24T14:06:04,2023-12-26T13:38:29.724,TGR1_20231226133829.JPG
raw/Unusual Deployments/TGR1/20240105/DCIM/101MEDIA/DSCF0570.JPG,2022-09-24T14:16:04,2023-12-26T13:48:29.790,TGR1_20231226134829.JPG
raw/Unusual Deployments/TGR1/20240105/DCIM/101MEDIA/DSCF0571.JPG,2022-09-24T14:26:04,2023-12-26T13:58:29.855,TGR1_20231226135829.JPG
raw/Unusual Deployments/TGR1/20240105/DCIM/101MEDIA/DSCF0572.JPG,2022-09-24T14:36:04,2023-12-26T14:08:29.920,TGR1_20231226140829.JPG
raw/Unusual Deployments/TGR1/20240105/DCIM/101MEDIA/DSCF0573.JPG,2022-09-24T14:46:04,2023-12-26T14:18:29.985,TGR1_20231226141829.JPG
raw/Unusual Deployments/TGR1/20240105/DCIM/101MEDIA/DSCF0574.JPG,2022-09-24T14:56:04,2023-12-26T14:28:30.050,TGR1_20231226142830.JPG
raw/Unusual Deployments/TGR1/20240105/DCIM/101MEDIA/DSCF0575.JPG,2022-09-24T15:06:04,2023-12-26T14:38:30.115,TGR1_20231226143830.JPG
raw/Unusual Deployments/TGR1/20240105/DCIM/101MEDIA/DSCF0576.JPG,2022-09-24T15:16:04,2023-12-26T14:48:30.181,TGR1_20231226144830.JPG
raw/Unusual Deployments/TGR1/20240105/DCIM/101MEDIA/DSCF0577.JPG,2022-09-24T15:26:04,2023-12-26T14:58:30.246,TGR1_20231226145830.JPG
raw/Unusual Deployments/TGR1/20240105/DCIM/101MEDIA/DSCF0578.JPG,2022-09-24T15:36:04,2023-12-26T15:08:30.311,TGR1_20231226150830.JPG
raw/Unusual Deployments/TGR1/20240105/DCIM/101MEDIA/DSCF0579.JPG,2022-09-24T15:46:04,2023-12-26T15:18:30.376,TGR1_20231226151830.JPG
raw/Unusual Deployments/TGR1/20240105/DCIM/101MEDIA/DSCF0580.JPG,2022-09-24T15:56:04,2023-12-26T15:28:30.441,TGR1_20231226152830.JPG
raw/Unusual Deployments/TGR1/20240105/DCIM/101MEDIA/DSCF0581.JPG,2022-09-24T16:06:04,2023-12-26T15:38:30.506,TGR1_20231226153830.JPG
raw/Unusual Deployments/TGR1/20240105/DCIM/101MEDIA/DSCF0582.JPG,2022-09-24T16:16:04,2023-12-26T15:48:30.572,TGR1_20231226154830.JPG
raw/Unusual Deployments/TGR1/20240105/DCIM/101MEDIA/DSCF0583.JPG,2022-09-24T16:26:04,2023-12-26T15:58:30.637,TGR1_20231226155830.JPG
raw/Unusual Deployments/TGR1/20240105/DCIM/101MEDIA/DSCF0584.JPG,2022-09-24T16:36:03,2023-12-26T16:08:29.702,TGR1_20231226160829.JPG
raw/Unusual Deployments/TGR1/20240105/DCIM/101MEDIA/DSCF0585.JPG,2022-09-24T16:46:04,2023-12-26T16:18:30.767,TGR1_20231226161830.JPG
raw/Unusual Deployments/TGR1/20240105/DCIM/101MEDIA/DSCF0586.JPG,2022-09-24T16:56:04,2023-12-26T16:28:30.832,TGR1_20231226162830.JPG
raw/Unusual Deployments/TGR1/20240105/DCIM/101MEDIA/DSCF0587.JPG,2022-09-24T17:06:04,2023-12-26T16:38:30.897,TGR1_20231226163830.JPG
raw/Unusual Deployments/TGR1/20240105/DCIM/101MEDIA/DSCF0588.JPG,2022-09-24T17:16:04,2023-12-26T16:48:30.963,TGR1_20231226164830.JPG
raw/Unusual Deployments/TGR1/20240105/DCIM/101MEDIA/DSCF0589.JPG,2022-09-24T17:26:04,2023-12-26T16:58:31.028,TGR1_20231226165831.JPG
raw/Unusual Deployments/TGR1/20240105/DCIM/101MEDIA/DSCF0590.JPG,2022-09-24T17:36:04,2023-12-26T17:08:31.093,TGR1_20231226170831.JPG
raw/Unusual Deployments/TGR1/20240105/DCIM/101MEDIA/DSCF0591.JPG,2022-09-24T17:46:04,2023-12-26T17:18:31.158,TGR1_20231226171831.JPG
raw/Unusual Deployments/TGR1/20240105/DCIM/101MEDIA/DSCF0592.JPG,2022-09-24T17:56:04,2023-12-26T17:28:31.223,TGR1_20231226172831.JPG
raw/Unusual Deployments/TGR1/20240105/DCIM/101MEDIA/DSCF0593.JPG,2022-09-24T18:06:05,2023-12-26T17:38:32.288,TGR1_20231226173832.JPG
raw/Unusual Deployments/TGR1/20240105/DCIM/101MEDIA/DSCF0594.JPG,2022-09-24T18:16:04,2023-12-26T17:48:31.354,TGR1_20231226174831.JPG
raw/Unusual Deployments/TGR1/20240105/DCIM/101MEDIA/DSCF0595.JPG,2022-09-24T18:26:04,2023-12-26T17:58:31.419,TGR1_20231226175831.JPG
raw/Unusual Deployments/TGR1/20240105/DCIM/101MEDIA/DSCF0596.JPG,2022-09-24T18:36:04,2023-12-26T18:08:31.484,TGR1_20231226180831.JPG
raw/Unusual Deployments/TGR1/20240105/DCIM/101MEDIA/DSCF0597.JPG,2022-09-24T18:46:04,2023-12-26T18:18:31.549,TGR1_20231226181831.JPG
raw/Unusual Deployments/TGR1/20240105/DCIM/101MEDIA/DSCF0598.JPG,2022-09-24T18:56:04,2023-12-26T18:28:31.614,TGR1_20231226182831.JPG
raw/Unusual Deployments/TGR1/20240105/DCIM/101MEDIA/DSCF0599.JPG,2022-09-24T19:06:04,2023-12-26T18:38:31.679,TGR1_20231226183831.JPG
raw/Unusual Deployments/TGR1/20240105/DCIM/101MEDIA/DSCF0600.JPG,2022-09-24T19:16:04,2023-12-26T18:48:31.745,TGR1_20231226184831.JPG
raw/Unusual Deployments/TGR1/20240105/DCIM/101MEDIA/DSCF0601.JPG,2022-09-24T19:26:04,2023-12-26T18:58:31.810,TGR1_20231226185831.JPG
raw/Unusual Deployments/TGR1/20240105/DCIM/101MEDIA/DSCF0602.JPG,2022-09-24T19:36:04,2023-12-26T19:08:31.875,TGR1_20231226190831.JPG
raw/Unusual Deployments/TGR1/20240105/DCIM/101MEDIA/DSCF0603.JPG,2022-09-24T19:46:04,2023-12-26T19:18:31.940,TGR1_20231226191831.JPG
raw/Unusual Deployments/TGR1/20240105/DCIM/101MEDIA/DSCF0604.JPG,2022-09-24T19:56:04,2023-12-26T19:28:32.005,TGR1_20231226192832.JPG
raw/Unusual Deployments/TGR1/20240105/DCIM/101MEDIA/DSCF0605.JPG,2022-09-24T20:06:04,2023-12-26T19:38:32.070,TGR1_20231226193832.JPG
raw/Unusual Deployments/TGR1/20240105/DCIM/101MEDIA/DSCF0606.JPG,2022-09-24T20:16:04,2023-12-26T19:48:32.136,TGR1_20231226194832.JPG
raw/Unusual Deployments/TGR1/20240105/DCIM/101MEDIA/DSCF0607.JPG,2022-09-24T20:26:04,2023-12-26T19:58:32.201,TGR1_20231226195832.JPG
raw/Unusual Deployments/TGR1/20240105/DCIM/101MEDIA/DSCF0608.JPG,2022-09-24T20:36:04,2023-12-26T20:08:32.266,TGR1_20231226200832.JPG
raw/Unusual Deployments/TGR1/20240105/DCIM/101MEDIA/DSCF0609.JPG,2022-09-24T20:46:04,2023-12-26T20:18:32.331,TGR1_20231226201832.JPG
raw/Unusual Deployments/TGR1/20240105/DCIM/101MEDIA/DSCF0610.JPG,2022-09-24T20:56:04,2023-12-26T20:28:32.396,TGR1_20231226202832.JPG
raw/Unusual Deployments/TGR1/20240105/DCIM/101MEDIA/DSCF0611.JPG,2022-09-24T21:06:04,2023-12-26T20:38:32.461,TGR1_20231226203832.JPG
raw/Unusual Deployments/TGR1/20240105/DCIM/101MEDIA/DSCF0612.JPG,2022-09-24T21:16:04,2023-12-26T20:48:32.526,TGR1_20231226204832.JPG
raw/Unusual Deployments/TGR1/20240105/DCIM/101MEDIA/DSCF0613.JPG,2022-09-24T21:26:04,2023-12-26T20:58:32.592,TGR1_20231226205832.JPG
raw/Unusual Deployments/TGR1/20240105/DCIM/101MEDIA/DSCF0614.JPG,2022-09-24T21:36:04,2023-12-26T21:08:32.657,TGR1_20231226210832.JPG
raw/Unusual Deployments/TGR1/20240105/DCIM/101MEDIA/DSCF0615.JPG,2022-09-24T21:46:04,2023-12-26T21:18:32.722,TGR1_20231226211832.JPG
raw/Unusual Deployments/TGR1/20240105/DCIM/101MEDIA/DSCF0616.JPG,2022-09-24T21:56:04,2023-12-26T21:28:32.787,TGR1_20231226212832.JPG
raw/Unusual Deployments/TGR1/20240105/DCIM/101MEDIA/DSCF0617.JPG,2022-09-24T22:06:04,2023-12-26T21:38:32.852,TGR1_20231226213832.JPG
raw/Unusual Deployments/TGR1/20240105/DCIM/101MEDIA/DSCF0618.JPG,2022-09-24T22:16:04,2023-12-26T21:48:32.917,TGR1_20231226214832.JPG
raw/Unusual Deployments/TGR1/20240105/DCIM/101MEDIA/DSCF0619.JPG,2022-09-24T22:26:04,2023-12-26T21:58:32.983,TGR1_20231226215832.JPG
raw/Unusual Deployments/TGR1/20240105/DCIM/101MEDIA/DSCF0620.JPG,2022-09-24T22:36:04,2023-12-26T22:08:33.048,TGR1_20231226220833.JPG
raw/Unusual Deployments/TGR1/20240105/DCIM/101MEDIA/DSCF0621.JPG,2022-09-24T22:46:04,2023-12-26T22:18:33.113,TGR1_20231226221833.JPG
raw/Unusual Deployments/TGR1/20240105/DCIM/101MEDIA/DSCF0622.JPG,2022-09-24T22:56:04,2023-12-26T22:28:33.178,TGR1_20231226222833.JPG
raw/Unusual Deployments/TGR1/20240105/DCIM/101MEDIA/DSCF0623.JPG,2022-09-24T23:06:04,2023-12-26T22:38:33.243,TGR1_20231226223833.JPG
raw/Unusual Deployments/TGR1/20240105/DCIM/101MEDIA/DSCF0624.JPG,2022-09-24T23:16:04,2023-12-26T22:48:33.308,TGR1_20231226224833.JPG
raw/Unusual Deployments/TGR1/20240105/DCIM/101MEDIA/DSCF0625.JPG,2022-09-24T23:26:04,2023-12-26T22:58:33.374,TGR1_20231226225833.JPG
raw/Unusual Deployments/TGR1/20240105/DCIM/101MEDIA/DSCF0626.JPG,2022-09-24T23:36:04,2023-12-26T23:08:33.439,TGR1_20231226230833.JPG
raw/Unusual Deployments/TGR1/20240105/DCIM/101MEDIA/DSCF0627.JPG,2022-09-24T23:46:04,2023-12-26T23:18:33.504,TGR1_20231226231833.JPG
raw/Unusual Deployments/TGR1/20240105/DCIM/101MEDIA/DSCF0628.JPG,2022-09-24T23:56:04,2023-12-26T23:28:33.569,TGR1_20231226232833.JPG
raw/Unusual Deployments/TGR1/20240105/DCIM/101MEDIA/DSCF0629.JPG,2022-09-25T00:06:04,2023-12-26T23:38:33.634,TGR1_20231226233833.JPG
raw/Unusual Deployments/TGR1/20240105/DCIM/101MEDIA/DSCF0630.JPG,2022-09-25T00:16:04,2023-12-26T23:48:33.699,TGR1_20231226234833.JPG
raw/Unusual Deployments/TGR1/20240105/DCIM/101MEDIA/DSCF0631.JPG,2022-09-25T00:26:04,2023-12-26T23:58:33.765,TGR1_20231226235833.JPG
raw/Unusual Deployments/TGR1/20240105/DCIM/101MEDIA/DSCF0632.JPG,2022-09-25T00:36:04,2023-12-27T00:08:33.830,TGR1_20231227000833.JPG
raw/Unusual Deployments/TGR1/20240105/DCIM/101MEDIA/DSCF0633.JPG,2022-09-25T00:46:04,2023-12-27T00:18:33.895,TGR1_20231227001833.JPG
raw/Unusual Deployments/TGR1/20240105/DCIM/101MEDIA/DSCF0634.JPG,2022-09-25T00:56:04,2023-12-27T00:28:33.960,TGR1_20231227002833.JPG
raw/Unusual Deployments/TGR1/20240105/DCIM/101MEDIA/DSCF0635.JPG,2022-09-25T01:06:04,2023-12-27T00:38:34.025,TGR1_20231227003834.JPG
raw/Unusual Deployments/TGR1/20240105/DCIM/101MEDIA/DSCF0636.JPG,2022-09-25T01:16:04,2023-12-27T00:48:34.090,TGR1_20231227004834.JPG
raw/Unusual Deployments/TGR1/20240105/DCIM/101MEDIA/DSCF0637.JPG,2022-09-25T01:26:04,2023-12-27T00:58:34.156,TGR1_20231227005834.JPG
raw/Unusual Deployments/TGR1/20240105/DCIM/101MEDIA/DSCF0638.JPG,2022-09-25T01:36:04,2023-12-27T01:08:34.221,TGR1_20231227010834.JPG
raw/Unusual Deployments/TGR1/20240105/DCIM/101MEDIA/DSCF0639.JPG,2022-09-25T01:46:04,2023-12-27T01:18:34.286,TGR1_20231227011834.JPG
raw/Unusual Deployments/TGR1/20240105/DCIM/101MEDIA/DSCF0640.JPG,2022-09-25T01:56:04,2023-12-27T01:28:34.351,TGR1_20231227012834.JPG
raw/Unusual Deployments/TGR1/20240105/DCIM/101MEDIA/DSCF0641.JPG,2022-09-25T02:06:04,2023-12-27T01:38:34.416,TGR1_20231227013834.JPG
raw/Unusual Deployments/TGR1/20240105/DCIM/101MEDIA/DSCF0642.JPG,2022-09-25T02:16:04,2023-12-27T01:48:34.481,TGR1_20231227014834.JPG
raw/Unusual Deployments/TGR1/20240105/DCIM/101MEDIA/DSCF0643.JPG,2022-09-25T02:26:04,2023-12-27T01:58:34.547,TGR1_20231227015834.JPG
raw/Unusual Deployments/TGR1/20240105/DCIM/101MEDIA/DSCF0644.JPG,2022-09-25T02:36:04,2023-12-27T02:08:34.612,TGR1_20231227020834.JPG
raw/Unusual Deployments/TGR1/20240105/DCIM/101MEDIA/DSCF0645.JPG,2022-09-25T02:46:04,2023-12-27T02:18:34.677,TGR1_20231227021834.JPG
raw/Unusual Deployments/TGR1/20240105/DCIM/101MEDIA/DSCF0646.JPG,2022-09-25T02:56:04,2023-12-27T02:28:34.742,TGR1_20231227022834.JPG
raw/Unusual Deployments/TGR1/20240105/DCIM/101MEDIA/DSCF0647.JPG,2022-09-25T03:06:04,2023-12-27T02:38:34.807,TGR1_20231227023834.JPG
raw/Unusual Deployments/TGR1/20240105/DCIM/101MEDIA/DSCF0648.JPG,2022-09-25T03:16:04,2023-12-27T02:48:34.872,TGR1_20231227024834.JPG
raw/Unusual Deployments/TGR1/20240105/DCIM/101MEDIA/DSCF0649.JPG,2022-09-25T03:26:04,2023-12-27T02:58:34.938,TGR1_20231227025834.JPG
raw/Unusual Deployments/TGR1/20240105/DCIM/101MEDIA/DSCF0650.JPG,2022-09-25T03:36:04,2023-12-27T03:08:35.003,TGR1_20231227030835.JPG
raw/Unusual Deployments/TGR1/20240105/DCIM/101MEDIA/DSCF0651.JPG,2022-09-25T03:46:04,2023-12-27T03:18:35.068,TGR1_20231227031835.JPG
raw/Unusual Deployments/TGR1/20240105/DCIM/101MEDIA/DSCF0652.JPG,2022-09-25T03:56:04,2023-12-27T03:28:35.133,TGR1_20231227032835.JPG
raw/Unusual Deployments/TGR1/20240105/DCIM/101MEDIA/DSCF0653.JPG,2022-09-25T04:06:04,2023-12-27T03:38:35.198,TGR1_20231227033835.JPG
raw/Unusual Deployments/TGR1/20240105/DCIM/101MEDIA/DSCF0654.JPG,2022-09-25T04:16:04,2023-12-27T03:48:35.263,TGR1_20231227034835.JPG
raw/Unusual Deployments/TGR1/20240105/DCIM/101MEDIA/DSCF0655.JPG,2022-09-25T04:26:04,2023-12-27T03:58:35.329,TGR1_20231227035835.JPG
raw/Unusual Deployments/TGR1/20240105/DCIM/101MEDIA/DSCF0656.JPG,2022-09-25T04:36:04,2023-12-27T04:08:35.394,TGR1_20231227040835.JPG
raw/Unusual Deployments/TGR1/20240105/DCIM/101MEDIA/DSCF0657.JPG,2022-09-25T04:46:04,2023-12-27T04:18:35.459,TGR1_20231227041835.JPG
raw/Unusual Deployments/TGR1/20240105/DCIM/101MEDIA/DSCF0658.JPG,2022-09-25T04:56:04,2023-12-27T04:28:35.524,TGR1_20231227042835.JPG
raw/Unusual Deployments/TGR1/20240105/DCIM/101MEDIA/DSCF0659.JPG,2022-09-25T05:06:04,2023-12-27T04:38:35.589,TGR1_20231227043835.JPG
raw/Unusual Deployments/TGR1/20240105/DCIM/101MEDIA/DSCF0660.JPG,2022-09-25T05:16:04,2023-12-27T04:48:35.654,TGR1_20231227044835.JPG
raw/Unusual Deployments/TGR1/20240105/DCIM/101MEDIA/DSCF0661.JPG,2022-09-25T05:26:04,2023-12-27T04:58:35.720,TGR1_20231227045835.JPG
raw/Unusual Deployments/TGR1/20240105/DCIM/101MEDIA/DSCF0662.JPG,2022-09-25T05:36:04,2023-12-27T05:08:35.785,TGR1_20231227050835.JPG
raw/Unusual Deployments/TGR1/20240105/DCIM/101MEDIA/DSCF0663.JPG,2022-09-25T05:46:04,2023-12-27T05:18:35.850,TGR1_20231227051835.JPG
raw/Unusual Deployments/TGR1/20240105/DCIM/101MEDIA/DSCF0664.JPG,2022-09-25T05:56:04,2023-12-27T05:28:35.915,TGR1_20231227052835.JPG
raw/Unusual Deployments/TGR1/20240105/DCIM/101MEDIA/DSCF0665.JPG,2022-09-25T06:06:04,2023-12-27T05:38:35.980,TGR1_20231227053835.JPG
raw/Unusual Deployments/TGR1/20240105/DCIM/101MEDIA/DSCF0666.JPG,2022-09-25T06:16:04,2023-12-27T05:48:36.045,TGR1_20231227054836.JPG
raw/Unusual Deployments/TGR1/20240105/DCIM/101MEDIA/DSCF0667.JPG,2022-09-25T06:26:04,2023-12-27T05:58:36.111,TGR1_20231227055836.JPG
raw/Unusual Deployments/TGR1/20240105/DCIM/101MEDIA/DSCF0668.JPG,2022-09-25T06:36:04,2023-12-27T06:08:36.176,TGR1_20231227060836.JPG
raw/Unusual Deployments/TGR1/20240105/DCIM/101MEDIA/DSCF0669.JPG,2022-09-25T06:46:04,2023-12-27T06:18:36.241,TGR1_20231227061836.JPG
raw/Unusual Deployments/TGR1/20240105/DCIM/101MEDIA/DSCF0670.JPG,2022-09-25T06:56:04,2023-12-27T06:28:36.306,TGR1_20231227062836.JPG
raw/Unusual Deployments/TGR1/20240105/DCIM/101MEDIA/DSCF0671.JPG,2022-09-25T07:06:04,2023-12-27T06:38:36.371,TGR1_20231227063836.JPG
raw/Unusual Deployments/TGR1/20240105/DCIM/101MEDIA/DSCF0672.JPG,2022-09-25T07:16:04,2023-12-27T06:48:36.436,TGR1_20231227064836.JPG
raw/Unusual Deployments/TGR1/20240105/DCIM/101MEDIA/DSCF0673.JPG,2022-09-25T07:26:04,2023-12-27T06:58:36.502,TGR1_20231227065836.JPG
raw/Unusual Deployments/TGR1/20240105/DCIM/101MEDIA/DSCF0674.JPG,2022-09-25T07:36:04,2023-12-27T07:08:36.567,TGR1_20231227070836.JPG
raw/Unusual Deployments/TGR1/20240105/DCIM/101MEDIA/DSCF0675.JPG,2022-09-25T07:46:04,2023-12-27T07:18:36.632,TGR1_20231227071836.JPG
raw/Unusual Deployments/TGR1/20240105/DCIM/101MEDIA/DSCF0676.JPG,2022-09-25T07:56:04,2023-12-27T07:28:36.697,TGR1_20231227072836.JPG
raw/Unusual Deployments/TGR1/20240105/DCIM/101MEDIA/DSCF0677.JPG,2022-09-25T08:06:04,2023-12-27T07:38:36.762,TGR1_20231227073836.JPG
raw/Unusual Deployments/TGR1/20240105/DCIM/101MEDIA/DSCF0678.JPG,2022-09-25T08:16:04,2023-12-27T07:48:36.827,TGR1_20231227074836.JPG
raw/Unusual Deployments/TGR1/20240105/DCIM/101MEDIA/DSCF0679.JPG,2022-09-25T08:26:04,2023-12-27T07:58:36.893,TGR1_20231227075836.JPG
raw/Unusual Deployments/TGR1/20240105/DCIM/101MEDIA/DSCF0680.JPG,2022-09-25T08:36:04,2023-12-27T08:08:36.958,TGR1_20231227080836.JPG
raw/Unusual Deployments/TGR1/20240105/DCIM/101MEDIA/DSCF0681.JPG,2022-09-25T08:46:04,2023-12-27T08:18:37.023,TGR1_20231227081837.JPG
raw/Unusual Deployments/TGR1/20240105/DCIM/101MEDIA/DSCF0682.JPG,2022-09-25T08:56:04,2023-12-27T08:28:37.088,TGR1_20231227082837.JPG
raw/Unusual Deployments/TGR1/20240105/DCIM/101MEDIA/DSCF0683.JPG,2022-09-25T09:06:04,2023-12-27T08:38:37.153,TGR1_20231227083837.JPG
raw/Unusual Deployments/TGR1/20240105/DCIM/101MEDIA/DSCF0684.JPG,2022-09-25T09:16:04,2023-12-27T08:48:37.218,TGR1_20231227084837.JPG
raw/Unusual Deployments/TGR1/20240105/DCIM/101MEDIA/DSCF0685.JPG,2022-09-25T09:26:04,2023-12-27T08:58:37.284,TGR1_20231227085837.JPG
raw/Unusual Deployments/TGR1/20240105/DCIM/101MEDIA/DSCF0686.JPG,2022-09-25T09:36:04,2023-12-27T09:08:37.349,TGR1_20231227090837.JPG
raw/Unusual Deployments/TGR1/20240105/DCIM/101MEDIA/DSCF0687.JPG,2022-09-25T09:46:04,2023-12-27T09:18:37.414,TGR1_20231227091837.JPG
raw/Unusual Deployments/TGR1/20240105/DCIM/101MEDIA/DSCF0688.JPG,2022-09-25T09:56:04,2023-12-27T09:28:37.479,TGR1_20231227092837.JPG
raw/Unusual Deployments/TGR1/20240105/DCIM/101MEDIA/DSCF0689.JPG,2022-09-25T10:06:04,2023-12-27T09:38:37.544,TGR1_20231227093837.JPG
raw/Unusual Deployments/TGR1/20240105/DCIM/101MEDIA/DSCF0690.JPG,2022-09-25T10:16:04,2023-12-27T09:48:37.609,TGR1_20231227094837.JPG
raw/Unusual Deployments/TGR1/20240105/DCIM/101MEDIA/DSCF0691.JPG,2022-09-25T10:26:04,2023-12-27T09:58:37.675,TGR1_20231227095837.JPG
raw/Unusual Deployments/TGR1/20240105/DCIM/101MEDIA/DSCF0692.JPG,2022-09-25T10:36:04,2023-12-27T10:08:37.740,TGR1_20231227100837.JPG
raw/Unusual Deployments/TGR1/20240105/DCIM/101MEDIA/DSCF0693.JPG,2022-09-25T10:46:04,2023-12-27T10:18:37.805,TGR1_20231227101837.JPG
raw/Unusual Deployments/TGR1/20240105/DCIM/101MEDIA/DSCF0694.JPG,2022-09-25T10:56:04,2023-12-27T10:28:37.870,TGR1_20231227102837.JPG
raw/Unusual Deployments/TGR1/20240105/DCIM/101MEDIA/DSCF0695.JPG,2022-09-25T11:06:04,2023-12-27T10:38:37.935,TGR1_20231227103837.JPG
raw/Unusual Deployments/TGR1/20240105/DCIM/101MEDIA/DSCF0696.JPG,2022-09-25T11:16:04,2023-12-27T10:48:38.000,TGR1_20231227104838.JPG
raw/Unusual Deployments/TGR1/20240105/DCIM/101MEDIA/DSCF0697.JPG,2022-09-25T11:26:04,2023-12-27T10:58:38.066,TGR1_20231227105838.JPG
raw/Unusual Deployments/TGR1/20240105/DCIM/101MEDIA/DSCF0698.JPG,2022-09-25T11:36:04,2023-12-27T11:08:38.131,TGR1_20231227110838.JPG
raw/Unusual Deployments/TGR1/20240105/DCIM/101MEDIA/DSCF0699.JPG,2022-09-25T11:46:04,2023-12-27T11:18:38.196,TGR1_20231227111838.JPG
raw/Unusual Deployments/TGR1/20240105/DCIM/101MEDIA/DSCF0700.JPG,2022-09-25T11:56:04,2023-12-27T11:28:38.261,TGR1_20231227112838.JPG
raw/Unusual Deployments/TGR1/20240105/DCIM/101MEDIA/DSCF0701.JPG,2022-09-25T12:06:04,2023-12-27T11:38:38.326,TGR1_20231227113838.JPG
raw/Unusual Deployments/TGR1/20240105/DCIM/101MEDIA/DSCF0702.JPG,2022-09-25T12:16:04,2023-12-27T11:48:38.391,TGR1_20231227114838.JPG
raw/Unusual Deployments/TGR1/20240105/DCIM/101MEDIA/DSCF0703.JPG,2022-09-25T12:26:04,2023-12-27T11:58:38.457,TGR1_20231227115838.JPG
raw/Unusual Deployments/TGR1/20240105/DCIM/101MEDIA/DSCF0704.JPG,2022-09-25T12:36:04,2023-12-27T12:08:38.522,TGR1_20231227120838.JPG
raw/Unusual Deployments/TGR1/20240105/DCIM/101MEDIA/DSCF0705.JPG,2022-09-25T12:46:04,2023-12-27T12:18:38.587,TGR1_20231227121838.JPG
raw/Unusual Deployments/TGR1/20240105/DCIM/101MEDIA/DSCF0706.JPG,2022-09-25T12:56:04,2023-12-27T12:28:38.652,TGR1_20231227122838.JPG
raw/Unusual Deployments/TGR1/20240105/DCIM/101MEDIA/DSCF0707.JPG,2022-09-25T13:06:04,2023-12-27T12:38:38.717,TGR1_20231227123838.JPG
raw/Unusual Deployments/TGR1/20240105/DCIM/101MEDIA/DSCF0708.JPG,2022-09-25T13:16:04,2023-12-27T12:48:38.782,TGR1_20231227124838.JPG
raw/Unusual Deployments/TGR1/20240105/DCIM/101MEDIA/DSCF0709.JPG,2022-09-25T13:26:04,2023-12-27T12:58:38.848,TGR1_20231227125838.JPG
raw/Unusual Deployments/TGR1/20240105/DCIM/101MEDIA/DSCF0710.JPG,2022-09-25T13:36:03,2023-12-27T13:08:37.913,TGR1_20231227130837.JPG
raw/Unusual Deployments/TGR1/20240105/DCIM/101MEDIA/DSCF0711.JPG,2022-09-25T13:46:04,2023-12-27T13:18:38.978,TGR1_20231227131838.JPG
raw/Unusual Deployments/TGR1/20240105/DCIM/101MEDIA/DSCF0712.JPG,2022-09-25T13:56:04,2023-12-27T13:28:39.043,TGR1_20231227132839.JPG
raw/Unusual Deployments/TGR1/20240105/DCIM/101MEDIA/DSCF0713.JPG,2022-09-25T14:06:04,2023-12-27T13:38:39.108,TGR1_20231227133839.JPG
raw/Unusual Deployments/TGR1/20240105/DCIM/101MEDIA/DSCF0714.JPG,2022-09-25T14:16:04,2023-12-27T13:48:39.173,TGR1_20231227134839.JPG
raw/Unusual Deployments/TGR1/20240105/DCIM/101MEDIA/DSCF0715.JPG,2022-09-25T14:26:04,2023-12-27T13:58:39.239,TGR1_20231227135839.JPG
raw/Unusual Deployments/TGR1/20240105/DCIM/101MEDIA/DSCF0716.JPG,2022-09-25T14:36:04,2023-12-27T14:08:39.304,TGR1_20231227140839.JPG
raw/Unusual Deployments/TGR1/20240105/DCIM/101MEDIA/DSCF0717.JPG,2022-09-25T14:46:04,2023-12-27T14:18:39.369,TGR1_20231227141839.JPG
raw/Unusual Deployments/TGR1/20240105/DCIM/101MEDIA/DSCF0718.JPG,2022-09-25T14:56:04,2023-12-27T14:28:39.434,TGR1_20231227142839.JPG
raw/Unusual Deployments/TGR1/20240105/DCIM/101MEDIA/DSCF0719.JPG,2022-09-25T15:06:04,2023-12-27T14:38:39.499,TGR1_20231227143839.JPG
raw/Unusual Deployments/TGR1/20240105/DCIM/101MEDIA/DSCF0720.JPG,2022-09-25T15:16:04,2023-12-27T14:48:39.564,TGR1_20231227144839.JPG
raw/Unusual Deployments/TGR1/20240105/DCIM/101MEDIA/DSCF0721.JPG,2022-09-25T15:26:04,2023-12-27T14:58:39.630,TGR1_20231227145839.JPG
raw/Unusual Deployments/TGR1/20240105/DCIM/101MEDIA/DSCF0722.JPG,2022-09-25T15:36:04,2023-12-27T15:08:39.695,TGR1_20231227150839.JPG
raw/Unusual Deployments/TGR1/20240105/DCIM/101MEDIA/DSCF0723.JPG,2022-09-25T15:46:04,2023-12-27T15:18:39.760,TGR1_20231227151839.JPG
raw/Unusual Deployments/TGR1/20240105/DCIM/101MEDIA/DSCF0724.JPG,2022-09-25T15:56:04,2023-12-27T15:28:39.825,TGR1_20231227152839.JPG
raw/Unusual Deployments/TGR1/20240105/DCIM/101MEDIA/DSCF0725.JPG,2022-09-25T16:06:04,2023-12-27T15:38:39.890,TGR1_20231227153839.JPG
raw/Unusual Deployments/TGR1/20240105/DCIM/101MEDIA/DSCF0726.JPG,2022-09-25T16:16:04,2023-12-27T15:48:39.955,TGR1_20231227154839.JPG
raw/Unusual Deployments/TGR1/20240105/DCIM/101MEDIA/DSCF0727.JPG,2022-09-25T16:26:04,2023-12-27T15:58:40.021,TGR1_20231227155840.JPG
raw/Unusual Deployments/TGR1/20240105/DCIM/101MEDIA/DSCF0728.JPG,2022-09-25T16:36:04,2023-12-27T16:08:40.086,TGR1_20231227160840.JPG
raw/Unusual Deployments/TGR1/20240105/DCIM/101MEDIA/DSCF0729.JPG,2022-09-25T16:46:04,2023-12-27T16:18:40.151,TGR1_20231227161840.JPG
raw/Unusual Deployments/TGR1/20240105/DCIM/101MEDIA/DSCF0730.JPG,2022-09-25T16:56:04,2023-12-27T16:28:40.216,TGR1_20231227162840.JPG
raw/Unusual Deployments/TGR1/20240105/DCIM/101MEDIA/DSCF0731.JPG,2022-09-25T17:06:04,2023-12-27T16:38:40.281,TGR1_20231227163840.JPG
raw/Unusual Deployments/TGR1/20240105/DCIM/101MEDIA/DSCF0732.JPG,2022-09-25T17:16:04,2023-12-27T16:48:40.346,TGR1_20231227164840.JPG
raw/Unusual Deployments/TGR1/20240105/DCIM/101MEDIA/DSCF0733.JPG,2022-09-25T17:26:04,2023-12-27T16:58:40.412,TGR1_20231227165840.JPG
raw/Unusual Deployments/TGR1/20240105/DCIM/101MEDIA/DSCF0734.JPG,2022-09-25T17:36:04,2023-12-27T17:08:40.477,TGR1_20231227170840.JPG
raw/Unusual Deployments/TGR1/20240105/DCIM/101MEDIA/DSCF0735.JPG,2022-09-25T17:46:04,2023-12-27T17:18:40.542,TGR1_20231227171840.JPG
raw/Unusual Deployments/TGR1/20240105/DCIM/101MEDIA/DSCF0736.JPG,2022-09-25T17:56:04,2023-12-27T17:28:40.607,TGR1_20231227172840.JPG
raw/Unusual Deployments/TGR1/20240105/DCIM/101MEDIA/DSCF0737.JPG,2022-09-25T18:06:04,2023-12-27T17:38:40.672,TGR1_20231227173840.JPG
raw/Unusual Deployments/TGR1/20240105/DCIM/101MEDIA/DSCF0738.JPG,2022-09-25T18:16:05,2023-12-27T17:48:41.737,TGR1_20231227174841.JPG
raw/Unusual Deployments/TGR1/20240105/DCIM/101MEDIA/DSCF0739.JPG,2022-09-25T18:26:04,2023-12-27T17:58:40.802,TGR1_20231227175840.JPG
raw/Unusual Deployments/TGR1/20240105/DCIM/101MEDIA/DSCF0740.JPG,2022-09-25T18:36:04,2023-12-27T18:08:40.868,TGR1_20231227180840.JPG
raw/Unusual Deployments/TGR1/20240105/DCIM/101MEDIA/DSCF0741.JPG,2022-09-25T18:46:04,2023-12-27T18:18:40.933,TGR1_20231227181840.JPG
raw/Unusual Deployments/TGR1/20240105/DCIM/101MEDIA/DSCF0742.JPG,2022-09-25T18:56:04,2023-12-27T18:28:40.998,TGR1_20231227182840.JPG
raw/Unusual Deployments/TGR1/20240105/DCIM/101MEDIA/DSCF0743.JPG,2022-09-25T19:06:04,2023-12-27T18:38:41.063,TGR1_20231227183841.JPG
raw/Unusual Deployments/TGR1/20240105/DCIM/101MEDIA/DSCF0744.JPG,2022-09-25T19:16:04,2023-12-27T18:48:41.128,TGR1_20231227184841.JPG
raw/Unusual Deployments/TGR1/20240105/DCIM/101MEDIA/DSCF0745.JPG,2022-09-25T19:26:04,2023-12-27T18:58:41.193,TGR1_20231227185841.JPG
raw/Unusual Deployments/TGR1/20240105/DCIM/101MEDIA/DSCF0746.JPG,2022-09-25T19:36:04,2023-12-27T19:08:41.259,TGR1_20231227190841.JPG
raw/Unusual Deployments/TGR1/20240105/DCIM/101MEDIA/DSCF0747.JPG,2022-09-25T19:46:04,2023-12-27T19:18:41.324,TGR1_20231227191841.JPG
raw/Unusual Deployments/TGR1/20240105/DCIM/101MEDIA/DSCF0748.JPG,2022-09-25T19:56:04,2023-12-27T19:28:41.389,TGR1_20231227192841.JPG
raw/Unusual Deployments/TGR1/20240105/DCIM/101MEDIA/DSCF0749.JPG,2022-09-25T20:06:04,2023-12-27T19:38:41.454,TGR1_20231227193841.JPG
raw/Unusual Deployments/TGR1/20240105/DCIM/101MEDIA/DSCF0750.JPG,2022-09-25T20:16:04,2023-12-27T19:48:41.519,TGR1_20231227194841.JPG
raw/Unusual Deployments/TGR1/20240105/DCIM/101MEDIA/DSCF0751.JPG,2022-09-25T20:26:04,2023-12-27T19:58:41.584,TGR1_20231227195841.JPG
raw/Unusual Deployments/TGR1/20240105/DCIM/101MEDIA/DSCF0752.JPG,2022-09-25T20:36:04,2023-12-27T20:08:41.650,TGR1_20231227200841.JPG
raw/Unusual Deployments/TGR1/20240105/DCIM/101MEDIA/DSCF0753.JPG,2022-09-25T20:46:04,2023-12-27T20:18:41.715,TGR1_20231227201841.JPG
raw/Unusual Deployments/TGR1/20240105/DCIM/101MEDIA/DSCF0754.JPG,2022-09-25T20:56:04,2023-12-27T20:28:41.780,TGR1_20231227202841.JPG
raw/Unusual Deployments/TGR1/20240105/DCIM/101MEDIA/DSCF0755.JPG,2022-09-25T21:06:04,2023-12-27T20:38:41.845,TGR1_20231227203841.JPG
raw/Unusual Deployments/TGR1/20240105/DCIM/101MEDIA/DSCF0756.JPG,2022-09-25T21:16:04,2023-12-27T20:48:41.910,TGR1_20231227204841.JPG
raw/Unusual Deployments/TGR1/20240105/DCIM/101MEDIA/DSCF0757.JPG,2022-09-25T21:26:04,2023-12-27T20:58:41.975,TGR1_20231227205841.JPG
raw/Unusual Deployments/TGR1/20240105/DCIM/101MEDIA/DSCF0758.JPG,2022-09-25T21:36:04,2023-12-27T21:08:42.041,TGR1_20231227210842.JPG
raw/Unusual Deployments/TGR1/20240105/DCIM/101MEDIA/DSCF0759.JPG,2022-09-25T21:46:04,2023-12-27T21:18:42.106,TGR1_20231227211842.JPG
raw/Unusual Deployments/TGR1/20240105/DCIM/101MEDIA/DSCF0760.JPG,2022-09-25T21:56:04,2023-12-27T21:28:42.171,TGR1_20231227212842.JPG
raw/Unusual Deployments/TGR1/20240105/DCIM/101MEDIA/DSCF0761.JPG,2022-09-25T22:06:04,2023-12-27T21:38:42.236,TGR1_20231227213842.JPG
raw/Unusual Deployments/TGR1/20240105/DCIM/101MEDIA/DSCF0762.JPG,2022-09-25T22:16:04,2023-12-27T21:48:42.301,TGR1_20231227214842.JPG
raw/Unusual Deployments/TGR1/20240105/DCIM/101MEDIA/DSCF0763.JPG,2022-09-25T22:26:04,2023-12-27T21:58:42.366,TGR1_20231227215842.JPG
raw/Unusual Deployments/TGR1/20240105/DCIM/101MEDIA/DSCF0764.JPG,2022-09-25T22:36:04,2023-12-27T22:08:42.432,TGR1_20231227220842.JPG
raw/Unusual Deployments/TGR1/20240105/DCIM/101MEDIA/DSCF0765.JPG,2022-09-25T22:46:04,2023-12-27T22:18:42.497,TGR1_20231227221842.JPG
raw/Unusual Deployments/TGR1/20240105/DCIM/101MEDIA/DSCF0766.JPG,2022-09-25T22:56:04,2023-12-27T22:28:42.562,TGR1_20231227222842.JPG
raw/Unusual Deployments/TGR1/20240105/DCIM/101MEDIA/DSCF0767.JPG,2022-09-25T23:06:04,2023-12-27T22:38:42.627,TGR1_20231227223842.JPG
raw/Unusual Deployments/TGR1/20240105/DCIM/101MEDIA/DSCF0768.JPG,2022-09-25T23:16:04,2023-12-27T22:48:42.692,TGR1_20231227224842.JPG
raw/Unusual Deployments/TGR1/20240105/DCIM/101MEDIA/DSCF0769.JPG,2022-09-25T23:26:04,2023-12-27T22:58:42.757,TGR1_20231227225842.JPG
raw/Unusual Deployments/TGR1/20240105/DCIM/101MEDIA/DSCF0770.JPG,2022-09-25T23:36:04,2023-12-27T23:08:42.823,TGR1_20231227230842.JPG
raw/Unusual Deployments/TGR1/20240105/DCIM/101MEDIA/DSCF0771.JPG,2022-09-25T23:46:04,2023-12-27T23:18:42.888,TGR1_20231227231842.JPG
raw/Unusual Deployments/TGR1/20240105/DCIM/101MEDIA/DSCF0772.JPG,2022-09-25T23:56:04,2023-12-27T23:28:42.953,TGR1_20231227232842.JPG
raw/Unusual Deployments/TGR1/20240105/DCIM/101MEDIA/DSCF0773.JPG,2022-09-26T00:06:04,2023-12-27T23:38:43.018,TGR1_20231227233843.JPG
raw/Unusual Deployments/TGR1/20240105/DCIM/101MEDIA/DSCF0774.JPG,2022-09-26T00:16:04,2023-12-27T23:48:43.083,TGR1_20231227234843.JPG
raw/Unusual Deployments/TGR1/20240105/DCIM/101MEDIA/DSCF0775.JPG,2022-09-26T00:26:04,2023-12-27T23:58:43.148,TGR1_20231227235843.JPG
raw/Unusual Deployments/TGR1/20240105/DCIM/101MEDIA/DSCF0776.JPG,2022-09-26T00:36:04,2023-12-28T00:08:43.214,TGR1_20231228000843.JPG
raw/Unusual Deployments/TGR1/20240105/DCIM/101MEDIA/DSCF0777.JPG,2022-09-26T00:46:04,2023-12-28T00:18:43.279,TGR1_20231228001843.JPG
raw/Unusual Deployments/TGR1/20240105/DCIM/101MEDIA/DSCF0778.JPG,2022-09-26T00:56:04,2023-12-28T00:28:43.344,TGR1_20231228002843.JPG
raw/Unusual Deployments/TGR1/20240105/DCIM/101MEDIA/DSCF0779.JPG,2022-09-26T01:06:04,2023-12-28T00:38:43.409,TGR1_20231228003843.JPG
raw/Unusual Deployments/TGR1/20240105/DCIM/101MEDIA/DSCF0780.JPG,2022-09-26T01:16:04,2023-12-28T00:48:43.474,TGR1_20231228004843.JPG
raw/Unusual Deployments/TGR1/20240105/DCIM/101MEDIA/DSCF0781.JPG,2022-09-26T01:26:04,2023-12-28T00:58:43.539,TGR1_20231228005843.JPG
raw/Unusual Deployments/TGR1/20240105/DCIM/101MEDIA/DSCF0782.JPG,2022-09-26T01:36:04,2023-12-28T01:08:43.605,TGR1_20231228010843.JPG
raw/Unusual Deployments/TGR1/20240105/DCIM/101MEDIA/DSCF0783.JPG,2022-09-26T01:46:04,2023-12-28T01:18:43.670,TGR1_20231228011843.JPG
raw/Unusual Deployments/TGR1/20240105/DCIM/101MEDIA/DSCF0784.JPG,2022-09-26T01:56:04,2023-12-28T01:28:43.735,TGR1_20231228012843.JPG
raw/Unusual Deployments/TGR1/20240105/DCIM/101MEDIA/DSCF0785.JPG,2022-09-26T02:06:04,2023-12-28T01:38:43.800,TGR1_20231228013843.JPG
raw/Unusual Deployments/TGR1/20240105/DCIM/101MEDIA/DSCF0786.JPG,2022-09-26T02:16:04,2023-12-28T01:48:43.865,TGR1_20231228014843.JPG
raw/Unusual Deployments/TGR1/20240105/DCIM/101MEDIA/DSCF0787.JPG,2022-09-26T02:26:04,2023-12-28T01:58:43.930,TGR1_20231228015843.JPG
raw/Unusual Deployments/TGR1/20240105/DCIM/101MEDIA/DSCF0788.JPG,2022-09-26T02:36:04,2023-12-28T02:08:43.996,TGR1_20231228020843.JPG
raw/Unusual Deployments/TGR1/20240105/DCIM/101MEDIA/DSCF0789.JPG,2022-09-26T02:46:04,2023-12-28T02:18:44.061,TGR1_20231228021844.JPG
raw/Unusual Deployments/TGR1/20240105/DCIM/101MEDIA/DSCF0790.JPG,2022-09-26T02:56:04,2023-12-28T02:28:44.126,TGR1_20231228022844.JPG
raw/Unusual Deployments/TGR1/20240105/DCIM/101MEDIA/DSCF0791.JPG,2022-09-26T03:06:04,2023-12-28T02:38:44.191,TGR1_20231228023844.JPG
raw/Unusual Deployments/TGR1/20240105/DCIM/101MEDIA/DSCF0792.JPG,2022-09-26T03:16:04,2023-12-28T02:48:44.256,TGR1_20231228024844.JPG
raw/Unusual Deployments/TGR1/20240105/DCIM/101MEDIA/DSCF0793.JPG,2022-09-26T03:26:04,2023-12-28T02:58:44.321,TGR1_20231228025844.JPG
raw/Unusual Deployments/TGR1/20240105/DCIM/101MEDIA/DSCF0794.JPG,2022-09-26T03:36:04,2023-12-28T03:08:44.387,TGR1_20231228030844.JPG
raw/Unusual Deployments/TGR1/20240105/DCIM/101MEDIA/DSCF0795.JPG,2022-09-26T03:46:04,2023-12-28T03:18:44.452,TGR1_20231228031844.JPG
raw/Unusual Deployments/TGR1/20240105/DCIM/101MEDIA/DSCF0796.JPG,2022-09-26T03:56:04,2023-12-28T03:28:44.517,TGR1_20231228032844.JPG
raw/Unusual Deployments/TGR1/20240105/DCIM/101MEDIA/DSCF0797.JPG,2022-09-26T04:06:04,2023-12-28T03:38:44.582,TGR1_20231228033844.JPG
raw/Unusual Deployments/TGR1/20240105/DCIM/101MEDIA/DSCF0798.JPG,2022-09-26T04:16:04,2023-12-28T03:48:44.647,TGR1_20231228034844.JPG
raw/Unusual Deployments/TGR1/20240105/DCIM/101MEDIA/DSCF0799.JPG,2022-09-26T04:26:04,2023-12-28T03:58:44.712,TGR1_20231228035844.JPG
raw/Unusual Deployments/TGR1/20240105/DCIM/101MEDIA/DSCF0800.JPG,2022-09-26T04:36:04,2023-12-28T04:08:44.778,TGR1_20231228040844.JPG
raw/Unusual Deployments/TGR1/20240105/DCIM/101MEDIA/DSCF0801.JPG,2022-09-26T04:46:04,2023-12-28T04:18:44.843,TGR1_20231228041844.JPG
raw/Unusual Deployments/TGR1/20240105/DCIM/101MEDIA/DSCF0802.JPG,2022-09-26T04:56:04,2023-12-28T04:28:44.908,TGR1_20231228042844.JPG
raw/Unusual Deployments/TGR1/20240105/DCIM/101MEDIA/DSCF0803.JPG,2022-09-26T05:06:04,2023-12-28T04:38:44.973,TGR1_20231228043844.JPG
raw/Unusual Deployments/TGR1/20240105/DCIM/101MEDIA/DSCF0804.JPG,2022-09-26T05:16:04,2023-12-28T04:48:45.038,TGR1_20231228044845.JPG
raw/Unusual Deployments/TGR1/20240105/DCIM/101MEDIA/DSCF0805.JPG,2022-09-26T05:26:04,2023-12-28T04:58:45.103,TGR1_20231228045845.JPG
raw/Unusual Deployments/TGR1/20240105/DCIM/101MEDIA/DSCF0806.JPG,2022-09-26T05:36:04,2023-12-28T05:08:45.169,TGR1_20231228050845.JPG
raw/Unusual Deployments/TGR1/20240105/DCIM/101MEDIA/DSCF0807.JPG,2022-09-26T05:46:04,2023-12-28T05:18:45.234,TGR1_20231228051845.JPG
raw/Unusual Deployments/TGR1/20240105/DCIM/101MEDIA/DSCF0808.JPG,2022-09-26T05:56:04,2023-12-28T05:28:45.299,TGR1_20231228052845.JPG
raw/Unusual Deployments/TGR1/20240105/DCIM/101MEDIA/DSCF0809.JPG,2022-09-26T06:06:04,2023-12-28T05:38:45.364,TGR1_20231228053845.JPG
raw/Unusual Deployments/TGR1/20240105/DCIM/101MEDIA/DSCF0810.JPG,2022-09-26T06:16:04,2023-12-28T05:48:45.429,TGR1_20231228054845.JPG
raw/Unusual Deployments/TGR1/20240105/DCIM/101MEDIA/DSCF0811.JPG,2022-09-26T06:26:04,2023-12-28T05:58:45.494,TGR1_20231228055845.JPG
raw/Unusual Deployments/TGR1/20240105/DCIM/101MEDIA/DSCF0812.JPG,2022-09-26T06:36:04,2023-12-28T06:08:45.560,TGR1_20231228060845.JPG
raw/Unusual Deployments/TGR1/20240105/DCIM/101MEDIA/DSCF0813.JPG,2022-09-26T06:46:04,2023-12-28T06:18:45.625,TGR1_20231228061845.JPG
raw/Unusual Deployments/TGR1/20240105/DCIM/101MEDIA/DSCF0814.JPG,2022-09-26T06:56:04,2023-12-28T06:28:45.690,TGR1_20231228062845.JPG
raw/Unusual Deployments/TGR1/20240105/DCIM/101MEDIA/DSCF0815.JPG,2022-09-26T07:06:04,2023-12-28T06:38:45.755,TGR1_20231228063845.JPG
raw/Unusual Deployments/TGR1/20240105/DCIM/101MEDIA/DSCF0816.JPG,2022-09-26T07:16:04,2023-12-28T06:48:45.820,TGR1_20231228064845.JPG
raw/Unusual Deployments/TGR1/20240105/DCIM/101MEDIA/DSCF0817.JPG,2022-09-26T07:26:04,2023-12-28T06:58:45.885,TGR1_20231228065845.JPG
raw/Unusual Deployments/TGR1/20240105/DCIM/101MEDIA/DSCF0818.JPG,2022-09-26T07:36:04,2023-12-28T07:08:45.951,TGR1_20231228070845.JPG
raw/Unusual Deployments/TGR1/20240105/DCIM/101MEDIA/DSCF0819.JPG,2022-09-26T07:46:04,2023-12-28T07:18:46.016,TGR1_20231228071846.JPG
raw/Unusual Deployments/TGR1/20240105/DCIM/101MEDIA/DSCF0820.JPG,2022-09-26T07:56:04,2023-12-28T07:28:46.081,TGR1_20231228072846.JPG
raw/Unusual Deployments/TGR1/20240105/DCIM/101MEDIA/DSCF0821.JPG,2022-09-26T08:06:04,2023-12-28T07:38:46.146,TGR1_20231228073846.JPG
raw/Unusual Deployments/TGR1/20240105/DCIM/101MEDIA/DSCF0822.JPG,2022-09-26T08:16:04,2023-12-28T07:48:46.211,TGR1_20231228074846.JPG
raw/Unusual Deployments/TGR1/20240105/DCIM/101MEDIA/DSCF0823.JPG,2022-09-26T08:26:04,2023-12-28T07:58:46.276,TGR1_20231228075846.JPG
raw/Unusual Deployments/TGR1/20240105/DCIM/101MEDIA/DSCF0824.JPG,2022-09-26T08:36:04,2023-12-28T08:08:46.342,TGR1_20231228080846.JPG
raw/Unusual Deployments/TGR1/20240105/DCIM/101MEDIA/DSCF0825.JPG,2022-09-26T08:46:04,2023-12-28T08:18:46.407,TGR1_20231228081846.JPG
raw/Unusual Deployments/TGR1/20240105/DCIM/101MEDIA/DSCF0826.JPG,2022-09-26T08:56:04,2023-12-28T08:28:46.472,TGR1_20231228082846.JPG
raw/Unusual Deployments/TGR1/20240105/DCIM/101MEDIA/DSCF0827.JPG,2022-09-26T09:06:04,2023-12-28T08:38:46.537,TGR1_20231228083846.JPG
raw/Unusual Deployments/TGR1/20240105/DCIM/101MEDIA/DSCF0828.JPG,2022-09-26T09:16:04,2023-12-28T08:48:46.602,TGR1_20231228084846.JPG
raw/Unusual Deployments/TGR1/20240105/DCIM/101MEDIA/DSCF0829.JPG,2022-09-26T09:26:04,2023-12-28T08:58:46.667,TGR1_20231228085846.JPG
raw/Unusual Deployments/TGR1/20240105/DCIM/101MEDIA/DSCF0830.JPG,2022-09-26T09:36:04,2023-12-28T09:08:46.733,TGR1_20231228090846.JPG
raw/Unusual Deployments/TGR1/20240105/DCIM/101MEDIA/DSCF0831.JPG,2022-09-26T09:46:04,2023-12-28T09:18:46.798,TGR1_20231228091846.JPG
raw/Unusual Deployments/TGR1/20240105/DCIM/101MEDIA/DSCF0832.JPG,2022-09-26T09:56:04,2023-12-28T09:28:46.863,TGR1_20231228092846.JPG
raw/Unusual Deployments/TGR1/20240105/DCIM/101MEDIA/DSCF0833.JPG,2022-09-26T10:06:04,2023-12-28T09:38:46.928,TGR1_20231228093846.JPG
raw/Unusual Deployments/TGR1/20240105/DCIM/101MEDIA/DSCF0834.JPG,2022-09-26T10:16:04,2023-12-28T09:48:46.993,TGR1_20231228094846.JPG
raw/Unusual Deployments/TGR1/20240105/DCIM/101MEDIA/DSCF0835.JPG,2022-09-26T10:26:04,2023-12-28T09:58:47.058,TGR1_20231228095847.JPG
raw/Unusual Deployments/TGR1/20240105/DCIM/101MEDIA/DSCF0836.JPG,2022-09-26T10:36:03,2023-12-28T10:08:46.123,TGR1_20231228100846.JPG
raw/Unusual Deployments/TGR1/20240105/DCIM/101MEDIA/DSCF0837.JPG,2022-09-26T10:46:04,2023-12-28T10:18:47.189,TGR1_20231228101847.JPG
raw/Unusual Deployments/TGR1/20240105/DCIM/101MEDIA/DSCF0838.JPG,2022-09-26T10:56:04,2023-12-28T10:28:47.254,TGR1_20231228102847.JPG
raw/Unusual Deployments/TGR1/20240105/DCIM/101MEDIA/DSCF0839.JPG,2022-09-26T11:06:04,2023-12-28T10:38:47.319,TGR1_20231228103847.JPG
raw/Unusual Deployments/TGR1/20240105/DCIM/101MEDIA/DSCF0840.JPG,2022-09-26T11:16:04,2023-12-28T10:48:47.384,TGR1_20231228104847.JPG
raw/Unusual Deployments/TGR1/20240105/DCIM/101MEDIA/DSCF0841.JPG,2022-09-26T11:26:04,2023-12-28T10:58:47.449,TGR1_20231228105847.JPG
raw/Unusual Deployments/TGR1/20240105/DCIM/101MEDIA/DSCF0842.JPG,2022-09-26T11:36:04,2023-12-28T11:08:47.515,TGR1_20231228110847.JPG
raw/Unusual Deployments/TGR1/20240105/DCIM/101MEDIA/DSCF0843.JPG,2022-09-26T11:46:04,2023-12-28T11:18:47.580,TGR1_20231228111847.JPG
raw/Unusual Deployments/TGR1/20240105/DCIM/101MEDIA/DSCF0844.JPG,2022-09-26T11:56:04,2023-12-28T11:28:47.645,TGR1_20231228112847.JPG
raw/Unusual Deployments/TGR1/20240105/DCIM/101MEDIA/DSCF0845.JPG,2022-09-26T12:06:04,2023-12-28T11:38:47.710,TGR1_20231228113847.JPG
raw/Unusual Deployments/TGR1/20240105/DCIM/101MEDIA/DSCF0846.JPG,2022-09-26T12:16:04,2023-12-28T11:48:47.775,TGR1_20231228114847.JPG
raw/Unusual Deployments/TGR1/20240105/DCIM/101MEDIA/DSCF0847.JPG,2022-09-26T12:26:05,2023-12-28T11:58:48.840,TGR1_20231228115848.JPG
raw/Unusual Deployments/TGR1/20240105/DCIM/101MEDIA/DSCF0848.JPG,2022-09-26T12:36:04,2023-12-28T12:08:47.906,TGR1_20231228120847.JPG
raw/Unusual Deployments/TGR1/20240105/DCIM/101MEDIA/DSCF0849.JPG,2022-09-26T12:46:04,2023-12-28T12:18:47.971,TGR1_20231228121847.JPG
raw/Unusual Deployments/TGR1/20240105/DCIM/101MEDIA/DSCF0850.JPG,2022-09-26T12:56:04,2023-12-28T12:28:48.036,TGR1_20231228122848.JPG
raw/Unusual Deployments/TGR1/20240105/DCIM/101MEDIA/DSCF0851.JPG,2022-09-26T13:06:04,2023-12-28T12:38:48.101,TGR1_20231228123848.JPG
raw/Unusual Deployments/TGR1/20240105/DCIM/101MEDIA/DSCF0852.JPG,2022-09-26T13:16:04,2023-12-28T12:48:48.166,TGR1_20231228124848.JPG
raw/Unusual Deployments/TGR1/20240105/DCIM/101MEDIA/DSCF0853.JPG,2022-09-26T13:26:04,2023-12-28T12:58:48.231,TGR1_20231228125848.JPG
raw/Unusual Deployments/TGR1/20240105/DCIM/101MEDIA/DSCF0854.JPG,2022-09-26T13:36:04,2023-12-28T13:08:48.297,TGR1_20231228130848.JPG
raw/Unusual Deployments/TGR1/20240105/DCIM/101MEDIA/DSCF0855.JPG,2022-09-26T13:46:04,2023-12-28T13:18:48.362,TGR1_20231228131848.JPG
raw/Unusual Deployments/TGR1/20240105/DCIM/101MEDIA/DSCF0856.JPG,2022-09-26T13:56:04,2023-12-28T13:28:48.427,TGR1_20231228132848.JPG
raw/Unusual Deployments/TGR1/20240105/DCIM/101MEDIA/DSCF0857.JPG,2022-09-26T14:06:04,2023-12-28T13:38:48.492,TGR1_20231228133848.JPG
raw/Unusual Deployments/TGR1/20240105/DCIM/101MEDIA/DSCF0858.JPG,2022-09-26T14:16:04,2023-12-28T13:48:48.557,TGR1_20231228134848.JPG
raw/Unusual Deployments/TGR1/20240105/DCIM/101MEDIA/DSCF0859.JPG,2022-09-26T14:26:04,2023-12-28T13:58:48.622,TGR1_20231228135848.JPG
raw/Unusual Deployments/TGR1/20240105/DCIM/101MEDIA/DSCF0860.JPG,2022-09-26T14:36:04,2023-12-28T14:08:48.687,TGR1_20231228140848.JPG
raw/Unusual Deployments/TGR1/20240105/DCIM/101MEDIA/DSCF0861.JPG,2022-09-26T14:46:04,2023-12-28T14:18:48.753,TGR1_20231228141848.JPG
raw/Unusual Deployments/TGR1/20240105/DCIM/101MEDIA/DSCF0862.JPG,2022-09-26T14:56:04,2023-12-28T14:28:48.818,TGR1_20231228142848.JPG
raw/Unusual Deployments/TGR1/20240105/DCIM/101MEDIA/DSCF0863.JPG,2022-09-26T15:06:04,2023-12-28T14:38:48.883,TGR1_20231228143848.JPG
raw/Unusual Deployments/TGR1/20240105/DCIM/101MEDIA/DSCF0864.JPG,2022-09-26T15:16:04,2023-12-28T14:48:48.948,TGR1_20231228144848.JPG
raw/Unusual Deployments/TGR1/20240105/DCIM/101MEDIA/DSCF0865.JPG,2022-09-26T15:26:04,2023-12-28T14:58:49.013,TGR1_20231228145849.JPG
raw/Unusual Deployments/TGR1/20240105/DCIM/101MEDIA/DSCF0866.JPG,2022-09-26T15:36:04,2023-12-28T15:08:49.078,TGR1_20231228150849.JPG
raw/Unusual Deployments/TGR1/20240105/DCIM/101MEDIA/DSCF0867.JPG,2022-09-26T15:46:04,2023-12-28T15:18:49.144,TGR1_20231228151849.JPG
raw/Unusual Deployments/TGR1/20240105/DCIM/101MEDIA/DSCF0868.JPG,2022-09-26T15:56:04,2023-12-28T15:28:49.209,TGR1_20231228152849.JPG
raw/Unusual Deployments/TGR1/20240105/DCIM/101MEDIA/DSCF0869.JPG,2022-09-26T16:06:04,2023-12-28T15:38:49.274,TGR1_20231228153849.JPG
raw/Unusual Deployments/TGR1/20240105/DCIM/101MEDIA/DSCF0870.JPG,2022-09-26T16:16:04,2023-12-28T15:48:49.339,TGR1_20231228154849.JPG
raw/Unusual Deployments/TGR1/20240105/DCIM/101MEDIA/DSCF0871.JPG,2022-09-26T16:26:04,2023-12-28T15:58:49.404,TGR1_20231228155849.JPG
raw/Unusual Deployments/TGR1/20240105/DCIM/101MEDIA/DSCF0872.JPG,2022-09-26T16:36:04,2023-12-28T16:08:49.469,TGR1_20231228160849.JPG
raw/Unusual Deployments/TGR1/20240105/DCIM/101MEDIA/DSCF0873.JPG,2022-09-26T16:46:04,2023-12-28T16:18:49.535,TGR1_20231228161849.JPG
raw/Unusual Deployments/TGR1/20240105/DCIM/101MEDIA/DSCF0874.JPG,2022-09-26T16:56:04,2023-12-28T16:28:49.600,TGR1_20231228162849.JPG
raw/Unusual Deployments/TGR1/20240105/DCIM/101MEDIA/DSCF0875.JPG,2022-09-26T17:06:04,2023-12-28T16:38:49.665,TGR1_20231228163849.JPG
raw/Unusual Deployments/TGR1/20240105/DCIM/101MEDIA/DSCF0876.JPG,2022-09-26T17:16:04,2023-12-28T16:48:49.730,TGR1_20231228164849.JPG
raw/Unusual Deployments/TGR1/20240105/DCIM/101MEDIA/DSCF0877.JPG,2022-09-26T17:26:04,2023-12-28T16:58:49.795,TGR1_20231228165849.JPG
raw/Unusual Deployments/TGR1/20240105/DCIM/101MEDIA/DSCF0878.JPG,2022-09-26T17:36:04,2023-12-28T17:08:49.860,TGR1_20231228170849.JPG
raw/Unusual Deployments/TGR1/20240105/DCIM/101MEDIA/DSCF0879.JPG,2022-09-26T17:46:04,2023-12-28T17:18:49.926,TGR1_20231228171849.JPG
raw/Unusual Deployments/TGR1/20240105/DCIM/101MEDIA/DSCF0880.JPG,2022-09-26T17:56:04,2023-12-28T17:28:49.991,TGR1_20231228172849.JPG
raw/Unusual Deployments/TGR1/20240105/DCIM/101MEDIA/DSCF0881.JPG,2022-09-26T18:06:04,2023-12-28T17:38:50.056,TGR1_20231228173850.JPG
raw/Unusual Deployments/TGR1/20240105/DCIM/101MEDIA/DSCF0882.JPG,2022-09-26T18:16:05,2023-12-28T17:48:51.121,TGR1_20231228174851.JPG
raw/Unusual Deployments/TGR1/20240105/DCIM/101MEDIA/DSCF0883.JPG,2022-09-26T18:26:04,2023-12-28T17:58:50.186,TGR1_20231228175850.JPG
raw/Unusual Deployments/TGR1/20240105/DCIM/101MEDIA/DSCF0884.JPG,2022-09-26T18:36:04,2023-12-28T18:08:50.251,TGR1_20231228180850.JPG
raw/Unusual Deployments/TGR1/20240105/DCIM/101MEDIA/DSCF0885.JPG,2022-09-26T18:46:04,2023-12-28T18:18:50.317,TGR1_20231228181850.JPG
raw/Unusual Deployments/TGR1/20240105/DCIM/101MEDIA/DSCF0886.JPG,2022-09-26T18:56:04,2023-12-28T18:28:50.382,TGR1_20231228182850.JPG
raw/Unusual Deployments/TGR1/20240105/DCIM/101MEDIA/DSCF0887.JPG,2022-09-26T19:06:04,2023-12-28T18:38:50.447,TGR1_20231228183850.JPG
raw/Unusual Deployments/TGR1/20240105/DCIM/101MEDIA/DSCF0888.JPG,2022-09-26T19:16:04,2023-12-28T18:48:50.512,TGR1_20231228184850.JPG
raw/Unusual Deployments/TGR1/20240105/DCIM/101MEDIA/DSCF0889.JPG,2022-09-26T19:26:04,2023-12-28T18:58:50.577,TGR1_20231228185850.JPG
raw/Unusual Deployments/TGR1/20240105/DCIM/101MEDIA/DSCF0890.JPG,2022-09-26T19:36:04,2023-12-28T19:08:50.642,TGR1_20231228190850.JPG
raw/Unusual Deployments/TGR1/20240105/DCIM/101MEDIA/DSCF0891.JPG,2022-09-26T19:46:04,2023-12-28T19:18:50.708,TGR1_20231228191850.JPG
raw/Unusual Deployments/TGR1/20240105/DCIM/101MEDIA/DSCF0892.JPG,2022-09-26T19:56:04,2023-12-28T19:28:50.773,TGR1_20231228192850.JPG
raw/Unusual Deployments/TGR1/20240105/DCIM/101MEDIA/DSCF0893.JPG,2022-09-26T20:06:04,2023-12-28T19:38:50.838,TGR1_20231228193850.JPG
raw/Unusual Deployments/TGR1/20240105/DCIM/101MEDIA/DSCF0894.JPG,2022-09-26T20:16:04,2023-12-28T19:48:50.903,TGR1_20231228194850.JPG
raw/Unusual Deployments/TGR1/20240105/DCIM/101MEDIA/DSCF0895.JPG,2022-09-26T20:26:04,2023-12-28T19:58:50.968,TGR1_20231228195850.JPG
raw/Unusual Deployments/TGR1/20240105/DCIM/101MEDIA/DSCF0896.JPG,2022-09-26T20:36:04,2023-12-28T20:08:51.033,TGR1_20231228200851.JPG
raw/Unusual Deployments/TGR1/20240105/DCIM/101MEDIA/DSCF0897.JPG,2022-09-26T20:46:04,2023-12-28T20:18:51.099,TGR1_20231228201851.JPG
raw/Unusual Deployments/TGR1/20240105/DCIM/101MEDIA/DSCF0898.JPG,2022-09-26T20:56:04,2023-12-28T20:28:51.164,TGR1_20231228202851.JPG
raw/Unusual Deployments/TGR1/20240105/DCIM/101MEDIA/DSCF0899.JPG,2022-09-26T21:06:04,2023-12-28T20:38:51.229,TGR1_20231228203851.JPG
raw/Unusual Deployments/TGR1/20240105/DCIM/101MEDIA/DSCF0900.JPG,2022-09-26T21:16:04,2023-12-28T20:48:51.294,TGR1_20231228204851.JPG
raw/Unusual Deployments/TGR1/20240105/DCIM/101MEDIA/DSCF0901.JPG,2022-09-26T21:26:04,2023-12-28T20:58:51.359,TGR1_20231228205851.JPG
raw/Unusual Deployments/TGR1/20240105/DCIM/101MEDIA/DSCF0902.JPG,2022-09-26T21:36:04,2023-12-28T21:08:51.424,TGR1_20231228210851.JPG
raw/Unusual Deployments/TGR1/20240105/DCIM/101MEDIA/DSCF0903.JPG,2022-09-26T21:46:04,2023-12-28T21:18:51.490,TGR1_20231228211851.JPG
raw/Unusual Deployments/TGR1/20240105/DCIM/101MEDIA/DSCF0904.JPG,2022-09-26T21:56:04,2023-12-28T21:28:51.555,TGR1_20231228212851.JPG
raw/Unusual Deployments/TGR1/20240105/DCIM/101MEDIA/DSCF0905.JPG,2022-09-26T22:06:04,2023-12-28T21:38:51.620,TGR1_20231228213851.JPG
raw/Unusual Deployments/TGR1/20240105/DCIM/101MEDIA/DSCF0906.JPG,2022-09-26T22:16:04,2023-12-28T21:48:51.685,TGR1_20231228214851.JPG
raw/Unusual Deployments/TGR1/20240105/DCIM/101MEDIA/DSCF0907.JPG,2022-09-26T22:26:04,2023-12-28T21:58:51.750,TGR1_20231228215851.JPG
raw/Unusual Deployments/TGR1/20240105/DCIM/101MEDIA/DSCF0908.JPG,2022-09-26T22:36:04,2023-12-28T22:08:51.815,TGR1_20231228220851.JPG
raw/Unusual Deployments/TGR1/20240105/DCIM/101MEDIA/DSCF0909.JPG,2022-09-26T22:46:04,2023-12-28T22:18:51.881,TGR1_20231228221851.JPG
raw/Unusual Deployments/TGR1/20240105/DCIM/101MEDIA/DSCF0910.JPG,2022-09-26T22:56:04,2023-12-28T22:28:51.946,TGR1_20231228222851.JPG
raw/Unusual Deployments/TGR1/20240105/DCIM/101MEDIA/DSCF0911.JPG,2022-09-26T23:06:04,2023-12-28T22:38:52.011,TGR1_20231228223852.JPG
raw/Unusual Deployments/TGR1/20240105/DCIM/101MEDIA/DSCF0912.JPG,2022-09-26T23:16:04,2023-12-28T22:48:52.076,TGR1_20231228224852.JPG
raw/Unusual Deployments/TGR1/20240105/DCIM/101MEDIA/DSCF0913.JPG,2022-09-26T23:26:04,2023-12-28T22:58:52.141,TGR1_20231228225852.JPG
raw/Unusual Deployments/TGR1/20240105/DCIM/101MEDIA/DSCF0914.JPG,2022-09-26T23:36:04,2023-12-28T23:08:52.206,TGR1_20231228230852.JPG
raw/Unusual Deployments/TGR1/20240105/DCIM/101MEDIA/DSCF0915.JPG,2022-09-26T23:46:04,2023-12-28T23:18:52.272,TGR1_20231228231852.JPG
raw/Unusual Deployments/TGR1/20240105/DCIM/101MEDIA/DSCF0916.JPG,2022-09-26T23:56:04,2023-12-28T23:28:52.337,TGR1_20231228232852.JPG
raw/Unusual Deployments/TGR1/20240105/DCIM/101MEDIA/DSCF0917.JPG,2022-09-27T00:06:04,2023-12-28T23:38:52.402,TGR1_20231228233852.JPG
raw/Unusual Deployments/TGR1/20240105/DCIM/101MEDIA/DSCF0918.JPG,2022-09-27T00:16:04,2023-12-28T23:48:52.467,TGR1_20231228234852.JPG
raw/Unusual Deployments/TGR1/20240105/DCIM/101MEDIA/DSCF0919.JPG,2022-09-27T00:26:04,2023-12-28T23:58:52.532,TGR1_20231228235852.JPG
raw/Unusual Deployments/TGR1/20240105/DCIM/101MEDIA/DSCF0920.JPG,2022-09-27T00:36:04,2023-12-29T00:08:52.597,TGR1_20231229000852.JPG
raw/Unusual Deployments/TGR1/20240105/DCIM/101MEDIA/DSCF0921.JPG,2022-09-27T00:46:04,2023-12-29T00:18:52.663,TGR1_20231229001852.JPG
raw/Unusual Deployments/TGR1/20240105/DCIM/101MEDIA/DSCF0922.JPG,2022-09-27T00:56:04,2023-12-29T00:28:52.728,TGR1_20231229002852.JPG
raw/Unusual Deployments/TGR1/20240105/DCIM/101MEDIA/DSCF0923.JPG,2022-09-27T01:06:04,2023-12-29T00:38:52.793,TGR1_20231229003852.JPG
raw/Unusual Deployments/TGR1/20240105/DCIM/101MEDIA/DSCF0924.JPG,2022-09-27T01:16:04,2023-12-29T00:48:52.858,TGR1_20231229004852.JPG
raw/Unusual Deployments/TGR1/20240105/DCIM/101MEDIA/DSCF0925.JPG,2022-09-27T01:26:04,2023-12-29T00:58:52.923,TGR1_20231229005852.JPG
raw/Unusual Deployments/TGR1/20240105/DCIM/101MEDIA/DSCF0926.JPG,2022-09-27T01:36:04,2023-12-29T01:08:52.988,TGR1_20231229010852.JPG
raw/Unusual Deployments/TGR1/20240105/DCIM/101MEDIA/DSCF0927.JPG,2022-09-27T01:46:04,2023-12-29T01:18:53.054,TGR1_20231229011853.JPG
raw/Unusual Deployments/TGR1/20240105/DCIM/101MEDIA/DSCF0928.JPG,2022-09-27T01:56:04,2023-12-29T01:28:53.119,TGR1_20231229012853.JPG
raw/Unusual Deployments/TGR1/20240105/DCIM/101MEDIA/DSCF0929.JPG,2022-09-27T02:06:04,2023-12-29T01:38:53.184,TGR1_20231229013853.JPG
raw/Unusual Deployments/TGR1/20240105/DCIM/101MEDIA/DSCF0930.JPG,2022-09-27T02:16:04,2023-12-29T01:48:53.249,TGR1_20231229014853.JPG
raw/Unusual Deployments/TGR1/20240105/DCIM/101MEDIA/DSCF0931.JPG,2022-09-27T02:26:04,2023-12-29T01:58:53.314,TGR1_20231229015853.JPG
raw/Unusual Deployments/TGR1/20240105/DCIM/101MEDIA/DSCF0932.JPG,2022-09-27T02:36:04,2023-12-29T02:08:53.379,TGR1_20231229020853.JPG
raw/Unusual Deployments/TGR1/20240105/DCIM/101MEDIA/DSCF0933.JPG,2022-09-27T02:46:04,2023-12-29T02:18:53.445,TGR1_20231229021853.JPG
raw/Unusual Deployments/TGR1/20240105/DCIM/101MEDIA/DSCF0934.JPG,2022-09-27T02:56:04,2023-12-29T02:28:53.510,TGR1_20231229022853.JPG
raw/Unusual Deployments/TGR1/20240105/DCIM/101MEDIA/DSCF0935.JPG,2022-09-27T03:06:04,2023-12-29T02:38:53.575,TGR1_20231229023853.JPG
raw/Unusual Deployments/TGR1/20240105/DCIM/101MEDIA/DSCF0936.JPG,2022-09-27T03:16:04,2023-12-29T02:48:53.640,TGR1_20231229024853.JPG
raw/Unusual Deployments/TGR1/20240105/DCIM/101MEDIA/DSCF0937.JPG,2022-09-27T03:26:04,2023-12-29T02:58:53.705,TGR1_20231229025853.JPG
raw/Unusual Deployments/TGR1/20240105/DCIM/101MEDIA/DSCF0938.JPG,2022-09-27T03:36:04,2023-12-29T03:08:53.770,TGR1_20231229030853.JPG
raw/Unusual Deployments/TGR1/20240105/DCIM/101MEDIA/DSCF0939.JPG,2022-09-27T03:46:04,2023-12-29T03:18:53.836,TGR1_20231229031853.JPG
raw/Unusual Deployments/TGR1/20240105/DCIM/101MEDIA/DSCF0940.JPG,2022-09-27T03:56:04,2023-12-29T03:28:53.901,TGR1_20231229032853.JPG
raw/Unusual Deployments/TGR1/20240105/DCIM/101MEDIA/DSCF0941.JPG,2022-09-27T04:06:04,2023-12-29T03:38:53.966,TGR1_20231229033853.JPG
raw/Unusual Deployments/TGR1/20240105/DCIM/101MEDIA/DSCF0942.JPG,2022-09-27T04:16:04,2023-12-29T03:48:54.031,TGR1_20231229034854.JPG
raw/Unusual Deployments/TGR1/20240105/DCIM/101MEDIA/DSCF0943.JPG,2022-09-27T04:26:04,2023-12-29T03:58:54.096,TGR1_20231229035854.JPG
raw/Unusual Deployments/TGR1/20240105/DCIM/101MEDIA/DSCF0944.JPG,2022-09-27T04:36:04,2023-12-29T04:08:54.161,TGR1_20231229040854.JPG
raw/Unusual Deployments/TGR1/20240105/DCIM/101MEDIA/DSCF0945.JPG,2022-09-27T04:46:04,2023-12-29T04:18:54.227,TGR1_20231229041854.JPG
raw/Unusual Deployments/TGR1/20240105/DCIM/101MEDIA/DSCF0946.JPG,2022-09-27T04:56:04,2023-12-29T04:28:54.292,TGR1_20231229042854.JPG
raw/Unusual Deployments/TGR1/20240105/DCIM/101MEDIA/DSCF0947.JPG,2022-09-27T05:06:04,2023-12-29T04:38:54.357,TGR1_20231229043854.JPG
raw/Unusual Deployments/TGR1/20240105/DCIM/101MEDIA/DSCF0948.JPG,2022-09-27T05:16:04,2023-12-29T04:48:54.422,TGR1_20231229044854.JPG
raw/Unusual Deployments/TGR1/20240105/DCIM/101MEDIA/DSCF0949.JPG,2022-09-27T05:26:04,2023-12-29T04:58:54.487,TGR1_20231229045854.JPG
raw/Unusual Deployments/TGR1/20240105/DCIM/101MEDIA/DSCF0950.JPG,2022-09-27T05:36:04,2023-12-29T05:08:54.552,TGR1_20231229050854.JPG
raw/Unusual Deployments/TGR1/20240105/DCIM/101MEDIA/DSCF0951.JPG,2022-09-27T05:46:04,2023-12-29T05:18:54.618,TGR1_20231229051854.JPG
raw/Unusual Deployments/TGR1/20240105/DCIM/101MEDIA/DSCF0952.JPG,2022-09-27T05:56:04,2023-12-29T05:28:54.683,TGR1_20231229052854.JPG
raw/Unusual Deployments/TGR1/20240105/DCIM/101MEDIA/DSCF0953.JPG,2022-09-27T06:06:04,2023-12-29T05:38:54.748,TGR1_20231229053854.JPG
raw/Unusual Deployments/TGR1/20240105/DCIM/101MEDIA/DSCF0954.JPG,2022-09-27T06:16:04,2023-12-29T05:48:54.813,TGR1_20231229054854.JPG
raw/Unusual Deployments/TGR1/20240105/DCIM/101MEDIA/DSCF0955.JPG,2022-09-27T06:26:04,2023-12-29T05:58:54.878,TGR1_20231229055854.JPG
raw/Unusual Deployments/TGR1/20240105/DCIM/101MEDIA/DSCF0956.JPG,2022-09-27T06:36:04,2023-12-29T06:08:54.943,TGR1_20231229060854.JPG
raw/Unusual Deployments/TGR1/20240105/DCIM/101MEDIA/DSCF0957.JPG,2022-09-27T06:46:04,2023-12-29T06:18:55.009,TGR1_20231229061855.JPG
raw/Unusual Deployments/TGR1/20240105/DCIM/101MEDIA/DSCF0958.JPG,2022-09-27T06:56:04,2023-12-29T06:28:55.074,TGR1_20231229062855.JPG
raw/Unusual Deployments/TGR1/20240105/DCIM/101MEDIA/DSCF0959.JPG,2022-09-27T07:06:04,2023-12-29T06:38:55.139,TGR1_20231229063855.JPG
raw/Unusual Deployments/TGR1/20240105/DCIM/101MEDIA/DSCF0960.JPG,2022-09-27T07:16:04,2023-12-29T06:48:55.204,TGR1_20231229064855.JPG
raw/Unusual Deployments/TGR1/20240105/DCIM/101MEDIA/DSCF0961.JPG,2022-09-27T07:26:04,2023-12-29T06:58:55.269,TGR1_20231229065855.JPG
raw/Unusual Deployments/TGR1/20240105/DCIM/101MEDIA/DSCF0962.JPG,2022-09-27T07:36:05,2023-12-29T07:08:56.334,TGR1_20231229070856.JPG
raw/Unusual Deployments/TGR1/20240105/DCIM/101MEDIA/DSCF0963.JPG,2022-09-27T07:46:04,2023-12-29T07:18:55.400,TGR1_20231229071855.JPG
raw/Unusual Deployments/TGR1/20240105/DCIM/101MEDIA/DSCF0964.JPG,2022-09-27T07:56:04,2023-12-29T07:28:55.465,TGR1_20231229072855.JPG
raw/Unusual Deployments/TGR1/20240105/DCIM/101MEDIA/DSCF0965.JPG,2022-09-27T08:06:04,2023-12-29T07:38:55.530,TGR1_20231229073855.JPG
raw/Unusual Deployments/TGR1/20240105/DCIM/101MEDIA/DSCF0966.JPG,2022-09-27T08:16:04,2023-12-29T07:48:55.595,TGR1_20231229074855.JPG
raw/Unusual Deployments/TGR1/20240105/DCIM/101MEDIA/DSCF0967.JPG,2022-09-27T08:26:04,2023-12-29T07:58:55.660,TGR1_20231229075855.JPG
raw/Unusual Deployments/TGR1/20240105/DCIM/101MEDIA/DSCF0968.JPG,2022-09-27T08:36:04,2023-12-29T08:08:55.725,TGR1_20231229080855.JPG
raw/Unusual Deployments/TGR1/20240105/DCIM/101MEDIA/DSCF0969.JPG,2022-09-27T08:46:04,2023-12-29T08:18:55.791,TGR1_20231229081855.JPG
raw/Unusual Deployments/TGR1/20240105/DCIM/101MEDIA/DSCF0970.JPG,2022-09-27T08:56:04,2023-12-29T08:28:55.856,TGR1_20231229082855.JPG
raw/Unusual Deployments/TGR1/20240105/DCIM/101MEDIA/DSCF0971.JPG,2022-09-27T09:06:04,2023-12-29T08:38:55.921,TGR1_20231229083855.JPG
raw/Unusual Deployments/TGR1/20240105/DCIM/101MEDIA/DSCF0972.JPG,2022-09-27T09:16:04,2023-12-29T08:48:55.986,TGR1_20231229084855.JPG
raw/Unusual Deployments/TGR1/20240105/DCIM/101MEDIA/DSCF0973.JPG,2022-09-27T09:26:04,2023-12-29T08:58:56.051,TGR1_20231229085856.JPG
raw/Unusual Deployments/TGR1/20240105/DCIM/101MEDIA/DSCF0974.JPG,2022-09-27T09:36:04,2023-12-29T09:08:56.116,TGR1_20231229090856.JPG
raw/Unusual Deployments/TGR1/20240105/DCIM/101MEDIA/DSCF0975.JPG,2022-09-27T09:46:04,2023-12-29T09:18:56.182,TGR1_20231229091856.JPG
raw/Unusual Deployments/TGR1/20240105/DCIM/101MEDIA/DSCF0976.JPG,2022-09-27T09:56:04,2023-12-29T09:28:56.247,TGR1_20231229092856.JPG
raw/Unusual Deployments/TGR1/20240105/DCIM/101MEDIA/DSCF0977.JPG,2022-09-27T10:06:04,2023-12-29T09:38:56.312,TGR1_20231229093856.JPG
raw/Unusual Deployments/TGR1/20240105/DCIM/101MEDIA/DSCF0978.JPG,2022-09-27T10:16:03,2023-12-29T09:48:55.377,TGR1_20231229094855.JPG
raw/Unusual Deployments/TGR1/20240105/DCIM/101MEDIA/DSCF0979.JPG,2022-09-27T10:26:04,2023-12-29T09:58:56.442,TGR1_20231229095856.JPG
raw/Unusual Deployments/TGR1/20240105/DCIM/101MEDIA/DSCF0980.JPG,2022-09-27T10:36:04,2023-12-29T10:08:56.507,TGR1_20231229100856.JPG
raw/Unusual Deployments/TGR1/20240105/DCIM/101MEDIA/DSCF0981.JPG,2022-09-27T10:46:04,2023-12-29T10:18:56.573,TGR1_20231229101856.JPG
raw/Unusual Deployments/TGR1/20240105/DCIM/101MEDIA/DSCF0982.JPG,2022-09-27T10:56:04,2023-12-29T10:28:56.638,TGR1_20231229102856.JPG
raw/Unusual Deployments/TGR1/20240105/DCIM/101MEDIA/DSCF0983.JPG,2022-09-27T11:06:04,2023-12-29T10:38:56.703,TGR1_20231229103856.JPG
raw/Unusual Deployments/TGR1/20240105/DCIM/101MEDIA/DSCF0984.JPG,2022-09-27T11:16:04,2023-12-29T10:48:56.768,TGR1_20231229104856.JPG
raw/Unusual Deployments/TGR1/20240105/DCIM/101MEDIA/DSCF0985.JPG,2022-09-27T11:26:04,2023-12-29T10:58:56.833,TGR1_20231229105856.JPG
raw/Unusual Deployments/TGR1/20240105/DCIM/101MEDIA/DSCF0986.JPG,2022-09-27T11:36:04,2023-12-29T11:08:56.898,TGR1_20231229110856.JPG
raw/Unusual Deployments/TGR1/20240105/DCIM/101MEDIA/DSCF0987.JPG,2022-09-27T11:46:04,2023-12-29T11:18:56.963,TGR1_20231229111856.JPG
raw/Unusual Deployments/TGR1/20240105/DCIM/101MEDIA/DSCF0988.JPG,2022-09-27T11:56:04,2023-12-29T11:28:57.029,TGR1_20231229112857.JPG
raw/Unusual Deployments/TGR1/20240105/DCIM/101MEDIA/DSCF0989.JPG,2022-09-27T12:06:04,2023-12-29T11:38:57.094,TGR1_20231229113857.JPG
raw/Unusual Deployments/TGR1/20240105/DCIM/101MEDIA/DSCF0990.JPG,2022-09-27T12:16:04,2023-12-29T11:48:57.159,TGR1_20231229114857.JPG
raw/Unusual Deployments/TGR1/20240105/DCIM/101MEDIA/DSCF0991.JPG,2022-09-27T12:26:04,2023-12-29T11:58:57.224,TGR1_20231229115857.JPG
raw/Unusual Deployments/TGR1/20240105/DCIM/101MEDIA/DSCF0992.JPG,2022-09-27T12:36:04,2023-12-29T12:08:57.289,TGR1_20231229120857.JPG
raw/Unusual Deployments/TGR1/20240105/DCIM/101MEDIA/DSCF0993.JPG,2022-09-27T12:46:04,2023-12-29T12:18:57.354,TGR1_20231229121857.JPG
raw/Unusual Deployments/TGR1/20240105/DCIM/101MEDIA/DSCF0994.JPG,2022-09-27T12:56:04,2023-12-29T12:28:57.420,TGR1_20231229122857.JPG
raw/Unusual Deployments/TGR1/20240105/DCIM/101MEDIA/DSCF0995.JPG,2022-09-27T13:06:04,2023-12-29T12:38:57.485,TGR1_20231229123857.JPG
raw/Unusual Deployments/TGR1/20240105/DCIM/101MEDIA/DSCF0996.JPG,2022-09-27T13:16:04,2023-12-29T12:48:57.550,TGR1_20231229124857.JPG
raw/Unusual Deployments/TGR1/20240105/DCIM/101MEDIA/DSCF0997.JPG,2022-09-27T13:26:04,2023-12-29T12:58:57.615,TGR1_20231229125857.JPG
raw/Unusual Deployments/TGR1/20240105/DCIM/101MEDIA/DSCF0998.JPG,2022-09-27T13:36:04,2023-12-29T13:08:57.680,TGR1_20231229130857.JPG
raw/Unusual Deployments/TGR1/20240105/DCIM/101MEDIA/DSCF0999.JPG,2022-09-27T13:46:04,2023-12-29T13:18:57.745,TGR1_20231229131857.JPG
raw/Unusual Deployments/TGR1/20240105/DCIM/102MEDIA/DSCF0001.JPG,2022-09-27T13:56:04,2023-12-29T13:28:57.811,TGR1_20231229132857.JPG
raw/Unusual Deployments/TGR1/20240105/DCIM/102MEDIA/DSCF0002.JPG,2022-09-27T14:06:04,2023-12-29T13:38:57.876,TGR1_20231229133857.JPG
raw/Unusual Deployments/TGR1/20240105/DCIM/102MEDIA/DSCF0003.JPG,2022-09-27T14:16:04,2023-12-29T13:48:57.941,TGR1_20231229134857.JPG
raw/Unusual Deployments/TGR1/20240105/DCIM/102MEDIA/DSCF0004.JPG,2022-09-27T14:26:04,2023-12-29T13:58:58.006,TGR1_20231229135858.JPG
raw/Unusual Deployments/TGR1/20240105/DCIM/102MEDIA/DSCF0005.JPG,2022-09-27T14:36:04,2023-12-29T14:08:58.071,TGR1_20231229140858.JPG
raw/Unusual Deployments/TGR1/20240105/DCIM/102MEDIA/DSCF0006.JPG,2022-09-27T14:46:04,2023-12-29T14:18:58.136,TGR1_20231229141858.JPG
raw/Unusual Deployments/TGR1/20240105/DCIM/102MEDIA/DSCF0007.JPG,2022-09-27T14:56:04,2023-12-29T14:28:58.202,TGR1_20231229142858.JPG
raw/Unusual Deployments/TGR1/20240105/DCIM/102MEDIA/DSCF0008.JPG,2022-09-27T15:06:04,2023-12-29T14:38:58.267,TGR1_20231229143858.JPG
raw/Unusual Deployments/TGR1/20240105/DCIM/102MEDIA/DSCF0009.JPG,2022-09-27T15:16:04,2023-12-29T14:48:58.332,TGR1_20231229144858.JPG
raw/Unusual Deployments/TGR1/20240105/DCIM/102MEDIA/DSCF0010.JPG,2022-09-27T15:26:04,2023-12-29T14:58:58.397,TGR1_20231229145858.JPG
raw/Unusual Deployments/TGR1/20240105/DCIM/102MEDIA/DSCF0011.JPG,2022-09-27T15:36:04,2023-12-29T15:08:58.462,TGR1_20231229150858.JPG
raw/Unusual Deployments/TGR1/20240105/DCIM/102MEDIA/DSCF0012.JPG,2022-09-27T15:46:04,2023-12-29T15:18:58.527,TGR1_20231229151858.JPG
raw/Unusual Deployments/TGR1/20240105/DCIM/102MEDIA/DSCF0013.JPG,2022-09-27T15:56:04,2023-12-29T15:28:58.593,TGR1_20231229152858.JPG
raw/Unusual Deployments/TGR1/20240105/DCIM/102MEDIA/DSCF0014.JPG,2022-09-27T16:06:04,2023-12-29T15:38:58.658,TGR1_20231229153858.JPG
raw/Unusual Deployments/TGR1/20240105/DCIM/102MEDIA/DSCF0015.JPG,2022-09-27T16:16:04,2023-12-29T15:48:58.723,TGR1_20231229154858.JPG
raw/Unusual Deployments/TGR1/20240105/DCIM/102MEDIA/DSCF0016.JPG,2022-09-27T16:26:04,2023-12-29T15:58:58.788,TGR1_20231229155858.JPG
raw/Unusual Deployments/TGR1/20240105/DCIM/102MEDIA/DSCF0017.JPG,2022-09-27T16:36:04,2023-12-29T16:08:58.853,TGR1_20231229160858.JPG
raw/Unusual Deployments/TGR1/20240105/DCIM/102MEDIA/DSCF0018.JPG,2022-09-27T16:46:04,2023-12-29T16:18:58.918,TGR1_20231229161858.JPG
raw/Unusual Deployments/TGR1/20240105/DCIM/102MEDIA/DSCF0019.JPG,2022-09-27T16:56:04,2023-12-29T16:28:58.984,TGR1_20231229162858.JPG
raw/Unusual Deployments/TGR1/20240105/DCIM/102MEDIA/DSCF0020.JPG,2022-09-27T17:06:04,2023-12-29T16:38:59.049,TGR1_20231229163859.JPG
raw/Unusual Deployments/TGR1/20240105/DCIM/102MEDIA/DSCF0021.JPG,2022-09-27T17:16:04,2023-12-29T16:48:59.114,TGR1_20231229164859.JPG
raw/Unusual Deployments/TGR1/20240105/DCIM/102MEDIA/DSCF0022.JPG,2022-09-27T17:26:04,2023-12-29T16:58:59.179,TGR1_20231229165859.JPG
raw/Unusual Deployments/TGR1/20240105/DCIM/102MEDIA/DSCF0023.JPG,2022-09-27T17:36:04,2023-12-29T17:08:59.244,TGR1_20231229170859.JPG
raw/Unusual Deployments/TGR1/20240105/DCIM/102MEDIA/DSCF0024.JPG,2022-09-27T17:46:04,2023-12-29T17:18:59.309,TGR1_20231229171859.JPG
raw/Unusual Deployments/TGR1/20240105/DCIM/102MEDIA/DSCF0025.JPG,2022-09-27T17:56:04,2023-12-29T17:28:59.375,TGR1_20231229172859.JPG
raw/Unusual Deployments/TGR1/20240105/DCIM/102MEDIA/DSCF0026.JPG,2022-09-27T18:06:04,2023-12-29T17:38:59.440,TGR1_20231229173859.JPG
raw/Unusual Deployments/TGR1/20240105/DCIM/102MEDIA/DSCF0027.JPG,2022-09-27T18:16:05,2023-12-29T17:49:00.505,TGR1_20231229174900.JPG
raw/Unusual Deployments/TGR1/20240105/DCIM/102MEDIA/DSCF0028.JPG,2022-09-27T18:26:04,2023-12-29T17:58:59.570,TGR1_20231229175859.JPG
raw/Unusual Deployments/TGR1/20240105/DCIM/102MEDIA/DSCF0029.JPG,2022-09-27T18:36:04,2023-12-29T18:08:59.635,TGR1_20231229180859.JPG
raw/Unusual Deployments/TGR1/20240105/DCIM/102MEDIA/DSCF0030.JPG,2022-09-27T18:46:04,2023-12-29T18:18:59.700,TGR1_20231229181859.JPG
raw/Unusual Deployments/TGR1/20240105/DCIM/102MEDIA/DSCF0031.JPG,2022-09-27T18:56:04,2023-12-29T18:28:59.766,TGR1_20231229182859.JPG
raw/Unusual Deployments/TGR1/20240105/DCIM/102MEDIA/DSCF0032.JPG,2022-09-27T19:06:04,2023-12-29T18:38:59.831,TGR1_20231229183859.JPG
raw/Unusual Deployments/TGR1/20240105/DCIM/102MEDIA/DSCF0033.JPG,2022-09-27T19:16:04,2023-12-29T18:48:59.896,TGR1_20231229184859.JPG
raw/Unusual Deployments/TGR1/20240105/DCIM/102MEDIA/DSCF0034.JPG,2022-09-27T19:26:04,2023-12-29T18:58:59.961,TGR1_20231229185859.JPG
raw/Unusual Deployments/TGR1/20240105/DCIM/102MEDIA/DSCF0035.JPG,2022-09-27T19:36:04,2023-12-29T19:09:00.026,TGR1_20231229190900.JPG
raw/Unusual Deployments/TGR1/20240105/DCIM/102MEDIA/DSCF0036.JPG,2022-09-27T19:46:04,2023-12-29T19:19:00.091,TGR1_20231229191900.JPG
raw/Unusual Deployments/TGR1/20240105/DCIM/102MEDIA/DSCF0037.JPG,2022-09-27T19:56:04,2023-12-29T19:29:00.157,TGR1_20231229192900.JPG
raw/Unusual Deployments/TGR1/20240105/DCIM/102MEDIA/DSCF0038.JPG,2022-09-27T20:06:04,2023-12-29T19:39:00.222,TGR1_20231229193900.JPG
raw/Unusual Deployments/TGR1/20240105/DCIM/102MEDIA/DSCF0039.JPG,2022-09-27T20:16:04,2023-12-29T19:49:00.287,TGR1_20231229194900.JPG
raw/Unusual Deployments/TGR1/20240105/DCIM/102MEDIA/DSCF0040.JPG,2022-09-27T20:26:04,2023-12-29T19:59:00.352,TGR1_20231229195900.JPG
raw/Unusual Deployments/TGR1/20240105/DCIM/102MEDIA/DSCF0041.JPG,2022-09-27T20:36:04,2023-12-29T20:09:00.417,TGR1_20231229200900.JPG
raw/Unusual Deployments/TGR1/20240105/DCIM/102MEDIA/DSCF0042.JPG,2022-09-27T20:46:04,2023-12-29T20:19:00.482,TGR1_20231229201900.JPG
raw/Unusual Deployments/TGR1/20240105/DCIM/102MEDIA/DSCF0043.JPG,2022-09-27T20:56:04,2023-12-29T20:29:00.548,TGR1_20231229202900.JPG
raw/Unusual Deployments/TGR1/20240105/DCIM/102MEDIA/DSCF0044.JPG,2022-09-27T21:06:04,2023-12-29T20:39:00.613,TGR1_20231229203900.JPG
raw/Unusual Deployments/TGR1/20240105/DCIM/102MEDIA/DSCF0045.JPG,2022-09-27T21:16:04,2023-12-29T20:49:00.678,TGR1_20231229204900.JPG
raw/Unusual Deployments/TGR1/20240105/DCIM/102MEDIA/DSCF0046.JPG,2022-09-27T21:26:04,2023-12-29T20:59:00.743,TGR1_20231229205900.JPG
raw/Unusual Deployments/TGR1/20240105/DCIM/102MEDIA/DSCF0047.JPG,2022-09-27T21:36:04,2023-12-29T21:09:00.808,TGR1_20231229210900.JPG
raw/Unusual Deployments/TGR1/20240105/DCIM/102MEDIA/DSCF0048.JPG,2022-09-27T21:46:04,2023-12-29T21:19:00.873,TGR1_20231229211900.JPG
raw/Unusual Deployments/TGR1/20240105/DCIM/102MEDIA/DSCF0049.JPG,2022-09-27T21:56:04,2023-12-29T21:29:00.939,TGR1_20231229212900.JPG
raw/Unusual Deployments/TGR1/20240105/DCIM/102MEDIA/DSCF0050.JPG,2022-09-27T22:06:04,2023-12-29T21:39:01.004,TGR1_20231229213901.JPG
raw/Unusual Deployments/TGR1/20240105/DCIM/102MEDIA/DSCF0051.JPG,2022-09-27T22:16:04,2023-12-29T21:49:01.069,TGR1_20231229214901.JPG
raw/Unusual Deployments/TGR1/20240105/DCIM/102MEDIA/DSCF0052.JPG,2022-09-27T22:26:04,2023-12-29T21:59:01.134,TGR1_20231229215901.JPG
raw/Unusual Deployments/TGR1/20240105/DCIM/102MEDIA/DSCF0053.JPG,2022-09-27T22:36:04,2023-12-29T22:09:01.199,TGR1_20231229220901.JPG
raw/Unusual Deployments/TGR1/20240105/DCIM/102MEDIA/DSCF0054.JPG,2022-09-27T22:46:04,2023-12-29T22:19:01.264,TGR1_20231229221901.JPG
raw/Unusual Deployments/TGR1/20240105/DCIM/102MEDIA/DSCF0055.JPG,2022-09-27T22:56:04,2023-12-29T22:29:01.330,TGR1_20231229222901.JPG
raw/Unusual Deployments/TGR1/20240105/DCIM/102MEDIA/DSCF0056.JPG,2022-09-27T23:06:04,2023-12-29T22:39:01.395,TGR1_20231229223901.JPG
raw/Unusual Deployments/TGR1/20240105/DCIM/102MEDIA/DSCF0057.JPG,2022-09-27T23:16:04,2023-12-29T22:49:01.460,TGR1_20231229224901.JPG
raw/Unusual Deployments/TGR1/20240105/DCIM/102MEDIA/DSCF0058.JPG,2022-09-27T23:26:04,2023-12-29T22:59:01.525,TGR1_20231229225901.JPG
raw/Unusual Deployments/TGR1/20240105/DCIM/102MEDIA/DSCF0059.JPG,2022-09-27T23:36:04,2023-12-29T23:09:01.590,TGR1_20231229230901.JPG
raw/Unusual Deployments/TGR1/20240105/DCIM/102MEDIA/DSCF0060.JPG,2022-09-27T23:46:04,2023-12-29T23:19:01.655,TGR1_20231229231901.JPG
raw/Unusual Deployments/TGR1/20240105/DCIM/102MEDIA/DSCF0061.JPG,2022-09-27T23:56:04,2023-12-29T23:29:01.721,TGR1_20231229232901.JPG
raw/Unusual Deployments/TGR1/20240105/DCIM/102MEDIA/DSCF0062.JPG,2022-09-28T00:06:04,2023-12-29T23:39:01.786,TGR1_20231229233901.JPG
raw/Unusual Deployments/TGR1/20240105/DCIM/102MEDIA/DSCF0063.JPG,2022-09-28T00:16:04,2023-12-29T23:49:01.851,TGR1_20231229234901.JPG
raw/Unusual Deployments/TGR1/20240105/DCIM/102MEDIA/DSCF0064.JPG,2022-09-28T00:26:04,2023-12-29T23:59:01.916,TGR1_20231229235901.JPG
raw/Unusual Deployments/TGR1/20240105/DCIM/102MEDIA/DSCF0065.JPG,2022-09-28T00:36:04,2023-12-30T00:09:01.981,TGR1_20231230000901.JPG
raw/Unusual Deployments/TGR1/20240105/DCIM/102MEDIA/DSCF0066.JPG,2022-09-28T00:46:04,2023-12-30T00:19:02.046,TGR1_20231230001902.JPG
raw/Unusual Deployments/TGR1/20240105/DCIM/102MEDIA/DSCF0067.JPG,2022-09-28T00:56:04,2023-12-30T00:29:02.112,TGR1_20231230002902.JPG
raw/Unusual Deployments/TGR1/20240105/DCIM/102MEDIA/DSCF0068.JPG,2022-09-28T01:06:04,2023-12-30T00:39:02.177,TGR1_20231230003902.JPG
raw/Unusual Deployments/TGR1/20240105/DCIM/102MEDIA/DSCF0069.JPG,2022-09-28T01:16:04,2023-12-30T00:49:02.242,TGR1_20231230004902.JPG
raw/Unusual Deployments/TGR1/20240105/DCIM/102MEDIA/DSCF0070.JPG,2022-09-28T01:26:04,2023-12-30T00:59:02.307,TGR1_20231230005902.JPG
raw/Unusual Deployments/TGR1/20240105/DCIM/102MEDIA/DSCF0071.JPG,2022-09-28T01:36:04,2023-12-30T01:09:02.372,TGR1_20231230010902.JPG
raw/Unusual Deployments/TGR1/20240105/DCIM/102MEDIA/DSCF0072.JPG,2022-09-28T01:46:04,2023-12-30T01:19:02.437,TGR1_20231230011902.JPG
raw/Unusual Deployments/TGR1/20240105/DCIM/102MEDIA/DSCF0073.JPG,2022-09-28T01:56:04,2023-12-30T01:29:02.503,TGR1_20231230012902.JPG
raw/Unusual Deployments/TGR1/20240105/DCIM/102MEDIA/DSCF0074.JPG,2022-09-28T02:06:04,2023-12-30T01:39:02.568,TGR1_20231230013902.JPG
raw/Unusual Deployments/TGR1/20240105/DCIM/102MEDIA/DSCF0075.JPG,2022-09-28T02:16:04,2023-12-30T01:49:02.633,TGR1_20231230014902.JPG
raw/Unusual Deployments/TGR1/20240105/DCIM/102MEDIA/DSCF0076.JPG,2022-09-28T02:26:04,2023-12-30T01:59:02.698,TGR1_20231230015902.JPG
raw/Unusual Deployments/TGR1/20240105/DCIM/102MEDIA/DSCF0077.JPG,2022-09-28T02:36:04,2023-12-30T02:09:02.763,TGR1_20231230020902.JPG
raw/Unusual Deployments/TGR1/20240105/DCIM/102MEDIA/DSCF0078.JPG,2022-09-28T02:46:04,2023-12-30T02:19:02.828,TGR1_20231230021902.JPG
raw/Unusual Deployments/TGR1/20240105/DCIM/102MEDIA/DSCF0079.JPG,2022-09-28T02:56:04,2023-12-30T02:29:02.894,TGR1_20231230022902.JPG
raw/Unusual Deployments/TGR1/20240105/DCIM/102MEDIA/DSCF0080.JPG,2022-09-28T03:06:04,2023-12-30T02:39:02.959,TGR1_20231230023902.JPG
raw/Unusual Deployments/TGR1/20240105/DCIM/102MEDIA/DSCF0081.JPG,2022-09-28T03:16:04,2023-12-30T02:49:03.024,TGR1_20231230024903.JPG
raw/Unusual Deployments/TGR1/20240105/DCIM/102MEDIA/DSCF0082.JPG,2022-09-28T03:26:04,2023-12-30T02:59:03.089,TGR1_20231230025903.JPG
raw/Unusual Deployments/TGR1/20240105/DCIM/102MEDIA/DSCF0083.JPG,2022-09-28T03:36:04,2023-12-30T03:09:03.154,TGR1_20231230030903.JPG
raw/Unusual Deployments/TGR1/20240105/DCIM/102MEDIA/DSCF0084.JPG,2022-09-28T03:46:04,2023-12-30T03:19:03.219,TGR1_20231230031903.JPG
raw/Unusual Deployments/TGR1/20240105/DCIM/102MEDIA/DSCF0085.JPG,2022-09-28T03:56:04,2023-12-30T03:29:03.285,TGR1_20231230032903.JPG
raw/Unusual Deployments/TGR1/20240105/DCIM/102MEDIA/DSCF0086.JPG,2022-09-28T04:06:04,2023-12-30T03:39:03.350,TGR1_20231230033903.JPG
raw/Unusual Deployments/TGR1/20240105/DCIM/102MEDIA/DSCF0087.JPG,2022-09-28T04:16:04,2023-12-30T03:49:03.415,TGR1_20231230034903.JPG
raw/Unusual Deployments/TGR1/20240105/DCIM/102MEDIA/DSCF0088.JPG,2022-09-28T04:26:04,2023-12-30T03:59:03.480,TGR1_20231230035903.JPG
raw/Unusual Deployments/TGR1/20240105/DCIM/102MEDIA/DSCF0089.JPG,2022-09-28T04:36:04,2023-12-30T04:09:03.545,TGR1_20231230040903.JPG
raw/Unusual Deployments/TGR1/20240105/DCIM/102MEDIA/DSCF0090.JPG,2022-09-28T04:46:04,2023-12-30T04:19:03.610,TGR1_20231230041903.JPG
raw/Unusual Deployments/TGR1/20240105/DCIM/102MEDIA/DSCF0091.JPG,2022-09-28T04:56:04,2023-12-30T04:29:03.676,TGR1_20231230042903.JPG
raw/Unusual Deployments/TGR1/20240105/DCIM/102MEDIA/DSCF0092.JPG,2022-09-28T05:06:04,2023-12-30T04:39:03.741,TGR1_20231230043903.JPG
raw/Unusual Deployments/TGR1/20240105/DCIM/102MEDIA/DSCF0093.JPG,2022-09-28T05:16:04,2023-12-30T04:49:03.806,TGR1_20231230044903.JPG
raw/Unusual Deployments/TGR1/20240105/DCIM/102MEDIA/DSCF0094.JPG,2022-09-28T05:26:04,2023-12-30T04:59:03.871,TGR1_20231230045903.JPG
raw/Unusual Deployments/TGR1/20240105/DCIM/102MEDIA/DSCF0095.JPG,2022-09-28T05:36:04,2023-12-30T05:09:03.936,TGR1_20231230050903.JPG
raw/Unusual Deployments/TGR1/20240105/DCIM/102MEDIA/DSCF0096.JPG,2022-09-28T05:46:04,2023-12-30T05:19:04.001,TGR1_20231230051904.JPG
raw/Unusual Deployments/TGR1/20240105/DCIM/102MEDIA/DSCF0097.JPG,2022-09-28T05:56:04,2023-12-30T05:29:04.067,TGR1_20231230052904.JPG
raw/Unusual Deployments/TGR1/20240105/DCIM/102MEDIA/DSCF0098.JPG,2022-09-28T06:06:04,2023-12-30T05:39:04.132,TGR1_20231230053904.JPG
raw/Unusual Deployments/TGR1/20240105/DCIM/102MEDIA/DSCF0099.JPG,2022-09-28T06:16:04,2023-12-30T05:49:04.197,TGR1_20231230054904.JPG
raw/Unusual Deployments/TGR1/20240105/DCIM/102MEDIA/DSCF0100.JPG,2022-09-28T06:26:04,2023-12-30T05:59:04.262,TGR1_20231230055904.JPG
raw/Unusual Deployments/TGR1/20240105/DCIM/102MEDIA/DSCF0101.JPG,2022-09-28T06:36:04,2023-12-30T06:09:04.327,TGR1_20231230060904.JPG
raw/Unusual Deployments/TGR1/20240105/DCIM/102MEDIA/DSCF0102.JPG,2022-09-28T06:46:04,2023-12-30T06:19:04.392,TGR1_20231230061904.JPG
raw/Unusual Deployments/TGR1/20240105/DCIM/102MEDIA/DSCF0103.JPG,2022-09-28T06:56:04,2023-12-30T06:29:04.458,TGR1_20231230062904.JPG
raw/Unusual Deployments/TGR1/20240105/DCIM/102MEDIA/DSCF0104.JPG,2022-09-28T07:06:04,2023-12-30T06:39:04.523,TGR1_20231230063904.JPG
raw/Unusual Deployments/TGR1/20240105/DCIM/102MEDIA/DSCF0105.JPG,2022-09-28T07:16:04,2023-12-30T06:49:04.588,TGR1_20231230064904.JPG
raw/Unusual Deployments/TGR1/20240105/DCIM/102MEDIA/DSCF0106.JPG,2022-09-28T07:26:04,2023-12-30T06:59:04.653,TGR1_20231230065904.JPG
raw/Unusual Deployments/TGR1/20240105/DCIM/102MEDIA/DSCF0107.JPG,2022-09-28T07:36:04,2023-12-30T07:09:04.718,TGR1_20231230070904.JPG
raw/Unusual Deployments/TGR1/20240105/DCIM/102MEDIA/DSCF0108.JPG,2022-09-28T07:46:04,2023-12-30T07:19:04.783,TGR1_20231230071904.JPG
raw/Unusual Deployments/TGR1/20240105/DCIM/102MEDIA/DSCF0109.JPG,2022-09-28T07:56:04,2023-12-30T07:29:04.848,TGR1_20231230072904.JPG
raw/Unusual Deployments/TGR1/20240105/DCIM/102MEDIA/DSCF0110.JPG,2022-09-28T08:06:04,2023-12-30T07:39:04.914,TGR1_20231230073904.JPG
raw/Unusual Deployments/TGR1/20240105/DCIM/102MEDIA/DSCF0111.JPG,2022-09-28T08:16:04,2023-12-30T07:49:04.979,TGR1_20231230074904.JPG
raw/Unusual Deployments/TGR1/20240105/DCIM/102MEDIA/DSCF0112.JPG,2022-09-28T08:26:03,2023-12-30T07:59:04.044,TGR1_20231230075904.JPG
raw/Unusual Deployments/TGR1/20240105/DCIM/102MEDIA/DSCF0113.JPG,2022-09-28T08:36:04,2023-12-30T08:09:05.109,TGR1_20231230080905.JPG
raw/Unusual Deployments/TGR1/20240105/DCIM/102MEDIA/DSCF0114.JPG,2022-09-28T08:46:04,2023-12-30T08:19:05.174,TGR1_20231230081905.JPG
raw/Unusual Deployments/TGR1/20240105/DCIM/102MEDIA/DSCF0115.JPG,2022-09-28T08:56:04,2023-12-30T08:29:05.239,TGR1_20231230082905.JPG
raw/Unusual Deployments/TGR1/20240105/DCIM/102MEDIA/DSCF0116.JPG,2022-09-28T09:06:04,2023-12-30T08:39:05.305,TGR1_20231230083905.JPG
raw/Unusual Deployments/TGR1/20240105/DCIM/102MEDIA/DSCF0117.JPG,2022-09-28T09:16:04,2023-12-30T08:49:05.370,TGR1_20231230084905.JPG
raw/Unusual Deployments/TGR1/20240105/DCIM/102MEDIA/DSCF0118.JPG,2022-09-28T09:26:04,2023-12-30T08:59:05.435,TGR1_20231230085905.JPG
raw/Unusual Deployments/TGR1/20240105/DCIM/102MEDIA/DSCF0119.JPG,2022-09-28T09:36:04,2023-12-30T09:09:05.500,TGR1_20231230090905.JPG
raw/Unusual Deployments/TGR1/20240105/DCIM/102MEDIA/DSCF0120.JPG,2022-09-28T09:46:04,2023-12-30T09:19:05.565,TGR1_20231230091905.JPG
raw/Unusual Deployments/TGR1/20240105/DCIM/102MEDIA/DSCF0121.JPG,2022-09-28T09:56:04,2023-12-30T09:29:05.630,TGR1_20231230092905.JPG
raw/Unusual Deployments/TGR1/20240105/DCIM/102MEDIA/DSCF0122.JPG,2022-09-28T10:06:04,2023-12-30T09:39:05.696,TGR1_20231230093905.JPG
raw/Unusual Deployments/TGR1/20240105/DCIM/102MEDIA/DSCF0123.JPG,2022-09-28T10:16:04,2023-12-30T09:49:05.761,TGR1_20231230094905.JPG
raw/Unusual Deployments/TGR1/20240105/DCIM/102MEDIA/DSCF0124.JPG,2022-09-28T10:26:04,2023-12-30T09:59:05.826,TGR1_20231230095905.JPG
raw/Unusual Deployments/TGR1/20240105/DCIM/102MEDIA/DSCF0125.JPG,2022-09-28T10:36:04,2023-12-30T10:09:05.891,TGR1_20231230100905.JPG
raw/Unusual Deployments/TGR1/20240105/DCIM/102MEDIA/DSCF0126.JPG,2022-09-28T10:46:04,2023-12-30T10:19:05.956,TGR1_20231230101905.JPG
raw/Unusual Deployments/TGR1/20240105/DCIM/102MEDIA/DSCF0127.JPG,2022-09-28T10:56:04,2023-12-30T10:29:06.021,TGR1_20231230102906.JPG
raw/Unusual Deployments/TGR1/20240105/DCIM/102MEDIA/DSCF0128.JPG,2022-09-28T11:06:04,2023-12-30T10:39:06.087,TGR1_20231230103906.JPG
raw/Unusual Deployments/TGR1/20240105/DCIM/102MEDIA/DSCF0129.JPG,2022-09-28T11:16:04,2023-12-30T10:49:06.152,TGR1_20231230104906.JPG
raw/Unusual Deployments/TGR1/20240105/DCIM/102MEDIA/DSCF0130.JPG,2022-09-28T11:26:04,2023-12-30T10:59:06.217,TGR1_20231230105906.JPG
raw/Unusual Deployments/TGR1/20240105/DCIM/102MEDIA/DSCF0131.JPG,2022-09-28T11:36:04,2023-12-30T11:09:06.282,TGR1_20231230110906.JPG
raw/Unusual Deployments/TGR1/20240105/DCIM/102MEDIA/DSCF0132.JPG,2022-09-28T11:46:04,2023-12-30T11:19:06.347,TGR1_20231230111906.JPG
raw/Unusual Deployments/TGR1/20240105/DCIM/102MEDIA/DSCF0133.JPG,2022-09-28T11:56:04,2023-12-30T11:29:06.412,TGR1_20231230112906.JPG
raw/Unusual Deployments/TGR1/20240105/DCIM/102MEDIA/DSCF0134.JPG,2022-09-28T12:06:04,2023-12-30T11:39:06.478,TGR1_20231230113906.JPG
raw/Unusual Deployments/TGR1/20240105/DCIM/102MEDIA/DSCF0135.JPG,2022-09-28T12:16:04,2023-12-30T11:49:06.543,TGR1_20231230114906.JPG
raw/Unusual Deployments/TGR1/20240105/DCIM/102MEDIA/DSCF0136.JPG,2022-09-28T12:26:04,2023-12-30T11:59:06.608,TGR1_20231230115906.JPG
raw/Unusual Deployments/TGR1/20240105/DCIM/102MEDIA/DSCF0137.JPG,2022-09-28T12:36:04,2023-12-30T12:09:06.673,TGR1_20231230120906.JPG
raw/Unusual Deployments/TGR1/20240105/DCIM/102MEDIA/DSCF0138.JPG,2022-09-28T12:46:04,2023-12-30T12:19:06.738,TGR1_20231230121906.JPG
raw/Unusual Deployments/TGR1/20240105/DCIM/102MEDIA/DSCF0139.JPG,2022-09-28T12:56:04,2023-12-30T12:29:06.803,TGR1_20231230122906.JPG
raw/Unusual Deployments/TGR1/20240105/DCIM/102MEDIA/DSCF0140.JPG,2022-09-28T13:06:04,2023-12-30T12:39:06.869,TGR1_20231230123906.JPG
raw/Unusual Deployments/TGR1/20240105/DCIM/102MEDIA/DSCF0141.JPG,2022-09-28T13:16:04,2023-12-30T12:49:06.934,TGR1_20231230124906.JPG
raw/Unusual Deployments/TGR1/20240105/DCIM/102MEDIA/DSCF0142.JPG,2022-09-28T13:26:04,2023-12-30T12:59:06.999,TGR1_20231230125906.JPG
raw/Unusual Deployments/TGR1/20240105/DCIM/102MEDIA/DSCF0143.JPG,2022-09-28T13:36:04,2023-12-30T13:09:07.064,TGR1_20231230130907.JPG
raw/Unusual Deployments/TGR1/20240105/DCIM/102MEDIA/DSCF0144.JPG,2022-09-28T13:46:04,2023-12-30T13:19:07.129,TGR1_20231230131907.JPG
raw/Unusual Deployments/TGR1/20240105/DCIM/102MEDIA/DSCF0145.JPG,2022-09-28T13:56:04,2023-12-30T13:29:07.194,TGR1_20231230132907.JPG
raw/Unusual Deployments/TGR1/20240105/DCIM/102MEDIA/DSCF0146.JPG,2022-09-28T14:06:04,2023-12-30T13:39:07.260,TGR1_20231230133907.JPG
raw/Unusual Deployments/TGR1/20240105/DCIM/102MEDIA/DSCF0147.JPG,2022-09-28T14:16:04,2023-12-30T13:49:07.325,TGR1_20231230134907.JPG
raw/Unusual Deployments/TGR1/20240105/DCIM/102MEDIA/DSCF0148.JPG,2022-09-28T14:26:04,2023-12-30T13:59:07.390,TGR1_20231230135907.JPG
raw/Unusual Deployments/TGR1/20240105/DCIM/102MEDIA/DSCF0149.JPG,2022-09-28T14:36:04,2023-12-30T14:09:07.455,TGR1_20231230140907.JPG
raw/Unusual Deployments/TGR1/20240105/DCIM/102MEDIA/DSCF0150.JPG,2022-09-28T14:46:04,2023-12-30T14:19:07.520,TGR1_20231230141907.JPG
raw/Unusual Deployments/TGR1/20240105/DCIM/102MEDIA/DSCF0151.JPG,2022-09-28T14:56:04,2023-12-30T14:29:07.585,TGR1_20231230142907.JPG
raw/Unusual Deployments/TGR1/20240105/DCIM/102MEDIA/DSCF0152.JPG,2022-09-28T15:06:04,2023-12-30T14:39:07.651,TGR1_20231230143907.JPG
raw/Unusual Deployments/TGR1/20240105/DCIM/102MEDIA/DSCF0153.JPG,2022-09-28T15:16:04,2023-12-30T14:49:07.716,TGR1_20231230144907.JPG
raw/Unusual Deployments/TGR1/20240105/DCIM/102MEDIA/DSCF0154.JPG,2022-09-28T15:26:04,2023-12-30T14:59:07.781,TGR1_20231230145907.JPG
raw/Unusual Deployments/TGR1/20240105/DCIM/102MEDIA/DSCF0155.JPG,2022-09-28T15:36:04,2023-12-30T15:09:07.846,TGR1_20231230150907.JPG
raw/Unusual Deployments/TGR1/20240105/DCIM/102MEDIA/DSCF0156.JPG,2022-09-28T15:46:04,2023-12-30T15:19:07.911,TGR1_20231230151907.JPG
raw/Unusual Deployments/TGR1/20240105/DCIM/102MEDIA/DSCF0157.JPG,2022-09-28T15:56:04,2023-12-30T15:29:07.976,TGR1_20231230152907.JPG
raw/Unusual Deployments/TGR1/20240105/DCIM/102MEDIA/DSCF0158.JPG,2022-09-28T16:06:04,2023-12-30T15:39:08.042,TGR1_20231230153908.JPG
raw/Unusual Deployments/TGR1/20240105/DCIM/102MEDIA/DSCF0159.JPG,2022-09-28T16:16:04,2023-12-30T15:49:08.107,TGR1_20231230154908.JPG
raw/Unusual Deployments/TGR1/20240105/DCIM/102MEDIA/DSCF0160.JPG,2022-09-28T16:26:04,2023-12-30T15:59:08.172,TGR1_20231230155908.JPG
raw/Unusual Deployments/TGR1/20240105/DCIM/102MEDIA/DSCF0161.JPG,2022-09-28T16:36:04,2023-12-30T16:09:08.237,TGR1_20231230160908.JPG
raw/Unusual Deployments/TGR1/20240105/DCIM/102MEDIA/DSCF0162.JPG,2022-09-28T16:46:04,2023-12-30T16:19:08.302,TGR1_20231230161908.JPG
raw/Unusual Deployments/TGR1/20240105/DCIM/102MEDIA/DSCF0163.JPG,2022-09-28T16:56:04,2023-12-30T16:29:08.367,TGR1_20231230162908.JPG
raw/Unusual Deployments/TGR1/20240105/DCIM/102MEDIA/DSCF0164.JPG,2022-09-28T17:06:04,2023-12-30T16:39:08.433,TGR1_20231230163908.JPG
raw/Unusual Deployments/TGR1/20240105/DCIM/102MEDIA/DSCF0165.JPG,2022-09-28T17:16:04,2023-12-30T16:49:08.498,TGR1_20231230164908.JPG
raw/Unusual Deployments/TGR1/20240105/DCIM/102MEDIA/DSCF0166.JPG,2022-09-28T17:26:04,2023-12-30T16:59:08.563,TGR1_20231230165908.JPG
raw/Unusual Deployments/TGR1/20240105/DCIM/102MEDIA/DSCF0167.JPG,2022-09-28T17:36:04,2023-12-30T17:09:08.628,TGR1_20231230170908.JPG
raw/Unusual Deployments/TGR1/20240105/DCIM/102MEDIA/DSCF0168.JPG,2022-09-28T17:46:04,2023-12-30T17:19:08.693,TGR1_20231230171908.JPG
raw/Unusual Deployments/TGR1/20240105/DCIM/102MEDIA/DSCF0169.JPG,2022-09-28T17:56:04,2023-12-30T17:29:08.758,TGR1_20231230172908.JPG
raw/Unusual Deployments/TGR1/20240105/DCIM/102MEDIA/DSCF0170.JPG,2022-09-28T18:06:04,2023-12-30T17:39:08.824,TGR1_20231230173908.JPG
raw/Unusual Deployments/TGR1/20240105/DCIM/102MEDIA/DSCF0171.JPG,2022-09-28T18:16:05,2023-12-30T17:49:09.889,TGR1_20231230174909.JPG
raw/Unusual Deployments/TGR1/20240105/DCIM/102MEDIA/DSCF0172.JPG,2022-09-28T18:26:04,2023-12-30T17:59:08.954,TGR1_20231230175908.JPG
raw/Unusual Deployments/TGR1/20240105/DCIM/102MEDIA/DSCF0173.JPG,2022-09-28T18:36:04,2023-12-30T18:09:09.019,TGR1_20231230180909.JPG
raw/Unusual Deployments/TGR1/20240105/DCIM/102MEDIA/DSCF0174.JPG,2022-09-28T18:46:04,2023-12-30T18:19:09.084,TGR1_20231230181909.JPG
raw/Unusual Deployments/TGR1/20240105/DCIM/102MEDIA/DSCF0175.JPG,2022-09-28T18:56:04,2023-12-30T18:29:09.149,TGR1_20231230182909.JPG
raw/Unusual Deployments/TGR1/20240105/DCIM/102MEDIA/DSCF0176.JPG,2022-09-28T19:06:04,2023-12-30T18:39:09.215,TGR1_20231230183909.JPG
raw/Unusual Deployments/TGR1/20240105/DCIM/102MEDIA/DSCF0177.JPG,2022-09-28T19:16:04,2023-12-30T18:49:09.280,TGR1_20231230184909.JPG
raw/Unusual Deployments/TGR1/20240105/DCIM/102MEDIA/DSCF0178.JPG,2022-09-28T19:26:04,2023-12-30T18:59:09.345,TGR1_20231230185909.JPG
raw/Unusual Deployments/TGR1/20240105/DCIM/102MEDIA/DSCF0179.JPG,2022-09-28T19:36:04,2023-12-30T19:09:09.410,TGR1_20231230190909.JPG
raw/Unusual Deployments/TGR1/20240105/DCIM/102MEDIA/DSCF0180.JPG,2022-09-28T19:46:04,2023-12-30T19:19:09.475,TGR1_20231230191909.JPG
raw/Unusual Deployments/TGR1/20240105/DCIM/102MEDIA/DSCF0181.JPG,2022-09-28T19:56:04,2023-12-30T19:29:09.540,TGR1_20231230192909.JPG
raw/Unusual Deployments/TGR1/20240105/DCIM/102MEDIA/DSCF0182.JPG,2022-09-28T20:06:04,2023-12-30T19:39:09.606,TGR1_20231230193909.JPG
raw/Unusual Deployments/TGR1/20240105/DCIM/102MEDIA/DSCF0183.JPG,2022-09-28T20:16:04,2023-12-30T19:49:09.671,TGR1_20231230194909.JPG
raw/Unusual Deployments/TGR1/20240105/DCIM/102MEDIA/DSCF0184.JPG,2022-09-28T20:26:04,2023-12-30T19:59:09.736,TGR1_20231230195909.JPG
raw/Unusual Deployments/TGR1/20240105/DCIM/102MEDIA/DSCF0185.JPG,2022-09-28T20:36:04,2023-12-30T20:09:09.801,TGR1_20231230200909.JPG
raw/Unusual Deployments/TGR1/20240105/DCIM/102MEDIA/DSCF0186.JPG,2022-09-28T20:46:04,2023-12-30T20:19:09.866,TGR1_20231230201909.JPG
raw/Unusual Deployments/TGR1/20240105/DCIM/102MEDIA/DSCF0187.JPG,2022-09-28T20:56:04,2023-12-30T20:29:09.931,TGR1_20231230202909.JPG
raw/Unusual Deployments/TGR1/20240105/DCIM/102MEDIA/DSCF0188.JPG,2022-09-28T21:06:04,2023-12-30T20:39:09.997,TGR1_20231230203909.JPG
raw/Unusual Deployments/TGR1/20240105/DCIM/102MEDIA/DSCF0189.JPG,2022-09-28T21:16:04,2023-12-30T20:49:10.062,TGR1_20231230204910.JPG
raw/Unusual Deployments/TGR1/20240105/DCIM/102MEDIA/DSCF0190.JPG,2022-09-28T21:26:04,2023-12-30T20:59:10.127,TGR1_20231230205910.JPG
raw/Unusual Deployments/TGR1/20240105/DCIM/102MEDIA/DSCF0191.JPG,2022-09-28T21:36:04,2023-12-30T21:09:10.192,TGR1_20231230210910.JPG
raw/Unusual Deployments/TGR1/20240105/DCIM/102MEDIA/DSCF0192.JPG,2022-09-28T21:46:04,2023-12-30T21:19:10.257,TGR1_20231230211910.JPG
raw/Unusual Deployments/TGR1/20240105/DCIM/102MEDIA/DSCF0193.JPG,2022-09-28T21:56:04,2023-12-30T21:29:10.322,TGR1_20231230212910.JPG
raw/Unusual Deployments/TGR1/20240105/DCIM/102MEDIA/DSCF0194.JPG,2022-09-28T22:06:04,2023-12-30T21:39:10.388,TGR1_20231230213910.JPG
raw/Unusual Deployments/TGR1/20240105/DCIM/102MEDIA/DSCF0195.JPG,2022-09-28T22:16:04,2023-12-30T21:49:10.453,TGR1_20231230214910.JPG
raw/Unusual Deployments/TGR1/20240105/DCIM/102MEDIA/DSCF0196.JPG,2022-09-28T22:26:04,2023-12-30T21:59:10.518,TGR1_20231230215910.JPG
raw/Unusual Deployments/TGR1/20240105/DCIM/102MEDIA/DSCF0197.JPG,2022-09-28T22:36:04,2023-12-30T22:09:10.583,TGR1_20231230220910.JPG
raw/Unusual Deployments/TGR1/20240105/DCIM/102MEDIA/DSCF0198.JPG,2022-09-28T22:46:04,2023-12-30T22:19:10.648,TGR1_20231230221910.JPG
raw/Unusual Deployments/TGR1/20240105/DCIM/102MEDIA/DSCF0199.JPG,2022-09-28T22:56:04,2023-12-30T22:29:10.713,TGR1_20231230222910.JPG
raw/Unusual Deployments/TGR1/20240105/DCIM/102MEDIA/DSCF0200.JPG,2022-09-28T23:06:04,2023-12-30T22:39:10.779,TGR1_20231230223910.JPG
raw/Unusual Deployments/TGR1/20240105/DCIM/102MEDIA/DSCF0201.JPG,2022-09-28T23:16:04,2023-12-30T22:49:10.844,TGR1_20231230224910.JPG
raw/Unusual Deployments/TGR1/20240105/DCIM/102MEDIA/DSCF0202.JPG,2022-09-28T23:26:04,2023-12-30T22:59:10.909,TGR1_20231230225910.JPG
raw/Unusual Deployments/TGR1/20240105/DCIM/102MEDIA/DSCF0203.JPG,2022-09-28T23:36:04,2023-12-30T23:09:10.974,TGR1_20231230230910.JPG
raw/Unusual Deployments/TGR1/20240105/DCIM/102MEDIA/DSCF0204.JPG,2022-09-28T23:46:04,2023-12-30T23:19:11.039,TGR1_20231230231911.JPG
raw/Unusual Deployments/TGR1/20240105/DCIM/102MEDIA/DSCF0205.JPG,2022-09-28T23:56:04,2023-12-30T23:29:11.104,TGR1_20231230232911.JPG
raw/Unusual Deployments/TGR1/20240105/DCIM/102MEDIA/DSCF0206.JPG,2022-09-29T00:06:04,2023-12-30T23:39:11.170,TGR1_20231230233911.JPG
raw/Unusual Deployments/TGR1/20240105/DCIM/102MEDIA/DSCF0207.JPG,2022-09-29T00:16:04,2023-12-30T23:49:11.235,TGR1_20231230234911.JPG
raw/Unusual Deployments/TGR1/20240105/DCIM/102MEDIA/DSCF0208.JPG,2022-09-29T00:26:04,2023-12-30T23:59:11.300,TGR1_20231230235911.JPG
raw/Unusual Deployments/TGR1/20240105/DCIM/102MEDIA/DSCF0209.JPG,2022-09-29T00:36:04,2023-12-31T00:09:11.365,TGR1_20231231000911.JPG
raw/Unusual Deployments/TGR1/20240105/DCIM/102MEDIA/DSCF0210.JPG,2022-09-29T00:46:04,2023-12-31T00:19:11.430,TGR1_20231231001911.JPG
raw/Unusual Deployments/TGR1/20240105/DCIM/102MEDIA/DSCF0211.JPG,2022-09-29T00:56:04,2023-12-31T00:29:11.495,TGR1_20231231002911.JPG
raw/Unusual Deployments/TGR1/20240105/DCIM/102MEDIA/DSCF0212.JPG,2022-09-29T01:06:04,2023-12-31T00:39:11.561,TGR1_20231231003911.JPG
raw/Unusual Deployments/TGR1/20240105/DCIM/102MEDIA/DSCF0213.JPG,2022-09-29T01:16:04,2023-12-31T00:49:11.626,TGR1_20231231004911.JPG
raw/Unusual Deployments/TGR1/20240105/DCIM/102MEDIA/DSCF0214.JPG,2022-09-29T01:26:04,2023-12-31T00:59:11.691,TGR1_20231231005911.JPG
raw/Unusual Deployments/TGR1/20240105/DCIM/102MEDIA/DSCF0215.JPG,2022-09-29T01:36:04,2023-12-31T01:09:11.756,TGR1_20231231010911.JPG
raw/Unusual Deployments/TGR1/20240105/DCIM/102MEDIA/DSCF0216.JPG,2022-09-29T01:46:04,2023-12-31T01:19:11.821,TGR1_20231231011911.JPG
raw/Unusual Deployments/TGR1/20240105/DCIM/102MEDIA/DSCF0217.JPG,2022-09-29T01:56:04,2023-12-31T01:29:11.886,TGR1_20231231012911.JPG
raw/Unusual Deployments/TGR1/20240105/DCIM/102MEDIA/DSCF0218.JPG,2022-09-29T02:06:04,2023-12-31T01:39:11.952,TGR1_20231231013911.JPG
raw/Unusual Deployments/TGR1/20240105/DCIM/102MEDIA/DSCF0219.JPG,2022-09-29T02:16:04,2023-12-31T01:49:12.017,TGR1_20231231014912.JPG
raw/Unusual Deployments/TGR1/20240105/DCIM/102MEDIA/DSCF0220.JPG,2022-09-29T02:26:04,2023-12-31T01:59:12.082,TGR1_20231231015912.JPG
raw/Unusual Deployments/TGR1/20240105/DCIM/102MEDIA/DSCF0221.JPG,2022-09-29T02:36:04,2023-12-31T02:09:12.147,TGR1_20231231020912.JPG
raw/Unusual Deployments/TGR1/20240105/DCIM/102MEDIA/DSCF0222.JPG,2022-09-29T02:46:04,2023-12-31T02:19:12.212,TGR1_20231231021912.JPG
raw/Unusual Deployments/TGR1/20240105/DCIM/102MEDIA/DSCF0223.JPG,2022-09-29T02:56:04,2023-12-31T02:29:12.277,TGR1_20231231022912.JPG
raw/Unusual Deployments/TGR1/20240105/DCIM/102MEDIA/DSCF0224.JPG,2022-09-29T03:06:04,2023-12-31T02:39:12.343,TGR1_20231231023912.JPG
raw/Unusual Deployments/TGR1/20240105/DCIM/102MEDIA/DSCF0225.JPG,2022-09-29T03:16:04,2023-12-31T02:49:12.408,TGR1_20231231024912.JPG
raw/Unusual Deployments/TGR1/20240105/DCIM/102MEDIA/DSCF0226.JPG,2022-09-29T03:26:04,2023-12-31T02:59:12.473,TGR1_20231231025912.JPG
raw/Unusual Deployments/TGR1/20240105/DCIM/102MEDIA/DSCF0227.JPG,2022-09-29T03:36:04,2023-12-31T03:09:12.538,TGR1_20231231030912.JPG
raw/Unusual Deployments/TGR1/20240105/DCIM/102MEDIA/DSCF0228.JPG,2022-09-29T03:46:04,2023-12-31T03:19:12.603,TGR1_20231231031912.JPG
raw/Unusual Deployments/TGR1/20240105/DCIM/102MEDIA/DSCF0229.JPG,2022-09-29T03:56:04,2023-12-31T03:29:12.668,TGR1_20231231032912.JPG
raw/Unusual Deployments/TGR1/20240105/DCIM/102MEDIA/DSCF0230.JPG,2022-09-29T04:06:04,2023-12-31T03:39:12.734,TGR1_20231231033912.JPG
raw/Unusual Deployments/TGR1/20240105/DCIM/102MEDIA/DSCF0231.JPG,2022-09-29T04:16:04,2023-12-31T03:49:12.799,TGR1_20231231034912.JPG
raw/Unusual Deployments/TGR1/20240105/DCIM/102MEDIA/DSCF0232.JPG,2022-09-29T04:26:04,2023-12-31T03:59:12.864,TGR1_20231231035912.JPG
raw/Unusual Deployments/TGR1/20240105/DCIM/102MEDIA/DSCF0233.JPG,2022-09-29T04:46:05,2023-12-31T04:19:13.994,TGR1_20231231041913.JPG
raw/Unusual Deployments/TGR1/20240105/DCIM/102MEDIA/DSCF0234.JPG,2022-09-29T04:56:03,2023-12-31T04:29:12.059,TGR1_20231231042912.JPG
raw/Unusual Deployments/TGR1/20240105/DCIM/102MEDIA/DSCF0235.JPG,2022-09-29T05:06:04,2023-12-31T04:39:13.124,TGR1_20231231043913.JPG
raw/Unusual Deployments/TGR1/20240105/DCIM/102MEDIA/DSCF0236.JPG,2022-09-29T05:16:04,2023-12-31T04:49:13.190,TGR1_20231231044913.JPG
raw/Unusual Deployments/TGR1/20240105/DCIM/102MEDIA/DSCF0237.JPG,2022-09-29T05:26:04,2023-12-31T04:59:13.255,TGR1_20231231045913.JPG
raw/Unusual Deployments/TGR1/20240105/DCIM/102MEDIA/DSCF0238.JPG,2022-09-29T05:36:04,2023-12-31T05:09:13.320,TGR1_20231231050913.JPG
raw/Unusual Deployments/TGR1/20240105/DCIM/102MEDIA/DSCF0239.JPG,2022-09-29T05:46:04,2023-12-31T05:19:13.385,TGR1_20231231051913.JPG
raw/Unusual Deployments/TGR1/20240105/DCIM/102MEDIA/DSCF0240.JPG,2022-09-29T05:56:04,2023-12-31T05:29:13.450,TGR1_20231231052913.JPG
raw/Unusual Deployments/TGR1/20240105/DCIM/102MEDIA/DSCF0241.JPG,2022-09-29T06:06:04,2023-12-31T05:39:13.515,TGR1_20231231053913.JPG
raw/Unusual Deployments/TGR1/20240105/DCIM/102MEDIA/DSCF0242.JPG,2022-09-29T06:16:04,2023-12-31T05:49:13.581,TGR1_20231231054913.JPG
raw/Unusual Deployments/TGR1/20240105/DCIM/102MEDIA/DSCF0243.JPG,2022-09-29T06:26:04,2023-12-31T05:59:13.646,TGR1_20231231055913.JPG
raw/Unusual Deployments/TGR1/20240105/DCIM/102MEDIA/DSCF0244.JPG,2022-09-29T06:36:04,2023-12-31T06:09:13.711,TGR1_20231231060913.JPG
raw/Unusual Deployments/TGR1/20240105/DCIM/102MEDIA/DSCF0245.JPG,2022-09-29T06:46:04,2023-12-31T06:19:13.776,TGR1_20231231061913.JPG
raw/Unusual Deployments/TGR1/20240105/DCIM/102MEDIA/DSCF0246.JPG,2022-09-29T06:56:04,2023-12-31T06:29:13.841,TGR1_20231231062913.JPG
raw/Unusual Deployments/TGR1/20240105/DCIM/102MEDIA/DSCF0247.JPG,2022-09-29T07:06:04,2023-12-31T06:39:13.906,TGR1_20231231063913.JPG
raw/Unusual Deployments/TGR1/20240105/DCIM/102MEDIA/DSCF0248.JPG,2022-09-29T07:16:04,2023-12-31T06:49:13.972,TGR1_20231231064913.JPG
raw/Unusual Deployments/TGR1/20240105/DCIM/102MEDIA/DSCF0249.JPG,2022-09-29T07:26:04,2023-12-31T06:59:14.037,TGR1_20231231065914.JPG
raw/Unusual Deployments/TGR1/20240105/DCIM/102MEDIA/DSCF0250.JPG,2022-09-29T07:36:04,2023-12-31T07:09:14.102,TGR1_20231231070914.JPG
raw/Unusual Deployments/TGR1/20240105/DCIM/102MEDIA/DSCF0251.JPG,2022-09-29T07:46:04,2023-12-31T07:19:14.167,TGR1_20231231071914.JPG
raw/Unusual Deployments/TGR1/20240105/DCIM/102MEDIA/DSCF0252.JPG,2022-09-29T07:56:04,2023-12-31T07:29:14.232,TGR1_20231231072914.JPG
raw/Unusual Deployments/TGR1/20240105/DCIM/102MEDIA/DSCF0253.JPG,2022-09-29T08:06:04,2023-12-31T07:39:14.297,TGR1_20231231073914.JPG
raw/Unusual Deployments/TGR1/20240105/DCIM/102MEDIA/DSCF0254.JPG,2022-09-29T08:16:04,2023-12-31T07:49:14.363,TGR1_20231231074914.JPG
raw/Unusual Deployments/TGR1/20240105/DCIM/102MEDIA/DSCF0255.JPG,2022-09-29T08:26:04,2023-12-31T07:59:14.428,TGR1_20231231075914.JPG
raw/Unusual Deployments/TGR1/20240105/DCIM/102MEDIA/DSCF0256.JPG,2022-09-29T08:36:04,2023-12-31T08:09:14.493,TGR1_20231231080914.JPG
raw/Unusual Deployments/TGR1/20240105/DCIM/102MEDIA/DSCF0257.JPG,2022-09-29T08:46:04,2023-12-31T08:19:14.558,TGR1_20231231081914.JPG
raw/Unusual Deployments/TGR1/20240105/DCIM/102MEDIA/DSCF0258.JPG,2022-09-29T08:56:04,2023-12-31T08:29:14.623,TGR1_20231231082914.JPG
raw/Unusual Deployments/TGR1/20240105/DCIM/102MEDIA/DSCF0259.JPG,2022-09-29T09:06:04,2023-12-31T08:39:14.688,TGR1_20231231083914.JPG
raw/Unusual Deployments/TGR1/20240105/DCIM/102MEDIA/DSCF0260.JPG,2022-09-29T09:16:04,2023-12-31T08:49:14.754,TGR1_20231231084914.JPG
raw/Unusual Deployments/TGR1/20240105/DCIM/102MEDIA/DSCF0261.JPG,2022-09-29T09:26:04,2023-12-31T08:59:14.819,TGR1_20231231085914.JPG
raw/Unusual Deployments/TGR1/20240105/DCIM/102MEDIA/DSCF0262.JPG,2022-09-29T09:36:04,2023-12-31T09:09:14.884,TGR1_20231231090914.JPG
raw/Unusual Deployments/TGR1/20240105/DCIM/102MEDIA/DSCF0263.JPG,2022-09-29T09:46:04,2023-12-31T09:19:14.949,TGR1_20231231091914.JPG
raw/Unusual Deployments/TGR1/20240105/DCIM/102MEDIA/DSCF0264.JPG,2022-09-29T09:56:04,2023-12-31T09:29:15.014,TGR1_20231231092915.JPG
raw/Unusual Deployments/TGR1/20240105/DCIM/102MEDIA/DSCF0265.JPG,2022-09-29T10:06:04,2023-12-31T09:39:15.079,TGR1_20231231093915.JPG
raw/Unusual Deployments/TGR1/20240105/DCIM/102MEDIA/DSCF0266.JPG,2022-09-29T10:16:04,2023-12-31T09:49:15.145,TGR1_20231231094915.JPG
raw/Unusual Deployments/TGR1/20240105/DCIM/102MEDIA/DSCF0267.JPG,2022-09-29T10:26:04,2023-12-31T09:59:15.210,TGR1_20231231095915.JPG
raw/Unusual Deployments/TGR1/20240105/DCIM/102MEDIA/DSCF0268.JPG,2022-09-29T10:36:04,2023-12-31T10:09:15.275,TGR1_20231231100915.JPG
raw/Unusual Deployments/TGR1/20240105/DCIM/102MEDIA/DSCF0269.JPG,2022-09-29T10:46:04,2023-12-31T10:19:15.340,TGR1_20231231101915.JPG
raw/Unusual Deployments/TGR1/20240105/DCIM/102MEDIA/DSCF0270.JPG,2022-09-29T10:56:04,2023-12-31T10:29:15.405,TGR1_20231231102915.JPG
raw/Unusual Deployments/TGR1/20240105/DCIM/102MEDIA/DSCF0271.JPG,2022-09-29T11:06:04,2023-12-31T10:39:15.470,TGR1_20231231103915.JPG
raw/Unusual Deployments/TGR1/20240105/DCIM/102MEDIA/DSCF0272.JPG,2022-09-29T11:16:04,2023-12-31T10:49:15.536,TGR1_20231231104915.JPG
raw/Unusual Deployments/TGR1/20240105/DCIM/102MEDIA/DSCF0273.JPG,2022-09-29T11:26:04,2023-12-31T10:59:15.601,TGR1_20231231105915.JPG
raw/Unusual Deployments/TGR1/20240105/DCIM/102MEDIA/DSCF0274.JPG,2022-09-29T11:36:04,2023-12-31T11:09:15.666,TGR1_20231231110915.JPG
raw/Unusual Deployments/TGR1/20240105/DCIM/102MEDIA/DSCF0275.JPG,2022-09-29T11:46:04,2023-12-31T11:19:15.731,TGR1_20231231111915.JPG
raw/Unusual Deployments/TGR1/20240105/DCIM/102MEDIA/DSCF0276.JPG,2022-09-29T11:56:04,2023-12-31T11:29:15.796,TGR1_20231231112915.JPG
raw/Unusual Deployments/TGR1/20240105/DCIM/102MEDIA/DSCF0277.JPG,2022-09-29T12:06:04,2023-12-31T11:39:15.861,TGR1_20231231113915.JPG
raw/Unusual Deployments/TGR1/20240105/DCIM/102MEDIA/DSCF0278.JPG,2022-09-29T12:16:04,2023-12-31T11:49:15.927,TGR1_20231231114915.JPG
raw/Unusual Deployments/TGR1/20240105/DCIM/102MEDIA/DSCF0279.JPG,2022-09-29T12:26:04,2023-12-31T11:59:15.992,TGR1_20231231115915.JPG
raw/Unusual Deployments/TGR1/20240105/DCIM/102MEDIA/DSCF0280.JPG,2022-09-29T12:36:04,2023-12-31T12:09:16.057,TGR1_20231231120916.JPG
raw/Unusual Deployments/TGR1/20240105/DCIM/102MEDIA/DSCF0281.JPG,2022-09-29T12:46:04,2023-12-31T12:19:16.122,TGR1_20231231121916.JPG
raw/Unusual Deployments/TGR1/20240105/DCIM/102MEDIA/DSCF0282.JPG,2022-09-29T12:56:04,2023-12-31T12:29:16.187,TGR1_20231231122916.JPG
raw/Unusual Deployments/TGR1/20240105/DCIM/102MEDIA/DSCF0283.JPG,2022-09-29T13:06:04,2023-12-31T12:39:16.252,TGR1_20231231123916.JPG
raw/Unusual Deployments/TGR1/20240105/DCIM/102MEDIA/DSCF0284.JPG,2022-09-29T13:16:04,2023-12-31T12:49:16.318,TGR1_20231231124916.JPG
raw/Unusual Deployments/TGR1/20240105/DCIM/102MEDIA/DSCF0285.JPG,2022-09-29T13:26:04,2023-12-31T12:59:16.383,TGR1_20231231125916.JPG
raw/Unusual Deployments/TGR1/20240105/DCIM/102MEDIA/DSCF0286.JPG,2022-09-29T13:36:04,2023-12-31T13:09:16.448,TGR1_20231231130916.JPG
raw/Unusual Deployments/TGR1/20240105/DCIM/102MEDIA/DSCF0287.JPG,2022-09-29T13:46:04,2023-12-31T13:19:16.513,TGR1_20231231131916.JPG
raw/Unusual Deployments/TGR1/20240105/DCIM/102MEDIA/DSCF0288.JPG,2022-09-29T13:56:04,2023-12-31T13:29:16.578,TGR1_20231231132916.JPG
raw/Unusual Deployments/TGR1/20240105/DCIM/102MEDIA/DSCF0289.JPG,2022-09-29T14:06:04,2023-12-31T13:39:16.643,TGR1_20231231133916.JPG
raw/Unusual Deployments/TGR1/20240105/DCIM/102MEDIA/DSCF0290.JPG,2022-09-29T14:16:04,2023-12-31T13:49:16.709,TGR1_20231231134916.JPG
raw/Unusual Deployments/TGR1/20240105/DCIM/102MEDIA/DSCF0291.JPG,2022-09-29T14:26:04,2023-12-31T13:59:16.774,TGR1_20231231135916.JPG
raw/Unusual Deployments/TGR1/20240105/DCIM/102MEDIA/DSCF0292.JPG,2022-09-29T14:36:04,2023-12-31T14:09:16.839,TGR1_20231231140916.JPG
raw/Unusual Deployments/TGR1/20240105/DCIM/102MEDIA/DSCF0293.JPG,2022-09-29T14:46:04,2023-12-31T14:19:16.904,TGR1_20231231141916.JPG
raw/Unusual Deployments/TGR1/20240105/DCIM/102MEDIA/DSCF0294.JPG,2022-09-29T14:56:04,2023-12-31T14:29:16.969,TGR1_20231231142916.JPG
raw/Unusual Deployments/TGR1/20240105/DCIM/102MEDIA/DSCF0295.JPG,2022-09-29T15:06:04,2023-12-31T14:39:17.034,TGR1_20231231143917.JPG
raw/Unusual Deployments/TGR1/20240105/DCIM/102MEDIA/DSCF0296.JPG,2022-09-29T15:16:04,2023-12-31T14:49:17.100,TGR1_20231231144917.JPG
raw/Unusual Deployments/TGR1/20240105/DCIM/102MEDIA/DSCF0297.JPG,2022-09-29T15:26:04,2023-12-31T14:59:17.165,TGR1_20231231145917.JPG
raw/Unusual Deployments/TGR1/20240105/DCIM/102MEDIA/DSCF0298.JPG,2022-09-29T15:36:04,2023-12-31T15:09:17.230,TGR1_20231231150917.JPG
raw/Unusual Deployments/TGR1/20240105/DCIM/102MEDIA/DSCF0299.JPG,2022-09-29T15:46:04,2023-12-31T15:19:17.295,TGR1_20231231151917.JPG
raw/Unusual Deployments/TGR1/20240105/DCIM/102MEDIA/DSCF0300.JPG,2022-09-29T15:56:04,2023-12-31T15:29:17.360,TGR1_20231231152917.JPG
raw/Unusual Deployments/TGR1/20240105/DCIM/102MEDIA/DSCF0301.JPG,2022-09-29T16:06:04,2023-12-31T15:39:17.425,TGR1_20231231153917.JPG
raw/Unusual Deployments/TGR1/20240105/DCIM/102MEDIA/DSCF0302.JPG,2022-09-29T16:16:04,2023-12-31T15:49:17.491,TGR1_20231231154917.JPG
raw/Unusual Deployments/TGR1/20240105/DCIM/102MEDIA/DSCF0303.JPG,2022-09-29T16:26:04,2023-12-31T15:59:17.556,TGR1_20231231155917.JPG
raw/Unusual Deployments/TGR1/20240105/DCIM/102MEDIA/DSCF0304.JPG,2022-09-29T16:36:04,2023-12-31T16:09:17.621,TGR1_20231231160917.JPG
raw/Unusual Deployments/TGR1/20240105/DCIM/102MEDIA/DSCF0305.JPG,2022-09-29T16:46:04,2023-12-31T16:19:17.686,TGR1_20231231161917.JPG
raw/Unusual Deployments/TGR1/20240105/DCIM/102MEDIA/DSCF0306.JPG,2022-09-29T16:56:04,2023-12-31T16:29:17.751,TGR1_20231231162917.JPG
raw/Unusual Deployments/TGR1/20240105/DCIM/102MEDIA/DSCF0307.JPG,2022-09-29T17:06:04,2023-12-31T16:39:17.816,TGR1_20231231163917.JPG
raw/Unusual Deployments/TGR1/20240105/DCIM/102MEDIA/DSCF0308.JPG,2022-09-29T17:16:04,2023-12-31T16:49:17.882,TGR1_20231231164917.JPG
raw/Unusual Deployments/TGR1/20240105/DCIM/102MEDIA/DSCF0309.JPG,2022-09-29T17:26:04,2023-12-31T16:59:17.947,TGR1_20231231165917.JPG
raw/Unusual Deployments/TGR1/20240105/DCIM/102MEDIA/DSCF0310.JPG,2022-09-29T17:36:04,2023-12-31T17:09:18.012,TGR1_20231231170918.JPG
raw/Unusual Deployments/TGR1/20240105/DCIM/102MEDIA/DSCF0311.JPG,2022-09-29T17:46:04,2023-12-31T17:19:18.077,TGR1_20231231171918.JPG
raw/Unusual Deployments/TGR1/20240105/DCIM/102MEDIA/DSCF0312.JPG,2022-09-29T17:56:04,2023-12-31T17:29:18.142,TGR1_20231231172918.JPG
raw/Unusual Deployments/TGR1/20240105/DCIM/102MEDIA/DSCF0313.JPG,2022-09-29T18:06:04,2023-12-31T17:39:18.207,TGR1_20231231173918.JPG
raw/Unusual Deployments/TGR1/20240105/DCIM/102MEDIA/DSCF0314.JPG,2022-09-29T18:16:05,2023-12-31T17:49:19.273,TGR1_20231231174919.JPG
raw/Unusual Deployments/TGR1/20240105/DCIM/102MEDIA/DSCF0315.JPG,2022-09-29T18:26:04,2023-12-31T17:59:18.338,TGR1_20231231175918.JPG
raw/Unusual Deployments/TGR1/20240105/DCIM/102MEDIA/DSCF0316.JPG,2022-09-29T18:36:04,2023-12-31T18:09:18.403,TGR1_20231231180918.JPG
raw/Unusual Deployments/TGR1/20240105/DCIM/102MEDIA/DSCF0317.JPG,2022-09-29T18:46:04,2023-12-31T18:19:18.468,TGR1_20231231181918.JPG
raw/Unusual Deployments/TGR1/20240105/DCIM/102MEDIA/DSCF0318.JPG,2022-09-29T18:56:04,2023-12-31T18:29:18.533,TGR1_20231231182918.JPG
raw/Unusual Deployments/TGR1/20240105/DCIM/102MEDIA/DSCF0319.JPG,2022-09-29T19:06:04,2023-12-31T18:39:18.598,TGR1_20231231183918.JPG
raw/Unusual Deployments/TGR1/20240105/DCIM/102MEDIA/DSCF0320.JPG,2022-09-29T19:16:04,2023-12-31T18:49:18.664,TGR1_20231231184918.JPG
raw/Unusual Deployments/TGR1/20240105/DCIM/102MEDIA/DSCF0321.JPG,2022-09-29T19:26:04,2023-12-31T18:59:18.729,TGR1_20231231185918.JPG
raw/Unusual Deployments/TGR1/20240105/DCIM/102MEDIA/DSCF0322.JPG,2022-09-29T19:36:04,2023-12-31T19:09:18.794,TGR1_20231231190918.JPG
raw/Unusual Deployments/TGR1/20240105/DCIM/102MEDIA/DSCF0323.JPG,2022-09-29T19:46:04,2023-12-31T19:19:18.859,TGR1_20231231191918.JPG
raw/Unusual Deployments/TGR1/20240105/DCIM/102MEDIA/DSCF0324.JPG,2022-09-29T19:56:04,2023-12-31T19:29:18.924,TGR1_20231231192918.JPG
raw/Unusual Deployments/TGR1/20240105/DCIM/102MEDIA/DSCF0325.JPG,2022-09-29T20:06:04,2023-12-31T19:39:18.989,TGR1_20231231193918.JPG
raw/Unusual Deployments/TGR1/20240105/DCIM/102MEDIA/DSCF0326.JPG,2022-09-29T20:16:04,2023-12-31T19:49:19.055,TGR1_20231231194919.JPG
raw/Unusual Deployments/TGR1/20240105/DCIM/102MEDIA/DSCF0327.JPG,2022-09-29T20:26:04,2023-12-31T19:59:19.120,TGR1_20231231195919.JPG
raw/Unusual Deployments/TGR1/20240105/DCIM/102MEDIA/DSCF0328.JPG,2022-09-29T20:36:04,2023-12-31T20:09:19.185,TGR1_20231231200919.JPG
raw/Unusual Deployments/TGR1/20240105/DCIM/102MEDIA/DSCF0329.JPG,2022-09-29T20:46:04,2023-12-31T20:19:19.250,TGR1_20231231201919.JPG
raw/Unusual Deployments/TGR1/20240105/DCIM/102MEDIA/DSCF0330.JPG,2022-09-29T20:56:04,2023-12-31T20:29:19.315,TGR1_20231231202919.JPG
raw/Unusual Deployments/TGR1/20240105/DCIM/102MEDIA/DSCF0331.JPG,2022-09-29T21:06:04,2023-12-31T20:39:19.380,TGR1_20231231203919.JPG
raw/Unusual Deployments/TGR1/20240105/DCIM/102MEDIA/DSCF0332.JPG,2022-09-29T21:16:04,2023-12-31T20:49:19.446,TGR1_20231231204919.JPG
raw/Unusual Deployments/TGR1/20240105/DCIM/102MEDIA/DSCF0333.JPG,2022-09-29T21:26:04,2023-12-31T20:59:19.511,TGR1_20231231205919.JPG
raw/Unusual Deployments/TGR1/20240105/DCIM/102MEDIA/DSCF0334.JPG,2022-09-29T21:36:04,2023-12-31T21:09:19.576,TGR1_20231231210919.JPG
raw/Unusual Deployments/TGR1/20240105/DCIM/102MEDIA/DSCF0335.JPG,2022-09-29T21:46:04,2023-12-31T21:19:19.641,TGR1_20231231211919.JPG
raw/Unusual Deployments/TGR1/20240105/DCIM/102MEDIA/DSCF0336.JPG,2022-09-29T21:56:04,2023-12-31T21:29:19.706,TGR1_20231231212919.JPG
raw/Unusual Deployments/TGR1/20240105/DCIM/102MEDIA/DSCF0337.JPG,2022-09-29T22:06:04,2023-12-31T21:39:19.771,TGR1_20231231213919.JPG
raw/Unusual Deployments/TGR1/20240105/DCIM/102MEDIA/DSCF0338.JPG,2022-09-29T22:16:04,2023-12-31T21:49:19.837,TGR1_20231231214919.JPG
raw/Unusual Deployments/TGR1/20240105/DCIM/102MEDIA/DSCF0339.JPG,2022-09-29T22:26:04,2023-12-31T21:59:19.902,TGR1_20231231215919.JPG
raw/Unusual Deployments/TGR1/20240105/DCIM/102MEDIA/DSCF0340.JPG,2022-09-29T22:36:04,2023-12-31T22:09:19.967,TGR1_20231231220919.JPG
raw/Unusual Deployments/TGR1/20240105/DCIM/102MEDIA/DSCF0341.JPG,2022-09-29T22:46:04,2023-12-31T22:19:20.032,TGR1_20231231221920.JPG
raw/Unusual Deployments/TGR1/20240105/DCIM/102MEDIA/DSCF0342.JPG,2022-09-29T22:56:04,2023-12-31T22:29:20.097,TGR1_20231231222920.JPG
raw/Unusual Deployments/TGR1/20240105/DCIM/102MEDIA/DSCF0343.JPG,2022-09-29T23:06:04,2023-12-31T22:39:20.162,TGR1_20231231223920.JPG
raw/Unusual Deployments/TGR1/20240105/DCIM/102MEDIA/DSCF0344.JPG,2022-09-29T23:16:04,2023-12-31T22:49:20.228,TGR1_20231231224920.JPG
raw/Unusual Deployments/TGR1/20240105/DCIM/102MEDIA/DSCF0345.JPG,2022-09-29T23:26:04,2023-12-31T22:59:20.293,TGR1_20231231225920.JPG
raw/Unusual Deployments/TGR1/20240105/DCIM/102MEDIA/DSCF0346.JPG,2022-09-29T23:36:04,2023-12-31T23:09:20.358,TGR1_20231231230920.JPG
raw/Unusual Deployments/TGR1/20240105/DCIM/102MEDIA/DSCF0347.JPG,2022-09-29T23:46:04,2023-12-31T23:19:20.423,TGR1_20231231231920.JPG
raw/Unusual Deployments/TGR1/20240105/DCIM/102MEDIA/DSCF0348.JPG,2022-09-29T23:56:04,2023-12-31T23:29:20.488,TGR1_20231231232920.JPG
raw/Unusual Deployments/TGR1/20240105/DCIM/102MEDIA/DSCF0349.JPG,2022-09-30T00:06:04,2023-12-31T23:39:20.553,TGR1_20231231233920.JPG
raw/Unusual Deployments/TGR1/20240105/DCIM/102MEDIA/DSCF0350.JPG,2022-09-30T00:16:04,2023-12-31T23:49:20.619,TGR1_20231231234920.JPG
raw/Unusual Deployments/TGR1/20240105/DCIM/102MEDIA/DSCF0351.JPG,2022-09-30T00:26:04,2023-12-31T23:59:20.684,TGR1_20231231235920.JPG
raw/Unusual Deployments/TGR1/20240105/DCIM/102MEDIA/DSCF0352.JPG,2022-09-30T00:36:04,2024-01-01T00:09:20.749,TGR1_20240101000920.JPG
raw/Unusual Deployments/TGR1/20240105/DCIM/102MEDIA/DSCF0353.JPG,2022-09-30T00:46:04,2024-01-01T00:19:20.814,TGR1_20240101001920.JPG
raw/Unusual Deployments/TGR1/20240105/DCIM/102MEDIA/DSCF0354.JPG,2022-09-30T00:56:04,2024-01-01T00:29:20.879,TGR1_20240101002920.JPG
raw/Unusual Deployments/TGR1/20240105/DCIM/102MEDIA/DSCF0355.JPG,2022-09-30T01:06:04,2024-01-01T00:39:20.944,TGR1_20240101003920.JPG
raw/Unusual Deployments/TGR1/20240105/DCIM/102MEDIA/DSCF0356.JPG,2022-09-30T01:16:04,2024-01-01T00:49:21.009,TGR1_20240101004921.JPG
raw/Unusual Deployments/TGR1/20240105/DCIM/102MEDIA/DSCF0357.JPG,2022-09-30T01:26:03,2024-01-01T00:59:20.075,TGR1_20240101005920.JPG
raw/Unusual Deployments/TGR1/20240105/DCIM/102MEDIA/DSCF0358.JPG,2022-09-30T01:36:04,2024-01-01T01:09:21.140,TGR1_20240101010921.JPG
raw/Unusual Deployments/TGR1/20240105/DCIM/102MEDIA/DSCF0359.JPG,2022-09-30T01:46:04,2024-01-01T01:19:21.205,TGR1_20240101011921.JPG
raw/Unusual Deployments/TGR1/20240105/DCIM/102MEDIA/DSCF0360.JPG,2022-09-30T01:56:04,2024-01-01T01:29:21.270,TGR1_20240101012921.JPG
raw/Unusual Deployments/TGR1/20240105/DCIM/102MEDIA/DSCF0361.JPG,2022-09-30T02:06:04,2024-01-01T01:39:21.335,TGR1_20240101013921.JPG
raw/Unusual Deployments/TGR1/20240105/DCIM/102MEDIA/DSCF0362.JPG,2022-09-30T02:16:04,2024-01-01T01:49:21.400,TGR1_20240101014921.JPG
raw/Unusual Deployments/TGR1/20240105/DCIM/102MEDIA/DSCF0363.JPG,2022-09-30T02:26:04,2024-01-01T01:59:21.466,TGR1_20240101015921.JPG
raw/Unusual Deployments/TGR1/20240105/DCIM/102MEDIA/DSCF0364.JPG,2022-09-30T02:36:04,2024-01-01T02:09:21.531,TGR1_20240101020921.JPG
raw/Unusual Deployments/TGR1/20240105/DCIM/102MEDIA/DSCF0365.JPG,2022-09-30T02:46:04,2024-01-01T02:19:21.596,TGR1_20240101021921.JPG
raw/Unusual Deployments/TGR1/20240105/DCIM/102MEDIA/DSCF0366.JPG,2022-09-30T02:56:04,2024-01-01T02:29:21.661,TGR1_20240101022921.JPG
raw/Unusual Deployments/TGR1/20240105/DCIM/102MEDIA/DSCF0367.JPG,2022-09-30T03:06:04,2024-01-01T02:39:21.726,TGR1_20240101023921.JPG
raw/Unusual Deployments/TGR1/20240105/DCIM/102MEDIA/DSCF0368.JPG,2022-09-30T03:16:04,2024-01-01T02:49:21.791,TGR1_20240101024921.JPG
raw/Unusual Deployments/TGR1/20240105/DCIM/102MEDIA/DSCF0369.JPG,2022-09-30T03:26:04,2024-01-01T02:59:21.857,TGR1_20240101025921.JPG
raw/Unusual Deployments/TGR1/20240105/DCIM/102MEDIA/DSCF0370.JPG,2022-09-30T03:36:04,2024-01-01T03:09:21.922,TGR1_20240101030921.JPG
raw/Unusual Deployments/TGR1/20240105/DCIM/102MEDIA/DSCF0371.JPG,2022-09-30T03:46:04,2024-01-01T03:19:21.987,TGR1_20240101031921.JPG
raw/Unusual Deployments/TGR1/20240105/DCIM/102MEDIA/DSCF0372.JPG,2022-09-30T03:56:04,2024-01-01T03:29:22.052,TGR1_20240101032922.JPG
raw/Unusual Deployments/TGR1/20240105/DCIM/102MEDIA/DSCF0373.JPG,2022-09-30T04:06:04,2024-01-01T03:39:22.117,TGR1_20240101033922.JPG
raw/Unusual Deployments/TGR1/20240105/DCIM/102MEDIA/DSCF0374.JPG,2022-09-30T04:16:04,2024-01-01T03:49:22.182,TGR1_20240101034922.JPG
raw/Unusual Deployments/TGR1/20240105/DCIM/102MEDIA/DSCF0375.JPG,2022-09-30T04:26:04,2024-01-01T03:59:22.248,TGR1_20240101035922.JPG
raw/Unusual Deployments/TGR1/20240105/DCIM/102MEDIA/DSCF0376.JPG,2022-09-30T04:36:04,2024-01-01T04:09:22.313,TGR1_20240101040922.JPG
raw/Unusual Deployments/TGR1/20240105/DCIM/102MEDIA/DSCF0377.JPG,2022-09-30T04:46:04,2024-01-01T04:19:22.378,TGR1_20240101041922.JPG
raw/Unusual Deployments/TGR1/20240105/DCIM/102MEDIA/DSCF0378.JPG,2022-09-30T04:56:04,2024-01-01T04:29:22.443,TGR1_20240101042922.JPG
raw/Unusual Deployments/TGR1/20240105/DCIM/102MEDIA/DSCF0379.JPG,2022-09-30T05:06:04,2024-01-01T04:39:22.508,TGR1_20240101043922.JPG
raw/Unusual Deployments/TGR1/20240105/DCIM/102MEDIA/DSCF0380.JPG,2022-09-30T05:16:04,2024-01-01T04:49:22.573,TGR1_20240101044922.JPG
raw/Unusual Deployments/TGR1/20240105/DCIM/102MEDIA/DSCF0381.JPG,2022-09-30T05:26:04,2024-01-01T04:59:22.639,TGR1_20240101045922.JPG
raw/Unusual Deployments/TGR1/20240105/DCIM/102MEDIA/DSCF0382.JPG,2022-09-30T05:36:04,2024-01-01T05:09:22.704,TGR1_20240101050922.JPG
raw/Unusual Deployments/TGR1/20240105/DCIM/102MEDIA/DSCF0383.JPG,2022-09-30T05:46:04,2024-01-01T05:19:22.769,TGR1_20240101051922.JPG
raw/Unusual Deployments/TGR1/20240105/DCIM/102MEDIA/DSCF0384.JPG,2022-09-30T05:56:04,2024-01-01T05:29:22.834,TGR1_20240101052922.JPG
raw/Unusual Deployments/TGR1/20240105/DCIM/102MEDIA/DSCF0385.JPG,2022-09-30T06:06:04,2024-01-01T05:39:22.899,TGR1_20240101053922.JPG
raw/Unusual Deployments/TGR1/20240105/DCIM/102MEDIA/DSCF0386.JPG,2022-09-30T06:16:04,2024-01-01T05:49:22.964,TGR1_20240101054922.JPG
raw/Unusual Deployments/TGR1/20240105/DCIM/102MEDIA/DSCF0387.JPG,2022-09-30T06:26:04,2024-01-01T05:59:23.030,TGR1_20240101055923.JPG
raw/Unusual Deployments/TGR1/20240105/DCIM/102MEDIA/DSCF0388.JPG,2022-09-30T06:36:04,2024-01-01T06:09:23.095,TGR1_20240101060923.JPG
raw/Unusual Deployments/TGR1/20240105/DCIM/102MEDIA/DSCF0389.JPG,2022-09-30T06:46:04,2024-01-01T06:19:23.160,TGR1_20240101061923.JPG
raw/Unusual Deployments/TGR1/20240105/DCIM/102MEDIA/DSCF0390.JPG,2022-09-30T06:56:04,2024-01-01T06:29:23.225,TGR1_20240101062923.JPG
raw/Unusual Deployments/TGR1/20240105/DCIM/102MEDIA/DSCF0391.JPG,2022-09-30T07:06:04,2024-01-01T06:39:23.290,TGR1_20240101063923.JPG
raw/Unusual Deployments/TGR1/20240105/DCIM/102MEDIA/DSCF0392.JPG,2022-09-30T07:16:04,2024-01-01T06:49:23.355,TGR1_20240101064923.JPG
raw/Unusual Deployments/TGR1/20240105/DCIM/102MEDIA/DSCF0393.JPG,2022-09-30T07:26:04,2024-01-01T06:59:23.421,TGR1_20240101065923.JPG
raw/Unusual Deployments/TGR1/20240105/DCIM/102MEDIA/DSCF0394.JPG,2022-09-30T07:36:04,2024-01-01T07:09:23.486,TGR1_20240101070923.JPG
raw/Unusual Deployments/TGR1/20240105/DCIM/102MEDIA/DSCF0395.JPG,2022-09-30T07:46:04,2024-01-01T07:19:23.551,TGR1_20240101071923.JPG
raw/Unusual Deployments/TGR1/20240105/DCIM/102MEDIA/DSCF0396.JPG,2022-09-30T07:56:04,2024-01-01T07:29:23.616,TGR1_20240101072923.JPG
raw/Unusual Deployments/TGR1/20240105/DCIM/102MEDIA/DSCF0397.JPG,2022-09-30T08:06:04,2024-01-01T07:39:23.681,TGR1_20240101073923.JPG
raw/Unusual Deployments/TGR1/20240105/DCIM/102MEDIA/DSCF0398.JPG,2022-09-30T08:16:04,2024-01-01T07:49:23.746,TGR1_20240101074923.JPG
raw/Unusual Deployments/TGR1/20240105/DCIM/102MEDIA/DSCF0399.JPG,2022-09-30T08:26:04,2024-01-01T07:59:23.812,TGR1_20240101075923.JPG
raw/Unusual Deployments/TGR1/20240105/DCIM/102MEDIA/DSCF0400.JPG,2022-09-30T08:36:04,2024-01-01T08:09:23.877,TGR1_20240101080923.JPG
raw/Unusual Deployments/TGR1/20240105/DCIM/102MEDIA/DSCF0401.JPG,2022-09-30T08:46:04,2024-01-01T08:19:23.942,TGR1_20240101081923.JPG
raw/Unusual Deployments/TGR1/20240105/DCIM/102MEDIA/DSCF0402.JPG,2022-09-30T08:56:04,2024-01-01T08:29:24.007,TGR1_20240101082924.JPG
raw/Unusual Deployments/TGR1/20240105/DCIM/102MEDIA/DSCF0403.JPG,2022-09-30T09:06:04,2024-01-01T08:39:24.072,TGR1_20240101083924.JPG
raw/Unusual Deployments/TGR1/20240105/DCIM/102MEDIA/DSCF0404.JPG,2022-09-30T09:16:04,2024-01-01T08:49:24.137,TGR1_20240101084924.JPG
raw/Unusual Deployments/TGR1/20240105/DCIM/102MEDIA/DSCF0405.JPG,2022-09-30T09:26:04,2024-01-01T08:59:24.203,TGR1_20240101085924.JPG
raw/Unusual Deployments/TGR1/20240105/DCIM/102MEDIA/DSCF0406.JPG,2022-09-30T09:36:04,2024-01-01T09:09:24.268,TGR1_20240101090924.JPG
raw/Unusual Deployments/TGR1/20240105/DCIM/102MEDIA/DSCF0407.JPG,2022-09-30T09:46:04,2024-01-01T09:19:24.333,TGR1_20240101091924.JPG
raw/Unusual Deployments/TGR1/20240105/DCIM/102MEDIA/DSCF0408.JPG,2022-09-30T09:56:04,2024-01-01T09:29:24.398,TGR1_20240101092924.JPG
raw/Unusual Deployments/TGR1/20240105/DCIM/102MEDIA/DSCF0409.JPG,2022-09-30T10:06:04,2024-01-01T09:39:24.463,TGR1_20240101093924.JPG
raw/Unusual Deployments/TGR1/20240105/DCIM/102MEDIA/DSCF0410.JPG,2022-09-30T10:16:04,2024-01-01T09:49:24.528,TGR1_20240101094924.JPG
raw/Unusual Deployments/TGR1/20240105/DCIM/102MEDIA/DSCF0411.JPG,2022-09-30T10:26:04,2024-01-01T09:59:24.594,TGR1_20240101095924.JPG
raw/Unusual Deployments/TGR1/20240105/DCIM/102MEDIA/DSCF0412.JPG,2022-09-30T10:36:04,2024-01-01T10:09:24.659,TGR1_20240101100924.JPG
raw/Unusual Deployments/TGR1/20240105/DCIM/102MEDIA/DSCF0413.JPG,2022-09-30T10:46:04,2024-01-01T10:19:24.724,TGR1_20240101101924.JPG
raw/Unusual Deployments/TGR1/20240105/DCIM/102MEDIA/DSCF0414.JPG,2022-09-30T10:56:04,2024-01-01T10:29:24.789,TGR1_20240101102924.JPG
raw/Unusual Deployments/TGR1/20240105/DCIM/102MEDIA/DSCF0415.JPG,2022-09-30T11:06:04,2024-01-01T10:39:24.854,TGR1_20240101103924.JPG
raw/Unusual Deployments/TGR1/20240105/DCIM/102MEDIA/DSCF0416.JPG,2022-09-30T11:16:04,2024-01-01T10:49:24.919,TGR1_20240101104924.JPG
raw/Unusual Deployments/TGR1/20240105/DCIM/102MEDIA/DSCF0417.JPG,2022-09-30T11:26:04,2024-01-01T10:59:24.985,TGR1_20240101105924.JPG
raw/Unusual Deployments/TGR1/20240105/DCIM/102MEDIA/DSCF0418.JPG,2022-09-30T11:36:04,2024-01-01T11:09:25.050,TGR1_20240101110925.JPG
raw/Unusual Deployments/TGR1/20240105/DCIM/102MEDIA/DSCF0419.JPG,2022-09-30T11:46:04,2024-01-01T11:19:25.115,TGR1_20240101111925.JPG
raw/Unusual Deployments/TGR1/20240105/DCIM/102MEDIA/DSCF0420.JPG,2022-09-30T11:56:04,2024-01-01T11:29:25.180,TGR1_20240101112925.JPG
raw/Unusual Deployments/TGR1/20240105/DCIM/102MEDIA/DSCF0421.JPG,2022-09-30T12:06:04,2024-01-01T11:39:25.245,TGR1_20240101113925.JPG
raw/Unusual Deployments/TGR1/20240105/DCIM/102MEDIA/DSCF0422.JPG,2022-09-30T12:16:04,2024-01-01T11:49:25.310,TGR1_20240101114925.JPG
raw/Unusual Deployments/TGR1/20240105/DCIM/102MEDIA/DSCF0423.JPG,2022-09-30T12:26:04,2024-01-01T11:59:25.376,TGR1_20240101115925.JPG
raw/Unusual Deployments/TGR1/20240105/DCIM/102MEDIA/DSCF0424.JPG,2022-09-30T12:36:04,2024-01-01T12:09:25.441,TGR1_20240101120925.JPG
raw/Unusual Deployments/TGR1/20240105/DCIM/102MEDIA/DSCF0425.JPG,2022-09-30T12:46:04,2024-01-01T12:19:25.506,TGR1_20240101121925.JPG
raw/Unusual Deployments/TGR1/20240105/DCIM/102MEDIA/DSCF0426.JPG,2022-09-30T12:56:04,2024-01-01T12:29:25.571,TGR1_20240101122925.JPG
raw/Unusual Deployments/TGR1/20240105/DCIM/102MEDIA/DSCF0427.JPG,2022-09-30T13:06:04,2024-01-01T12:39:25.636,TGR1_20240101123925.JPG
raw/Unusual Deployments/TGR1/20240105/DCIM/102MEDIA/DSCF0428.JPG,2022-09-30T13:16:04,2024-01-01T12:49:25.701,TGR1_20240101124925.JPG
raw/Unusual Deployments/TGR1/20240105/DCIM/102MEDIA/DSCF0429.JPG,2022-09-30T13:26:04,2024-01-01T12:59:25.767,TGR1_20240101125925.JPG
raw/Unusual Deployments/TGR1/20240105/DCIM/102MEDIA/DSCF0430.JPG,2022-09-30T13:36:04,2024-01-01T13:09:25.832,TGR1_20240101130925.JPG
raw/Unusual Deployments/TGR1/20240105/DCIM/102MEDIA/DSCF0431.JPG,2022-09-30T13:46:04,2024-01-01T13:19:25.897,TGR1_20240101131925.JPG
raw/Unusual Deployments/TGR1/20240105/DCIM/102MEDIA/DSCF0432.JPG,2022-09-30T13:56:04,2024-01-01T13:29:25.962,TGR1_20240101132925.JPG
raw/Unusual Deployments/TGR1/20240105/DCIM/102MEDIA/DSCF0433.JPG,2022-09-30T14:06:04,2024-01-01T13:39:26.027,TGR1_20240101133926.JPG
raw/Unusual Deployments/TGR1/20240105/DCIM/102MEDIA/DSCF0434.JPG,2022-09-30T14:16:04,2024-01-01T13:49:26.092,TGR1_20240101134926.JPG
raw/Unusual Deployments/TGR1/20240105/DCIM/102MEDIA/DSCF0435.JPG,2022-09-30T14:26:04,2024-01-01T13:59:26.158,TGR1_20240101135926.JPG
raw/Unusual Deployments/TGR1/20240105/DCIM/102MEDIA/DSCF0436.JPG,2022-09-30T14:36:04,2024-01-01T14:09:26.223,TGR1_20240101140926.JPG
raw/Unusual Deployments/TGR1/20240105/DCIM/102MEDIA/DSCF0437.JPG,2022-09-30T14:46:04,2024-01-01T14:19:26.288,TGR1_20240101141926.JPG
raw/Unusual Deployments/TGR1/20240105/DCIM/102MEDIA/DSCF0438.JPG,2022-09-30T14:56:04,2024-01-01T14:29:26.353,TGR1_20240101142926.JPG
raw/Unusual Deployments/TGR1/20240105/DCIM/102MEDIA/DSCF0439.JPG,2022-09-30T15:06:04,2024-01-01T14:39:26.418,TGR1_20240101143926.JPG
raw/Unusual Deployments/TGR1/20240105/DCIM/102MEDIA/DSCF0440.JPG,2022-09-30T15:16:04,2024-01-01T14:49:26.483,TGR1_20240101144926.JPG
raw/Unusual Deployments/TGR1/20240105/DCIM/102MEDIA/DSCF0441.JPG,2022-09-30T15:26:04,2024-01-01T14:59:26.549,TGR1_20240101145926.JPG
raw/Unusual Deployments/TGR1/20240105/DCIM/102MEDIA/DSCF0442.JPG,2022-09-30T15:36:04,2024-01-01T15:09:26.614,TGR1_20240101150926.JPG
raw/Unusual Deployments/TGR1/20240105/DCIM/102MEDIA/DSCF0443.JPG,2022-09-30T15:46:04,2024-01-01T15:19:26.679,TGR1_20240101151926.JPG
raw/Unusual Deployments/TGR1/20240105/DCIM/102MEDIA/DSCF0444.JPG,2022-09-30T15:56:04,2024-01-01T15:29:26.744,TGR1_20240101152926.JPG
raw/Unusual Deployments/TGR1/20240105/DCIM/102MEDIA/DSCF0445.JPG,2022-09-30T16:06:04,2024-01-01T15:39:26.809,TGR1_20240101153926.JPG
raw/Unusual Deployments/TGR1/20240105/DCIM/102MEDIA/DSCF0446.JPG,2022-09-30T16:16:04,2024-01-01T15:49:26.874,TGR1_20240101154926.JPG
raw/Unusual Deployments/TGR1/20240105/DCIM/102MEDIA/DSCF0447.JPG,2022-09-30T16:26:04,2024-01-01T15:59:26.940,TGR1_20240101155926.JPG
raw/Unusual Deployments/TGR1/20240105/DCIM/102MEDIA/DSCF0448.JPG,2022-09-30T16:36:04,2024-01-01T16:09:27.005,TGR1_20240101160927.JPG
raw/Unusual Deployments/TGR1/20240105/DCIM/102MEDIA/DSCF0449.JPG,2022-09-30T16:46:04,2024-01-01T16:19:27.070,TGR1_20240101161927.JPG
raw/Unusual Deployments/TGR1/20240105/DCIM/102MEDIA/DSCF0450.JPG,2022-09-30T16:56:04,2024-01-01T16:29:27.135,TGR1_20240101162927.JPG
raw/Unusual Deployments/TGR1/20240105/DCIM/102MEDIA/DSCF0451.JPG,2022-09-30T17:06:04,2024-01-01T16:39:27.200,TGR1_20240101163927.JPG
raw/Unusual Deployments/TGR1/20240105/DCIM/102MEDIA/DSCF0452.JPG,2022-09-30T17:16:04,2024-01-01T16:49:27.265,TGR1_20240101164927.JPG
raw/Unusual Deployments/TGR1/20240105/DCIM/102MEDIA/DSCF0453.JPG,2022-09-30T17:26:04,2024-01-01T16:59:27.331,TGR1_20240101165927.JPG
raw/Unusual Deployments/TGR1/20240105/DCIM/102MEDIA/DSCF0454.JPG,2022-09-30T17:36:04,2024-01-01T17:09:27.396,TGR1_20240101170927.JPG
raw/Unusual Deployments/TGR1/20240105/DCIM/102MEDIA/DSCF0455.JPG,2022-09-30T17:46:04,2024-01-01T17:19:27.461,TGR1_20240101171927.JPG
raw/Unusual Deployments/TGR1/20240105/DCIM/102MEDIA/DSCF0456.JPG,2022-09-30T17:56:04,2024-01-01T17:29:27.526,TGR1_20240101172927.JPG
raw/Unusual Deployments/TGR1/20240105/DCIM/102MEDIA/DSCF0457.JPG,2022-09-30T18:06:04,2024-01-01T17:39:27.591,TGR1_20240101173927.JPG
raw/Unusual Deployments/TGR1/20240105/DCIM/102MEDIA/DSCF0458.JPG,2022-09-30T18:16:05,2024-01-01T17:49:28.656,TGR1_20240101174928.JPG
raw/Unusual Deployments/TGR1/20240105/DCIM/102MEDIA/DSCF0459.JPG,2022-09-30T18:26:04,2024-01-01T17:59:27.722,TGR1_20240101175927.JPG
raw/Unusual Deployments/TGR1/20240105/DCIM/102MEDIA/DSCF0460.JPG,2022-09-30T18:36:04,2024-01-01T18:09:27.787,TGR1_20240101180927.JPG
raw/Unusual Deployments/TGR1/20240105/DCIM/102MEDIA/DSCF0461.JPG,2022-09-30T18:46:04,2024-01-01T18:19:27.852,TGR1_20240101181927.JPG
raw/Unusual Deployments/TGR1/20240105/DCIM/102MEDIA/DSCF0462.JPG,2022-09-30T18:56:04,2024-01-01T18:29:27.917,TGR1_20240101182927.JPG
raw/Unusual Deployments/TGR1/20240105/DCIM/102MEDIA/DSCF0463.JPG,2022-09-30T19:06:04,2024-01-01T18:39:27.982,TGR1_20240101183927.JPG
raw/Unusual Deployments/TGR1/20240105/DCIM/102MEDIA/DSCF0464.JPG,2022-09-30T19:16:04,2024-01-01T18:49:28.047,TGR1_20240101184928.JPG
raw/Unusual Deployments/TGR1/20240105/DCIM/102MEDIA/DSCF0465.JPG,2022-09-30T19:26:04,2024-01-01T18:59:28.113,TGR1_20240101185928.JPG
raw/Unusual Deployments/TGR1/20240105/DCIM/102MEDIA/DSCF0466.JPG,2022-09-30T19:36:04,2024-01-01T19:09:28.178,TGR1_20240101190928.JPG
raw/Unusual Deployments/TGR1/20240105/DCIM/102MEDIA/DSCF0467.JPG,2022-09-30T19:46:04,2024-01-01T19:19:28.243,TGR1_20240101191928.JPG
raw/Unusual Deployments/TGR1/20240105/DCIM/102MEDIA/DSCF0468.JPG,2022-09-30T19:56:04,2024-01-01T19:29:28.308,TGR1_20240101192928.JPG
raw/Unusual Deployments/TGR1/20240105/DCIM/102MEDIA/DSCF0469.JPG,2022-09-30T20:06:04,2024-01-01T19:39:28.373,TGR1_20240101193928.JPG
raw/Unusual Deployments/TGR1/20240105/DCIM/102MEDIA/DSCF0470.JPG,2022-09-30T20:16:04,2024-01-01T19:49:28.438,TGR1_20240101194928.JPG
raw/Unusual Deployments/TGR1/20240105/DCIM/102MEDIA/DSCF0471.JPG,2022-09-30T20:26:04,2024-01-01T19:59:28.504,TGR1_20240101195928.JPG
raw/Unusual Deployments/TGR1/20240105/DCIM/102MEDIA/DSCF0472.JPG,2022-09-30T20:36:04,2024-01-01T20:09:28.569,TGR1_20240101200928.JPG
raw/Unusual Deployments/TGR1/20240105/DCIM/102MEDIA/DSCF0473.JPG,2022-09-30T20:46:04,2024-01-01T20:19:28.634,TGR1_20240101201928.JPG
raw/Unusual Deployments/TGR1/20240105/DCIM/102MEDIA/DSCF0474.JPG,2022-09-30T20:56:04,2024-01-01T20:29:28.699,TGR1_20240101202928.JPG
raw/Unusual Deployments/TGR1/20240105/DCIM/102MEDIA/DSCF0475.JPG,2022-09-30T21:06:04,2024-01-01T20:39:28.764,TGR1_20240101203928.JPG
raw/Unusual Deployments/TGR1/20240105/DCIM/102MEDIA/DSCF0476.JPG,2022-09-30T21:16:04,2024-01-01T20:49:28.829,TGR1_20240101204928.JPG
raw/Unusual Deployments/TGR1/20240105/DCIM/102MEDIA/DSCF0477.JPG,2022-09-30T21:26:04,2024-01-01T20:59:28.895,TGR1_20240101205928.JPG
raw/Unusual Deployments/TGR1/20240105/DCIM/102MEDIA/DSCF0478.JPG,2022-09-30T21:36:04,2024-01-01T21:09:28.960,TGR1_20240101210928.JPG
raw/Unusual Deployments/TGR1/20240105/DCIM/102MEDIA/DSCF0479.JPG,2022-09-30T21:46:04,2024-01-01T21:19:29.025,TGR1_20240101211929.JPG
raw/Unusual Deployments/TGR1/20240105/DCIM/102MEDIA/DSCF0480.JPG,2022-09-30T21:56:04,2024-01-01T21:29:29.090,TGR1_20240101212929.JPG
raw/Unusual Deployments/TGR1/20240105/DCIM/102MEDIA/DSCF0481.JPG,2022-09-30T22:06:04,2024-01-01T21:39:29.155,TGR1_20240101213929.JPG
raw/Unusual Deployments/TGR1/20240105/DCIM/102MEDIA/DSCF0482.JPG,2022-09-30T22:16:04,2024-01-01T21:49:29.220,TGR1_20240101214929.JPG
raw/Unusual Deployments/TGR1/20240105/DCIM/102MEDIA/DSCF0483.JPG,2022-09-30T22:26:04,2024-01-01T21:59:29.285,TGR1_20240101215929.JPG
raw/Unusual Deployments/TGR1/20240105/DCIM/102MEDIA/DSCF0484.JPG,2022-09-30T22:36:04,2024-01-01T22:09:29.351,TGR1_20240101220929.JPG
raw/Unusual Deployments/TGR1/20240105/DCIM/102MEDIA/DSCF0485.JPG,2022-09-30T22:46:03,2024-01-01T22:19:28.416,TGR1_20240101221928.JPG
raw/Unusual Deployments/TGR1/20240105/DCIM/102MEDIA/DSCF0486.JPG,2022-09-30T22:56:04,2024-01-01T22:29:29.481,TGR1_20240101222929.JPG
raw/Unusual Deployments/TGR1/20240105/DCIM/102MEDIA/DSCF0487.JPG,2022-09-30T23:06:04,2024-01-01T22:39:29.546,TGR1_20240101223929.JPG
raw/Unusual Deployments/TGR1/20240105/DCIM/102MEDIA/DSCF0488.JPG,2022-09-30T23:16:04,2024-01-01T22:49:29.611,TGR1_20240101224929.JPG
raw/Unusual Deployments/TGR1/20240105/DCIM/102MEDIA/DSCF0489.JPG,2022-09-30T23:26:04,2024-01-01T22:59:29.676,TGR1_20240101225929.JPG
raw/Unusual Deployments/TGR1/20240105/DCIM/102MEDIA/DSCF0490.JPG,2022-09-30T23:36:04,2024-01-01T23:09:29.742,TGR1_20240101230929.JPG
raw/Unusual Deployments/TGR1/20240105/DCIM/102MEDIA/DSCF0491.JPG,2022-09-30T23:46:04,2024-01-01T23:19:29.807,TGR1_20240101231929.JPG
raw/Unusual Deployments/TGR1/20240105/DCIM/102MEDIA/DSCF0492.JPG,2022-09-30T23:56:04,2024-01-01T23:29:29.872,TGR1_20240101232929.JPG
raw/Unusual Deployments/TGR1/20240105/DCIM/102MEDIA/DSCF0493.JPG,2022-10-01T00:06:04,2024-01-01T23:39:29.937,TGR1_20240101233929.JPG
raw/Unusual Deployments/TGR1/20240105/DCIM/102MEDIA/DSCF0494.JPG,2022-10-01T00:16:04,2024-01-01T23:49:30.002,TGR1_20240101234930.JPG
raw/Unusual Deployments/TGR1/20240105/DCIM/102MEDIA/DSCF0495.JPG,2022-10-01T00:26:04,2024-01-01T23:59:30.067,TGR1_20240101235930.JPG
raw/Unusual Deployments/TGR1/20240105/DCIM/102MEDIA/DSCF0496.JPG,2022-10-01T00:36:04,2024-01-02T00:09:30.133,TGR1_20240102000930.JPG
raw/Unusual Deployments/TGR1/20240105/DCIM/102MEDIA/DSCF0497.JPG,2022-10-01T00:46:04,2024-01-02T00:19:30.198,TGR1_20240102001930.JPG
raw/Unusual Deployments/TGR1/20240105/DCIM/102MEDIA/DSCF0498.JPG,2022-10-01T00:56:04,2024-01-02T00:29:30.263,TGR1_20240102002930.JPG
raw/Unusual Deployments/TGR1/20240105/DCIM/102MEDIA/DSCF0499.JPG,2022-10-01T01:06:04,2024-01-02T00:39:30.328,TGR1_20240102003930.JPG
raw/Unusual Deployments/TGR1/20240105/DCIM/102MEDIA/DSCF0500.JPG,2022-10-01T01:16:04,2024-01-02T00:49:30.393,TGR1_20240102004930.JPG
raw/Unusual Deployments/TGR1/20240105/DCIM/102MEDIA/DSCF0501.JPG,2022-10-01T01:26:04,2024-01-02T00:59:30.458,TGR1_20240102005930.JPG
raw/Unusual Deployments/TGR1/20240105/DCIM/102MEDIA/DSCF0502.JPG,2022-10-01T01:36:04,2024-01-02T01:09:30.524,TGR1_20240102010930.JPG
raw/Unusual Deployments/TGR1/20240105/DCIM/102MEDIA/DSCF0503.JPG,2022-10-01T01:46:04,2024-01-02T01:19:30.589,TGR1_20240102011930.JPG
raw/Unusual Deployments/TGR1/20240105/DCIM/102MEDIA/DSCF0504.JPG,2022-10-01T01:56:04,2024-01-02T01:29:30.654,TGR1_20240102012930.JPG
raw/Unusual Deployments/TGR1/20240105/DCIM/102MEDIA/DSCF0505.JPG,2022-10-01T02:06:04,2024-01-02T01:39:30.719,TGR1_20240102013930.JPG
raw/Unusual Deployments/TGR1/20240105/DCIM/102MEDIA/DSCF0506.JPG,2022-10-01T02:16:04,2024-01-02T01:49:30.784,TGR1_20240102014930.JPG
raw/Unusual Deployments/TGR1/20240105/DCIM/102MEDIA/DSCF0507.JPG,2022-10-01T02:26:04,2024-01-02T01:59:30.849,TGR1_20240102015930.JPG
raw/Unusual Deployments/TGR1/20240105/DCIM/102MEDIA/DSCF0508.JPG,2022-10-01T02:36:04,2024-01-02T02:09:30.915,TGR1_20240102020930.JPG
raw/Unusual Deployments/TGR1/20240105/DCIM/102MEDIA/DSCF0509.JPG,2022-10-01T02:46:04,2024-01-02T02:19:30.980,TGR1_20240102021930.JPG
raw/Unusual Deployments/TGR1/20240105/DCIM/102MEDIA/DSCF0510.JPG,2022-10-01T02:56:04,2024-01-02T02:29:31.045,TGR1_20240102022931.JPG
raw/Unusual Deployments/TGR1/20240105/DCIM/102MEDIA/DSCF0511.JPG,2022-10-01T03:06:04,2024-01-02T02:39:31.110,TGR1_20240102023931.JPG
raw/Unusual Deployments/TGR1/20240105/DCIM/102MEDIA/DSCF0512.JPG,2022-10-01T03:16:04,2024-01-02T02:49:31.175,TGR1_20240102024931.JPG
raw/Unusual Deployments/TGR1/20240105/DCIM/102MEDIA/DSCF0513.JPG,2022-10-01T03:26:04,2024-01-02T02:59:31.240,TGR1_20240102025931.JPG
raw/Unusual Deployments/TGR1/20240105/DCIM/102MEDIA/DSCF0514.JPG,2022-10-01T03:36:04,2024-01-02T03:09:31.306,TGR1_20240102030931.JPG
raw/Unusual Deployments/TGR1/20240105/DCIM/102MEDIA/DSCF0515.JPG,2022-10-01T03:46:04,2024-01-02T03:19:31.371,TGR1_20240102031931.JPG
raw/Unusual Deployments/TGR1/20240105/DCIM/102MEDIA/DSCF0516.JPG,2022-10-01T03:56:04,2024-01-02T03:29:31.436,TGR1_20240102032931.JPG
raw/Unusual Deployments/TGR1/20240105/DCIM/102MEDIA/DSCF0517.JPG,2022-10-01T04:06:04,2024-01-02T03:39:31.501,TGR1_20240102033931.JPG
raw/Unusual Deployments/TGR1/20240105/DCIM/102MEDIA/DSCF0518.JPG,2022-10-01T04:16:04,2024-01-02T03:49:31.566,TGR1_20240102034931.JPG
raw/Unusual Deployments/TGR1/20240105/DCIM/102MEDIA/DSCF0519.JPG,2022-10-01T04:26:04,2024-01-02T03:59:31.631,TGR1_20240102035931.JPG
raw/Unusual Deployments/TGR1/20240105/DCIM/102MEDIA/DSCF0520.JPG,2022-10-01T04:36:04,2024-01-02T04:09:31.697,TGR1_20240102040931.JPG
raw/Unusual Deployments/TGR1/20240105/DCIM/102MEDIA/DSCF0521.JPG,2022-10-01T04:46:04,2024-01-02T04:19:31.762,TGR1_20240102041931.JPG
raw/Unusual Deployments/TGR1/20240105/DCIM/102MEDIA/DSCF0522.JPG,2022-10-01T04:56:04,2024-01-02T04:29:31.827,TGR1_20240102042931.JPG
raw/Unusual Deployments/TGR1/20240105/DCIM/102MEDIA/DSCF0523.JPG,2022-10-01T05:06:04,2024-01-02T04:39:31.892,TGR1_20240102043931.JPG
raw/Unusual Deployments/TGR1/20240105/DCIM/102MEDIA/DSCF0524.JPG,2022-10-01T05:16:04,2024-01-02T04:49:31.957,TGR1_20240102044931.JPG
raw/Unusual Deployments/TGR1/20240105/DCIM/102MEDIA/DSCF0525.JPG,2022-10-01T05:26:04,2024-01-02T04:59:32.022,TGR1_20240102045932.JPG
raw/Unusual Deployments/TGR1/20240105/DCIM/102MEDIA/DSCF0526.JPG,2022-10-01T05:36:04,2024-01-02T05:09:32.088,TGR1_20240102050932.JPG
raw/Unusual Deployments/TGR1/20240105/DCIM/102MEDIA/DSCF0527.JPG,2022-10-01T05:46:04,2024-01-02T05:19:32.153,TGR1_20240102051932.JPG
raw/Unusual Deployments/TGR1/20240105/DCIM/102MEDIA/DSCF0528.JPG,2022-10-01T05:56:04,2024-01-02T05:29:32.218,TGR1_20240102052932.JPG
raw/Unusual Deployments/TGR1/20240105/DCIM/102MEDIA/DSCF0529.JPG,2022-10-01T06:06:04,2024-01-02T05:39:32.283,TGR1_20240102053932.JPG
raw/Unusual Deployments/TGR1/20240105/DCIM/102MEDIA/DSCF0530.JPG,2022-10-01T06:16:04,2024-01-02T05:49:32.348,TGR1_20240102054932.JPG
raw/Unusual Deployments/TGR1/20240105/DCIM/102MEDIA/DSCF0531.JPG,2022-10-01T06:26:04,2024-01-02T05:59:32.413,TGR1_20240102055932.JPG
raw/Unusual Deployments/TGR1/20240105/DCIM/102MEDIA/DSCF0532.JPG,2022-10-01T06:36:04,2024-01-02T06:09:32.479,TGR1_20240102060932.JPG
raw/Unusual Deployments/TGR1/20240105/DCIM/102MEDIA/DSCF0533.JPG,2022-10-01T06:46:04,2024-01-02T06:19:32.544,TGR1_20240102061932.JPG
raw/Unusual Deployments/TGR1/20240105/DCIM/102MEDIA/DSCF0534.JPG,2022-10-01T06:56:04,2024-01-02T06:29:32.609,TGR1_20240102062932.JPG
raw/Unusual Deployments/TGR1/20240105/DCIM/102MEDIA/DSCF0535.JPG,2022-10-01T07:06:04,2024-01-02T06:39:32.674,TGR1_20240102063932.JPG
raw/Unusual Deployments/TGR1/20240105/DCIM/102MEDIA/DSCF0536.JPG,2022-10-01T07:16:05,2024-01-02T06:49:33.739,TGR1_20240102064933.JPG
raw/Unusual Deployments/TGR1/20240105/DCIM/102MEDIA/DSCF0537.JPG,2022-10-01T07:26:05,2024-01-02T06:59:33.805,TGR1_20240102065933.JPG
raw/Unusual Deployments/TGR1/20240105/DCIM/102MEDIA/DSCF0538.JPG,2022-10-01T07:36:04,2024-01-02T07:09:32.870,TGR1_20240102070932.JPG
raw/Unusual Deployments/TGR1/20240105/DCIM/102MEDIA/DSCF0539.JPG,2022-10-01T07:46:04,2024-01-02T07:19:32.935,TGR1_20240102071932.JPG
raw/Unusual Deployments/TGR1/20240105/DCIM/102MEDIA/DSCF0540.JPG,2022-10-01T07:56:04,2024-01-02T07:29:33.000,TGR1_20240102072933.JPG
raw/Unusual Deployments/TGR1/20240105/DCIM/102MEDIA/DSCF0541.JPG,2022-10-01T08:06:04,2024-01-02T07:39:33.065,TGR1_20240102073933.JPG
raw/Unusual Deployments/TGR1/20240105/DCIM/102MEDIA/DSCF0542.JPG,2022-10-01T08:16:04,2024-01-02T07:49:33.130,TGR1_20240102074933.JPG
raw/Unusual Deployments/TGR1/20240105/DCIM/102MEDIA/DSCF0543.JPG,2022-10-01T08:26:04,2024-01-02T07:59:33.195,TGR1_20240102075933.JPG
raw/Unusual Deployments/TGR1/20240105/DCIM/102MEDIA/DSCF0544.JPG,2022-10-01T08:36:04,2024-01-02T08:09:33.261,TGR1_20240102080933.JPG
raw/Unusual Deployments/TGR1/20240105/DCIM/102MEDIA/DSCF0545.JPG,2022-10-01T08:46:04,2024-01-02T08:19:33.326,TGR1_20240102081933.JPG
raw/Unusual Deployments/TGR1/20240105/DCIM/102MEDIA/DSCF0546.JPG,2022-10-01T08:56:04,2024-01-02T08:29:33.391,TGR1_20240102082933.JPG
raw/Unusual Deployments/TGR1/20240105/DCIM/102MEDIA/DSCF0547.JPG,2022-10-01T09:06:04,2024-01-02T08:39:33.456,TGR1_20240102083933.JPG
raw/Unusual Deployments/TGR1/20240105/DCIM/102MEDIA/DSCF0548.JPG,2022-10-01T09:16:04,2024-01-02T08:49:33.521,TGR1_20240102084933.JPG
raw/Unusual Deployments/TGR1/20240105/DCIM/102MEDIA/DSCF0549.JPG,2022-10-01T09:26:04,2024-01-02T08:59:33.586,TGR1_20240102085933.JPG
raw/Unusual Deployments/TGR1/20240105/DCIM/102MEDIA/DSCF0550.JPG,2022-10-01T09:36:04,2024-01-02T09:09:33.652,TGR1_20240102090933.JPG
raw/Unusual Deployments/TGR1/20240105/DCIM/102MEDIA/DSCF0551.JPG,2022-10-01T09:46:04,2024-01-02T09:19:33.717,TGR1_20240102091933.JPG
raw/Unusual Deployments/TGR1/20240105/DCIM/102MEDIA/DSCF0552.JPG,2022-10-01T09:56:04,2024-01-02T09:29:33.782,TGR1_20240102092933.JPG
raw/Unusual Deployments/TGR1/20240105/DCIM/102MEDIA/DSCF0553.JPG,2022-10-01T10:06:04,2024-01-02T09:39:33.847,TGR1_20240102093933.JPG
raw/Unusual Deployments/TGR1/20240105/DCIM/102MEDIA/DSCF0554.JPG,2022-10-01T10:16:04,2024-01-02T09:49:33.912,TGR1_20240102094933.JPG
raw/Unusual Deployments/TGR1/20240105/DCIM/102MEDIA/DSCF0555.JPG,2022-10-01T10:26:04,2024-01-02T09:59:33.977,TGR1_20240102095933.JPG
raw/Unusual Deployments/TGR1/20240105/DCIM/102MEDIA/DSCF0556.JPG,2022-10-01T10:36:04,2024-01-02T10:09:34.043,TGR1_20240102100934.JPG
raw/Unusual Deployments/TGR1/20240105/DCIM/102MEDIA/DSCF0557.JPG,2022-10-01T10:46:04,2024-01-02T10:19:34.108,TGR1_20240102101934.JPG
raw/Unusual Deployments/TGR1/20240105/DCIM/102MEDIA/DSCF0558.JPG,2022-10-01T10:56:04,2024-01-02T10:29:34.173,TGR1_20240102102934.JPG
raw/Unusual Deployments/TGR1/20240105/DCIM/102MEDIA/DSCF0559.JPG,2022-10-01T11:06:04,2024-01-02T10:39:34.238,TGR1_20240102103934.JPG
raw/Unusual Deployments/TGR1/20240105/DCIM/102MEDIA/DSCF0560.JPG,2022-10-01T11:16:04,2024-01-02T10:49:34.303,TGR1_20240102104934.JPG
raw/Unusual Deployments/TGR1/20240105/DCIM/102MEDIA/DSCF0561.JPG,2022-10-01T11:26:04,2024-01-02T10:59:34.368,TGR1_20240102105934.JPG
raw/Unusual Deployments/TGR1/20240105/DCIM/102MEDIA/DSCF0562.JPG,2022-10-01T11:36:04,2024-01-02T11:09:34.434,TGR1_20240102110934.JPG
raw/Unusual Deployments/TGR1/20240105/DCIM/102MEDIA/DSCF0563.JPG,2022-10-01T11:46:04,2024-01-02T11:19:34.499,TGR1_20240102111934.JPG
raw/Unusual Deployments/TGR1/20240105/DCIM/102MEDIA/DSCF0564.JPG,2022-10-01T11:56:04,2024-01-02T11:29:34.564,TGR1_20240102112934.JPG
raw/Unusual Deployments/TGR1/20240105/DCIM/102MEDIA/DSCF0565.JPG,2022-10-01T12:06:04,2024-01-02T11:39:34.629,TGR1_20240102113934.JPG
raw/Unusual Deployments/TGR1/20240105/DCIM/102MEDIA/DSCF0566.JPG,2022-10-01T12:16:04,2024-01-02T11:49:34.694,TGR1_20240102114934.JPG
raw/Unusual Deployments/TGR1/20240105/DCIM/102MEDIA/DSCF0567.JPG,2022-10-01T12:26:04,2024-01-02T11:59:34.759,TGR1_20240102115934.JPG
raw/Unusual Deployments/TGR1/20240105/DCIM/102MEDIA/DSCF0568.JPG,2022-10-01T12:36:04,2024-01-02T12:09:34.825,TGR1_20240102120934.JPG
raw/Unusual Deployments/TGR1/20240105/DCIM/102MEDIA/DSCF0569.JPG,2022-10-01T12:46:04,2024-01-02T12:19:34.890,TGR1_20240102121934.JPG
raw/Unusual Deployments/TGR1/20240105/DCIM/102MEDIA/DSCF0570.JPG,2022-10-01T12:56:04,2024-01-02T12:29:34.955,TGR1_20240102122934.JPG
raw/Unusual Deployments/TGR1/20240105/DCIM/102MEDIA/DSCF0571.JPG,2022-10-01T13:06:04,2024-01-02T12:39:35.020,TGR1_20240102123935.JPG
raw/Unusual Deployments/TGR1/20240105/DCIM/102MEDIA/DSCF0572.JPG,2022-10-01T13:16:04,2024-01-02T12:49:35.085,TGR1_20240102124935.JPG
raw/Unusual Deployments/TGR1/20240105/DCIM/102MEDIA/DSCF0573.JPG,2022-10-01T13:26:04,2024-01-02T12:59:35.150,TGR1_20240102125935.JPG
raw/Unusual Deployments/TGR1/20240105/DCIM/102MEDIA/DSCF0574.JPG,2022-10-01T13:36:04,2024-01-02T13:09:35.216,TGR1_20240102130935.JPG
raw/Unusual Deployments/TGR1/20240105/DCIM/102MEDIA/DSCF0575.JPG,2022-10-01T13:46:04,2024-01-02T13:19:35.281,TGR1_20240102131935.JPG
raw/Unusual Deployments/TGR1/20240105/DCIM/102MEDIA/DSCF0576.JPG,2022-10-01T13:56:04,2024-01-02T13:29:35.346,TGR1_20240102132935.JPG
raw/Unusual Deployments/TGR1/20240105/DCIM/102MEDIA/DSCF0577.JPG,2022-10-01T14:06:04,2024-01-02T13:39:35.411,TGR1_20240102133935.JPG
raw/Unusual Deployments/TGR1/20240105/DCIM/102MEDIA/DSCF0578.JPG,2022-10-01T14:16:04,2024-01-02T13:49:35.476,TGR1_20240102134935.JPG
raw/Unusual Deployments/TGR1/20240105/DCIM/102MEDIA/DSCF0579.JPG,2022-10-01T14:26:04,2024-01-02T13:59:35.541,TGR1_20240102135935.JPG
raw/Unusual Deployments/TGR1/20240105/DCIM/102MEDIA/DSCF0580.JPG,2022-10-01T14:36:04,2024-01-02T14:09:35.607,TGR1_20240102140935.JPG
raw/Unusual Deployments/TGR1/20240105/DCIM/102MEDIA/DSCF0581.JPG,2022-10-01T14:46:04,2024-01-02T14:19:35.672,TGR1_20240102141935.JPG
raw/Unusual Deployments/TGR1/20240105/DCIM/102MEDIA/DSCF0582.JPG,2022-10-01T14:56:05,2024-01-02T14:29:36.737,TGR1_20240102142936.JPG
raw/Unusual Deployments/TGR1/20240105/DCIM/102MEDIA/DSCF0583.JPG,2022-10-01T15:06:04,2024-01-02T14:39:35.802,TGR1_20240102143935.JPG
raw/Unusual Deployments/TGR1/20240105/DCIM/102MEDIA/DSCF0584.JPG,2022-10-01T15:16:04,2024-01-02T14:49:35.867,TGR1_20240102144935.JPG
raw/Unusual Deployments/TGR1/20240105/DCIM/102MEDIA/DSCF0585.JPG,2022-10-01T15:26:04,2024-01-02T14:59:35.932,TGR1_20240102145935.JPG
raw/Unusual Deployments/TGR1/20240105/DCIM/102MEDIA/DSCF0586.JPG,2022-10-01T15:36:04,2024-01-02T15:09:35.998,TGR1_20240102150935.JPG
raw/Unusual Deployments/TGR1/20240105/DCIM/102MEDIA/DSCF0587.JPG,2022-10-01T15:46:04,2024-01-02T15:19:36.063,TGR1_20240102151936.JPG
raw/Unusual Deployments/TGR1/20240105/DCIM/102MEDIA/DSCF0588.JPG,2022-10-01T15:56:04,2024-01-02T15:29:36.128,TGR1_20240102152936.JPG
raw/Unusual Deployments/TGR1/20240105/DCIM/102MEDIA/DSCF0589.JPG,2022-10-01T16:06:04,2024-01-02T15:39:36.193,TGR1_20240102153936.JPG
raw/Unusual Deployments/TGR1/20240105/DCIM/102MEDIA/DSCF0590.JPG,2022-10-01T16:16:04,2024-01-02T15:49:36.258,TGR1_20240102154936.JPG
raw/Unusual Deployments/TGR1/20240105/DCIM/102MEDIA/DSCF0591.JPG,2022-10-01T16:26:04,2024-01-02T15:59:36.323,TGR1_20240102155936.JPG
raw/Unusual Deployments/TGR1/20240105/DCIM/102MEDIA/DSCF0592.JPG,2022-10-01T16:36:04,2024-01-02T16:09:36.389,TGR1_20240102160936.JPG
raw/Unusual Deployments/TGR1/20240105/DCIM/102MEDIA/DSCF0593.JPG,2022-10-01T16:46:04,2024-01-02T16:19:36.454,TGR1_20240102161936.JPG
raw/Unusual Deployments/TGR1/20240105/DCIM/102MEDIA/DSCF0594.JPG,2022-10-01T16:56:04,2024-01-02T16:29:36.519,TGR1_20240102162936.JPG
raw/Unusual Deployments/TGR1/20240105/DCIM/102MEDIA/DSCF0595.JPG,2022-10-01T17:06:04,2024-01-02T16:39:36.584,TGR1_20240102163936.JPG
raw/Unusual Deployments/TGR1/20240105/DCIM/102MEDIA/DSCF0596.JPG,2022-10-01T17:16:04,2024-01-02T16:49:36.649,TGR1_20240102164936.JPG
raw/Unusual Deployments/TGR1/20240105/DCIM/102MEDIA/DSCF0597.JPG,2022-10-01T17:26:04,2024-01-02T16:59:36.714,TGR1_20240102165936.JPG
raw/Unusual Deployments/TGR1/20240105/DCIM/102MEDIA/DSCF0598.JPG,2022-10-01T17:36:04,2024-01-02T17:09:36.780,TGR1_20240102170936.JPG
raw/Unusual Deployments/TGR1/20240105/DCIM/102MEDIA/DSCF0599.JPG,2022-10-01T17:46:04,2024-01-02T17:19:36.845,TGR1_20240102171936.JPG
raw/Unusual Deployments/TGR1/20240105/DCIM/102MEDIA/DSCF0600.JPG,2022-10-01T17:56:04,2024-01-02T17:29:36.910,TGR1_20240102172936.JPG
raw/Unusual Deployments/TGR1/20240105/DCIM/102MEDIA/DSCF0601.JPG,2022-10-01T18:06:04,2024-01-02T17:39:36.975,TGR1_20240102173936.JPG
raw/Unusual Deployments/TGR1/20240105/DCIM/102MEDIA/DSCF0602.JPG,2022-10-01T18:16:05,2024-01-02T17:49:38.040,TGR1_20240102174938.JPG
raw/Unusual Deployments/TGR1/20240105/DCIM/102MEDIA/DSCF0603.JPG,2022-10-01T18:26:04,2024-01-02T17:59:37.105,TGR1_20240102175937.JPG
raw/Unusual Deployments/TGR1/20240105/DCIM/102MEDIA/DSCF0604.JPG,2022-10-01T18:36:04,2024-01-02T18:09:37.170,TGR1_20240102180937.JPG
raw/Unusual Deployments/TGR1/20240105/DCIM/102MEDIA/DSCF0605.JPG,2022-10-01T18:46:04,2024-01-02T18:19:37.236,TGR1_20240102181937.JPG
raw/Unusual Deployments/TGR1/20240105/DCIM/102MEDIA/DSCF0606.JPG,2022-10-01T18:56:04,2024-01-02T18:29:37.301,TGR1_20240102182937.JPG
raw/Unusual Deployments/TGR1/20240105/DCIM/102MEDIA/DSCF0607.JPG,2022-10-01T19:06:04,2024-01-02T18:39:37.366,TGR1_20240102183937.JPG
raw/Unusual Deployments/TGR1/20240105/DCIM/102MEDIA/DSCF0608.JPG,2022-10-01T19:16:04,2024-01-02T18:49:37.431,TGR1_20240102184937.JPG
raw/Unusual Deployments/TGR1/20240105/DCIM/102MEDIA/DSCF0609.JPG,2022-10-01T19:26:04,2024-01-02T18:59:37.496,TGR1_20240102185937.JPG
raw/Unusual Deployments/TGR1/20240105/DCIM/102MEDIA/DSCF0610.JPG,2022-10-01T19:36:04,2024-01-02T19:09:37.561,TGR1_20240102190937.JPG
raw/Unusual Deployments/TGR1/20240105/DCIM/102MEDIA/DSCF0611.JPG,2022-10-01T19:46:04,2024-01-02T19:19:37.627,TGR1_20240102191937.JPG
raw/Unusual Deployments/TGR1/20240105/DCIM/102MEDIA/DSCF0612.JPG,2022-10-01T19:56:04,2024-01-02T19:29:37.692,TGR1_20240102192937.JPG
raw/Unusual Deployments/TGR1/20240105/DCIM/102MEDIA/DSCF0613.JPG,2022-08-31T20:06:04,2024-01-02T19:39:37.757,TGR1_20240102193937.JPG
raw/Unusual Deployments/TGR1/20240105/DCIM/102MEDIA/DSCF0614.JPG,2022-08-31T20:16:04,2024-01-02T19:49:37.822,TGR1_20240102194937.JPG
raw/Unusual Deployments/TGR1/20240105/DCIM/102MEDIA/DSCF0615.JPG,2022-08-31T20:26:04,2024-01-02T19:59:37.887,TGR1_20240102195937.JPG
raw/Unusual Deployments/TGR1/20240105/DCIM/102MEDIA/DSCF0616.JPG,2022-08-31T20:36:04,2024-01-02T20:09:37.952,TGR1_20240102200937.JPG
raw/Unusual Deployments/TGR1/20240105/DCIM/102MEDIA/DSCF0617.JPG,2022-08-31T20:46:04,2024-01-02T20:19:38.018,TGR1_20240102201938.JPG
raw/Unusual Deployments/TGR1/20240105/DCIM/102MEDIA/DSCF0618.JPG,2022-08-31T20:56:04,2024-01-02T20:29:38.083,TGR1_20240102202938.JPG
raw/Unusual Deployments/TGR1/20240105/DCIM/102MEDIA/DSCF0619.JPG,2022-08-31T21:06:04,2024-01-02T20:39:38.148,TGR1_20240102203938.JPG
raw/Unusual Deployments/TGR1/20240105/DCIM/102MEDIA/DSCF0620.JPG,2022-08-31T21:16:04,2024-01-02T20:49:38.213,TGR1_20240102204938.JPG
raw/Unusual Deployments/TGR1/20240105/DCIM/102MEDIA/DSCF0621.JPG,2022-08-31T21:26:04,2024-01-02T20:59:38.278,TGR1_20240102205938.JPG
raw/Unusual Deployments/TGR1/20240105/DCIM/102MEDIA/DSCF0622.JPG,2022-08-31T21:36:04,2024-01-02T21:09:38.343,TGR1_20240102210938.JPG
raw/Unusual Deployments/TGR1/20240105/DCIM/102MEDIA/DSCF0623.JPG,2022-08-31T21:46:04,2024-01-02T21:19:38.409,TGR1_20240102211938.JPG
raw/Unusual Deployments/TGR1/20240105/DCIM/102MEDIA/DSCF0624.JPG,2022-08-31T21:56:04,2024-01-02T21:29:38.474,TGR1_20240102212938.JPG
raw/Unusual Deployments/TGR1/20240105/DCIM/102MEDIA/DSCF0625.JPG,2022-08-31T22:06:03,2024-01-02T21:39:37.539,TGR1_20240102213937.JPG
raw/Unusual Deployments/TGR1/20240105/DCIM/102MEDIA/DSCF0626.JPG,2022-08-31T22:16:04,2024-01-02T21:49:38.604,TGR1_20240102214938.JPG
raw/Unusual Deployments/TGR1/20240105/DCIM/102MEDIA/DSCF0627.JPG,2022-08-31T22:26:04,2024-01-02T21:59:38.669,TGR1_20240102215938.JPG
raw/Unusual Deployments/TGR1/20240105/DCIM/102MEDIA/DSCF0628.JPG,2022-08-31T22:36:04,2024-01-02T22:09:38.734,TGR1_20240102220938.JPG
raw/Unusual Deployments/TGR1/20240105/DCIM/102MEDIA/DSCF0629.JPG,2022-08-31T22:46:04,2024-01-02T22:19:38.800,TGR1_20240102221938.JPG
raw/Unusual Deployments/TGR1/20240105/DCIM/102MEDIA/DSCF0630.JPG,2022-08-31T22:56:04,2024-01-02T22:29:38.865,TGR1_20240102222938.JPG
raw/Unusual Deployments/TGR1/20240105/DCIM/102MEDIA/DSCF0631.JPG,2022-08-31T23:06:04,2024-01-02T22:39:38.930,TGR1_20240102223938.JPG
raw/Unusual Deployments/TGR1/20240105/DCIM/102MEDIA/DSCF0632.JPG,2022-08-31T23:16:04,2024-01-02T22:49:38.995,TGR1_20240102224938.JPG
raw/Unusual Deployments/TGR1/20240105/DCIM/102MEDIA/DSCF0633.JPG,2022-08-31T23:26:04,2024-01-02T22:59:39.060,TGR1_20240102225939.JPG
raw/Unusual Deployments/TGR1/20240105/DCIM/102MEDIA/DSCF0634.JPG,2022-08-31T23:36:04,2024-01-02T23:09:39.125,TGR1_20240102230939.JPG
raw/Unusual Deployments/TGR1/20240105/DCIM/102MEDIA/DSCF0635.JPG,2022-08-31T23:46:04,2024-01-02T23:19:39.191,TGR1_20240102231939.JPG
raw/Unusual Deployments/TGR1/20240105/DCIM/102MEDIA/DSCF0636.JPG,2022-08-31T23:56:04,2024-01-02T23:29:39.256,TGR1_20240102232939.JPG
raw/Unusual Deployments/TGR1/20240105/DCIM/102MEDIA/DSCF0637.JPG,2022-09-01T00:06:04,2024-01-02T23:39:39.321,TGR1_20240102233939.JPG
raw/Unusual Deployments/TGR1/20240105/DCIM/102MEDIA/DSCF0638.JPG,2022-09-01T00:16:04,2024-01-02T23:49:39.386,TGR1_20240102234939.JPG
raw/Unusual Deployments/TGR1/20240105/DCIM/102MEDIA/DSCF0639.JPG,2022-09-01T00:26:04,2024-01-02T23:59:39.451,TGR1_20240102235939.JPG
raw/Unusual Deployments/TGR1/20240105/DCIM/102MEDIA/DSCF0640.JPG,2022-09-01T00:36:04,2024-01-03T00:09:39.516,TGR1_20240103000939.JPG
raw/Unusual Deployments/TGR1/20240105/DCIM/102MEDIA/DSCF0641.JPG,2022-09-01T00:46:04,2024-01-03T00:19:39.582,TGR1_20240103001939.JPG
raw/Unusual Deployments/TGR1/20240105/DCIM/102MEDIA/DSCF0642.JPG,2022-09-01T00:56:04,2024-01-03T00:29:39.647,TGR1_20240103002939.JPG
raw/Unusual Deployments/TGR1/20240105/DCIM/102MEDIA/DSCF0643.JPG,2022-09-01T01:06:04,2024-01-03T00:39:39.712,TGR1_20240103003939.JPG
raw/Unusual Deployments/TGR1/20240105/DCIM/102MEDIA/DSCF0644.JPG,2022-09-01T01:16:04,2024-01-03T00:49:39.777,TGR1_20240103004939.JPG
raw/Unusual Deployments/TGR1/20240105/DCIM/102MEDIA/DSCF0645.JPG,2022-09-01T01:26:04,2024-01-03T00:59:39.842,TGR1_20240103005939.JPG
raw/Unusual Deployments/TGR1/20240105/DCIM/102MEDIA/DSCF0646.JPG,2022-09-01T01:36:04,2024-01-03T01:09:39.907,TGR1_20240103010939.JPG
raw/Unusual Deployments/TGR1/20240105/DCIM/102MEDIA/DSCF0647.JPG,2022-09-01T01:46:04,2024-01-03T01:19:39.973,TGR1_20240103011939.JPG
raw/Unusual Deployments/TGR1/20240105/DCIM/102MEDIA/DSCF0648.JPG,2022-09-01T01:56:04,2024-01-03T01:29:40.038,TGR1_20240103012940.JPG
raw/Unusual Deployments/TGR1/20240105/DCIM/102MEDIA/DSCF0649.JPG,2022-09-01T02:06:04,2024-01-03T01:39:40.103,TGR1_20240103013940.JPG
raw/Unusual Deployments/TGR1/20240105/DCIM/102MEDIA/DSCF0650.JPG,2022-09-01T02:16:04,2024-01-03T01:49:40.168,TGR1_20240103014940.JPG
raw/Unusual Deployments/TGR1/20240105/DCIM/102MEDIA/DSCF0651.JPG,2022-09-01T02:26:04,2024-01-03T01:59:40.233,TGR1_20240103015940.JPG
raw/Unusual Deployments/TGR1/20240105/DCIM/102MEDIA/DSCF0652.JPG,2022-09-01T02:36:04,2024-01-03T02:09:40.298,TGR1_20240103020940.JPG
raw/Unusual Deployments/TGR1/20240105/DCIM/102MEDIA/DSCF0653.JPG,2022-09-01T02:46:04,2024-01-03T02:19:40.364,TGR1_20240103021940.JPG
raw/Unusual Deployments/TGR1/20240105/DCIM/102MEDIA/DSCF0654.JPG,2022-09-01T02:56:04,2024-01-03T02:29:40.429,TGR1_20240103022940.JPG
raw/Unusual Deployments/TGR1/20240105/DCIM/102MEDIA/DSCF0655.JPG,2022-09-01T03:06:04,2024-01-03T02:39:40.494,TGR1_20240103023940.JPG
raw/Unusual Deployments/TGR1/20240105/DCIM/102MEDIA/DSCF0656.JPG,2022-09-01T03:16:04,2024-01-03T02:49:40.559,TGR1_20240103024940.JPG
raw/Unusual Deployments/TGR1/20240105/DCIM/102MEDIA/DSCF0657.JPG,2022-09-01T03:26:04,2024-01-03T02:59:40.624,TGR1_20240103025940.JPG
raw/Unusual Deployments/TGR1/20240105/DCIM/102MEDIA/DSCF0658.JPG,2022-09-01T03:36:04,2024-01-03T03:09:40.689,TGR1_20240103030940.JPG
raw/Unusual Deployments/TGR1/20240105/DCIM/102MEDIA/DSCF0659.JPG,2022-09-01T03:46:04,2024-01-03T03:19:40.755,TGR1_20240103031940.JPG
raw/Unusual Deployments/TGR1/20240105/DCIM/102MEDIA/DSCF0660.JPG,2022-09-01T03:56:04,2024-01-03T03:29:40.820,TGR1_20240103032940.JPG
raw/Unusual Deployments/TGR1/20240105/DCIM/102MEDIA/DSCF0661.JPG,2022-09-01T04:06:04,2024-01-03T03:39:40.885,TGR1_20240103033940.JPG
raw/Unusual Deployments/TGR1/20240105/DCIM/102MEDIA/DSCF0662.JPG,2022-09-01T04:16:04,2024-01-03T03:49:40.950,TGR1_20240103034940.JPG
raw/Unusual Deployments/TGR1/20240105/DCIM/102MEDIA/DSCF0663.JPG,2022-09-01T04:26:04,2024-01-03T03:59:41.015,TGR1_20240103035941.JPG
raw/Unusual Deployments/TGR1/20240105/DCIM/102MEDIA/DSCF0664.JPG,2022-09-01T04:36:04,2024-01-03T04:09:41.080,TGR1_20240103040941.JPG
raw/Unusual Deployments/TGR1/20240105/DCIM/102MEDIA/DSCF0665.JPG,2022-09-01T04:46:04,2024-01-03T04:19:41.146,TGR1_20240103041941.JPG
raw/Unusual Deployments/TGR1/20240105/DCIM/102MEDIA/DSCF0666.JPG,2022-09-01T04:56:04,2024-01-03T04:29:41.211,TGR1_20240103042941.JPG
raw/Unusual Deployments/TGR1/20240105/DCIM/102MEDIA/DSCF0667.JPG,2022-09-01T05:06:04,2024-01-03T04:39:41.276,TGR1_20240103043941.JPG
raw/Unusual Deployments/TGR1/20240105/DCIM/102MEDIA/DSCF0668.JPG,2022-09-01T05:16:04,2024-01-03T04:49:41.341,TGR1_20240103044941.JPG
raw/Unusual Deployments/TGR1/20240105/DCIM/102MEDIA/DSCF0669.JPG,2022-09-01T05:26:04,2024-01-03T04:59:41.406,TGR1_20240103045941.JPG
raw/Unusual Deployments/TGR1/20240105/DCIM/102MEDIA/DSCF0670.JPG,2022-09-01T05:36:04,2024-01-03T05:09:41.471,TGR1_20240103050941.JPG
raw/Unusual Deployments/TGR1/20240105/DCIM/102MEDIA/DSCF0671.JPG,2022-09-01T05:46:04,2024-01-03T05:19:41.537,TGR1_20240103051941.JPG
raw/Unusual Deployments/TGR1/20240105/DCIM/102MEDIA/DSCF0672.JPG,2022-09-01T05:56:04,2024-01-03T05:29:41.602,TGR1_20240103052941.JPG
raw/Unusual Deployments/TGR1/20240105/DCIM/102MEDIA/DSCF0673.JPG,2022-09-01T06:06:04,2024-01-03T05:39:41.667,TGR1_20240103053941.JPG
raw/Unusual Deployments/TGR1/20240105/DCIM/102MEDIA/DSCF0674.JPG,2022-09-01T06:16:04,2024-01-03T05:49:41.732,TGR1_20240103054941.JPG
raw/Unusual Deployments/TGR1/20240105/DCIM/102MEDIA/DSCF0675.JPG,2022-09-01T06:26:04,2024-01-03T05:59:41.797,TGR1_20240103055941.JPG
raw/Unusual Deployments/TGR1/20240105/DCIM/102MEDIA/DSCF0676.JPG,2022-09-01T06:36:04,2024-01-03T06:09:41.862,TGR1_20240103060941.JPG
raw/Unusual Deployments/TGR1/20240105/DCIM/102MEDIA/DSCF0677.JPG,2022-09-01T06:46:04,2024-01-03T06:19:41.928,TGR1_20240103061941.JPG
raw/Unusual Deployments/TGR1/20240105/DCIM/102MEDIA/DSCF0678.JPG,2022-09-01T06:56:04,2024-01-03T06:29:41.993,TGR1_20240103062941.JPG
raw/Unusual Deployments/TGR1/20240105/DCIM/102MEDIA/DSCF0679.JPG,2022-09-01T07:06:04,2024-01-03T06:39:42.058,TGR1_20240103063942.JPG
raw/Unusual Deployments/TGR1/20240105/DCIM/102MEDIA/DSCF0680.JPG,2022-09-01T07:16:04,2024-01-03T06:49:42.123,TGR1_20240103064942.JPG
raw/Unusual Deployments/TGR1/20240105/DCIM/102MEDIA/DSCF0681.JPG,2022-09-01T07:26:04,2024-01-03T06:59:42.188,TGR1_20240103065942.JPG
raw/Unusual Deployments/TGR1/20240105/DCIM/102MEDIA/DSCF0682.JPG,2022-09-01T07:36:04,2024-01-03T07:09:42.253,TGR1_20240103070942.JPG
raw/Unusual Deployments/TGR1/20240105/DCIM/102MEDIA/DSCF0683.JPG,2022-09-01T07:46:04,2024-01-03T07:19:42.319,TGR1_20240103071942.JPG
raw/Unusual Deployments/TGR1/20240105/DCIM/102MEDIA/DSCF0684.JPG,2022-09-01T07:56:05,2024-01-03T07:29:43.384,TGR1_20240103072943.JPG
raw/Unusual Deployments/TGR1/20240105/DCIM/102MEDIA/DSCF0685.JPG,2022-09-01T08:06:04,2024-01-03T07:39:42.449,TGR1_20240103073942.JPG
raw/Unusual Deployments/TGR1/20240105/DCIM/102MEDIA/DSCF0686.JPG,2022-09-01T08:16:04,2024-01-03T07:49:42.514,TGR1_20240103074942.JPG
raw/Unusual Deployments/TGR1/20240105/DCIM/102MEDIA/DSCF0687.JPG,2022-09-01T08:26:04,2024-01-03T07:59:42.579,TGR1_20240103075942.JPG
raw/Unusual Deployments/TGR1/20240105/DCIM/102MEDIA/DSCF0688.JPG,2022-09-01T08:36:04,2024-01-03T08:09:42.644,TGR1_20240103080942.JPG
raw/Unusual Deployments/TGR1/20240105/DCIM/102MEDIA/DSCF0689.JPG,2022-09-01T08:46:04,2024-01-03T08:19:42.710,TGR1_20240103081942.JPG
raw/Unusual Deployments/TGR1/20240105/DCIM/102MEDIA/DSCF0690.JPG,2022-09-01T08:56:04,2024-01-03T08:29:42.775,TGR1_20240103082942.JPG
raw/Unusual Deployments/TGR1/20240105/DCIM/102MEDIA/DSCF0691.JPG,2022-09-01T09:06:04,2024-01-03T08:39:42.840,TGR1_20240103083942.JPG
raw/Unusual Deployments/TGR1/20240105/DCIM/102MEDIA/DSCF0692.JPG,2022-09-01T09:16:04,2024-01-03T08:49:42.905,TGR1_20240103084942.JPG
raw/Unusual Deployments/TGR1/20240105/DCIM/102MEDIA/DSCF0693.JPG,2022-09-01T09:26:04,2024-01-03T08:59:42.970,TGR1_20240103085942.JPG
raw/Unusual Deployments/TGR1/20240105/DCIM/102MEDIA/DSCF0694.JPG,2022-09-01T09:36:04,2024-01-03T09:09:43.035,TGR1_20240103090943.JPG
raw/Unusual Deployments/TGR1/20240105/DCIM/102MEDIA/DSCF0695.JPG,2022-09-01T09:46:04,2024-01-03T09:19:43.101,TGR1_20240103091943.JPG
raw/Unusual Deployments/TGR1/20240105/DCIM/102MEDIA/DSCF0696.JPG,2022-09-01T09:56:04,2024-01-03T09:29:43.166,TGR1_20240103092943.JPG
raw/Unusual Deployments/TGR1/20240105/DCIM/102MEDIA/DSCF0697.JPG,2022-09-01T10:06:04,2024-01-03T09:39:43.231,TGR1_20240103093943.JPG
raw/Unusual Deployments/TGR1/20240105/DCIM/102MEDIA/DSCF0698.JPG,2022-09-01T10:16:04,2024-01-03T09:49:43.296,TGR1_20240103094943.JPG
raw/Unusual Deployments/TGR1/20240105/DCIM/102MEDIA/DSCF0699.JPG,2022-09-01T10:26:04,2024-01-03T09:59:43.361,TGR1_20240103095943.JPG
raw/Unusual Deployments/TGR1/20240105/DCIM/102MEDIA/DSCF0700.JPG,2022-09-01T10:36:04,2024-01-03T10:09:43.426,TGR1_20240103100943.JPG
raw/Unusual Deployments/TGR1/20240105/DCIM/102MEDIA/DSCF0701.JPG,2022-09-01T10:46:04,2024-01-03T10:19:43.492,TGR1_20240103101943.JPG
raw/Unusual Deployments/TGR1/20240105/DCIM/102MEDIA/DSCF0702.JPG,2022-09-01T10:56:04,2024-01-03T10:29:43.557,TGR1_20240103102943.JPG
raw/Unusual Deployments/TGR1/20240105/DCIM/102MEDIA/DSCF0703.JPG,2022-09-01T11:06:04,2024-01-03T10:39:43.622,TGR1_20240103103943.JPG
raw/Unusual Deployments/TGR1/20240105/DCIM/102MEDIA/DSCF0704.JPG,2022-09-01T11:16:04,2024-01-03T10:49:43.687,TGR1_20240103104943.JPG
raw/Unusual Deployments/TGR1/20240105/DCIM/102MEDIA/DSCF0705.JPG,2022-09-01T11:26:04,2024-01-03T10:59:43.752,TGR1_20240103105943.JPG
raw/Unusual Deployments/TGR1/20240105/DCIM/102MEDIA/DSCF0706.JPG,2022-09-01T11:36:04,2024-01-03T11:09:43.817,TGR1_20240103110943.JPG
raw/Unusual Deployments/TGR1/20240105/DCIM/102MEDIA/DSCF0707.JPG,2022-09-01T11:46:04,2024-01-03T11:19:43.883,TGR1_20240103111943.JPG
raw/Unusual Deployments/TGR1/20240105/DCIM/102MEDIA/DSCF0708.JPG,2022-09-01T11:56:04,2024-01-03T11:29:43.948,TGR1_20240103112943.JPG
raw/Unusual Deployments/TGR1/20240105/DCIM/102MEDIA/DSCF0709.JPG,2022-09-01T12:06:04,2024-01-03T11:39:44.013,TGR1_20240103113944.JPG
raw/Unusual Deployments/TGR1/20240105/DCIM/102MEDIA/DSCF0710.JPG,2022-09-01T12:16:04,2024-01-03T11:49:44.078,TGR1_20240103114944.JPG
raw/Unusual Deployments/TGR1/20240105/DCIM/102MEDIA/DSCF0711.JPG,2022-09-01T12:26:04,2024-01-03T11:59:44.143,TGR1_20240103115944.JPG
raw/Unusual Deployments/TGR1/20240105/DCIM/102MEDIA/DSCF0712.JPG,2022-09-01T12:36:04,2024-01-03T12:09:44.208,TGR1_20240103120944.JPG
raw/Unusual Deployments/TGR1/20240105/DCIM/102MEDIA/DSCF0713.JPG,2022-09-01T12:46:04,2024-01-03T12:19:44.274,TGR1_20240103121944.JPG
raw/Unusual Deployments/TGR1/20240105/DCIM/102MEDIA/DSCF0714.JPG,2022-09-01T12:56:04,2024-01-03T12:29:44.339,TGR1_20240103122944.JPG
raw/Unusual Deployments/TGR1/20240105/DCIM/102MEDIA/DSCF0715.JPG,2022-09-01T13:06:04,2024-01-03T12:39:44.404,TGR1_20240103123944.JPG
raw/Unusual Deployments/TGR1/20240105/DCIM/102MEDIA/DSCF0716.JPG,2022-09-01T13:16:04,2024-01-03T12:49:44.469,TGR1_20240103124944.JPG
raw/Unusual Deployments/TGR1/20240105/DCIM/102MEDIA/DSCF0717.JPG,2022-09-01T13:26:04,2024-01-03T12:59:44.534,TGR1_20240103125944.JPG
raw/Unusual Deployments/TGR1/20240105/DCIM/102MEDIA/DSCF0718.JPG,2022-09-01T13:36:04,2024-01-03T13:09:44.599,TGR1_20240103130944.JPG
raw/Unusual Deployments/TGR1/20240105/DCIM/102MEDIA/DSCF0719.JPG,2022-09-01T13:46:04,2024-01-03T13:19:44.665,TGR1_20240103131944.JPG
raw/Unusual Deployments/TGR1/20240105/DCIM/102MEDIA/DSCF0720.JPG,2022-09-01T13:56:04,2024-01-03T13:29:44.730,TGR1_20240103132944.JPG
raw/Unusual Deployments/TGR1/20240105/DCIM/102MEDIA/DSCF0721.JPG,2022-09-01T14:06:04,2024-01-03T13:39:44.795,TGR1_20240103133944.JPG
raw/Unusual Deployments/TGR1/20240105/DCIM/102MEDIA/DSCF0722.JPG,2022-09-01T14:16:04,2024-01-03T13:49:44.860,TGR1_20240103134944.JPG
raw/Unusual Deployments/TGR1/20240105/DCIM/102MEDIA/DSCF0723.JPG,2022-09-01T14:26:04,2024-01-03T13:59:44.925,TGR1_20240103135944.JPG
raw/Unusual Deployments/TGR1/20240105/DCIM/102MEDIA/DSCF0724.JPG,2022-09-01T14:36:04,2024-01-03T14:09:44.990,TGR1_20240103140944.JPG
raw/Unusual Deployments/TGR1/20240105/DCIM/102MEDIA/DSCF0725.JPG,2022-09-01T14:46:04,2024-01-03T14:19:45.056,TGR1_20240103141945.JPG
raw/Unusual Deployments/TGR1/20240105/DCIM/102MEDIA/DSCF0726.JPG,2022-09-01T14:56:04,2024-01-03T14:29:45.121,TGR1_20240103142945.JPG
raw/Unusual Deployments/TGR1/20240105/DCIM/102MEDIA/DSCF0727.JPG,2022-09-01T15:06:04,2024-01-03T14:39:45.186,TGR1_20240103143945.JPG
raw/Unusual Deployments/TGR1/20240105/DCIM/102MEDIA/DSCF0728.JPG,2022-09-01T15:16:04,2024-01-03T14:49:45.251,TGR1_20240103144945.JPG
raw/Unusual Deployments/TGR1/20240105/DCIM/102MEDIA/DSCF0729.JPG,2022-09-01T15:26:04,2024-01-03T14:59:45.316,TGR1_20240103145945.JPG
raw/Unusual Deployments/TGR1/20240105/DCIM/102MEDIA/DSCF0730.JPG,2022-09-01T15:36:04,2024-01-03T15:09:45.381,TGR1_20240103150945.JPG
raw/Unusual Deployments/TGR1/20240105/DCIM/102MEDIA/DSCF0731.JPG,2022-09-01T15:46:04,2024-01-03T15:19:45.446,TGR1_20240103151945.JPG
raw/Unusual Deployments/TGR1/20240105/DCIM/102MEDIA/DSCF0732.JPG,2022-09-01T15:56:04,2024-01-03T15:29:45.512,TGR1_20240103152945.JPG
raw/Unusual Deployments/TGR1/20240105/DCIM/102MEDIA/DSCF0733.JPG,2022-09-01T16:06:04,2024-01-03T15:39:45.577,TGR1_20240103153945.JPG
raw/Unusual Deployments/TGR1/20240105/DCIM/102MEDIA/DSCF0734.JPG,2022-09-01T16:16:04,2024-01-03T15:49:45.642,TGR1_20240103154945.JPG
raw/Unusual Deployments/TGR1/20240105/DCIM/102MEDIA/DSCF0735.JPG,2022-09-01T16:26:04,2024-01-03T15:59:45.707,TGR1_20240103155945.JPG
raw/Unusual Deployments/TGR1/20240105/DCIM/102MEDIA/DSCF0736.JPG,2022-09-01T16:36:04,2024-01-03T16:09:45.772,TGR1_20240103160945.JPG
raw/Unusual Deployments/TGR1/20240105/DCIM/102MEDIA/DSCF0737.JPG,2022-09-01T16:46:04,2024-01-03T16:19:45.837,TGR1_20240103161945.JPG
raw/Unusual Deployments/TGR1/20240105/DCIM/102MEDIA/DSCF0738.JPG,2022-09-01T16:56:04,2024-01-03T16:29:45.903,TGR1_20240103162945.JPG
raw/Unusual Deployments/TGR1/20240105/DCIM/102MEDIA/DSCF0739.JPG,2022-09-01T17:06:04,2024-01-03T16:39:45.968,TGR1_20240103163945.JPG
raw/Unusual Deployments/TGR1/20240105/DCIM/102MEDIA/DSCF0740.JPG,2022-09-01T17:16:04,2024-01-03T16:49:46.033,TGR1_20240103164946.JPG
raw/Unusual Deployments/TGR1/20240105/DCIM/102MEDIA/DSCF0741.JPG,2022-09-01T17:26:04,2024-01-03T16:59:46.098,TGR1_20240103165946.JPG
raw/Unusual Deployments/TGR1/20240105/DCIM/102MEDIA/DSCF0742.JPG,2022-09-01T17:36:04,2024-01-03T17:09:46.163,TGR1_20240103170946.JPG
raw/Unusual Deployments/TGR1/20240105/DCIM/102MEDIA/DSCF0743.JPG,2022-09-01T17:46:04,2024-01-03T17:19:46.228,TGR1_20240103171946.JPG
raw/Unusual Deployments/TGR1/20240105/DCIM/102MEDIA/DSCF0744.JPG,2022-09-01T17:56:04,2024-01-03T17:29:46.294,TGR1_20240103172946.JPG
raw/Unusual Deployments/TGR1/20240105/DCIM/102MEDIA/DSCF0745.JPG,2022-09-01T18:06:04,2024-01-03T17:39:46.359,TGR1_20240103173946.JPG
raw/Unusual Deployments/TGR1/20240105/DCIM/102MEDIA/DSCF0746.JPG,2022-09-01T18:16:04,2024-01-03T17:49:46.424,TGR1_20240103174946.JPG
raw/Unusual Deployments/TGR1/20240105/DCIM/102MEDIA/DSCF0747.JPG,2022-09-01T18:26:04,2024-01-03T17:59:46.489,TGR1_20240103175946.JPG
raw/Unusual Deployments/TGR1/20240105/DCIM/102MEDIA/DSCF0748.JPG,2022-09-01T18:36:04,2024-01-03T18:09:46.554,TGR1_20240103180946.JPG
raw/Unusual Deployments/TGR1/20240105/DCIM/102MEDIA/DSCF0749.JPG,2022-09-01T18:46:04,2024-01-03T18:19:46.619,TGR1_20240103181946.JPG
raw/Unusual Deployments/TGR1/20240105/DCIM/102MEDIA/DSCF0750.JPG,2022-09-01T18:56:04,2024-01-03T18:29:46.685,TGR1_20240103182946.JPG
raw/Unusual Deployments/TGR1/20240105/DCIM/102MEDIA/DSCF0751.JPG,2022-09-01T19:06:04,2024-01-03T18:39:46.750,TGR1_20240103183946.JPG
raw/Unusual Deployments/TGR1/20240105/DCIM/102MEDIA/DSCF0752.JPG,2022-09-01T19:16:04,2024-01-03T18:49:46.815,TGR1_20240103184946.JPG
raw/Unusual Deployments/TGR1/20240105/DCIM/102MEDIA/DSCF0753.JPG,2022-09-01T19:26:04,2024-01-03T18:59:46.880,TGR1_20240103185946.JPG
raw/Unusual Deployments/TGR1/20240105/DCIM/102MEDIA/DSCF0754.JPG,2022-09-01T19:36:04,2024-01-03T19:09:46.945,TGR1_20240103190946.JPG
raw/Unusual Deployments/TGR1/20240105/DCIM/102MEDIA/DSCF0755.JPG,2022-09-01T19:46:04,2024-01-03T19:19:47.010,TGR1_20240103191947.JPG
raw/Unusual Deployments/TGR1/20240105/DCIM/102MEDIA/DSCF0756.JPG,2022-09-01T19:56:04,2024-01-03T19:29:47.076,TGR1_20240103192947.JPG
raw/Unusual Deployments/TGR1/20240105/DCIM/102MEDIA/DSCF0757.JPG,2022-09-01T20:06:04,2024-01-03T19:39:47.141,TGR1_20240103193947.JPG
raw/Unusual Deployments/TGR1/20240105/DCIM/102MEDIA/DSCF0758.JPG,2022-09-01T20:16:03,2024-01-03T19:49:46.206,TGR1_20240103194946.JPG
raw/Unusual Deployments/TGR1/20240105/DCIM/102MEDIA/DSCF0759.JPG,2022-09-01T20:26:04,2024-01-03T19:59:47.271,TGR1_20240103195947.JPG
raw/Unusual Deployments/TGR1/20240105/DCIM/102MEDIA/DSCF0760.JPG,2022-09-01T20:36:04,2024-01-03T20:09:47.336,TGR1_20240103200947.JPG
raw/Unusual Deployments/TGR1/20240105/DCIM/102MEDIA/DSCF0761.JPG,2022-09-01T20:46:04,2024-01-03T20:19:47.401,TGR1_20240103201947.JPG
raw/Unusual Deployments/TGR1/20240105/DCIM/102MEDIA/DSCF0762.JPG,2022-09-01T20:56:04,2024-01-03T20:29:47.467,TGR1_20240103202947.JPG
raw/Unusual Deployments/TGR1/20240105/DCIM/102MEDIA/DSCF0763.JPG,2022-09-01T21:06:04,2024-01-03T20:39:47.532,TGR1_20240103203947.JPG
raw/Unusual Deployments/TGR1/20240105/DCIM/102MEDIA/DSCF0764.JPG,2022-09-01T21:16:04,2024-01-03T20:49:47.597,TGR1_20240103204947.JPG
raw/Unusual Deployments/TGR1/20240105/DCIM/102MEDIA/DSCF0765.JPG,2022-09-01T21:26:04,2024-01-03T20:59:47.662,TGR1_20240103205947.JPG
raw/Unusual Deployments/TGR1/20240105/DCIM/102MEDIA/DSCF0766.JPG,2022-09-01T21:36:04,2024-01-03T21:09:47.727,TGR1_20240103210947.JPG
raw/Unusual Deployments/TGR1/20240105/DCIM/102MEDIA/DSCF0767.JPG,2022-09-01T21:46:04,2024-01-03T21:19:47.792,TGR1_20240103211947.JPG
raw/Unusual Deployments/TGR1/20240105/DCIM/102MEDIA/DSCF0768.JPG,2022-09-01T21:56:04,2024-01-03T21:29:47.858,TGR1_20240103212947.JPG
raw/Unusual Deployments/TGR1/20240105/DCIM/102MEDIA/DSCF0769.JPG,2022-09-01T22:06:04,2024-01-03T21:39:47.923,TGR1_20240103213947.JPG
raw/Unusual Deployments/TGR1/20240105/DCIM/102MEDIA/DSCF0770.JPG,2022-09-01T22:16:04,2024-01-03T21:49:47.988,TGR1_20240103214947.JPG
raw/Unusual Deployments/TGR1/20240105/DCIM/102MEDIA/DSCF0771.JPG,2022-09-01T22:26:04,2024-01-03T21:59:48.053,TGR1_20240103215948.JPG
raw/Unusual Deployments/TGR1/20240105/DCIM/102MEDIA/DSCF0772.JPG,2022-09-01T22:36:04,2024-01-03T22:09:48.118,TGR1_20240103220948.JPG
raw/Unusual Deployments/TGR1/20240105/DCIM/102MEDIA/DSCF0773.JPG,2022-09-01T22:46:04,2024-01-03T22:19:48.183,TGR1_20240103221948.JPG
raw/Unusual Deployments/TGR1/20240105/DCIM/102MEDIA/DSCF0774.JPG,2022-09-01T22:56:04,2024-01-03T22:29:48.249,TGR1_20240103222948.JPG
raw/Unusual Deployments/TGR1/20240105/DCIM/102MEDIA/DSCF0775.JPG,2022-09-01T23:06:04,2024-01-03T22:39:48.314,TGR1_20240103223948.JPG
raw/Unusual Deployments/TGR1/20240105/DCIM/102MEDIA/DSCF0776.JPG,2022-09-01T23:16:04,2024-01-03T22:49:48.379,TGR1_20240103224948.JPG
raw/Unusual Deployments/TGR1/20240105/DCIM/102MEDIA/DSCF0777.JPG,2022-09-01T23:26:04,2024-01-03T22:59:48.444,TGR1_20240103225948.JPG
raw/Unusual Deployments/TGR1/20240105/DCIM/102MEDIA/DSCF0778.JPG,2022-09-01T23:36:04,2024-01-03T23:09:48.509,TGR1_20240103230948.JPG
raw/Unusual Deployments/TGR1/20240105/DCIM/102MEDIA/DSCF0779.JPG,2022-09-01T23:46:04,2024-01-03T23:19:48.574,TGR1_20240103231948.JPG
raw/Unusual Deployments/TGR1/20240105/DCIM/102MEDIA/DSCF0780.JPG,2022-09-01T23:56:04,2024-01-03T23:29:48.640,TGR1_20240103232948.JPG
raw/Unusual Deployments/TGR1/20240105/DCIM/102MEDIA/DSCF0781.JPG,2022-09-02T00:06:04,2024-01-03T23:39:48.705,TGR1_20240103233948.JPG
raw/Unusual Deployments/TGR1/20240105/DCIM/102MEDIA/DSCF0782.JPG,2022-09-02T00:16:04,2024-01-03T23:49:48.770,TGR1_20240103234948.JPG
raw/Unusual Deployments/TGR1/20240105/DCIM/102MEDIA/DSCF0783.JPG,2022-09-02T00:26:04,2024-01-03T23:59:48.835,TGR1_20240103235948.JPG
raw/Unusual Deployments/TGR1/20240105/DCIM/102MEDIA/DSCF0784.JPG,2022-09-02T00:36:04,2024-01-04T00:09:48.900,TGR1_20240104000948.JPG
raw/Unusual Deployments/TGR1/20240105/DCIM/102MEDIA/DSCF0785.JPG,2022-09-02T00:46:04,2024-01-04T00:19:48.965,TGR1_20240104001948.JPG
raw/Unusual Deployments/TGR1/20240105/DCIM/102MEDIA/DSCF0786.JPG,2022-09-02T00:56:04,2024-01-04T00:29:49.031,TGR1_20240104002949.JPG
raw/Unusual Deployments/TGR1/20240105/DCIM/102MEDIA/DSCF0787.JPG,2022-09-02T01:06:04,2024-01-04T00:39:49.096,TGR1_20240104003949.JPG
raw/Unusual Deployments/TGR1/20240105/DCIM/102MEDIA/DSCF0788.JPG,2022-09-02T01:16:04,2024-01-04T00:49:49.161,TGR1_20240104004949.JPG
raw/Unusual Deployments/TGR1/20240105/DCIM/102MEDIA/DSCF0789.JPG,2022-09-02T01:26:04,2024-01-04T00:59:49.226,TGR1_20240104005949.JPG
raw/Unusual Deployments/TGR1/20240105/DCIM/102MEDIA/DSCF0790.JPG,2022-09-02T01:36:04,2024-01-04T01:09:49.291,TGR1_20240104010949.JPG
raw/Unusual Deployments/TGR1/20240105/DCIM/102MEDIA/DSCF0791.JPG,2022-09-02T01:46:04,2024-01-04T01:19:49.356,TGR1_20240104011949.JPG
raw/Unusual Deployments/TGR1/20240105/DCIM/102MEDIA/DSCF0792.JPG,2022-09-02T01:56:04,2024-01-04T01:29:49.422,TGR1_20240104012949.JPG
raw/Unusual Deployments/TGR1/20240105/DCIM/102MEDIA/DSCF0793.JPG,2022-09-02T02:06:04,2024-01-04T01:39:49.487,TGR1_20240104013949.JPG
raw/Unusual Deployments/TGR1/20240105/DCIM/102MEDIA/DSCF0794.JPG,2022-09-02T02:16:04,2024-01-04T01:49:49.552,TGR1_20240104014949.JPG
raw/Unusual Deployments/TGR1/20240105/DCIM/102MEDIA/DSCF0795.JPG,2022-09-02T02:26:04,2024-01-04T01:59:49.617,TGR1_20240104015949.JPG
raw/Unusual Deployments/TGR1/20240105/DCIM/102MEDIA/DSCF0796.JPG,2022-09-02T02:36:04,2024-01-04T02:09:49.682,TGR1_20240104020949.JPG
raw/Unusual Deployments/TGR1/20240105/DCIM/102MEDIA/DSCF0797.JPG,2022-09-02T02:46:04,2024-01-04T02:19:49.747,TGR1_20240104021949.JPG
raw/Unusual Deployments/TGR1/20240105/DCIM/102MEDIA/DSCF0798.JPG,2022-09-02T02:56:04,2024-01-04T02:29:49.813,TGR1_20240104022949.JPG
raw/Unusual Deployments/TGR1/20240105/DCIM/102MEDIA/DSCF0799.JPG,2022-09-02T03:06:04,2024-01-04T02:39:49.878,TGR1_20240104023949.JPG
raw/Unusual Deployments/TGR1/20240105/DCIM/102MEDIA/DSCF0800.JPG,2022-09-02T03:16:04,2024-01-04T02:49:49.943,TGR1_20240104024949.JPG
raw/Unusual Deployments/TGR1/20240105/DCIM/102MEDIA/DSCF0801.JPG,2022-09-02T03:26:04,2024-01-04T02:59:50.008,TGR1_20240104025950.JPG
raw/Unusual Deployments/TGR1/20240105/DCIM/102MEDIA/DSCF0802.JPG,2022-09-02T03:36:04,2024-01-04T03:09:50.073,TGR1_20240104030950.JPG
raw/Unusual Deployments/TGR1/20240105/DCIM/102MEDIA/DSCF0803.JPG,2022-09-02T03:46:04,2024-01-04T03:19:50.138,TGR1_20240104031950.JPG
raw/Unusual Deployments/TGR1/20240105/DCIM/102MEDIA/DSCF0804.JPG,2022-09-02T03:56:04,2024-01-04T03:29:50.204,TGR1_20240104032950.JPG
raw/Unusual Deployments/TGR1/20240105/DCIM/102MEDIA/DSCF0805.JPG,2022-09-02T04:06:04,2024-01-04T03:39:50.269,TGR1_20240104033950.JPG
raw/Unusual Deployments/TGR1/20240105/DCIM/102MEDIA/DSCF0806.JPG,2022-09-02T04:16:04,2024-01-04T03:49:50.334,TGR1_20240104034950.JPG
raw/Unusual Deployments/TGR1/20240105/DCIM/102MEDIA/DSCF0807.JPG,2022-09-02T04:26:04,2024-01-04T03:59:50.399,TGR1_20240104035950.JPG
raw/Unusual Deployments/TGR1/20240105/DCIM/102MEDIA/DSCF0808.JPG,2022-09-02T04:36:04,2024-01-04T04:09:50.464,TGR1_20240104040950.JPG
raw/Unusual Deployments/TGR1/20240105/DCIM/102MEDIA/DSCF0809.JPG,2022-09-02T04:46:04,2024-01-04T04:19:50.529,TGR1_20240104041950.JPG
raw/Unusual Deployments/TGR1/20240105/DCIM/102MEDIA/DSCF0810.JPG,2022-09-02T04:56:04,2024-01-04T04:29:50.595,TGR1_20240104042950.JPG
raw/Unusual Deployments/TGR1/20240105/DCIM/102MEDIA/DSCF0811.JPG,2022-09-02T05:06:04,2024-01-04T04:39:50.660,TGR1_20240104043950.JPG
raw/Unusual Deployments/TGR1/20240105/DCIM/102MEDIA/DSCF0812.JPG,2022-09-02T05:16:04,2024-01-04T04:49:50.725,TGR1_20240104044950.JPG
raw/Unusual Deployments/TGR1/20240105/DCIM/102MEDIA/DSCF0813.JPG,2022-09-02T05:26:04,2024-01-04T04:59:50.790,TGR1_20240104045950.JPG
raw/Unusual Deployments/TGR1/20240105/DCIM/102MEDIA/DSCF0814.JPG,2022-09-02T05:36:04,2024-01-04T05:09:50.855,TGR1_20240104050950.JPG
raw/Unusual Deployments/TGR1/20240105/DCIM/102MEDIA/DSCF0815.JPG,2022-09-02T05:46:04,2024-01-04T05:19:50.920,TGR1_20240104051950.JPG
raw/Unusual Deployments/TGR1/20240105/DCIM/102MEDIA/DSCF0816.JPG,2022-09-02T05:56:04,2024-01-04T05:29:50.986,TGR1_20240104052950.JPG
raw/Unusual Deployments/TGR1/20240105/DCIM/102MEDIA/DSCF0817.JPG,2022-09-02T06:06:04,2024-01-04T05:39:51.051,TGR1_20240104053951.JPG
raw/Unusual Deployments/TGR1/20240105/DCIM/102MEDIA/DSCF0818.JPG,2022-09-02T06:16:04,2024-01-04T05:49:51.116,TGR1_20240104054951.JPG
raw/Unusual Deployments/TGR1/20240105/DCIM/102MEDIA/DSCF0819.JPG,2022-09-02T06:26:04,2024-01-04T05:59:51.181,TGR1_20240104055951.JPG
raw/Unusual Deployments/TGR1/20240105/DCIM/102MEDIA/DSCF0820.JPG,2022-09-02T06:36:04,2024-01-04T06:09:51.246,TGR1_20240104060951.JPG
raw/Unusual Deployments/TGR1/20240105/DCIM/102MEDIA/DSCF0821.JPG,2022-09-02T06:46:04,2024-01-04T06:19:51.311,TGR1_20240104061951.JPG
raw/Unusual Deployments/TGR1/20240105/DCIM/102MEDIA/DSCF0822.JPG,2022-09-02T06:56:04,2024-01-04T06:29:51.377,TGR1_20240104062951.JPG
raw/Unusual Deployments/TGR1/20240105/DCIM/102MEDIA/DSCF0823.JPG,2022-09-02T07:06:04,2024-01-04T06:39:51.442,TGR1_20240104063951.JPG
raw/Unusual Deployments/TGR1/20240105/DCIM/102MEDIA/DSCF0824.JPG,2022-09-02T07:16:05,2024-01-04T06:49:52.507,TGR1_20240104064952.JPG
raw/Unusual Deployments/TGR1/20240105/DCIM/102MEDIA/DSCF0825.JPG,2022-09-02T07:26:05,2024-01-04T06:59:52.572,TGR1_20240104065952.JPG
raw/Unusual Deployments/TGR1/20240105/DCIM/102MEDIA/DSCF0826.JPG,2022-09-02T07:36:04,2024-01-04T07:09:51.637,TGR1_20240104070951.JPG
raw/Unusual Deployments/TGR1/20240105/DCIM/102MEDIA/DSCF0827.JPG,2022-09-02T07:46:04,2024-01-04T07:19:51.702,TGR1_20240104071951.JPG
raw/Unusual Deployments/TGR1/20240105/DCIM/102MEDIA/DSCF0828.JPG,2022-09-02T07:56:04,2024-01-04T07:29:51.768,TGR1_20240104072951.JPG
raw/Unusual Deployments/TGR1/20240105/DCIM/102MEDIA/DSCF0829.JPG,2022-09-02T08:06:04,2024-01-04T07:39:51.833,TGR1_20240104073951.JPG
raw/Unusual Deployments/TGR1/20240105/DCIM/102MEDIA/DSCF0830.JPG,2022-09-02T08:16:04,2024-01-04T07:49:51.898,TGR1_20240104074951.JPG
raw/Unusual Deployments/TGR1/20240105/DCIM/102MEDIA/DSCF0831.JPG,2022-09-02T08:26:04,2024-01-04T07:59:51.963,TGR1_20240104075951.JPG
raw/Unusual Deployments/TGR1/20240105/DCIM/102MEDIA/DSCF0832.JPG,2022-09-02T08:36:04,2024-01-04T08:09:52.028,TGR1_20240104080952.JPG
raw/Unusual Deployments/TGR1/20240105/DCIM/102MEDIA/DSCF0833.JPG,2022-09-02T08:46:04,2024-01-04T08:19:52.093,TGR1_20240104081952.JPG
raw/Unusual Deployments/TGR1/20240105/DCIM/102MEDIA/DSCF0834.JPG,2022-09-02T08:56:04,2024-01-04T08:29:52.159,TGR1_20240104082952.JPG
raw/Unusual Deployments/TGR1/20240105/DCIM/102MEDIA/DSCF0835.JPG,2022-09-02T09:06:04,2024-01-04T08:39:52.224,TGR1_20240104083952.JPG
raw/Unusual Deployments/TGR1/20240105/DCIM/102MEDIA/DSCF0836.JPG,2022-09-02T09:16:04,2024-01-04T08:49:52.289,TGR1_20240104084952.JPG
raw/Unusual Deployments/TGR1/20240105/DCIM/102MEDIA/DSCF0837.JPG,2022-09-02T09:26:04,2024-01-04T08:59:52.354,TGR1_20240104085952.JPG
raw/Unusual Deployments/TGR1/20240105/DCIM/102MEDIA/DSCF0838.JPG,2022-09-02T09:36:04,2024-01-04T09:09:52.419,TGR1_20240104090952.JPG
raw/Unusual Deployments/TGR1/20240105/DCIM/102MEDIA/DSCF0839.JPG,2022-09-02T09:46:04,2024-01-04T09:19:52.484,TGR1_20240104091952.JPG
raw/Unusual Deployments/TGR1/20240105/DCIM/102MEDIA/DSCF0840.JPG,2022-09-02T09:56:04,2024-01-04T09:29:52.550,TGR1_20240104092952.JPG
raw/Unusual Deployments/TGR1/20240105/DCIM/102MEDIA/DSCF0841.JPG,2022-09-02T10:06:04,2024-01-04T09:39:52.615,TGR1_20240104093952.JPG
raw/Unusual Deployments/TGR1/20240105/DCIM/102MEDIA/DSCF0842.JPG,2022-09-02T10:16:04,2024-01-04T09:49:52.680,TGR1_20240104094952.JPG
raw/Unusual Deployments/TGR1/20240105/DCIM/102MEDIA/DSCF0843.JPG,2022-09-02T10:26:04,2024-01-04T09:59:52.745,TGR1_20240104095952.JPG
raw/Unusual Deployments/TGR1/20240105/DCIM/102MEDIA/DSCF0844.JPG,2022-09-02T10:36:04,2024-01-04T10:09:52.810,TGR1_20240104100952.JPG
raw/Unusual Deployments/TGR1/20240105/DCIM/102MEDIA/DSCF0845.JPG,2022-09-02T10:46:04,2024-01-04T10:19:52.875,TGR1_20240104101952.JPG
raw/Unusual Deployments/TGR1/20240105/DCIM/102MEDIA/DSCF0846.JPG,2022-09-02T10:56:04,2024-01-04T10:29:52.941,TGR1_20240104102952.JPG
raw/Unusual Deployments/TGR1/20240105/DCIM/102MEDIA/DSCF0847.JPG,2022-09-02T11:06:04,2024-01-04T10:39:53.006,TGR1_20240104103953.JPG
raw/Unusual Deployments/TGR1/20240105/DCIM/102MEDIA/DSCF0848.JPG,2022-09-02T11:16:04,2024-01-04T10:49:53.071,TGR1_20240104104953.JPG
raw/Unusual Deployments/TGR1/20240105/DCIM/102MEDIA/DSCF0849.JPG,2022-09-02T11:26:04,2024-01-04T10:59:53.136,TGR1_20240104105953.JPG
raw/Unusual Deployments/TGR1/20240105/DCIM/102MEDIA/DSCF0850.JPG,2022-09-02T11:36:04,2024-01-04T11:09:53.201,TGR1_20240104110953.JPG
raw/Unusual Deployments/TGR1/20240105/DCIM/102MEDIA/DSCF0851.JPG,2022-09-02T11:46:04,2024-01-04T11:19:53.266,TGR1_20240104111953.JPG
raw/Unusual Deployments/TGR1/20240105/DCIM/102MEDIA/DSCF0852.JPG,2022-09-02T11:56:04,2024-01-04T11:29:53.331,TGR1_20240104112953.JPG
raw/Unusual Deployments/TGR1/20240105/DCIM/102MEDIA/DSCF0853.JPG,2022-09-02T12:06:04,2024-01-04T11:39:53.397,TGR1_20240104113953.JPG
raw/Unusual Deployments/TGR1/20240105/DCIM/102MEDIA/DSCF0854.JPG,2022-09-02T12:16:04,2024-01-04T11:49:53.462,TGR1_20240104114953.JPG
raw/Unusual Deployments/TGR1/20240105/DCIM/102MEDIA/DSCF0855.JPG,2022-09-02T12:26:04,2024-01-04T11:59:53.527,TGR1_20240104115953.JPG
raw/Unusual Deployments/TGR1/20240105/DCIM/102MEDIA/DSCF0856.JPG,2022-09-02T12:36:04,2024-01-04T12:09:53.592,TGR1_20240104120953.JPG
raw/Unusual Deployments/TGR1/20240105/DCIM/102MEDIA/DSCF0857.JPG,2022-09-02T12:46:04,2024-01-04T12:19:53.657,TGR1_20240104121953.JPG
raw/Unusual Deployments/TGR1/20240105/DCIM/102MEDIA/DSCF0858.JPG,2022-09-02T12:56:04,2024-01-04T12:29:53.722,TGR1_20240104122953.JPG
raw/Unusual Deployments/TGR1/20240105/DCIM/102MEDIA/DSCF0859.JPG,2022-09-02T13:06:04,2024-01-04T12:39:53.788,TGR1_20240104123953.JPG
raw/Unusual Deployments/TGR1/20240105/DCIM/102MEDIA/DSCF0860.JPG,2022-09-02T13:16:04,2024-01-04T12:49:53.853,TGR1_20240104124953.JPG
raw/Unusual Deployments/TGR1/20240105/DCIM/102MEDIA/DSCF0861.JPG,2022-09-02T13:26:04,2024-01-04T12:59:53.918,TGR1_20240104125953.JPG
raw/Unusual Deployments/TGR1/20240105/DCIM/102MEDIA/DSCF0862.JPG,2022-09-02T13:36:04,2024-01-04T13:09:53.983,TGR1_20240104130953.JPG
raw/Unusual Deployments/TGR1/20240105/DCIM/102MEDIA/DSCF0863.JPG,2022-09-02T13:46:04,2024-01-04T13:19:54.048,TGR1_20240104131954.JPG
raw/Unusual Deployments/TGR1/20240105/DCIM/102MEDIA/DSCF0864.JPG,2022-09-02T13:56:04,2024-01-04T13:29:54.113,TGR1_20240104132954.JPG
raw/Unusual Deployments/TGR1/20240105/DCIM/102MEDIA/DSCF0865.JPG,2022-09-02T14:06:04,2024-01-04T13:39:54.179,TGR1_20240104133954.JPG
raw/Unusual Deployments/TGR1/20240105/DCIM/102MEDIA/DSCF0866.JPG,2022-09-02T14:16:04,2024-01-04T13:49:54.244,TGR1_20240104134954.JPG
raw/Unusual Deployments/TGR1/20240105/DCIM/102MEDIA/DSCF0867.JPG,2022-09-02T14:26:04,2024-01-04T13:59:54.309,TGR1_20240104135954.JPG
raw/Unusual Deployments/TGR1/20240105/DCIM/102MEDIA/DSCF0868.JPG,2022-09-02T14:36:04,2024-01-04T14:09:54.374,TGR1_20240104140954.JPG
raw/Unusual Deployments/TGR1/20240105/DCIM/102MEDIA/DSCF0869.JPG,2022-09-02T14:46:04,2024-01-04T14:19:54.439,TGR1_20240104141954.JPG
raw/Unusual Deployments/TGR1/20240105/DCIM/102MEDIA/DSCF0870.JPG,2022-09-02T14:56:04,2024-01-04T14:29:54.504,TGR1_20240104142954.JPG
raw/Unusual Deployments/TGR1/20240105/DCIM/102MEDIA/DSCF0871.JPG,2022-09-02T15:06:04,2024-01-04T14:39:54.570,TGR1_20240104143954.JPG
raw/Unusual Deployments/TGR1/20240105/DCIM/102MEDIA/DSCF0872.JPG,2022-09-02T15:16:04,2024-01-04T14:49:54.635,TGR1_20240104144954.JPG
raw/Unusual Deployments/TGR1/20240105/DCIM/102MEDIA/DSCF0873.JPG,2022-09-02T15:26:04,2024-01-04T14:59:54.700,TGR1_20240104145954.JPG
raw/Unusual Deployments/TGR1/20240105/DCIM/102MEDIA/DSCF0874.JPG,2022-09-02T15:36:04,2024-01-04T15:09:54.765,TGR1_20240104150954.JPG
raw/Unusual Deployments/TGR1/20240105/DCIM/102MEDIA/DSCF0875.JPG,2022-09-02T15:46:04,2024-01-04T15:19:54.830,TGR1_20240104151954.JPG
raw/Unusual Deployments/TGR1/20240105/DCIM/102MEDIA/DSCF0876.JPG,2022-09-02T15:56:04,2024-01-04T15:29:54.895,TGR1_20240104152954.JPG
raw/Unusual Deployments/TGR1/20240105/DCIM/102MEDIA/DSCF0877.JPG,2022-09-02T16:06:04,2024-01-04T15:39:54.961,TGR1_20240104153954.JPG
raw/Unusual Deployments/TGR1/20240105/DCIM/102MEDIA/DSCF0878.JPG,2022-09-02T16:16:04,2024-01-04T15:49:55.026,TGR1_20240104154955.JPG
raw/Unusual Deployments/TGR1/20240105/DCIM/102MEDIA/DSCF0879.JPG,2022-09-02T16:26:04,2024-01-04T15:59:55.091,TGR1_20240104155955.JPG
raw/Unusual Deployments/TGR1/20240105/DCIM/102MEDIA/DSCF0880.JPG,2022-09-02T16:36:04,2024-01-04T16:09:55.156,TGR1_20240104160955.JPG
raw/Unusual Deployments/TGR1/20240105/DCIM/102MEDIA/DSCF0881.JPG,2022-09-02T16:46:04,2024-01-04T16:19:55.221,TGR1_20240104161955.JPG
raw/Unusual Deployments/TGR1/20240105/DCIM/102MEDIA/DSCF0882.JPG,2022-09-02T16:56:04,2024-01-04T16:29:55.286,TGR1_20240104162955.JPG
raw/Unusual Deployments/TGR1/20240105/DCIM/102MEDIA/DSCF0883.JPG,2022-09-02T17:06:04,2024-01-04T16:39:55.352,TGR1_20240104163955.JPG
raw/Unusual Deployments/TGR1/20240105/DCIM/102MEDIA/DSCF0884.JPG,2022-09-02T17:16:04,2024-01-04T16:49:55.417,TGR1_20240104164955.JPG
raw/Unusual Deployments/TGR1/20240105/DCIM/102MEDIA/DSCF0885.JPG,2022-09-02T17:26:04,2024-01-04T16:59:55.482,TGR1_20240104165955.JPG
raw/Unusual Deployments/TGR1/20240105/DCIM/102MEDIA/DSCF0886.JPG,2022-09-02T17:36:04,2024-01-04T17:09:55.547,TGR1_20240104170955.JPG
raw/Unusual Deployments/TGR1/20240105/DCIM/102MEDIA/DSCF0887.JPG,2022-09-02T17:46:04,2024-01-04T17:19:55.612,TGR1_20240104171955.JPG
raw/Unusual Deployments/TGR1/20240105/DCIM/102MEDIA/DSCF0888.JPG,2022-09-02T17:56:04,2024-01-04T17:29:55.677,TGR1_20240104172955.JPG
raw/Unusual Deployments/TGR1/20240105/DCIM/102MEDIA/DSCF0889.JPG,2022-09-02T18:06:03,2024-01-04T17:39:54.743,TGR1_20240104173954.JPG
raw/Unusual Deployments/TGR1/20240105/DCIM/102MEDIA/DSCF0890.JPG,2022-09-02T18:16:04,2024-01-04T17:49:55.808,TGR1_20240104174955.JPG
raw/Unusual Deployments/TGR1/20240105/DCIM/102MEDIA/DSCF0891.JPG,2022-09-02T18:26:04,2024-01-04T17:59:55.873,TGR1_20240104175955.JPG
raw/Unusual Deployments/TGR1/20240105/DCIM/102MEDIA/DSCF0892.JPG,2022-09-02T18:36:04,2024-01-04T18:09:55.938,TGR1_20240104180955.JPG
raw/Unusual Deployments/TGR1/20240105/DCIM/102MEDIA/DSCF0893.JPG,2022-09-02T18:46:04,2024-01-04T18:19:56.003,TGR1_20240104181956.JPG
raw/Unusual Deployments/TGR1/20240105/DCIM/102MEDIA/DSCF0894.JPG,2022-09-02T18:56:04,2024-01-04T18:29:56.068,TGR1_20240104182956.JPG
raw/Unusual Deployments/TGR1/20240105/DCIM/102MEDIA/DSCF0895.JPG,2022-09-02T19:06:04,2024-01-04T18:39:56.134,TGR1_20240104183956.JPG
raw/Unusual Deployments/TGR1/20240105/DCIM/102MEDIA/DSCF0896.JPG,2022-09-02T19:16:04,2024-01-04T18:49:56.199,TGR1_20240104184956.JPG
raw/Unusual Deployments/TGR1/20240105/DCIM/102MEDIA/DSCF0897.JPG,2022-09-02T19:26:04,2024-01-04T18:59:56.264,TGR1_20240104185956.JPG
raw/Unusual Deployments/TGR1/20240105/DCIM/102MEDIA/DSCF0898.JPG,2022-09-02T19:36:04,2024-01-04T19:09:56.329,TGR1_20240104190956.JPG
raw/Unusual Deployments/TGR1/20240105/DCIM/102MEDIA/DSCF0899.JPG,2022-09-02T19:46:04,2024-01-04T19:19:56.394,TGR1_20240104191956.JPG
raw/Unusual Deployments/TGR1/20240105/DCIM/102MEDIA/DSCF0900.JPG,2022-09-02T19:56:04,2024-01-04T19:29:56.459,TGR1_20240104192956.JPG
raw/Unusual Deployments/TGR1/20240105/DCIM/102MEDIA/DSCF0901.JPG,2022-09-02T20:06:04,2024-01-04T19:39:56.525,TGR1_20240104193956.JPG
raw/Unusual Deployments/TGR1/20240105/DCIM/102MEDIA/DSCF0902.JPG,2022-09-02T20:16:04,2024-01-04T19:49:56.590,TGR1_20240104194956.JPG
raw/Unusual Deployments/TGR1/20240105/DCIM/102MEDIA/DSCF0903.JPG,2022-09-02T20:26:04,2024-01-04T19:59:56.655,TGR1_20240104195956.JPG
raw/Unusual Deployments/TGR1/20240105/DCIM/102MEDIA/DSCF0904.JPG,2022-09-02T20:36:04,2024-01-04T20:09:56.720,TGR1_20240104200956.JPG
raw/Unusual Deployments/TGR1/20240105/DCIM/102MEDIA/DSCF0905.JPG,2022-09-02T20:46:04,2024-01-04T20:19:56.785,TGR1_20240104201956.JPG
raw/Unusual Deployments/TGR1/20240105/DCIM/102MEDIA/DSCF0906.JPG,2022-09-02T20:56:04,2024-01-04T20:29:56.850,TGR1_20240104202956.JPG
raw/Unusual Deployments/TGR1/20240105/DCIM/102MEDIA/DSCF0907.JPG,2022-09-02T21:06:04,2024-01-04T20:39:56.916,TGR1_20240104203956.JPG
raw/Unusual Deployments/TGR1/20240105/DCIM/102MEDIA/DSCF0908.JPG,2022-09-02T21:16:04,2024-01-04T20:49:56.981,TGR1_20240104204956.JPG
raw/Unusual Deployments/TGR1/20240105/DCIM/102MEDIA/DSCF0909.JPG,2022-09-02T21:26:04,2024-01-04T20:59:57.046,TGR1_20240104205957.JPG
raw/Unusual Deployments/TGR1/20240105/DCIM/102MEDIA/DSCF0910.JPG,2022-09-02T21:36:04,2024-01-04T21:09:57.111,TGR1_20240104210957.JPG
raw/Unusual Deployments/TGR1/20240105/DCIM/102MEDIA/DSCF0911.JPG,2022-09-02T21:46:04,2024-01-04T21:19:57.176,TGR1_20240104211957.JPG
raw/Unusual Deployments/TGR1/20240105/DCIM/102MEDIA/DSCF0912.JPG,2022-09-02T21:56:04,2024-01-04T21:29:57.241,TGR1_20240104212957.JPG
raw/Unusual Deployments/TGR1/20240105/DCIM/102MEDIA/DSCF0913.JPG,2022-09-02T22:06:04,2024-01-04T21:39:57.307,TGR1_20240104213957.JPG
raw/Unusual Deployments/TGR1/20240105/DCIM/102MEDIA/DSCF0914.JPG,2022-09-02T22:16:04,2024-01-04T21:49:57.372,TGR1_20240104214957.JPG
raw/Unusual Deployments/TGR1/20240105/DCIM/102MEDIA/DSCF0915.JPG,2022-09-02T22:26:04,2024-01-04T21:59:57.437,TGR1_20240104215957.JPG
raw/Unusual Deployments/TGR1/20240105/DCIM/102MEDIA/DSCF0916.JPG,2022-09-02T22:36:04,2024-01-04T22:09:57.502,TGR1_20240104220957.JPG
raw/Unusual Deployments/TGR1/20240105/DCIM/102MEDIA/DSCF0917.JPG,2022-09-02T22:46:04,2024-01-04T22:19:57.567,TGR1_20240104221957.JPG
raw/Unusual Deployments/TGR1/20240105/DCIM/102MEDIA/DSCF0918.JPG,2022-09-02T22:56:04,2024-01-04T22:29:57.632,TGR1_20240104222957.JPG
raw/Unusual Deployments/TGR1/20240105/DCIM/102MEDIA/DSCF0919.JPG,2022-09-02T23:06:04,2024-01-04T22:39:57.698,TGR1_20240104223957.JPG
raw/Unusual Deployments/TGR1/20240105/DCIM/102MEDIA/DSCF0920.JPG,2022-09-02T23:16:04,2024-01-04T22:49:57.763,TGR1_20240104224957.JPG
raw/Unusual Deployments/TGR1/20240105/DCIM/102MEDIA/DSCF0921.JPG,2022-09-02T23:26:04,2024-01-04T22:59:57.828,TGR1_20240104225957.JPG
raw/Unusual Deployments/TGR1/20240105/DCIM/102MEDIA/DSCF0922.JPG,2022-09-02T23:36:04,2024-01-04T23:09:57.893,TGR1_20240104230957.JPG
raw/Unusual Deployments/TGR1/20240105/DCIM/102MEDIA/DSCF0923.JPG,2022-09-02T23:46:04,2024-01-04T23:19:57.958,TGR1_20240104231957.JPG
raw/Unusual Deployments/TGR1/20240105/DCIM/102MEDIA/DSCF0924.JPG,2022-09-02T23:56:04,2024-01-04T23:29:58.023,TGR1_20240104232958.JPG
raw/Unusual Deployments/TGR1/20240105/DCIM/102MEDIA/DSCF0925.JPG,2022-09-03T00:06:04,2024-01-04T23:39:58.089,TGR1_20240104233958.JPG
raw/Unusual Deployments/TGR1/20240105/DCIM/102MEDIA/DSCF0926.JPG,2022-09-03T00:16:04,2024-01-04T23:49:58.154,TGR1_20240104234958.JPG
raw/Unusual Deployments/TGR1/20240105/DCIM/102MEDIA/DSCF0927.JPG,2022-09-03T00:26:04,2024-01-04T23:59:58.219,TGR1_20240104235958.JPG
raw/Unusual Deployments/TGR1/20240105/DCIM/102MEDIA/DSCF0928.JPG,2022-09-03T00:36:04,2024-01-05T00:09:58.284,TGR1_20240105000958.JPG
raw/Unusual Deployments/TGR1/20240105/DCIM/102MEDIA/DSCF0929.JPG,2022-09-03T00:46:04,2024-01-05T00:19:58.349,TGR1_20240105001958.JPG
raw/Unusual Deployments/TGR1/20240105/DCIM/102MEDIA/DSCF0930.JPG,2022-09-03T00:56:04,2024-01-05T00:29:58.414,TGR1_20240105002958.JPG
raw/Unusual Deployments/TGR1/20240105/DCIM/102MEDIA/DSCF0931.JPG,2022-09-03T01:06:04,2024-01-05T00:39:58.480,TGR1_20240105003958.JPG
raw/Unusual Deployments/TGR1/20240105/DCIM/102MEDIA/DSCF0932.JPG,2022-09-03T01:16:04,2024-01-05T00:49:58.545,TGR1_20240105004958.JPG
raw/Unusual Deployments/TGR1/20240105/DCIM/102MEDIA/DSCF0933.JPG,2022-09-03T01:26:04,2024-01-05T00:59:58.610,TGR1_20240105005958.JPG
raw/Unusual Deployments/TGR1/20240105/DCIM/102MEDIA/DSCF0934.JPG,2022-09-03T01:36:04,2024-01-05T01:09:58.675,TGR1_20240105010958.JPG
raw/Unusual Deployments/TGR1/20240105/DCIM/102MEDIA/DSCF0935.JPG,2022-09-03T01:46:04,2024-01-05T01:19:58.740,TGR1_20240105011958.JPG
raw/Unusual Deployments/TGR1/20240105/DCIM/102MEDIA/DSCF0936.JPG,2022-09-03T01:56:04,2024-01-05T01:29:58.805,TGR1_20240105012958.JPG
raw/Unusual Deployments/TGR1/20240105/DCIM/102MEDIA/DSCF0937.JPG,2022-09-03T02:06:04,2024-01-05T01:39:58.871,TGR1_20240105013958.JPG
raw/Unusual Deployments/TGR1/20240105/DCIM/102MEDIA/DSCF0938.JPG,2022-09-03T02:16:04,2024-01-05T01:49:58.936,TGR1_20240105014958.JPG
raw/Unusual Deployments/TGR1/20240105/DCIM/102MEDIA/DSCF0939.JPG,2022-09-03T02:26:04,2024-01-05T01:59:59.001,TGR1_20240105015959.JPG
raw/Unusual Deployments/TGR1/20240105/DCIM/102MEDIA/DSCF0940.JPG,2022-09-03T02:36:04,2024-01-05T02:09:59.066,TGR1_20240105020959.JPG
raw/Unusual Deployments/TGR1/20240105/DCIM/102MEDIA/DSCF0941.JPG,2022-09-03T02:46:04,2024-01-05T02:19:59.131,TGR1_20240105021959.JPG
raw/Unusual Deployments/TGR1/20240105/DCIM/102MEDIA/DSCF0942.JPG,2022-09-03T02:56:04,2024-01-05T02:29:59.196,TGR1_20240105022959.JPG
raw/Unusual Deployments/TGR1/20240105/DCIM/102MEDIA/DSCF0943.JPG,2022-09-03T03:06:04,2024-01-05T02:39:59.262,TGR1_20240105023959.JPG
raw/Unusual Deployments/TGR1/20240105/DCIM/102MEDIA/DSCF0944.JPG,2022-09-03T03:16:04,2024-01-05T02:49:59.327,TGR1_20240105024959.JPG
raw/Unusual Deployments/TGR1/20240105/DCIM/102MEDIA/DSCF0945.JPG,2022-09-03T03:26:04,2024-01-05T02:59:59.392,TGR1_20240105025959.JPG
raw/Unusual Deployments/TGR1/20240105/DCIM/102MEDIA/DSCF0946.JPG,2022-09-03T03:36:04,2024-01-05T03:09:59.457,TGR1_20240105030959.JPG
raw/Unusual Deployments/TGR1/20240105/DCIM/102MEDIA/DSCF0947.JPG,2022-09-03T03:46:04,2024-01-05T03:19:59.522,TGR1_20240105031959.JPG
raw/Unusual Deployments/TGR1/20240105/DCIM/102MEDIA/DSCF0948.JPG,2022-09-03T03:56:04,2024-01-05T03:29:59.587,TGR1_20240105032959.JPG
raw/Unusual Deployments/TGR1/20240105/DCIM/102MEDIA/DSCF0949.JPG,2022-09-03T04:06:04,2024-01-05T03:39:59.653,TGR1_20240105033959.JPG
raw/Unusual Deployments/TGR1/20240105/DCIM/102MEDIA/DSCF0950.JPG,2022-09-03T04:16:04,2024-01-05T03:49:59.718,TGR1_20240105034959.JPG
raw/Unusual Deployments/TGR1/20240105/DCIM/102MEDIA/DSCF0951.JPG,2022-09-03T04:26:04,2024-01-05T03:59:59.783,TGR1_20240105035959.JPG
raw/Unusual Deployments/TGR1/20240105/DCIM/102MEDIA/DSCF0952.JPG,2022-09-03T04:36:04,2024-01-05T04:09:59.848,TGR1_20240105040959.JPG
raw/Unusual Deployments/TGR1/20240105/DCIM/102MEDIA/DSCF0953.JPG,2022-09-03T04:46:04,2024-01-05T04:19:59.913,TGR1_20240105041959.JPG
raw/Unusual Deployments/TGR1/20240105/DCIM/102MEDIA/DSCF0954.JPG,2022-09-03T04:56:04,2024-01-05T04:29:59.978,TGR1_20240105042959.JPG
raw/Unusual Deployments/TGR1/20240105/DCIM/102MEDIA/DSCF0955.JPG,2022-09-03T05:06:04,2024-01-05T04:40:00.044,TGR1_20240105044000.JPG
raw/Unusual Deployments/TGR1/20240105/DCIM/102MEDIA/DSCF0956.JPG,2022-09-03T05:16:04,2024-01-05T04:50:00.109,TGR1_20240105045000.JPG
raw/Unusual Deployments/TGR1/20240105/DCIM/102MEDIA/DSCF0957.JPG,2022-09-03T05:26:04,2024-01-05T05:00:00.174,TGR1_20240105050000.JPG
raw/Unusual Deployments/TGR1/20240105/DCIM/102MEDIA/DSCF0958.JPG,2022-09-03T05:36:04,2024-01-05T05:10:00.239,TGR1_20240105051000.JPG
raw/Unusual Deployments/TGR1/20240105/DCIM/102MEDIA/DSCF0959.JPG,2022-09-03T05:46:04,2024-01-05T05:20:00.304,TGR1_20240105052000.JPG
raw/Unusual Deployments/TGR1/20240105/DCIM/102MEDIA/DSCF0960.JPG,2022-09-03T05:56:04,2024-01-05T05:30:00.369,TGR1_20240105053000.JPG
raw/Unusual Deployments/TGR1/20240105/DCIM/102MEDIA/DSCF0961.JPG,2022-09-03T06:06:04,2024-01-05T05:40:00.435,TGR1_20240105054000.JPG
raw/Unusual Deployments/TGR1/20240105/DCIM/102MEDIA/DSCF0962.JPG,2022-09-03T06:16:04,2024-01-05T05:50:00.500,TGR1_20240105055000.JPG
raw/Unusual Deployments/TGR1/20240105/DCIM/102MEDIA/DSCF0963.JPG,2022-09-03T06:26:04,2024-01-05T06:00:00.565,TGR1_20240105060000.JPG
raw/Unusual Deployments/TGR1/20240105/DCIM/102MEDIA/DSCF0964.JPG,2022-09-03T06:36:04,2024-01-05T06:10:00.630,TGR1_20240105061000.JPG
raw/Unusual Deployments/TGR1/20240105/DCIM/102MEDIA/DSCF0965.JPG,2022-09-03T06:46:04,2024-01-05T06:20:00.695,TGR1_20240105062000.JPG
raw/Unusual Deployments/TGR1/20240105/DCIM/102MEDIA/DSCF0966.JPG,2022-09-03T06:56:04,2024-01-05T06:30:00.760,TGR1_20240105063000.JPG
raw/Unusual Deployments/TGR1/20240105/DCIM/102MEDIA/DSCF0967.JPG,2022-09-03T07:06:04,2024-01-05T06:40:00.826,TGR1_20240105064000.JPG
raw/Unusual Deployments/TGR1/20240105/DCIM/102MEDIA/DSCF0968.JPG,2022-09-03T07:16:04,2024-01-05T06:50:00.891,TGR1_20240105065000.JPG
raw/Unusual Deployments/TGR1/20240105/DCIM/102MEDIA/DSCF0969.JPG,2022-09-03T07:26:04,2024-01-05T07:00:00.956,TGR1_20240105070000.JPG
raw/Unusual Deployments/TGR1/20240105/DCIM/102MEDIA/DSCF0970.JPG,2022-09-03T07:36:04,2024-01-05T07:10:01.021,TGR1_20240105071001.JPG
raw/Unusual Deployments/TGR1/20240105/DCIM/102MEDIA/DSCF0971.JPG,2022-09-03T07:46:04,2024-01-05T07:20:01.086,TGR1_20240105072001.JPG
raw/Unusual Deployments/TGR1/20240105/DCIM/102MEDIA/DSCF0972.JPG,2022-09-03T07:56:04,2024-01-05T07:30:01.151,TGR1_20240105073001.JPG
raw/Unusual Deployments/TGR1/20240105/DCIM/102MEDIA/DSCF0973.JPG,2022-09-03T08:06:04,2024-01-05T07:40:01.217,TGR1_20240105074001.JPG
raw/Unusual Deployments/TGR1/20240105/DCIM/102MEDIA/DSCF0974.JPG,2022-09-03T08:16:04,2024-01-05T07:50:01.282,TGR1_20240105075001.JPG
raw/Unusual Deployments/TGR1/20240105/DCIM/102MEDIA/DSCF0975.JPG,2022-09-03T08:26:04,2024-01-05T08:00:01.347,TGR1_20240105080001.JPG
raw/Unusual Deployments/TGR1/20240105/DCIM/102MEDIA/DSCF0976.JPG,2022-09-03T08:36:04,2024-01-05T08:10:01.412,TGR1_20240105081001.JPG
