max_gust,temperature_avg,butterflies_direct_sun_t_lag,sun_support_low,sun_support_high,support_n,max_supported_gust,total_butterflies_t_lag,time_within_day_t,fit,standard_error,conf_low,conf_high,temperature_label,direct_sun_label
0,10,0,0,0,109,6.2069999999999945,37,300,0.2273229762149989,0.39213436840532384,-0.5412603858594358,0.9959063382894335,10 °C,0
0.025970711297071108,10,0,0,0,109,6.2069999999999945,37,300,0.22585113819483096,0.39178950473183793,-0.5420562910795714,0.9937585674692333,10 °C,0
0.051941422594142216,10,0,0,0,109,6.2069999999999945,37,300,0.22437930017466304,0.39144920868927957,-0.542861148856325,0.991619749205651,10 °C,0
0.07791213389121332,10,0,0,0,109,6.2069999999999945,37,300,0.22290746215449508,0.39111349220012215,-0.5436749825577443,0.9894899068667344,10 °C,0
0.10388284518828443,10,0,0,0,109,6.2069999999999945,37,300,0.22143562413432716,0.39078236706708563,-0.5444978153171607,0.987369063585815,10 °C,0
0.12985355648535554,10,0,0,0,109,6.2069999999999945,37,300,0.21996378611415923,0.3904558449712356,-0.5453296700294625,0.985257242257781,10 °C,0
0.15582426778242664,10,0,0,0,109,6.2069999999999945,37,300,0.2184919480939913,0.3901339374700904,-0.5461705693473858,0.9831544655353684,10 °C,0
0.18179497907949776,10,0,0,0,109,6.2069999999999945,37,300,0.21702011007382332,0.38981665599573706,-0.5470205356778213,0.981060755825468,10 °C,0
0.20776569037656886,10,0,0,0,109,6.2069999999999945,37,300,0.2155482720536554,0.38950401185295747,-0.5478795911781411,0.978976135285452,10 °C,0
0.23373640167363996,10,0,0,0,109,6.2069999999999945,37,300,0.21407643403348747,0.38919601621736377,-0.5487477577525455,0.9769006258195205,10 °C,0
0.2597071129707111,10,0,0,0,109,6.2069999999999945,37,300,0.21260459601331955,0.3888926801335451,-0.5496250570484289,0.9748342490750679,10 °C,0
0.2856778242677822,10,0,0,0,109,6.2069999999999945,37,300,0.2111327579931516,0.3885940145132253,-0.55051151045277,0.9727770264390732,10 °C,0
0.3116485355648533,10,0,0,0,109,6.2069999999999945,37,300,0.20966091997298367,0.38830003013343345,-0.5514071390885459,0.9707289790345132,10 °C,0
0.3376192468619244,10,0,0,0,109,6.2069999999999945,37,300,0.20818908195281574,0.3880107376346865,-0.5523119638111699,0.9686901277168013,10 °C,0
0.36358995815899553,10,0,0,0,109,6.2069999999999945,37,300,0.20671724393264782,0.3877261475191857,-0.5532260052049562,0.9666604930702518,10 °C,0
0.3895606694560666,10,0,0,0,109,6.2069999999999945,37,300,0.20524540591247986,0.38744627014902716,-0.5541492835796133,0.9646400954045731,10 °C,0
0.4155313807531377,10,0,0,0,109,6.2069999999999945,37,300,0.20377356789231194,0.38717111574442636,-0.5550818189667637,0.9626289547513875,10 °C,0
0.44150209205020885,10,0,0,0,109,6.2069999999999945,37,300,0.202301729872144,0.38690069438195995,-0.5560236311164974,0.9606270908607855,10 °C,0
0.4674728033472799,10,0,0,0,109,6.2069999999999945,37,300,0.20082989185197608,0.38663501599282124,-0.5569747394939535,0.9586345231979057,10 °C,0
0.49344351464435104,10,0,0,0,109,6.2069999999999945,37,300,0.19935805383180813,0.3863740903610945,-0.5579351632759371,0.9566512709395534,10 °C,0
0.5194142259414222,10,0,0,0,109,6.2069999999999945,37,300,0.1978862158116402,0.38611792712204496,-0.5589049213475679,0.9546773529708483,10 °C,0
0.5453849372384932,10,0,0,0,109,6.2069999999999945,37,300,0.19641437779147228,0.3858665357604286,-0.5598840322989678,0.9527127878819124,10 °C,0
0.5713556485355644,10,0,0,0,109,6.2069999999999945,37,300,0.19494253977130432,0.3856199256088189,-0.5608725144219808,0.9507575939645894,10 °C,0
0.5973263598326355,10,0,0,0,109,6.2069999999999945,37,300,0.1934707017511364,0.3853781058459544,-0.5618703857069343,0.948811789209207,10 °C,0
0.6232970711297066,10,0,0,0,109,6.2069999999999945,37,300,0.19199886373096847,0.385141085495105,-0.5628776638394373,0.9468753913013743,10 °C,0
0.6492677824267777,10,0,0,0,109,6.2069999999999945,37,300,0.19052702571080055,0.38490887342246033,-0.5638943661972218,0.9449484176188228,10 °C,0
0.6752384937238488,10,0,0,0,109,6.2069999999999945,37,300,0.1890551876906326,0.38468147833553806,-0.564920509847022,0.9430308852282872,10 °C,0
0.7012092050209199,10,0,0,0,109,6.2069999999999945,37,300,0.18758334967046467,0.384458908781615,-0.5659561115415007,0.94112281088243,10 °C,0
0.7271799163179911,10,0,0,0,109,6.2069999999999945,37,300,0.1861115116502967,0.38424117314618034,-0.5670011877162168,0.9392242110168102,10 °C,0
0.7531506276150621,10,0,0,0,109,6.2069999999999945,37,300,0.1846396736301288,0.3840282796514123,-0.5680557544866393,0.9373351017468968,10 °C,0
0.7791213389121332,10,0,0,0,109,6.2069999999999945,37,300,0.18316783560996086,0.38382023635467855,-0.5691198276452091,0.9354554988651308,10 °C,0
0.8050920502092044,10,0,0,0,109,6.2069999999999945,37,300,0.18169599758979293,0.3836170511470612,-0.570193422658447,0.9335854178380328,10 °C,0
0.8310627615062754,10,0,0,0,109,6.2069999999999945,37,300,0.18022415956962498,0.3834187317519062,-0.5712765546641112,0.9317248738033612,10 °C,0
0.8570334728033465,10,0,0,0,109,6.2069999999999945,37,300,0.17875232154945705,0.3832252857233994,-0.5723692384684058,0.92987388156732,10 °C,0
0.8830041841004177,10,0,0,0,109,6.2069999999999945,37,300,0.17728048352928913,0.38303672044516784,-0.5734714885432398,0.9280324556018181,10 °C,0
0.9089748953974888,10,0,0,0,109,6.2069999999999945,37,300,0.17580864550912118,0.38285304312890844,-0.5745833190235394,0.9262006100417817,10 °C,0
0.9349456066945598,10,0,0,0,109,6.2069999999999945,37,300,0.17433680748895328,0.38267426081304406,-0.575704743704613,0.9243783586825196,10 °C,0
0.960916317991631,10,0,0,0,109,6.2069999999999945,37,300,0.17286496946878532,0.38250038036140716,-0.5768357760395726,0.9225657149771433,10 °C,0
0.9868870292887021,10,0,0,0,109,6.2069999999999945,37,300,0.17139313144861737,0.3823314084619523,-0.5779764291368091,0.9207626920340438,10 °C,0
1.0128577405857733,10,0,0,0,109,6.2069999999999945,37,300,0.16992129342844944,0.3821673516254978,-0.5791267157575263,0.9189693026144251,10 °C,0
1.0388284518828443,10,0,0,0,109,6.2069999999999945,37,300,0.16844945540828152,0.3820082161844968,-0.5802866483133322,0.9171855591298952,10 °C,0
1.0647991631799154,10,0,0,0,109,6.2069999999999945,37,300,0.1669776173881136,0.38185400829183824,-0.5814562388638894,0.9154114736401165,10 °C,0
1.0907698744769865,10,0,0,0,109,6.2069999999999945,37,300,0.16550577936794567,0.3817047339196789,-0.582635499114625,0.9136470578505163,10 °C,0
1.1167405857740575,10,0,0,0,109,6.2069999999999945,37,300,0.1640339413477777,0.3815603988583067,-0.5838244404145034,0.9118923231100589,10 °C,0
1.1427112970711288,10,0,0,0,109,6.2069999999999945,37,300,0.16256210332760976,0.38142100871503526,-0.5850230737538593,0.9101472804090789,10 °C,0
1.1686820083682,10,0,0,0,109,6.2069999999999945,37,300,0.16109026530744183,0.38128656891313073,-0.5862314097622944,0.9084119403771781,10 °C,0
1.194652719665271,10,0,0,0,109,6.2069999999999945,37,300,0.1596184272872739,0.3811570846907712,-0.5874494587066376,0.9066863132811854,10 °C,0
1.220623430962342,10,0,0,0,109,6.2069999999999945,37,300,0.15814658926710598,0.38103256110003975,-0.5886772304889719,0.9049704090231839,10 °C,0
1.2465941422594131,10,0,0,0,109,6.2069999999999945,37,300,0.15667475124693805,0.3809130030059501,-0.5899147346447241,0.9032642371386003,10 °C,0
1.2725648535564842,10,0,0,0,109,6.2069999999999945,37,300,0.1552029132267701,0.3807984150855068,-0.5911619803408232,0.9015678067943635,10 °C,0
1.2985355648535555,10,0,0,0,109,6.2069999999999945,37,300,0.15373107520660215,0.38068880182680015,-0.5924189763739262,0.8998811267871304,10 °C,0
1.3245062761506265,10,0,0,0,109,6.2069999999999945,37,300,0.15225923718643422,0.38058416752813434,-0.5936857311687092,0.8982042055415775,10 °C,0
1.3504769874476976,10,0,0,0,109,6.2069999999999945,37,300,0.1507873991662663,0.3804845162971931,-0.5949622527762322,0.8965370511087647,10 °C,0
1.3764476987447687,10,0,0,0,109,6.2069999999999945,37,300,0.14931556114609837,0.3803898520502389,-0.5962485488723699,0.8948796711645666,10 °C,0
1.4024184100418398,10,0,0,0,109,6.2069999999999945,37,300,0.14784372312593042,0.38030017851134895,-0.5975446267563135,0.8932320730081743,10 °C,0
1.4283891213389108,10,0,0,0,109,6.2069999999999945,37,300,0.1463718851057625,0.38021549921168757,-0.5988504933491451,0.8915942635606701,10 °C,0
1.4543598326359821,10,0,0,0,109,6.2069999999999945,37,300,0.14490004708559454,0.3801358174888145,-0.6001661551924818,0.889966249363671,10 °C,0
1.4803305439330532,10,0,0,0,109,6.2069999999999945,37,300,0.14342820906542664,0.3800611364860309,-0.6014916184471939,0.8883480365780472,10 °C,0
1.5063012552301243,10,0,0,0,109,6.2069999999999945,37,300,0.14195637104525868,0.37999145915176197,-0.6028268888921947,0.8867396309827121,10 °C,0
1.5322719665271953,10,0,0,0,109,6.2069999999999945,37,300,0.14048453302509079,0.3799267882389772,-0.6041719719233045,0.8851410379734861,10 °C,0
1.5582426778242664,10,0,0,0,109,6.2069999999999945,37,300,0.1390126950049228,0.3798671263046483,-0.6055268725521878,0.8835522625620336,10 °C,0
1.5842133891213375,10,0,0,0,109,6.2069999999999945,37,300,0.1375408569847549,0.37981247570924564,-0.6068915954053665,0.8819733093748764,10 °C,0
1.6101841004184088,10,0,0,0,109,6.2069999999999945,37,300,0.13606901896458695,0.37976283861627197,-0.6082661447233062,0.88040418265248,10 °C,0
1.6361548117154798,10,0,0,0,109,6.2069999999999945,37,300,0.134597180944419,0.37971821699183544,-0.6096505243595784,0.8788448862484164,10 °C,0
1.662125523012551,10,0,0,0,109,6.2069999999999945,37,300,0.13312534292425107,0.3796786126042606,-0.6110447377800997,0.8772954236286018,10 °C,0
1.688096234309622,10,0,0,0,109,6.2069999999999945,37,300,0.13165350490408312,0.3796440270237389,-0.6124487880624451,0.8757557978706113,10 °C,0
1.714066945606693,10,0,0,0,109,6.2069999999999945,37,300,0.13018166688391522,0.37961446162201756,-0.6138626778952392,0.8742260116630696,10 °C,0
1.7400376569037643,10,0,0,0,109,6.2069999999999945,37,300,0.12870982886374724,0.3795899175721278,-0.6152864095776232,0.8727060673051177,10 °C,0
1.7660083682008354,10,0,0,0,109,6.2069999999999945,37,300,0.12723799084357937,0.3795703958481521,-0.6167199850187988,0.8711959667059574,10 °C,0
1.7919790794979065,10,0,0,0,109,6.2069999999999945,37,300,0.12576615282341141,0.3795558972250314,-0.6181634057376502,0.869695711384473,10 °C,0
1.8179497907949775,10,0,0,0,109,6.2069999999999945,37,300,0.12429431480324343,0.3795464222784112,-0.6196166728624424,0.8682053024689294,10 °C,0
1.8439205020920486,10,0,0,0,109,6.2069999999999945,37,300,0.12282247678307552,0.37954197138452694,-0.6210797871305972,0.8667247406967483,10 °C,0
1.8698912133891197,10,0,0,0,109,6.2069999999999945,37,300,0.12135063876290761,0.3795425447201298,-0.6225527488885468,0.8652540264143621,10 °C,0
1.895861924686191,10,0,0,0,109,6.2069999999999945,37,300,0.11987880074273967,0.3795481422624513,-0.6240355580916649,0.8637931595771443,10 °C,0
1.921832635983262,10,0,0,0,109,6.2069999999999945,37,300,0.11840696272257172,0.37955876378920816,-0.6255282143042763,0.8623421397494196,10 °C,0
1.947803347280333,10,0,0,0,109,6.2069999999999945,37,300,0.1169351247024038,0.37957440887864596,-0.6270307166997422,0.8609009661045499,10 °C,0
1.9737740585774042,10,0,0,0,109,6.2069999999999945,37,300,0.11546328668223586,0.37959507690962313,-0.6285430640606255,0.8594696374250972,10 °C,0
1.9997447698744752,10,0,0,0,109,6.2069999999999945,37,300,0.11399144866206795,0.3796207670617343,-0.6300652547789314,0.8580481521030672,10 °C,0
2.0257154811715465,10,0,0,0,109,6.2069999999999945,37,300,0.11251961064189998,0.37965147831547297,-0.631597286856427,0.856636508140227,10 °C,0
2.0516861924686176,10,0,0,0,109,6.2069999999999945,37,300,0.11104777262173204,0.3796872094524335,-0.6331391579050376,0.8552347031485017,10 °C,0
2.0776569037656887,10,0,0,0,109,6.2069999999999945,37,300,0.10957593460156413,0.37972795905555323,-0.6346908651473202,0.8538427343504484,10 °C,0
2.1036276150627597,10,0,0,0,109,6.2069999999999945,37,300,0.10810409658139616,0.3797737255093923,-0.6362524054170128,0.8524605985798052,10 °C,0
2.129598326359831,10,0,0,0,109,6.2069999999999945,37,300,0.10663225856122825,0.37982450700045445,-0.6378237751596625,0.851088292282119,10 °C,0
2.155569037656902,10,0,0,0,109,6.2069999999999945,37,300,0.10516042054106028,0.379880301517545,-0.6394049704333278,0.8497258115154485,10 °C,0
2.181539748953973,10,0,0,0,109,6.2069999999999945,37,300,0.1036885825208924,0.37994110685216886,-0.6409959869093586,0.8483731519511434,10 °C,0
2.207510460251044,10,0,0,0,109,6.2069999999999945,37,300,0.10221674450072442,0.38000692059896635,-0.6425968198732497,0.8470303088746984,10 °C,0
2.233481171548115,10,0,0,0,109,6.2069999999999945,37,300,0.10074490648055653,0.38007774015618784,-0.6442074642255716,0.8456972771866847,10 °C,0
2.259451882845186,10,0,0,0,109,6.2069999999999945,37,300,0.0992730684603886,0.3801535627262065,-0.645827914482976,0.8443740514037533,10 °C,0
2.2854225941422577,10,0,0,0,109,6.2069999999999945,37,300,0.09780123044022065,0.3802343853160688,-0.6474581647792741,0.8430606256597155,10 °C,0
2.3113933054393287,10,0,0,0,109,6.2069999999999945,37,300,0.09632939242005266,0.3803202047380827,-0.6490982088665894,0.8417569937066948,10 °C,0
2.3373640167364,10,0,0,0,109,6.2069999999999945,37,300,0.09485755439988477,0.3804110176104436,-0.6507480401165847,0.8404631489163542,10 °C,0
2.363334728033471,10,0,0,0,109,6.2069999999999945,37,300,0.09338571637971683,0.38050682035789707,-0.6524076515217614,0.839179084281195,10 °C,0
2.389305439330542,10,0,0,0,109,6.2069999999999945,37,300,0.0919138783595489,0.3806076092124386,-0.6540770356968307,0.8379047924159285,10 °C,0
2.415276150627613,10,0,0,0,109,6.2069999999999945,37,300,0.09044204033938096,0.3807133802140493,-0.6557561848801557,0.8366402655589177,10 °C,0
2.441246861924684,10,0,0,0,109,6.2069999999999945,37,300,0.08897020231921302,0.3808241292114694,-0.6574450909352669,0.835385495573693,10 °C,0
2.467217573221755,10,0,0,0,109,6.2069999999999945,37,300,0.08749836429904513,0.380939851863005,-0.6591437453524447,0.8341404739505349,10 °C,0
2.4931882845188262,10,0,0,0,109,6.2069999999999945,37,300,0.08602652627887715,0.3810605436373728,-0.6608521392503734,0.8329051918081278,10 °C,0
2.5191589958158973,10,0,0,0,109,6.2069999999999945,37,300,0.08455468825870921,0.38118619981457835,-0.6625702633778643,0.8316796398952828,10 °C,0
2.5451297071129684,10,0,0,0,109,6.2069999999999945,37,300,0.08308285023854133,0.38131681548682955,-0.6642981081156446,0.8304638085927273,10 °C,0
2.57110041841004,10,0,0,0,109,6.2069999999999945,37,300,0.08161101221837339,0.3814523855594845,-0.6660356634782162,0.829257687914963,10 °C,0
2.597071129707111,10,0,0,0,109,6.2069999999999945,37,300,0.08013917419820539,0.3815929047520329,-0.667782919115779,0.8280612675121898,10 °C,0
2.623041841004182,10,0,0,0,109,6.2069999999999945,37,300,0.0786673361780375,0.3817383675991111,-0.6695398643162203,0.8268745366722954,10 °C,0
2.649012552301253,10,0,0,0,109,6.2069999999999945,37,300,0.07719549815786951,0.38188876845155034,-0.6713064880071691,0.8256974843229081,10 °C,0
2.674983263598324,10,0,0,0,109,6.2069999999999945,37,300,0.07572366013770163,0.3820441014774566,-0.6730827787581133,0.8245300990335165,10 °C,0
2.7009539748953952,10,0,0,0,109,6.2069999999999945,37,300,0.07425182211753369,0.3822043606633239,-0.6748687247825812,0.8233723690176485,10 °C,0
2.7269246861924663,10,0,0,0,109,6.2069999999999945,37,300,0.07277998409736575,0.38236953981517774,-0.6766643139403826,0.8222242821351141,10 °C,0
2.7528953974895374,10,0,0,0,109,6.2069999999999945,37,300,0.0713081460771978,0.3825396325597506,-0.6784695337399134,0.821085825894309,10 °C,0
2.7788661087866084,10,0,0,0,109,6.2069999999999945,37,300,0.06983630805702987,0.3827146323456877,-0.680284371340518,0.8199569874545778,10 °C,0
2.8048368200836795,10,0,0,0,109,6.2069999999999945,37,300,0.06836447003686194,0.3828945324447823,-0.6821088135549113,0.8188377536286352,10 °C,0
2.8308075313807506,10,0,0,0,109,6.2069999999999945,37,300,0.06689263201669406,0.3830793259532411,-0.6839428468516585,0.8177281108850466,10 °C,0
2.8567782426778217,10,0,0,0,109,6.2069999999999945,37,300,0.06542079399652606,0.38326900579297873,-0.6857864573577122,0.8166280453507644,10 °C,0
2.882748953974893,10,0,0,0,109,6.2069999999999945,37,300,0.06394895597635812,0.3834635647129396,-0.6876396308610034,0.8155375428137196,10 °C,0
2.9087196652719642,10,0,0,0,109,6.2069999999999945,37,300,0.06247711795619018,0.38366299529044867,-0.6895023528130892,0.8144565887254696,10 °C,0
2.9346903765690353,10,0,0,0,109,6.2069999999999945,37,300,0.06100527993602224,0.3838672899325892,-0.6913746083318525,0.813385168203897,10 °C,0
2.9606610878661064,10,0,0,0,109,6.2069999999999945,37,300,0.05953344191585436,0.38407644087760684,-0.693256382204255,0.8123232660359638,10 °C,0
2.9866317991631774,10,0,0,0,109,6.2069999999999945,37,300,0.05806160389568642,0.38429044019634,-0.69514765888914,0.8112708666805127,10 °C,0
3.0126025104602485,10,0,0,0,109,6.2069999999999945,37,300,0.05658976587551843,0.384509279793676,-0.6970484225200865,0.8102279542711234,10 °C,0
3.0385732217573196,10,0,0,0,109,6.2069999999999945,37,300,0.055117927855350544,0.3847329514100315,-0.6989586569083112,0.8091945126190122,10 °C,0
3.0645439330543907,10,0,0,0,109,6.2069999999999945,37,300,0.053646089835182605,0.3849614466228579,-0.7008783455456189,0.8081705252159841,10 °C,0
3.0905146443514617,10,0,0,0,109,6.2069999999999945,37,300,0.052174251815014665,0.38519475684817023,-0.702807471607399,0.8071559752374283,10 °C,0
3.116485355648533,10,0,0,0,109,6.2069999999999945,37,300,0.050702413794846725,0.38543287334209847,-0.7047460179556663,0.8061508455453598,10 °C,0
3.142456066945604,10,0,0,0,109,6.2069999999999945,37,300,0.049230575774678785,0.3856757872024622,-0.706693967142147,0.8051551186915047,10 °C,0
3.168426778242675,10,0,0,0,109,6.2069999999999945,37,300,0.04775873775451091,0.3859234893703664,-0.7086513014114073,0.8041687769204291,10 °C,0
3.1943974895397464,10,0,0,0,109,6.2069999999999945,37,300,0.04628689973434291,0.3861759706318187,-0.7106180027040216,0.8031918021727076,10 °C,0
3.2203682008368175,10,0,0,0,109,6.2069999999999945,37,300,0.04481506171417497,0.3864332216193672,-0.7125940526597848,0.8022241760881347,10 °C,0
3.2463389121338886,10,0,0,0,109,6.2069999999999945,37,300,0.04334322369400703,0.38669523281375773,-0.7145794326209581,0.8012658800089721,10 °C,0
3.2723096234309597,10,0,0,0,109,6.2069999999999945,37,300,0.04187138567383909,0.3869619945456107,-0.7165741236355578,0.800316894983236,10 °C,0
3.2982803347280307,10,0,0,0,109,6.2069999999999945,37,300,0.040399547653671215,0.3872334969971164,-0.7185781064606769,0.7993772017680194,10 °C,0
3.324251046025102,10,0,0,0,109,6.2069999999999945,37,300,0.03892770963350322,0.3875097302037486,-0.720591361565844,0.7984467808328505,10 °C,0
3.350221757322173,10,0,0,0,109,6.2069999999999945,37,300,0.03745587161333528,0.38779068405599415,-0.7226138691364132,0.7975256123630838,10 °C,0
3.376192468619244,10,0,0,0,109,6.2069999999999945,37,300,0.03598403359316734,0.3880763483011009,-0.7246456090769904,0.7966136762633251,10 °C,0
3.402163179916315,10,0,0,0,109,6.2069999999999945,37,300,0.03451219557299951,0.3883667125448401,-0.726686561014887,0.7957109521608862,10 °C,0
3.428133891213386,10,0,0,0,109,6.2069999999999945,37,300,0.03304035755283163,0.3886617662532851,-0.7287367043036072,0.7948174194092704,10 °C,0
3.454104602510457,10,0,0,0,109,6.2069999999999945,37,300,0.03156851953266358,0.38896149875460373,-0.7307960180263597,0.7939330570916869,10 °C,0
3.4800753138075287,10,0,0,0,109,6.2069999999999945,37,300,0.030096681512495643,0.38926589924086547,-0.7328644809996007,0.793057844024592,10 °C,0
3.5060460251045997,10,0,0,0,109,6.2069999999999945,37,300,0.028624843492327703,0.38957495676986126,-0.7349420717766003,0.7921917587612558,10 °C,0
3.532016736401671,10,0,0,0,109,6.2069999999999945,37,300,0.027153005472159875,0.3898886602669364,-0.7370287686510355,0.7913347795953551,10 °C,0
3.557987447698742,10,0,0,0,109,6.2069999999999945,37,300,0.025681167451991938,0.3902069985268351,-0.7391245496606049,0.7904868845645887,10 °C,0
3.583958158995813,10,0,0,0,109,6.2069999999999945,37,300,0.024209329431824,0.39052996021555636,-0.7412293925906664,0.7896480514543144,10 °C,0
3.609928870292884,10,0,0,0,109,6.2069999999999945,37,300,0.022737491411655947,0.39085753387222083,-0.7433432749778969,0.7888182578012087,10 °C,0
3.635899581589955,10,0,0,0,109,6.2069999999999945,37,300,0.02126565339148801,0.39118970791094704,-0.7454661741139682,0.7879974808969442,10 °C,0
3.661870292887026,10,0,0,0,109,6.2069999999999945,37,300,0.019793815371320182,0.3915264706227378,-0.7475980670492459,0.7871856977918863,10 °C,0
3.687841004184097,10,0,0,0,109,6.2069999999999945,37,300,0.018321977351152242,0.39186781017737427,-0.7497389305965013,0.7863828852988058,10 °C,0
3.7138117154811683,10,0,0,0,109,6.2069999999999945,37,300,0.016850139330984306,0.39221371462531923,-0.7518887413346413,0.78558901999661,10 °C,0
3.7397824267782394,10,0,0,0,109,6.2069999999999945,37,300,0.015378301310816366,0.39256417189962683,-0.7540474756124522,0.784804078234085,10 °C,0
3.7657531380753104,10,0,0,0,109,6.2069999999999945,37,300,0.013906463290648428,0.39291916981785924,-0.7562151095523557,0.7840280361336525,10 °C,0
3.791723849372382,10,0,0,0,109,6.2069999999999945,37,300,0.01243462527048049,0.3932786960840104,-0.75839161905418,0.7832608695951409,10 °C,0
3.817694560669453,10,0,0,0,109,6.2069999999999945,37,300,0.01096278725031255,0.39364273829043345,-0.760576979798937,0.7825025542995621,10 °C,0
3.843665271966524,10,0,0,0,109,6.2069999999999945,37,300,0.009490949230144612,0.394011283919775,-0.7627711672526144,0.7817530657129036,10 °C,0
3.869635983263595,10,0,0,0,109,6.2069999999999945,37,300,0.008019111209976674,0.3943843203469125,-0.7649741566699718,0.7810123790899252,10 °C,0
3.895606694560666,10,0,0,0,109,6.2069999999999945,37,300,0.006547273189808735,0.3947618348408953,-0.767185923098346,0.7802804694779635,10 °C,0
3.9215774058577373,10,0,0,0,109,6.2069999999999945,37,300,0.005075435169640796,0.39514381456688924,-0.7694064413814621,0.7795573117207437,10 °C,0
3.9475481171548084,10,0,0,0,109,6.2069999999999945,37,300,0.0036035971494728573,0.3955302465881232,-0.7716356861632485,0.7788428804621943,10 °C,0
3.9735188284518794,10,0,0,0,109,6.2069999999999945,37,300,0.0021317591293049188,0.39592111786783807,-0.7738736318916576,0.7781371501502675,10 °C,0
3.9994895397489505,10,0,0,0,109,6.2069999999999945,37,300,6.599211091370912e-4,0.3963164152712367,-0.7761202528224869,0.777440095040761,10 °C,0
4.025460251046022,10,0,0,0,109,6.2069999999999945,37,300,-8.119169110309584e-4,0.3967161255674335,-0.7783755230232007,0.7767516892011387,10 °C,0
4.051430962343093,10,0,0,0,109,6.2069999999999945,37,300,-0.002283754931198897,0.39712023543140645,-0.7806394163767556,0.7760719065143578,10 °C,0
4.077401673640164,10,0,0,0,109,6.2069999999999945,37,300,-0.0037555929513668354,0.39752873144594625,-0.7829119065854215,0.7754007206826878,10 °C,0
4.103372384937235,10,0,0,0,109,6.2069999999999945,37,300,-0.005227430971534774,0.39794160010360635,-0.7851929671746032,0.7747381052315336,10 °C,0
4.129343096234306,10,0,0,0,109,6.2069999999999945,37,300,-0.0066992689917026015,0.39835882780864973,-0.787482571496656,0.7740840335132508,10 °C,0
4.155313807531377,10,0,0,0,109,6.2069999999999945,37,300,-0.00817110701187054,0.39878040087899497,-0.7897806927347006,0.7734384787109596,10 °C,0
4.181284518828448,10,0,0,0,109,6.2069999999999945,37,300,-0.00964294503203859,0.399206305548159,-0.7920873039064302,0.7728014138423531,10 °C,0
4.2072552301255195,10,0,0,0,109,6.2069999999999945,37,300,-0.011114783052206529,0.3996365279671965,-0.7944023778679116,0.7721728117634986,10 °C,0
4.233225941422591,10,0,0,0,109,6.2069999999999945,37,300,-0.012586621072374467,0.4000710542066363,-0.7967258873173817,0.7715526451726327,10 °C,0
4.259196652719662,10,0,0,0,109,6.2069999999999945,37,300,-0.014058459092542296,0.40050987025841245,-0.7990578047990308,0.7709408866139461,10 °C,0
4.285167364016733,10,0,0,0,109,6.2069999999999945,37,300,-0.015530297112710234,0.400952962037792,-0.8013981027067826,0.7703375084813621,10 °C,0
4.311138075313804,10,0,0,0,109,6.2069999999999945,37,300,-0.017002135132878283,0.4014003153852964,-0.8037467532880592,0.7697424830223026,10 °C,0
4.337108786610875,10,0,0,0,109,6.2069999999999945,37,300,-0.01847397315304611,0.4018519160686177,-0.8061037286475368,0.7691557823414445,10 °C,0
4.363079497907946,10,0,0,0,109,6.2069999999999945,37,300,-0.019945811173214048,0.40230774978452866,-0.8084690007508902,0.7685773784044622,10 °C,0
4.389050209205017,10,0,0,0,109,6.2069999999999945,37,300,-0.021417649193381988,0.4027678021607862,-0.810842541428523,0.768007243041759,10 °C,0
4.415020920502088,10,0,0,0,109,6.2069999999999945,37,300,-0.022889487213549928,0.4032320587580272,-0.8132243223792832,0.7674453479521834,10 °C,0
4.440991631799159,10,0,0,0,109,6.2069999999999945,37,300,-0.024361325233717975,0.40370050507165783,-0.8156143151741673,0.7668916647067314,10 °C,0
4.46696234309623,10,0,0,0,109,6.2069999999999945,37,300,-0.025833163253885804,0.404173126533734,-0.8180124912600044,0.7663461647522327,10 °C,0
4.492933054393301,10,0,0,0,109,6.2069999999999945,37,300,-0.027305001274053744,0.4046499085148339,-0.8204188219631282,0.7658088194150207,10 °C,0
4.518903765690372,10,0,0,0,109,6.2069999999999945,37,300,-0.02877683929422168,0.40513083632592184,-0.8228332784930285,0.765279599904585,10 °C,0
4.544874476987444,10,0,0,0,109,6.2069999999999945,37,300,-0.03024867731438962,0.4056158952202021,-0.8252558319459857,0.7647584773172065,10 °C,0
4.570845188284515,10,0,0,0,109,6.2069999999999945,37,300,-0.03172051533455756,0.406105070394964,-0.8276864533086871,0.764245422639572,10 °C,0
4.596815899581586,10,0,0,0,109,6.2069999999999945,37,300,-0.0331923533547255,0.4065983469934168,-0.8301251134618224,0.7637404067523714,10 °C,0
4.6227866108786575,10,0,0,0,109,6.2069999999999945,37,300,-0.034664191374893544,0.4070957101065141,-0.8325717831836611,0.7632434004338741,10 °C,0
4.648757322175729,10,0,0,0,109,6.2069999999999945,37,300,-0.03613602939506137,0.4075971447747671,-0.8350264331536048,0.7627543743634821,10 °C,0
4.6747280334728,10,0,0,0,109,6.2069999999999945,37,300,-0.03760786741522931,0.4081026359900481,-0.8374890339557235,0.762273299125265,10 °C,0
4.700698744769871,10,0,0,0,109,6.2069999999999945,37,300,-0.03907970543539725,0.40861216869738054,-0.8399595560822631,0.7618001452114685,10 °C,0
4.726669456066942,10,0,0,0,109,6.2069999999999945,37,300,-0.04055154345556508,0.40912572779671896,-0.8424379699371343,0.761334883026004,10 °C,0
4.752640167364013,10,0,0,0,109,6.2069999999999945,37,300,-0.04202338147573313,0.4096432981447166,-0.8449242458393778,0.7608774828879115,10 °C,0
4.778610878661084,10,0,0,0,109,6.2069999999999945,37,300,-0.043495219495901065,0.4101648645564792,-0.8474183540266003,0.7604279150347981,10 °C,0
4.804581589958155,10,0,0,0,109,6.2069999999999945,37,300,-0.044967057516069005,0.4106904118073081,-0.8499202646583929,0.7599861496262549,10 °C,0
4.830552301255226,10,0,0,0,109,6.2069999999999945,37,300,-0.046438895536236945,0.41121992463442886,-0.8524299478197175,0.7595521567472436,10 °C,0
4.856523012552297,10,0,0,0,109,6.2069999999999945,37,300,-0.04791073355640477,0.41175338773870696,-0.8549473735242703,0.7591259064114608,10 °C,0
4.882493723849368,10,0,0,0,109,6.2069999999999945,37,300,-0.049382571576572824,0.41229078578635037,-0.8574725117178195,0.7587073685646739,10 °C,0
4.908464435146439,10,0,0,0,109,6.2069999999999945,37,300,-0.05085440959674076,0.41283210341059745,-0.8600053322815118,0.7582965130880301,10 °C,0
4.93443514644351,10,0,0,0,109,6.2069999999999945,37,300,-0.052326247616908586,0.4133773252133912,-0.8625458050351554,0.7578933098013382,10 °C,0
4.960405857740581,10,0,0,0,109,6.2069999999999945,37,300,-0.053798085637076526,0.41392643576703936,-0.8650938997404737,0.7574977284663206,10 °C,0
4.9863765690376525,10,0,0,0,109,6.2069999999999945,37,300,-0.055269923657244466,0.41447941961585966,-0.8676495861043294,0.7571097387898404,10 °C,0
5.0123472803347235,10,0,0,0,109,6.2069999999999945,37,300,-0.05674176167741252,0.4150362612778096,-0.8702128337819194,0.7567293104270943,10 °C,0
5.038317991631795,10,0,0,0,109,6.2069999999999945,37,300,-0.058213599697580456,0.41559694524610313,-0.8727836123799426,0.7563564129847817,10 °C,0
5.064288702928866,10,0,0,0,109,6.2069999999999945,37,300,-0.05968543771774828,0.41616145599080906,-0.875361891459734,0.7559910160242375,10 °C,0
5.090259414225937,10,0,0,0,109,6.2069999999999945,37,300,-0.06115727573791622,0.41672977796043753,-0.8779476405403738,0.7556330890645414,10 °C,0
5.116230125523008,10,0,0,0,109,6.2069999999999945,37,300,-0.06262911375808417,0.4173018955835074,-0.8805408291017587,0.7552826015855902,10 °C,0
5.14220083682008,10,0,0,0,109,6.2069999999999945,37,300,-0.06410095177825209,0.4178777932701009,-0.8831414265876498,0.7549395230311455,10 °C,0
5.168171548117151,10,0,0,0,109,6.2069999999999945,37,300,-0.06557278979842003,0.4184574554133998,-0.8857494024086836,0.7546038228118435,10 °C,0
5.194142259414222,10,0,0,0,109,6.2069999999999945,37,300,-0.06704462781858808,0.419040866391207,-0.8883647259453539,0.7542754703081777,10 °C,0
5.220112970711293,10,0,0,0,109,6.2069999999999945,37,300,-0.06851646583875602,0.41962801056745125,-0.8909873665509604,0.7539544348734484,10 °C,0
5.246083682008364,10,0,0,0,109,6.2069999999999945,37,300,-0.06998830385892385,0.4202188722936751,-0.893617293554527,0.7536406858366793,10 °C,0
5.272054393305435,10,0,0,0,109,6.2069999999999945,37,300,-0.07146014187909179,0.4208134359105076,-0.8962544762636867,0.7533341925055032,10 °C,0
5.298025104602506,10,0,0,0,109,6.2069999999999945,37,300,-0.07293197989925973,0.4214116857491179,-0.8988988839675308,0.7530349241690114,10 °C,0
5.323995815899577,10,0,0,0,109,6.2069999999999945,37,300,-0.07440381791942767,0.42201360613265465,-0.9015504859394308,0.7527428501005755,10 °C,0
5.349966527196648,10,0,0,0,109,6.2069999999999945,37,300,-0.07587565593959561,0.4226191813776667,-0.9042092514398223,0.752457939560631,10 °C,0
5.375937238493719,10,0,0,0,109,6.2069999999999945,37,300,-0.07734749395976355,0.42322839579550714,-0.9068751497189576,0.7521801617994304,10 °C,0
5.4019079497907905,10,0,0,0,109,6.2069999999999945,37,300,-0.07881933197993149,0.4238412336937211,-0.9095481500196249,0.7519094860597618,10 °C,0
5.4278786610878615,10,0,0,0,109,6.2069999999999945,37,300,-0.08029117000009942,0.42445767937741463,-0.9122282215798321,0.7516458815796332,10 °C,0
5.453849372384933,10,0,0,0,109,6.2069999999999945,37,300,-0.08176300802026736,0.4250777171506081,-0.9149153336354592,0.7513893175949244,10 °C,0
5.479820083682004,10,0,0,0,109,6.2069999999999945,37,300,-0.0832348460404353,0.42570133131757093,-0.9176094554228743,0.7511397633420037,10 °C,0
5.505790794979075,10,0,0,0,109,6.2069999999999945,37,300,-0.08470668406060324,0.4263285061841395,-0.9203105561815166,0.7508971880603101,10 °C,0
5.531761506276146,10,0,0,0,109,6.2069999999999945,37,300,-0.08617852208077106,0.42695922605901715,-0.9230186051564446,0.7506615609949026,10 °C,0
5.557732217573217,10,0,0,0,109,6.2069999999999945,37,300,-0.087650360100939,0.42759347525505786,-0.9257335716008523,0.7504328513989744,10 °C,0
5.583702928870288,10,0,0,0,109,6.2069999999999945,37,300,-0.08912219812110705,0.42823123809053,-0.9284554247785459,0.7502110285363317,10 °C,0
5.609673640167359,10,0,0,0,109,6.2069999999999945,37,300,-0.090594036141275,0.4288724988903652,-0.9311841339663909,0.7499960616838408,10 °C,0
5.63564435146443,10,0,0,0,109,6.2069999999999945,37,300,-0.09206587416144293,0.4295172419873875,-0.9339196684567225,0.7497879201338365,10 °C,0
5.661615062761501,10,0,0,0,109,6.2069999999999945,37,300,-0.09353771218161076,0.4301654517235261,-0.9366619975597219,0.7495865731965003,10 °C,0
5.687585774058572,10,0,0,0,109,6.2069999999999945,37,300,-0.09500955020177881,0.43081711245101006,-0.9394110906057586,0.7493919902022009,10 °C,0
5.713556485355643,10,0,0,0,109,6.2069999999999945,37,300,-0.09648138822194663,0.43147220853354495,-0.9421669169476947,0.7492041405038015,10 °C,0
5.739527196652714,10,0,0,0,109,6.2069999999999945,37,300,-0.09795322624211457,0.4321307243474724,-0.9449294459631604,0.7490229934789313,10 °C,0
5.765497907949786,10,0,0,0,109,6.2069999999999945,37,300,-0.09942506426228262,0.43279264428291186,-0.9476986470567899,0.7488485185322247,10 °C,0
5.791468619246857,10,0,0,0,109,6.2069999999999945,37,300,-0.10089690228245067,0.4334579527448846,-0.9504744896624244,0.7486806850975232,10 °C,0
5.8174393305439285,10,0,0,0,109,6.2069999999999945,37,300,-0.1023687403026185,0.43412663415442015,-0.953256943245282,0.7485194626400451,10 °C,0
5.8434100418409995,10,0,0,0,109,6.2069999999999945,37,300,-0.10384057832278644,0.4347986729496452,-0.956045977304091,0.7483648206585181,10 °C,0
5.869380753138071,10,0,0,0,109,6.2069999999999945,37,300,-0.10531241634295449,0.4354740535868548,-0.95884156137319,0.748216728687281,10 °C,0
5.895351464435142,10,0,0,0,109,6.2069999999999945,37,300,-0.10678425436312232,0.43615276054156643,-0.9616436650245925,0.7480751562983479,10 °C,0
5.921322175732213,10,0,0,0,109,6.2069999999999945,37,300,-0.10825609238329026,0.43683477830955575,-0.9644522578700195,0.747940073103439,10 °C,0
5.947292887029284,10,0,0,0,109,6.2069999999999945,37,300,-0.10972793040345809,0.4375200914078757,-0.9672673095628944,0.7478114487559783,10 °C,0
5.973263598326355,10,0,0,0,109,6.2069999999999945,37,300,-0.11119976842362614,0.4382086843758587,-0.9700887898003091,0.7476892529530569,10 °C,0
5.999234309623426,10,0,0,0,109,6.2069999999999945,37,300,-0.11267160644379419,0.4389005417760994,-0.9729166683249489,0.7475734554373606,10 °C,0
6.025205020920497,10,0,0,0,109,6.2069999999999945,37,300,-0.114143444463962,0.4395956481954225,-0.9757509149269901,0.7474640259990661,10 °C,0
6.051175732217568,10,0,0,0,109,6.2069999999999945,37,300,-0.11561528248412994,0.4402939882458328,-0.9785914994459624,0.7473609344777024,10 °C,0
6.077146443514639,10,0,0,0,109,6.2069999999999945,37,300,-0.11708712050429777,0.44099554656544676,-0.9814383917725734,0.7472641507639778,10 °C,0
6.10311715481171,10,0,0,0,109,6.2069999999999945,37,300,-0.11855895852446582,0.44170030781940856,-0.9842915618505066,0.7471736448015749,10 °C,0
6.129087866108781,10,0,0,0,109,6.2069999999999945,37,300,-0.12003079654463376,0.44240825670078876,-0.9871509796781798,0.7470893865889122,10 °C,0
6.155058577405852,10,0,0,0,109,6.2069999999999945,37,300,-0.12150263456480159,0.443119377931466,-0.9900166153104749,0.7470113461808717,10 °C,0
6.1810292887029235,10,0,0,0,109,6.2069999999999945,37,300,-0.12297447258496964,0.44383365626299165,-0.9928884388604332,0.746939493690494,10 °C,0
6.2069999999999945,10,0,0,0,109,6.2069999999999945,37,300,-0.12444631060513747,0.4445510764774382,-0.9957664205009162,0.7468737992906413,10 °C,0
0,15,0,0,0,368,6.2069999999999945,37,300,0.23900498302321657,0.3814208650366011,-0.5085799124485215,0.9865898784949547,15 °C,0
0.025970711297071108,15,0,0,0,368,6.2069999999999945,37,300,0.23956380076613396,0.3812018823826283,-0.5075918887038176,0.9867194902360854,15 °C,0
0.051941422594142216,15,0,0,0,368,6.2069999999999945,37,300,0.24012261850905134,0.38098509659078494,-0.5066081708088871,0.9868534078269898,15 °C,0
0.07791213389121332,15,0,0,0,368,6.2069999999999945,37,300,0.24068143625196872,0.3807705114133192,-0.5056287661181369,0.9869916386220743,15 °C,0
0.10388284518828443,15,0,0,0,368,6.2069999999999945,37,300,0.24124025399488613,0.3805581305728101,-0.5046536819278217,0.9871341899175939,15 °C,0
0.12985355648535554,15,0,0,0,368,6.2069999999999945,37,300,0.24179907173780352,0.38034795776186814,-0.503682925475458,0.9872810689510652,15 °C,0
0.15582426778242664,15,0,0,0,368,6.2069999999999945,37,300,0.2423578894807209,0.380139996642837,-0.5027165039392396,0.9874322829006814,15 °C,0
0.18179497907949776,15,0,0,0,368,6.2069999999999945,37,300,0.24291670722363826,0.37993425084749705,-0.501754424437456,0.9875878388847324,15 °C,0
0.20776569037656886,15,0,0,0,368,6.2069999999999945,37,300,0.24347552496655564,0.37973072397677005,-0.5007966940279136,0.9877477439610249,15 °C,0
0.23373640167363996,15,0,0,0,368,6.2069999999999945,37,300,0.24403434270947302,0.37952941960042497,-0.49984331970735996,0.987912005126306,15 °C,0
0.2597071129707111,15,0,0,0,368,6.2069999999999945,37,300,0.2445931604523904,0.37933034125678566,-0.4988943084109094,0.9880806293156903,15 °C,0
0.2856778242677822,15,0,0,0,368,6.2069999999999945,37,300,0.2451519781953078,0.3791334924524394,-0.49794966701147336,0.9882536234020889,15 °C,0
0.3116485355648533,15,0,0,0,368,6.2069999999999945,37,300,0.2457107959382252,0.37893887666194764,-0.4970094023191922,0.9884309941956426,15 °C,0
0.3376192468619244,15,0,0,0,368,6.2069999999999945,37,300,0.24626961368114259,0.3787464973275583,-0.4960735210808716,0.9886127484431568,15 °C,0
0.36358995815899553,15,0,0,0,368,6.2069999999999945,37,300,0.24682843142405997,0.3785563578589188,-0.4951420299794208,0.9887988928275407,15 °C,0
0.3895606694560666,15,0,0,0,368,6.2069999999999945,37,300,0.24738724916697735,0.37836846163279253,-0.49421493563329594,0.9889894339672507,15 °C,0
0.4155313807531377,15,0,0,0,368,6.2069999999999945,37,300,0.24794606690989474,0.378182811992775,-0.49329224459594423,0.9891843784157337,15 °C,0
0.44150209205020885,15,0,0,0,368,6.2069999999999945,37,300,0.2485048846528121,0.3779994122490135,-0.4923739633552544,0.9893837326608785,15 °C,0
0.4674728033472799,15,0,0,0,368,6.2069999999999945,37,300,0.2490637023957295,0.3778182656779276,-0.4914600983330085,0.9895875031244675,15 °C,0
0.49344351464435104,15,0,0,0,368,6.2069999999999945,37,300,0.2496225201386469,0.37763937552193233,-0.4905506558843405,0.9897956961616343,15 °C,0
0.5194142259414222,15,0,0,0,368,6.2069999999999945,37,300,0.25018133788156427,0.37746274498916227,-0.48964564229719376,0.9900083180603223,15 °C,0
0.5453849372384932,15,0,0,0,368,6.2069999999999945,37,300,0.25074015562448165,0.3772883772531989,-0.4887450637917882,0.9902253750407515,15 °C,0
0.5713556485355644,15,0,0,0,368,6.2069999999999945,37,300,0.25129897336739904,0.37711627545279897,-0.48784892652008693,0.990446873254885,15 °C,0
0.5973263598326355,15,0,0,0,368,6.2069999999999945,37,300,0.2518577911103164,0.3769464426916256,-0.48695723656526974,0.9906728187859026,15 °C,0
0.6232970711297066,15,0,0,0,368,6.2069999999999945,37,300,0.2524166088532338,0.3767788820379814,-0.4860699999412097,0.9909032176476773,15 °C,0
0.6492677824267777,15,0,0,0,368,6.2069999999999945,37,300,0.2529754265961512,0.3766135965245434,-0.48518722259195385,0.9911380757842563,15 °C,0
0.6752384937238488,15,0,0,0,368,6.2069999999999945,37,300,0.25353424433906857,0.3764505891481013,-0.48430891039120993,0.9913773990693471,15 °C,0
0.7012092050209199,15,0,0,0,368,6.2069999999999945,37,300,0.25409306208198595,0.37628986286929644,-0.48343506914183504,0.991621193305807,15 °C,0
0.7271799163179911,15,0,0,0,368,6.2069999999999945,37,300,0.25465187982490334,0.3761314206123649,-0.48256570457533177,0.9918694642251384,15 °C,0
0.7531506276150621,15,0,0,0,368,6.2069999999999945,37,300,0.2552106975678207,0.3759752652648815,-0.481700822351347,0.9921222174869884,15 °C,0
0.7791213389121332,15,0,0,0,368,6.2069999999999945,37,300,0.2557695153107381,0.37582139967750733,-0.4808404280571762,0.9923794586786524,15 °C,0
0.8050920502092044,15,0,0,0,368,6.2069999999999945,37,300,0.2563283330536555,0.37566982666373916,-0.4799845272072733,0.9926411933145842,15 °C,0
0.8310627615062754,15,0,0,0,368,6.2069999999999945,37,300,0.25688715079657287,0.3755205489996618,-0.4791331252427643,0.99290742683591,15 °C,0
0.8570334728033465,15,0,0,0,368,6.2069999999999945,37,300,0.25744596853949026,0.3753735694237028,-0.4782862275309672,0.9931781646099478,15 °C,0
0.8830041841004177,15,0,0,0,368,6.2069999999999945,37,300,0.25800478628240764,0.3752288906363898,-0.4774438393649164,0.9934534119297317,15 °C,0
0.9089748953974888,15,0,0,0,368,6.2069999999999945,37,300,0.2585636040253251,0.37508651530011144,-0.4766059659628933,0.9937331740135434,15 °C,0
0.9349456066945598,15,0,0,0,368,6.2069999999999945,37,300,0.2591224217682424,0.374946446038879,-0.47577261246796043,0.9940174560044452,15 °C,0
0.960916317991631,15,0,0,0,368,6.2069999999999945,37,300,0.25968123951115984,0.37480868543809354,-0.4749437839475035,0.9943062629698232,15 °C,0
0.9868870292887021,15,0,0,0,368,6.2069999999999945,37,300,0.26024005725407723,0.3746732360443135,-0.4741194853927772,0.9945995999009316,15 °C,0
1.0128577405857733,15,0,0,0,368,6.2069999999999945,37,300,0.2607988749969946,0.37454010036502705,-0.47329972171845835,0.9948974717124476,15 °C,0
1.0388284518828443,15,0,0,0,368,6.2069999999999945,37,300,0.261357692739912,0.37440928086842556,-0.4724844977622021,0.9951998832420261,15 °C,0
1.0647991631799154,15,0,0,0,368,6.2069999999999945,37,300,0.2619165104828294,0.374280779983182,-0.4716738182842073,0.995506839249866,15 °C,0
1.0907698744769865,15,0,0,0,368,6.2069999999999945,37,300,0.26247532822574676,0.3741546000982307,-0.4708676879667854,0.9958183444182789,15 °C,0
1.1167405857740575,15,0,0,0,368,6.2069999999999945,37,300,0.26303414596866415,0.3740307435625517,-0.47006611141393717,0.9961344033512655,15 °C,0
1.1427112970711288,15,0,0,0,368,6.2069999999999945,37,300,0.2635929637115815,0.3739092126849566,-0.46926909315093346,0.9964550205740964,15 °C,0
1.1686820083682,15,0,0,0,368,6.2069999999999945,37,300,0.2641517814544989,0.373790009733879,-0.4684766376239039,0.9967802005329017,15 °C,0
1.194652719665271,15,0,0,0,368,6.2069999999999945,37,300,0.2647105991974163,0.37367313693716736,-0.46768874919943176,0.9971099475942644,15 °C,0
1.220623430962342,15,0,0,0,368,6.2069999999999945,37,300,0.2652694169403337,0.37355859648188144,-0.4669054321641539,0.9974442660448213,15 °C,0
1.2465941422594131,15,0,0,0,368,6.2069999999999945,37,300,0.26582823468325106,0.37344639051409184,-0.4661266907243689,0.9977831600908711,15 °C,0
1.2725648535564842,15,0,0,0,368,6.2069999999999945,37,300,0.26638705242616845,0.3733365211386833,-0.46535252900565083,0.9981266338579877,15 °C,0
1.2985355648535555,15,0,0,0,368,6.2069999999999945,37,300,0.26694587016908583,0.3732289904191608,-0.46458295105246933,0.998474691390641,15 °C,0
1.3245062761506265,15,0,0,0,368,6.2069999999999945,37,300,0.2675046879120032,0.3731238003774589,-0.46381796082781623,0.9988273366518227,15 °C,0
1.3504769874476976,15,0,0,0,368,6.2069999999999945,37,300,0.2680635056549206,0.37302095299375626,-0.4630575622128416,0.9991845735226828,15 °C,0
1.3764476987447687,15,0,0,0,368,6.2069999999999945,37,300,0.268622323397838,0.372920450206291,-0.4623017590064924,0.9995464058021684,15 °C,0
1.4024184100418398,15,0,0,0,368,6.2069999999999945,37,300,0.26918114114075536,0.37282229391118216,-0.46155055492516167,0.9999128372066723,15 °C,0
1.4283891213389108,15,0,0,0,368,6.2069999999999945,37,300,0.26973995888367275,0.3727264859622529,-0.46080395360234294,1.0002838713696884,15 °C,0
1.4543598326359821,15,0,0,0,368,6.2069999999999945,37,300,0.27029877662659013,0.3726330281708581,-0.46006195858829174,1.000659511841472,15 °C,0
1.4803305439330532,15,0,0,0,368,6.2069999999999945,37,300,0.2708575943695075,0.37254192230571576,-0.45932457334969534,1.0010397620887104,15 °C,0
1.5063012552301243,15,0,0,0,368,6.2069999999999945,37,300,0.2714164121124249,0.37245317009274176,-0.4585918012693489,1.0014246254941988,15 °C,0
1.5322719665271953,15,0,0,0,368,6.2069999999999945,37,300,0.27197522985534234,0.37236677321488837,-0.45786364564583887,1.0018141053565235,15 °C,0
1.5582426778242664,15,0,0,0,368,6.2069999999999945,37,300,0.27253404759825967,0.37228273331198675,-0.4571401096932343,1.0022082048897536,15 °C,0
1.5842133891213375,15,0,0,0,368,6.2069999999999945,37,300,0.27309286534117705,0.372201051980593,-0.45642119654078517,1.0026069272231393,15 °C,0
1.6101841004184088,15,0,0,0,368,6.2069999999999945,37,300,0.2736516830840945,0.3721217307738378,-0.4557069092326276,1.0030102754008166,15 °C,0
1.6361548117154798,15,0,0,0,368,6.2069999999999945,37,300,0.27421050082701187,0.3720447712012812,-0.45499725072749925,1.003418252381523,15 °C,0
1.662125523012551,15,0,0,0,368,6.2069999999999945,37,300,0.2747693185699292,0.3719701747287693,-0.45429222389845864,1.003830861038317,15 °C,0
1.688096234309622,15,0,0,0,368,6.2069999999999945,37,300,0.27532813631284664,0.3718979427782966,-0.4535918315326147,1.004248104158308,15 °C,0
1.714066945606693,15,0,0,0,368,6.2069999999999945,37,300,0.275886954055764,0.37182807672787094,-0.45289607633086304,1.004669984442391,15 °C,0
1.7400376569037643,15,0,0,0,368,6.2069999999999945,37,300,0.27644577179868135,0.371760577911384,-0.4522049609076313,1.005096504504994,15 °C,0
1.7660083682008354,15,0,0,0,368,6.2069999999999945,37,300,0.2770045895415988,0.37169544761848444,-0.45151848779063075,1.0055276668738284,15 °C,0
1.7919790794979065,15,0,0,0,368,6.2069999999999945,37,300,0.2775634072845162,0.3716326870944551,-0.45083665942061585,1.0059634739896481,15 °C,0
1.8179497907949775,15,0,0,0,368,6.2069999999999945,37,300,0.27812222502743356,0.3715722975400955,-0.45015947815115365,1.0064039282060206,15 °C,0
1.8439205020920486,15,0,0,0,368,6.2069999999999945,37,300,0.27868104277035094,0.37151428011160725,-0.4494869462483993,1.0068490317891012,15 °C,0
1.8698912133891197,15,0,0,0,368,6.2069999999999945,37,300,0.27923986051326827,0.3714586359204841,-0.44881906589088055,1.007298786917417,15 °C,0
1.895861924686191,15,0,0,0,368,6.2069999999999945,37,300,0.2797986782561857,0.37140536603340574,-0.4481558391692895,1.007753195681661,15 °C,0
1.921832635983262,15,0,0,0,368,6.2069999999999945,37,300,0.2803574959991031,0.3713544714721366,-0.44749726808628465,1.0082122600844907,15 °C,0
1.947803347280333,15,0,0,0,368,6.2069999999999945,37,300,0.2809163137420204,0.37130595321342785,-0.4468433545562982,1.008675982040339,15 °C,0
1.9737740585774042,15,0,0,0,368,6.2069999999999945,37,300,0.28147513148493786,0.3712598121889238,-0.4461941004053528,1.0091443633752286,15 °C,0
1.9997447698744752,15,0,0,0,368,6.2069999999999945,37,300,0.28203394922785524,0.3712160492850734,-0.44554950737088866,1.0096174058265992,15 °C,0
2.0257154811715465,15,0,0,0,368,6.2069999999999945,37,300,0.2825927669707726,0.3711746653430453,-0.44490957710159607,1.0100951110431413,15 °C,0
2.0516861924686176,15,0,0,0,368,6.2069999999999945,37,300,0.28315158471369,0.37113566115864655,-0.4442743111572572,1.0105774805846373,15 °C,0
2.0776569037656887,15,0,0,0,368,6.2069999999999945,37,300,0.2837104024566074,0.37109903748224693,-0.44364371100859656,1.0110645159218112,15 °C,0
2.1036276150627597,15,0,0,0,368,6.2069999999999945,37,300,0.2842692201995248,0.371064795018707,-0.4430177780371409,1.0115562184361904,15 °C,0
2.129598326359831,15,0,0,0,368,6.2069999999999945,37,300,0.28482803794244216,0.3710329344273097,-0.4423965135350849,1.0120525894199692,15 °C,0
2.155569037656902,15,0,0,0,368,6.2069999999999945,37,300,0.28538685568535954,0.37100345632169796,-0.4417799187051685,1.0125536300758875,15 °C,0
2.181539748953973,15,0,0,0,368,6.2069999999999945,37,300,0.2859456734282769,0.3709763612698149,-0.44116799466056034,1.0130593415171143,15 °C,0
2.207510460251044,15,0,0,0,368,6.2069999999999945,37,300,0.2865044911711943,0.37095164979384965,-0.440560742424751,1.0135697247671396,15 °C,0
2.233481171548115,15,0,0,0,368,6.2069999999999945,37,300,0.28706330891411175,0.3709293223701867,-0.43995816293145423,1.0140847807596778,15 °C,0
2.259451882845186,15,0,0,0,368,6.2069999999999945,37,300,0.28762212665702913,0.37090937942936064,-0.43936025702451775,1.0146045103385761,15 °C,0
2.2854225941422577,15,0,0,0,368,6.2069999999999945,37,300,0.28818094439994646,0.3708918213560139,-0.43876702545784074,1.0151289142577338,15 °C,0
2.3113933054393287,15,0,0,0,368,6.2069999999999945,37,300,0.28873976214286384,0.37087664848886037,-0.4381784688953025,1.0156579931810301,15 °C,0
2.3373640167364,15,0,0,0,368,6.2069999999999945,37,300,0.2892985798857812,0.3708638611206524,-0.4375945879106975,1.01619174768226,15 °C,0
2.363334728033471,15,0,0,0,368,6.2069999999999945,37,300,0.2898573976286986,0.3708534594981524,-0.4370153829876801,1.0167301782450773,15 °C,0
2.389305439330542,15,0,0,0,368,6.2069999999999945,37,300,0.29041621537161605,0.37084544382210954,-0.43644085451971865,1.0172732852629507,15 °C,0
2.415276150627613,15,0,0,0,368,6.2069999999999945,37,300,0.29097503311453343,0.37083981424724005,-0.4358710028100571,1.0178210690391238,15 °C,0
2.441246861924684,15,0,0,0,368,6.2069999999999945,37,300,0.2915338508574508,0.3708365708822123,-0.4353058280716852,1.0183735297865868,15 °C,0
2.467217573221755,15,0,0,0,368,6.2069999999999945,37,300,0.29209266860036825,0.37083571378963626,-0.43474533042731883,1.0189306676280554,15 °C,0
2.4931882845188262,15,0,0,0,368,6.2069999999999945,37,300,0.2926514863432856,0.37083724298605775,-0.4341895099093876,1.0194924825959588,15 °C,0
2.5191589958158973,15,0,0,0,368,6.2069999999999945,37,300,0.2932103040862029,0.3708411584419564,-0.4336383664600317,1.0200589746324376,15 °C,0
2.5451297071129684,15,0,0,0,368,6.2069999999999945,37,300,0.29376912182912035,0.3708474600817492,-0.433091899931108,1.0206301435893488,15 °C,0
2.57110041841004,15,0,0,0,368,6.2069999999999945,37,300,0.29432793957203773,0.37085614778379666,-0.43255011008420374,1.0212059892282792,15 °C,0
2.597071129707111,15,0,0,0,368,6.2069999999999945,37,300,0.2948867573149551,0.37086722138041595,-0.4320129965906601,1.0217865112205704,15 °C,0
2.623041841004182,15,0,0,0,368,6.2069999999999945,37,300,0.2954455750578725,0.37088068065789564,-0.431480559031603,1.022371709147348,15 °C,0
2.649012552301253,15,0,0,0,368,6.2069999999999945,37,300,0.2960043928007899,0.37089652535651774,-0.4309527968979849,1.0229615824995646,15 °C,0
2.674983263598324,15,0,0,0,368,6.2069999999999945,37,300,0.2965632105437073,0.3709147551705816,-0.4304297095906326,1.0235561306780472,15 °C,0
2.7009539748953952,15,0,0,0,368,6.2069999999999945,37,300,0.2971220282866246,0.3709353697484339,-0.4299112964203058,1.024155352993555,15 °C,0
2.7269246861924663,15,0,0,0,368,6.2069999999999945,37,300,0.297680846029542,0.37095836869250254,-0.42939755660776296,1.0247592486668469,15 °C,0
2.7528953974895374,15,0,0,0,368,6.2069999999999945,37,300,0.2982396637724594,0.37098375155933505,-0.4288884892838372,1.025367816828756,15 °C,0
2.7788661087866084,15,0,0,0,368,6.2069999999999945,37,300,0.29879848151537675,0.37101151785964087,-0.4283840934895194,1.025981056520273,15 °C,0
2.8048368200836795,15,0,0,0,368,6.2069999999999945,37,300,0.2993572992582942,0.37104166705833896,-0.4278843681760502,1.0265989666926385,15 °C,0
2.8308075313807506,15,0,0,0,368,6.2069999999999945,37,300,0.2999161170012116,0.371074198574609,-0.427389312205022,1.0272215462074452,15 °C,0
2.8567782426778217,15,0,0,0,368,6.2069999999999945,37,300,0.30047493474412895,0.37110911178194717,-0.4268989243484875,1.0278487938367453,15 °C,0
2.882748953974893,15,0,0,0,368,6.2069999999999945,37,300,0.3010337524870463,0.37114640600822707,-0.4264132032890788,1.0284807082631713,15 °C,0
2.9087196652719642,15,0,0,0,368,6.2069999999999945,37,300,0.3015925702299637,0.37118608053576324,-0.42593214762013226,1.0291172880800596,15 °C,0
2.9346903765690353,15,0,0,0,368,6.2069999999999945,37,300,0.30215138797288105,0.3712281346013809,-0.42545575584582546,1.0297585317915876,15 °C,0
2.9606610878661064,15,0,0,0,368,6.2069999999999945,37,300,0.3027102057157985,0.37127256739648856,-0.4249840263813191,1.030404437812916,15 °C,0
2.9866317991631774,15,0,0,0,368,6.2069999999999945,37,300,0.3032690234587159,0.3713193780671565,-0.4245169575529108,1.0310550044703426,15 °C,0
3.0126025104602485,15,0,0,0,368,6.2069999999999945,37,300,0.30382784120163325,0.37136856571419713,-0.4240545475981931,1.0317102300014596,15 °C,0
3.0385732217573196,15,0,0,0,368,6.2069999999999945,37,300,0.3043866589445507,0.3714201293932525,-0.4235967946662242,1.0323701125553255,15 °C,0
3.0645439330543907,15,0,0,0,368,6.2069999999999945,37,300,0.3049454766874681,0.3714740681148839,-0.42314369681770436,1.0330346501926404,15 °C,0
3.0905146443514617,15,0,0,0,368,6.2069999999999945,37,300,0.30550429443038546,0.3715303808446664,-0.4226952520251606,1.0337038408859316,15 °C,0
3.116485355648533,15,0,0,0,368,6.2069999999999945,37,300,0.3060631121733028,0.37158906650328755,-0.42225145817314075,1.0343776825197464,15 °C,0
3.142456066945604,15,0,0,0,368,6.2069999999999945,37,300,0.30662192991622017,0.37165012396665087,-0.4218123130584155,1.0350561728908558,15 °C,0
3.168426778242675,15,0,0,0,368,6.2069999999999945,37,300,0.30718074765913755,0.3717135520659822,-0.42137781439018757,1.0357393097084626,15 °C,0
3.1943974895397464,15,0,0,0,368,6.2069999999999945,37,300,0.307739565402055,0.37177934958794157,-0.42094795979031047,1.0364270905944204,15 °C,0
3.2203682008368175,15,0,0,0,368,6.2069999999999945,37,300,0.3082983831449724,0.3718475152747379,-0.420522746793514,1.0371195130834587,15 °C,0
3.2463389121338886,15,0,0,0,368,6.2069999999999945,37,300,0.30885720088788976,0.37191804782424914,-0.42010217284763857,1.037816574623418,15 °C,0
3.2723096234309597,15,0,0,0,368,6.2069999999999945,37,300,0.3094160186308072,0.3719909458901452,-0.41968623531387733,1.0385182725754918,15 °C,0
3.2982803347280307,15,0,0,0,368,6.2069999999999945,37,300,0.30997483637372447,0.3720662080820156,-0.4192749314670261,1.039224604214475,15 °C,0
3.324251046025102,15,0,0,0,368,6.2069999999999945,37,300,0.3105336541166418,0.37214383296550163,-0.4188682584957414,1.0399355667290249,15 °C,0
3.350221757322173,15,0,0,0,368,6.2069999999999945,37,300,0.31109247185955924,0.37222381906243035,-0.4184662135028042,1.0406511572219226,15 °C,0
3.376192468619244,15,0,0,0,368,6.2069999999999945,37,300,0.3116512896024767,0.37230616485095586,-0.41806879350539683,1.0413713727103502,15 °C,0
3.402163179916315,15,0,0,0,368,6.2069999999999945,37,300,0.31221010734539406,0.3723908687657012,-0.4176759954353803,1.0420962101261684,15 °C,0
3.428133891213386,15,0,0,0,368,6.2069999999999945,37,300,0.3127689250883115,0.3724779291979067,-0.4172878161395856,1.0428256663162085,15 °C,0
3.454104602510457,15,0,0,0,368,6.2069999999999945,37,300,0.31332774283122883,0.3725673444955802,-0.41690425238010836,1.043559738042566,15 °C,0
3.4800753138075287,15,0,0,0,368,6.2069999999999945,37,300,0.3138865605741461,0.37265911296365234,-0.4165253008346125,1.0442984219829046,15 °C,0
3.5060460251045997,15,0,0,0,368,6.2069999999999945,37,300,0.31444537831706354,0.37275323286413575,-0.4161509580966425,1.0450417147307696,15 °C,0
3.532016736401671,15,0,0,0,368,6.2069999999999945,37,300,0.315004196059981,0.37284970241628645,-0.4157812206759405,1.0457896127959025,15 °C,0
3.557987447698742,15,0,0,0,368,6.2069999999999945,37,300,0.31556301380289836,0.3729485197967713,-0.4154160849987734,1.0465421126045702,15 °C,0
3.583958158995813,15,0,0,0,368,6.2069999999999945,37,300,0.3161218315458158,0.3730496831398364,-0.4150555474082635,1.047299210499895,15 °C,0
3.609928870292884,15,0,0,0,368,6.2069999999999945,37,300,0.3166806492887331,0.37315319053748214,-0.41469960416473195,1.048060902742198,15 °C,0
3.635899581589955,15,0,0,0,368,6.2069999999999945,37,300,0.3172394670316505,0.3732590400396393,-0.4143482514460425,1.0488271855093436,15 °C,0
3.661870292887026,15,0,0,0,368,6.2069999999999945,37,300,0.31779828477456795,0.3733672296543498,-0.41400148534795767,1.0495980548970936,15 °C,0
3.687841004184097,15,0,0,0,368,6.2069999999999945,37,300,0.31835710251748534,0.3734777573479515,-0.4136593018844997,1.0503735069194704,15 °C,0
3.7138117154811683,15,0,0,0,368,6.2069999999999945,37,300,0.31891592026040266,0.3735906210452657,-0.41332169698831805,1.0511535375091234,15 °C,0
3.7397824267782394,15,0,0,0,368,6.2069999999999945,37,300,0.31947473800332,0.3737058186297874,-0.4129886665110633,1.0519381425177032,15 °C,0
3.7657531380753104,15,0,0,0,368,6.2069999999999945,37,300,0.3200335557462374,0.37382334794388145,-0.4126602062237702,1.0527273177162448,15 °C,0
3.791723849372382,15,0,0,0,368,6.2069999999999945,37,300,0.3205923734891548,0.37394320678897947,-0.41233631181724495,1.0535210587955546,15 °C,0
3.817694560669453,15,0,0,0,368,6.2069999999999945,37,300,0.32115119123207225,0.37406539292578117,-0.4120169789024588,1.0543193613666033,15 °C,0
3.843665271966524,15,0,0,0,368,6.2069999999999945,37,300,0.32171000897498964,0.37418990407445935,-0.4117022030109507,1.05512222096093,15 °C,0
3.869635983263595,15,0,0,0,368,6.2069999999999945,37,300,0.3222688267179071,0.37431673791486736,-0.41139197959523294,1.055929633031047,15 °C,0
3.895606694560666,15,0,0,0,368,6.2069999999999945,37,300,0.3228276444608243,0.37444589208675055,-0.4110863040292068,1.0567415929508555,15 °C,0
3.9215774058577373,15,0,0,0,368,6.2069999999999945,37,300,0.3233864622037417,0.37457736418995974,-0.4107851716085794,1.0575580960160629,15 °C,0
3.9475481171548084,15,0,0,0,368,6.2069999999999945,37,300,0.3239452799466591,0.3747111517846694,-0.41048857755129287,1.0583791374446112,15 °C,0
3.9735188284518794,15,0,0,0,368,6.2069999999999945,37,300,0.32450409768957655,0.3748472523915971,-0.4101965169979538,1.059204712377107,15 °C,0
3.9994895397489505,15,0,0,0,368,6.2069999999999945,37,300,0.32506291543249394,0.3749856634922278,-0.4099089850122725,1.0600348158772603,15 °C,0
4.025460251046022,15,0,0,0,368,6.2069999999999945,37,300,0.3256217331754114,0.37512638252903974,-0.4096259765815065,1.0608694429323293,15 °C,0
4.051430962343093,15,0,0,0,368,6.2069999999999945,37,300,0.3261805509183287,0.37526940690573346,-0.40934748661690884,1.0617085884535662,15 °C,0
4.077401673640164,15,0,0,0,368,6.2069999999999945,37,300,0.326739368661246,0.3754147339874647,-0.4090735099541849,1.0625522472766769,15 °C,0
4.103372384937235,15,0,0,0,368,6.2069999999999945,37,300,0.3272981864041634,0.375562361101079,-0.40880404135395143,1.0634004141622784,15 °C,0
4.129343096234306,15,0,0,0,368,6.2069999999999945,37,300,0.32785700414708085,0.37571228553534963,-0.40853907550220436,1.0642530837963662,15 °C,0
4.155313807531377,15,0,0,0,368,6.2069999999999945,37,300,0.32841582188999824,0.3758645045412181,-0.4082786070107893,1.0651102507907857,15 °C,0
4.181284518828448,15,0,0,0,368,6.2069999999999945,37,300,0.32897463963291557,0.37601901533203735,-0.4080226304178776,1.0659719096837088,15 °C,0
4.2072552301255195,15,0,0,0,368,6.2069999999999945,37,300,0.329533457375833,0.37617581508381837,-0.407771140188451,1.066838054940117,15 °C,0
4.233225941422591,15,0,0,0,368,6.2069999999999945,37,300,0.3300922751187504,0.3763349009354775,-0.40752413071478555,1.0677086809522862,15 °C,0
4.259196652719662,15,0,0,0,368,6.2069999999999945,37,300,0.33065109286166783,0.37649626998908853,-0.4072815963169457,1.0685837820402813,15 °C,0
4.285167364016733,15,0,0,0,368,6.2069999999999945,37,300,0.33120991060458527,0.3766599193101359,-0.4070435312432812,1.0694633524524517,15 °C,0
4.311138075313804,15,0,0,0,368,6.2069999999999945,37,300,0.33176872834750243,0.37682584592777074,-0.40680992967092816,1.070347386365933,15 °C,0
4.337108786610875,15,0,0,0,368,6.2069999999999945,37,300,0.33232754609042,0.37699404683506915,-0.40658078570631556,1.0712358778871556,15 °C,0
4.363079497907946,15,0,0,0,368,6.2069999999999945,37,300,0.3328863638333373,0.37716451898929326,-0.4063560933856775,1.072128821052352,15 °C,0
4.389050209205017,15,0,0,0,368,6.2069999999999945,37,300,0.3334451815762548,0.37733725931215456,-0.4061358466755681,1.0730262098280776,15 °C,0
4.415020920502088,15,0,0,0,368,6.2069999999999945,37,300,0.33400399931917213,0.37751226469007837,-0.4059200394733815,1.0739280381117258,15 °C,0
4.440991631799159,15,0,0,0,368,6.2069999999999945,37,300,0.33456281706208935,0.3776895319744721,-0.4057086656078759,1.0748342997320546,15 °C,0
4.46696234309623,15,0,0,0,368,6.2069999999999945,37,300,0.33512163480500684,0.377869057981995,-0.4055017188397034,1.075744988449717,15 °C,0
4.492933054393301,15,0,0,0,368,6.2069999999999945,37,300,0.33568045254792417,0.37805083949482915,-0.405299192861941,1.0766600979577894,15 °C,0
4.518903765690372,15,0,0,0,368,6.2069999999999945,37,300,0.3362392702908417,0.37823487326095473,-0.40510108130062955,1.077579621882313,15 °C,0
4.544874476987444,15,0,0,0,368,6.2069999999999945,37,300,0.336798088033759,0.37842115599442405,-0.40490737771531216,1.0785035537828302,15 °C,0
4.570845188284515,15,0,0,0,368,6.2069999999999945,37,300,0.3373569057766763,0.378609684375641,-0.40471807559958006,1.0794318871529327,15 °C,0
4.596815899581586,15,0,0,0,368,6.2069999999999945,37,300,0.33791572351959387,0.37880045505163945,-0.40453316838161946,1.080364615420807,15 °C,0
4.6227866108786575,15,0,0,0,368,6.2069999999999945,37,300,0.33847454126251103,0.37899346463636574,-0.40435264942476584,1.081301731949788,15 °C,0
4.648757322175729,15,0,0,0,368,6.2069999999999945,37,300,0.3390333590054286,0.3791887097109613,-0.40417651202805555,1.0822432300389127,15 °C,0
4.6747280334728,15,0,0,0,368,6.2069999999999945,37,300,0.33959217674834585,0.3793861868240483,-0.40400474942678877,1.0831891029234804,15 °C,0
4.700698744769871,15,0,0,0,368,6.2069999999999945,37,300,0.3401509944912634,0.37958589249201563,-0.40383735479308724,1.0841393437756142,15 °C,0
4.726669456066942,15,0,0,0,368,6.2069999999999945,37,300,0.34070981223418073,0.379787823199308,-0.40367432123646285,1.0850939457048243,15 °C,0
4.752640167364013,15,0,0,0,368,6.2069999999999945,37,300,0.3412686299770981,0.3799919753987156,-0.40351564180438443,1.0860529017585807,15 °C,0
4.778610878661084,15,0,0,0,368,6.2069999999999945,37,300,0.34182744772001544,0.3801983455116656,-0.40336130948284915,1.08701620492288,15 °C,0
4.804581589958155,15,0,0,0,368,6.2069999999999945,37,300,0.34238626546293277,0.38040692992851477,-0.4032113171969562,1.0879838481228217,15 °C,0
4.830552301255226,15,0,0,0,368,6.2069999999999945,37,300,0.34294508320585027,0.3806177250088446,-0.4030656578114852,1.0889558242231856,15 °C,0
4.856523012552297,15,0,0,0,368,6.2069999999999945,37,300,0.3435039009487676,0.38083072708175664,-0.4029243241314754,1.0899321260290105,15 °C,0
4.882493723849368,15,0,0,0,368,6.2069999999999945,37,300,0.34406271869168503,0.38104593244616963,-0.40278730890280745,1.0909127462861776,15 °C,0
4.908464435146439,15,0,0,0,368,6.2069999999999945,37,300,0.3446215364346023,0.3812633373711178,-0.40265460481278853,1.091897677681993,15 °C,0
4.93443514644351,15,0,0,0,368,6.2069999999999945,37,300,0.34518035417751985,0.38148293809605044,-0.402526204490739,1.0928869128457788,15 °C,0
4.960405857740581,15,0,0,0,368,6.2069999999999945,37,300,0.3457391719204372,0.38170473083113315,-0.40240210050858377,1.093880444349458,15 °C,0
4.9863765690376525,15,0,0,0,368,6.2069999999999945,37,300,0.3462979896633547,0.38192871175754906,-0.4022822853814415,1.094878264708151,15 °C,0
5.0123472803347235,15,0,0,0,368,6.2069999999999945,37,300,0.3468568074062719,0.3821548770278021,-0.40216675156822024,1.0958803663807641,15 °C,0
5.038317991631795,15,0,0,0,368,6.2069999999999945,37,300,0.3474156251491892,0.38238322276602127,-0.4020554914722124,1.0968867417705908,15 °C,0
5.064288702928866,15,0,0,0,368,6.2069999999999945,37,300,0.3479744428921067,0.38261374506826473,-0.4019484974416922,1.0978973832259056,15 °C,0
5.090259414225937,15,0,0,0,368,6.2069999999999945,37,300,0.34853326063502404,0.3828464400028268,-0.4018457617705165,1.0989122830405647,15 °C,0
5.116230125523008,15,0,0,0,368,6.2069999999999945,37,300,0.3490920783779416,0.3830813036105433,-0.4017472766987233,1.0999314334546064,15 °C,0
5.14220083682008,15,0,0,0,368,6.2069999999999945,37,300,0.34965089612085887,0.38331833190510095,-0.40165303441313893,1.1009548266548568,15 °C,0
5.168171548117151,15,0,0,0,368,6.2069999999999945,37,300,0.3502097138637762,0.3835575208733435,-0.4015630270479771,1.1019824547755295,15 °C,0
5.194142259414222,15,0,0,0,368,6.2069999999999945,37,300,0.35076853160669363,0.38379886647558253,-0.40147724668544815,1.1030143098988354,15 °C,0
5.220112970711293,15,0,0,0,368,6.2069999999999945,37,300,0.3513273493496109,0.38404236464590596,-0.4013956853563648,1.1040503840555866,15 °C,0
5.246083682008364,15,0,0,0,368,6.2069999999999945,37,300,0.35188616709252846,0.3842880112924895,-0.40131833504075093,1.1050906692258078,15 °C,0
5.272054393305435,15,0,0,0,368,6.2069999999999945,37,300,0.3524449848354458,0.38453580229790635,-0.4012451876684507,1.1061351573393423,15 °C,0
5.298025104602506,15,0,0,0,368,6.2069999999999945,37,300,0.3530038025783633,0.3847857335194392,-0.40117623511973755,1.107183840276464,15 °C,0
5.323995815899577,15,0,0,0,368,6.2069999999999945,37,300,0.3535626203212805,0.38503780078939226,-0.40111146922592833,1.1082367098684893,15 °C,0
5.349966527196648,15,0,0,0,368,6.2069999999999945,37,300,0.35412143806419805,0.3852919999154032,-0.40105088176999215,1.1092937578983881,15 °C,0
5.375937238493719,15,0,0,0,368,6.2069999999999945,37,300,0.3546802558071153,0.38554832668075556,-0.4009944644871655,1.1103549761013962,15 °C,0
5.4019079497907905,15,0,0,0,368,6.2069999999999945,37,300,0.35523907355003265,0.38580677684469306,-0.4009422090655657,1.111420356165631,15 °C,0
5.4278786610878615,15,0,0,0,368,6.2069999999999945,37,300,0.3557978912929502,0.3860673461427312,-0.4008941071468029,1.1124898897327034,15 °C,0
5.453849372384933,15,0,0,0,368,6.2069999999999945,37,300,0.35635670903586736,0.3863300302869715,-0.40085015032659677,1.1135635683983316,15 °C,0
5.479820083682004,15,0,0,0,368,6.2069999999999945,37,300,0.3569155267787849,0.38659482496641595,-0.40081033015539036,1.1146413837129603,15 °C,0
5.505790794979075,15,0,0,0,368,6.2069999999999945,37,300,0.35747434452170224,0.38686172584727957,-0.40077463813896574,1.11572332718237,15 °C,0
5.531761506276146,15,0,0,0,368,6.2069999999999945,37,300,0.35803316226461973,0.38713072857330505,-0.4007430657390581,1.1168093902682976,15 °C,0
5.557732217573217,15,0,0,0,368,6.2069999999999945,37,300,0.35859198000753706,0.38740182876607676,-0.4007156043739734,1.1178995643890475,15 °C,0
5.583702928870288,15,0,0,0,368,6.2069999999999945,37,300,0.3591507977504545,0.3876750220253349,-0.40069224541920184,1.1189938409201108,15 °C,0
5.609673640167359,15,0,0,0,368,6.2069999999999945,37,300,0.35970961549337177,0.3879503039292888,-0.4006729802080343,1.1200922111947778,15 °C,0
5.63564435146443,15,0,0,0,368,6.2069999999999945,37,300,0.3602684332362891,0.38822767003493136,-0.4006578000321763,1.1211946665047545,15 °C,0
5.661615062761501,15,0,0,0,368,6.2069999999999945,37,300,0.3608272509792066,0.388507115878353,-0.4006466961423653,1.1223011981007784,15 °C,0
5.687585774058572,15,0,0,0,368,6.2069999999999945,37,300,0.3613860687221238,0.3887886369750548,-0.4006396597489836,1.1234117971932311,15 °C,0
5.713556485355643,15,0,0,0,368,6.2069999999999945,37,300,0.36194488646504147,0.3890722288202619,-0.40063668202267183,1.1245264549527547,15 °C,0
5.739527196652714,15,0,0,0,368,6.2069999999999945,37,300,0.36250370420795863,0.3893578868892372,-0.4006377540949463,1.1256451625108634,15 °C,0
5.765497907949786,15,0,0,0,368,6.2069999999999945,37,300,0.36306252195087607,0.3896456066375937,-0.4006428670588075,1.1267679109605595,15 °C,0
5.791468619246857,15,0,0,0,368,6.2069999999999945,37,300,0.3636213396937935,0.38993538350160656,-0.4006520119693553,1.1278946913569423,15 °C,0
5.8174393305439285,15,0,0,0,368,6.2069999999999945,37,300,0.3641801574367109,0.3902272128985267,-0.40066517984440136,1.129025494717823,15 °C,0
5.8434100418409995,15,0,0,0,368,6.2069999999999945,37,300,0.36473897517962833,0.3905210902268911,-0.40068236166507815,1.1301603120243349,15 °C,0
5.869380753138071,15,0,0,0,368,6.2069999999999945,37,300,0.36529779292254555,0.3908170108668348,-0.40070354837645067,1.1312991342215417,15 °C,0
5.895351464435142,15,0,0,0,368,6.2069999999999945,37,300,0.36585661066546316,0.39111497018040087,-0.40072873088812255,1.132441952219049,15 °C,0
5.921322175732213,15,0,0,0,368,6.2069999999999945,37,300,0.3664154284083804,0.39141496351185256,-0.4007579000748507,1.1335887568916114,15 °C,0
5.947292887029284,15,0,0,0,368,6.2069999999999945,37,300,0.36697424615129803,0.39171698618797995,-0.4007910467771426,1.1347395390797388,15 °C,0
5.973263598326355,15,0,0,0,368,6.2069999999999945,37,300,0.3675330638942152,0.3920210335184118,-0.4008281618018719,1.1358942895903024,15 °C,0
5.999234309623426,15,0,0,0,368,6.2069999999999945,37,300,0.3680918816371324,0.3923271007959224,-0.40086923592287554,1.1370529991971403,15 °C,0
6.025205020920497,15,0,0,0,368,6.2069999999999945,37,300,0.3686506993800501,0.3926351832967397,-0.40091425988155965,1.1382156586416599,15 °C,0
6.051175732217568,15,0,0,0,368,6.2069999999999945,37,300,0.36920951712296723,0.3929452762808525,-0.40096322438750365,1.1393822586334381,15 °C,0
6.077146443514639,15,0,0,0,368,6.2069999999999945,37,300,0.3697683348658849,0.3932573749923157,-0.40101612011905385,1.1405527898508236,15 °C,0
6.10311715481171,15,0,0,0,368,6.2069999999999945,37,300,0.3703271526088021,0.39357147465955766,-0.40107293772393093,1.1417272429415353,15 °C,0
6.129087866108781,15,0,0,0,368,6.2069999999999945,37,300,0.3708859703517195,0.3938875704956823,-0.4011336678198178,1.1429056085232567,15 °C,0
6.155058577405852,15,0,0,0,368,6.2069999999999945,37,300,0.37144478809463694,0.3942056576987751,-0.4011983009949622,1.144087877184236,15 °C,0
6.1810292887029235,15,0,0,0,368,6.2069999999999945,37,300,0.3720036058375544,0.39452573145220443,-0.40126682780876627,1.145274039483875,15 °C,0
6.2069999999999945,15,0,0,0,368,6.2069999999999945,37,300,0.37256242358047176,0.39484778692492467,-0.40133923879238054,1.146464085953324,15 °C,0
0,20,0,0,0,54,4.3,37,300,0.2506869898314342,0.4041475307197717,-0.5414421703793183,1.0428161500421869,20 °C,0
0.017991631799163178,20,0,0,0,54,4.3,37,300,0.2524808896342072,0.40368577340227707,-0.538743226234256,1.0437050055026702,20 °C,0
0.035983263598326355,20,0,0,0,54,4.3,37,300,0.2542747894369801,0.40322754811734607,-0.5360512048730182,1.0446007837469784,20 °C,0
0.053974895397489536,20,0,0,0,54,4.3,37,300,0.25606868923975307,0.4027728669199117,-0.5333661299232739,1.04550350840278,20 °C,0
0.07196652719665271,20,0,0,0,54,4.3,37,300,0.25786258904252596,0.4023217418259538,-0.5306880249363435,1.0464132030213955,20 °C,0
0.08995815899581588,20,0,0,0,54,4.3,37,300,0.2596564888452989,0.40187418481121706,-0.5280169133846865,1.0473298910752842,20 °C,0
0.10794979079497907,20,0,0,0,54,4.3,37,300,0.2614503886480719,0.4014302078099221,-0.5253528186593754,1.0482535959555193,20 °C,0
0.12594142259414223,20,0,0,0,54,4.3,37,300,0.2632442884508448,0.4009898227134706,-0.5226957640675576,1.0491843409692472,20 °C,0
0.14393305439330542,20,0,0,0,54,4.3,37,300,0.26503818825361775,0.4005530413691426,-0.5200457728299017,1.0501221493371373,20 °C,0
0.1619246861924686,20,0,0,0,54,4.3,37,300,0.2668320880563907,0.4001198755787894,-0.5174028680780366,1.0510670441908179,20 °C,0
0.17991631799163177,20,0,0,0,54,4.3,37,300,0.26862598785916364,0.39969033709751844,-0.5147670728519724,1.0520190485702998,20 °C,0
0.19790794979079496,20,0,0,0,54,4.3,37,300,0.2704198876619366,0.3992644376323745,-0.5121384100975175,1.0529781854213907,20 °C,0
0.21589958158995814,20,0,0,0,54,4.3,37,300,0.27221378746470953,0.39884218884101375,-0.5095169026636774,1.0539444775930964,20 °C,0
0.2338912133891213,20,0,0,0,54,4.3,37,300,0.2740076872674824,0.3984236023303735,-0.5069025733000496,1.0549179478350144,20 °C,0
0.25188284518828447,20,0,0,0,54,4.3,37,300,0.27580158707025537,0.3980086896553374,-0.504295444654206,1.0558986187947168,20 °C,0
0.26987447698744765,20,0,0,0,54,4.3,37,300,0.2775954868730283,0.3975974623173946,-0.5016955392690652,1.0568865130151217,20 °C,0
0.28786610878661084,20,0,0,0,54,4.3,37,300,0.27938938667580127,0.3971899317632958,-0.49910287958025856,1.057881652931861,20 °C,0
0.30585774058577403,20,0,0,0,54,4.3,37,300,0.2811832864785742,0.39678610938370484,-0.4965174879134873,1.0588840608706358,20 °C,0
0.3238493723849372,20,0,0,0,54,4.3,37,300,0.28297718628134716,0.3963860065118463,-0.4939393864818715,1.0598937590445658,20 °C,0
0.34184100418410035,20,0,0,0,54,4.3,37,300,0.28477108608412005,0.3959896344221498,-0.4913685973832935,1.0609107695515336,20 °C,0
0.35983263598326354,20,0,0,0,54,4.3,37,300,0.28656498588689305,0.3955970043288907,-0.4888051425977328,1.061935114371519,20 °C,0
0.3778242677824267,20,0,0,0,54,4.3,37,300,0.28835888568966594,0.395208127384829,-0.4862490439845989,1.062966815363931,20 °C,0
0.3958158995815899,20,0,0,0,54,4.3,37,300,0.2901527854924389,0.3948230146798441,-0.4837003232800556,1.0640058942649333,20 °C,0
0.4138075313807531,20,0,0,0,54,4.3,37,300,0.29194668529521184,0.3944416772395682,-0.4811590020943418,1.0650523726847654,20 °C,0
0.4317991631799163,20,0,0,0,54,4.3,37,300,0.29374058509798484,0.3940641260240182,-0.4786251019090908,1.0661062721050605,20 °C,0
0.4497907949790794,20,0,0,0,54,4.3,37,300,0.29553448490075773,0.3936903719262247,-0.47609864407464264,1.067167613876158,20 °C,0
0.4677824267782426,20,0,0,0,54,4.3,37,300,0.2973283847035306,0.3933204257708609,-0.4735796498073568,1.068236419214418,20 °C,0
0.4857740585774058,20,0,0,0,54,4.3,37,300,0.2991222845063036,0.3929542983128695,-0.47106814018692056,1.0693127091995278,20 °C,0
0.5037656903765689,20,0,0,0,54,4.3,37,300,0.3009161843090765,0.3925920002360902,-0.4685641361536602,1.0703965047718134,20 °C,0
0.5217573221757321,20,0,0,0,54,4.3,37,300,0.3027100841118495,0.39223354215188566,-0.4660676585058464,1.0714878267295456,20 °C,0
0.5397489539748953,20,0,0,0,54,4.3,37,300,0.30450398391462247,0.3918789345977686,-0.463578727897004,1.0725866957262489,20 °C,0
0.5577405857740585,20,0,0,0,54,4.3,37,300,0.30629788371739536,0.39152818803602835,-0.4610973648332202,1.073693132268011,20 °C,0
0.5757322175732217,20,0,0,0,54,4.3,37,300,0.3080917835201683,0.3911813128523591,-0.45862358967045547,1.0748071567107922,20 °C,0
0.5937238493723849,20,0,0,0,54,4.3,37,300,0.30988568332294125,0.39083831935448843,-0.45615742261185604,1.0759287892577385,20 °C,0
0.6117154811715481,20,0,0,0,54,4.3,37,300,0.3116795831257142,0.3904992177708084,-0.4536988837050703,1.0770580499564986,20 °C,0
0.6297071129707112,20,0,0,0,54,4.3,37,300,0.31347348292848715,0.3901640182490072,-0.451247992839567,1.0781949586965414,20 °C,0
0.6476987447698744,20,0,0,0,54,4.3,37,300,0.3152673827312601,0.3898327308547042,-0.4488047697439601,1.0793395352064803,20 °C,0
0.6656903765690376,20,0,0,0,54,4.3,37,300,0.31706128253403304,0.389505365570087,-0.44636923398333755,1.0804917990514036,20 °C,0
0.6836820083682007,20,0,0,0,54,4.3,37,300,0.31885518233680593,0.3891819322925517,-0.44394140495659545,1.0816517696302073,20 °C,0
0.7016736401673639,20,0,0,0,54,4.3,37,300,0.3206490821395789,0.3888624408333462,-0.4415213018937797,1.0828194661729373,20 °C,0
0.7196652719665271,20,0,0,0,54,4.3,37,300,0.3224429819423518,0.38854690091621796,-0.4391089438534354,1.083994907738139,20 °C,0
0.7376569037656903,20,0,0,0,54,4.3,37,300,0.32423688174512477,0.3882353221760653,-0.4367043497199632,1.0851781132102127,20 °C,0
0.7556485355648535,20,0,0,0,54,4.3,37,300,0.3260307815478977,0.3879277141575933,-0.43430753820098517,1.0863691012967807,20 °C,0
0.7736401673640166,20,0,0,0,54,4.3,37,300,0.32782468135067067,0.3876240863139748,-0.43191852782471996,1.0875678905260613,20 °C,0
0.7916317991631798,20,0,0,0,54,4.3,37,300,0.3296185811534436,0.3873244480055171,-0.4295373369373698,1.088774499244257,20 °C,0
0.809623430962343,20,0,0,0,54,4.3,37,300,0.33141248095621656,0.38702880849833304,-0.4271639837005162,1.0899889456129492,20 °C,0
0.8276150627615062,20,0,0,0,54,4.3,37,300,0.33320638075898945,0.3867371769630204,-0.42479848608853055,1.0912112476065094,20 °C,0
0.8456066945606694,20,0,0,0,54,4.3,37,300,0.3350002805617624,0.3864495624733452,-0.4224408618859942,1.092441423009519,20 °C,0
0.8635983263598326,20,0,0,0,54,4.3,37,300,0.3367941803645354,0.38616597400493446,-0.42009112868513615,1.093679489414207,20 °C,0
0.8815899581589957,20,0,0,0,54,4.3,37,300,0.3385880801673083,0.3858864204339738,-0.4177493038832804,1.094925464217897,20 °C,0
0.8995815899581588,20,0,0,0,54,4.3,37,300,0.34038197997008124,0.38561091053591545,-0.415415404680313,1.0961793646204754,20 °C,0
0.917573221757322,20,0,0,0,54,4.3,37,300,0.3421758797728542,0.3853394529841919,-0.41308944807616194,1.0974412076218703,20 °C,0
0.9355648535564852,20,0,0,0,54,4.3,37,300,0.3439697795756271,0.38507205634893965,-0.41077145086829464,1.0987110100195487,20 °C,0
0.9535564853556484,20,0,0,0,54,4.3,37,300,0.3457636793784,0.3848087290957312,-0.40846142964923315,1.099988788406033,20 °C,0
0.9715481171548116,20,0,0,0,54,4.3,37,300,0.347557579181173,0.38454947958431707,-0.4061594008040884,1.1012745591664346,20 °C,0
0.9895397489539748,20,0,0,0,54,4.3,37,300,0.349351478983946,0.3842943160673763,-0.40386538050811155,1.1025683384760034,20 °C,0
1.0075313807531379,20,0,0,0,54,4.3,37,300,0.35114537878671886,0.38404324668927875,-0.4015793847242675,1.1038701422977053,20 °C,0
1.0255230125523012,20,0,0,0,54,4.3,37,300,0.3529392785894918,0.3837962794848566,-0.3993014292008271,1.1051799863798109,20 °C,0
1.0435146443514642,20,0,0,0,54,4.3,37,300,0.3547331783922648,0.3835534223781876,-0.3970315294689829,1.1064978862535124,20 °C,0
1.0615062761506275,20,0,0,0,54,4.3,37,300,0.3565270781950377,0.3833146831813893,-0.39476970084048524,1.1078238572305605,20 °C,0
1.0794979079497906,20,0,0,0,54,4.3,37,300,0.35832097799781065,0.38308006959342533,-0.392515958405303,1.1091579144009243,20 °C,0
1.097489539748954,20,0,0,0,54,4.3,37,300,0.3601148778005836,0.3828495891989236,-0.3902703170293066,1.1105000726304737,20 °C,0
1.115481171548117,20,0,0,0,54,4.3,37,300,0.36190877760335655,0.3826232494670074,-0.38803279135197793,1.111850346558691,20 °C,0
1.1334728033472803,20,0,0,0,54,4.3,37,300,0.3637026774061295,0.38240105775013916,-0.38580339578414324,1.1132087505964021,20 °C,0
1.1514644351464434,20,0,0,0,54,4.3,37,300,0.3654965772089024,0.38218302128297776,-0.383582144505734,1.1145752989235387,20 °C,0
1.1694560669456064,20,0,0,0,54,4.3,37,300,0.36729047701167533,0.3819691471812494,-0.3813690514635735,1.1159500054869242,20 °C,0
1.1874476987447697,20,0,0,0,54,4.3,37,300,0.3690843768144483,0.3817594424406333,-0.37916413036919305,1.1173328839980896,20 °C,0
1.2054393305439328,20,0,0,0,54,4.3,37,300,0.3708782766172212,0.3815539139356609,-0.3769673946966741,1.1187239479311166,20 °C,0
1.2234309623430961,20,0,0,0,54,4.3,37,300,0.37267217641999417,0.38135256841863074,-0.3747788576805221,1.1201232105205103,20 °C,0
1.2414225941422592,20,0,0,0,54,4.3,37,300,0.37446607622276706,0.38115541251853874,-0.3725985323135689,1.1215306847591031,20 °C,0
1.2594142259414225,20,0,0,0,54,4.3,37,300,0.37625997602554007,0.3809624527400236,-0.37042643134490616,1.1229463833959863,20 °C,0
1.2774058577405856,20,0,0,0,54,4.3,37,300,0.378053875828313,0.3807736954623287,-0.36826256727785117,1.1243703189344771,20 °C,0
1.2953974895397489,20,0,0,0,54,4.3,37,300,0.3798477756310859,0.38058914693828033,-0.3661069523679435,1.1258025036301154,20 °C,0
1.313389121338912,20,0,0,0,54,4.3,37,300,0.38164167543385885,0.3804088132932832,-0.36395959862097615,1.1272429494886937,20 °C,0
1.3313807531380752,20,0,0,0,54,4.3,37,300,0.38343557523663185,0.3802327005243319,-0.3618205177910586,1.1286916682643224,20 °C,0
1.3493723849372383,20,0,0,0,54,4.3,37,300,0.38522947503940475,0.38006081449904144,-0.35968972137871646,1.130148671457526,20 °C,0
1.3673640167364014,20,0,0,0,54,4.3,37,300,0.38702337484217764,0.3798931609546947,-0.357567220629024,1.1316139703133792,20 °C,0
1.3853556485355647,20,0,0,0,54,4.3,37,300,0.38881727464495064,0.37972974549730837,-0.35545302652977373,1.133087575819675,20 °C,0
1.4033472803347278,20,0,0,0,54,4.3,37,300,0.3906111744477236,0.3795705736007178,-0.35334714980968324,1.1345694987051305,20 °C,0
1.421338912133891,20,0,0,0,54,4.3,37,300,0.3924050742504965,0.37941565060567994,-0.3512496009366362,1.1360597494376292,20 °C,0
1.4393305439330542,20,0,0,0,54,4.3,37,300,0.3941989740532694,0.3792649817189971,-0.3491603901159649,1.1375583382225036,20 °C,0
1.4573221757322175,20,0,0,0,54,4.3,37,300,0.3959928738560424,0.37911857201265836,-0.3470795272887679,1.1390652750008528,20 °C,0
1.4753138075313805,20,0,0,0,54,4.3,37,300,0.3977867736588153,0.37897642642300255,-0.3450070221302697,1.1405805694479003,20 °C,0
1.4933054393305438,20,0,0,0,54,4.3,37,300,0.39958067346158826,0.3788385497499008,-0.3429428840482172,1.1421042309713938,20 °C,0
1.511297071129707,20,0,0,0,54,4.3,37,300,0.40137457326436127,0.37870494665595916,-0.3408871221813187,1.1436362687100412,20 °C,0
1.5292887029288702,20,0,0,0,54,4.3,37,300,0.40316847306713416,0.37857562166574316,-0.3388397453977224,1.1451766915319908,20 °C,0
1.5472803347280333,20,0,0,0,54,4.3,37,300,0.4049623728699071,0.37845057916502284,-0.3368007622935376,1.1467255080333518,20 °C,0
1.5652719665271964,20,0,0,0,54,4.3,37,300,0.40675627267268,0.3783298234000391,-0.3347701811913967,1.1482827265367566,20 °C,0
1.5832635983263597,20,0,0,0,54,4.3,37,300,0.408550172475453,0.37821335847679227,-0.33274801013905986,1.1498483550899659,20 °C,0
1.6012552301255227,20,0,0,0,54,4.3,37,300,0.4103440722782259,0.3781011883603524,-0.3307342569080648,1.1514224014645165,20 °C,0
1.619246861924686,20,0,0,0,54,4.3,37,300,0.41213797208099884,0.3779933168741915,-0.3287289289924165,1.1530048731544142,20 °C,0
1.637238493723849,20,0,0,0,54,4.3,37,300,0.4139318718837718,0.3778897476995395,-0.3267320336073256,1.1545957773748692,20 °C,0
1.6552301255230124,20,0,0,0,54,4.3,37,300,0.41572577168654473,0.3777904843747608,-0.3247435776879865,1.156195121061076,20 °C,0
1.6732217573221755,20,0,0,0,54,4.3,37,300,0.4175196714893176,0.3776955302947567,-0.3227635678884055,1.1578029108670407,20 °C,0
1.6912133891213388,20,0,0,0,54,4.3,37,300,0.41931357129209057,0.3776048887103884,-0.3207920105802706,1.1594191531644518,20 °C,0
1.7092050209205019,20,0,0,0,54,4.3,37,300,0.42110747109486363,0.37751856272792517,-0.31882891185186973,1.161043854041597,20 °C,0
1.7271966527196652,20,0,0,0,54,4.3,37,300,0.4229013708976366,0.3774365553085157,-0.3168742775070542,1.1626770193023273,20 °C,0
1.7451882845188282,20,0,0,0,54,4.3,37,300,0.42469527070040947,0.3773588692676831,-0.3149281130642494,1.1643186544650683,20 °C,0
1.7631799163179913,20,0,0,0,54,4.3,37,300,0.4264891705031824,0.3772855072748444,-0.3129904237555126,1.1659687647618775,20 °C,0
1.7811715481171546,20,0,0,0,54,4.3,37,300,0.4282830703059553,0.3772164718528544,-0.31106121452563934,1.16762735513755,20 °C,0
1.7991631799163177,20,0,0,0,54,4.3,37,300,0.43007697010872825,0.37715176537757333,-0.3091404900313155,1.169294430248772,20 °C,0
1.817154811715481,20,0,0,0,54,4.3,37,300,0.4318708699115012,0.3770913900774602,-0.3072282546403207,1.1709699944633232,20 °C,0
1.835146443514644,20,0,0,0,54,4.3,37,300,0.4336647697142741,0.37703534803318983,-0.305324512430778,1.1726540518593263,20 °C,0
1.8531380753138074,20,0,0,0,54,4.3,37,300,0.4354586695170471,0.3769836411772959,-0.30342926719045277,1.174346606224547,20 °C,0
1.8711297071129704,20,0,0,0,54,4.3,37,300,0.43725256931982,0.37693627129383833,-0.3015425224161032,1.176047661055743,20 °C,0
1.8891213389121337,20,0,0,0,54,4.3,37,300,0.43904646912259293,0.3768932400180961,-0.29966428131287537,1.1777572195580612,20 °C,0
1.9071129707112968,20,0,0,0,54,4.3,37,300,0.4408403689253658,0.37685454883628594,-0.2977945467937546,1.1794752846444863,20 °C,0
1.92510460251046,20,0,0,0,54,4.3,37,300,0.4426342687281389,0.3768201990853054,-0.29593332147905965,1.1812018589353375,20 °C,0
1.9430962343096232,20,0,0,0,54,4.3,37,300,0.4444281685309118,0.376790191952503,-0.2940806076959941,1.1829369447578177,20 °C,0
1.9610878661087863,20,0,0,0,54,4.3,37,300,0.4462220683336847,0.37676452847547265,-0.29223640747824164,1.184680544145611,20 °C,0
1.9790794979079496,20,0,0,0,54,4.3,37,300,0.4480159681364577,0.3767432095418743,-0.2904007225656159,1.1864326588385312,20 °C,0
1.9970711297071126,20,0,0,0,54,4.3,37,300,0.4498098679392306,0.3767262358892811,-0.2885735544037603,1.1881932902822214,20 °C,0
2.0150627615062757,20,0,0,0,54,4.3,37,300,0.4516037677420035,0.3767136081050513,-0.28675490414389704,1.189962439627904,20 °C,0
2.0330543933054392,20,0,0,0,54,4.3,37,300,0.45339766754477656,0.3767053266262269,-0.28494477264262813,1.1917401077321812,20 °C,0
2.0510460251046023,20,0,0,0,54,4.3,37,300,0.45519156734754945,0.37670139173945816,-0.2831431604617885,1.1935262951568875,20 °C,0
2.0690376569037654,20,0,0,0,54,4.3,37,300,0.45698546715032234,0.3767018035809536,-0.28135006786834676,1.1953210021689915,20 °C,0
2.0870292887029285,20,0,0,0,54,4.3,37,300,0.45877936695309535,0.37670656213645687,-0.27956549483436005,1.1971242287405508,20 °C,0
2.105020920502092,20,0,0,0,54,4.3,37,300,0.46057326675586824,0.376715667241249,-0.27778944103697983,1.1989359745487163,20 °C,0
2.123012552301255,20,0,0,0,54,4.3,37,300,0.4623671665586412,0.3767291185801767,-0.27602190585850517,1.2007562389757875,20 °C,0
2.141004184100418,20,0,0,0,54,4.3,37,300,0.4641610663614141,0.37674691568770735,-0.27426288838649227,1.2025850211093205,20 °C,0
2.1589958158995812,20,0,0,0,54,4.3,37,300,0.46595496616418713,0.37676905794800936,-0.2725123874139112,1.2044223197422854,20 °C,0
2.1769874476987443,20,0,0,0,54,4.3,37,300,0.46774886596695997,0.37679554459505826,-0.27077040143935416,1.206268133373274,20 °C,0
2.194979079497908,20,0,0,0,54,4.3,37,300,0.46954276576973303,0.3768263747127701,-0.2690369286672963,1.2081224602067624,20 °C,0
2.212970711297071,20,0,0,0,54,4.3,37,300,0.4713366655725059,0.37686154723515863,-0.26731196700840504,1.209985298153417,20 °C,0
2.230962343096234,20,0,0,0,54,4.3,37,300,0.4731305653752788,0.3769010609465204,-0.2655955140799012,1.2118566448304589,20 °C,0
2.248953974895397,20,0,0,0,54,4.3,37,300,0.47492446517805176,0.3769449144816439,-0.2638875672059703,1.2137364975620737,20 °C,0
2.2669456066945606,20,0,0,0,54,4.3,37,300,0.47671836498082476,0.3769931063260458,-0.26218812341822506,1.2156248533798746,20 °C,0
2.2849372384937237,20,0,0,0,54,4.3,37,300,0.4785122647835977,0.3770456348162314,-0.2604971794562158,1.2175217090234112,20 °C,0
2.3029288702928867,20,0,0,0,54,4.3,37,300,0.48030616458637054,0.3771024981399817,-0.2588147317679935,1.2194270609407347,20 °C,0
2.32092050209205,20,0,0,0,54,4.3,37,300,0.48210006438914355,0.37716369433666475,-0.2571407765107193,1.2213409052890065,20 °C,0
2.338912133891213,20,0,0,0,54,4.3,37,300,0.4838939641919165,0.3772292212975733,-0.2554753095513272,1.2232632379351602,20 °C,0
2.3569037656903764,20,0,0,0,54,4.3,37,300,0.4856878639946894,0.37729907676628666,-0.2538183264672324,1.2251940544566111,20 °C,0
2.3748953974895395,20,0,0,0,54,4.3,37,300,0.4874817637974623,0.37737325833905777,-0.2521698225470909,1.2271333501420154,20 °C,0
2.3928870292887026,20,0,0,0,54,4.3,37,300,0.48927566360023533,0.3774517634652254,-0.2505297927916065,1.229081119992077,20 °C,0
2.4108786610878656,20,0,0,0,54,4.3,37,300,0.49106956340300817,0.3775345894476504,-0.2488982319143866,1.2310373587204029,20 °C,0
2.428870292887029,20,0,0,0,54,4.3,37,300,0.49286346320578117,0.37762173344317673,-0.24727513434284526,1.2330020607544077,20 °C,0
2.4468619246861922,20,0,0,0,54,4.3,37,300,0.4946573630085541,0.3777131924631169,-0.24566049421915503,1.2349752202362634,20 °C,0
2.4648535564853553,20,0,0,0,54,4.3,37,300,0.496451262811327,0.3778089633737609,-0.2440543054012444,1.2369568310238983,20 °C,0
2.4828451882845184,20,0,0,0,54,4.3,37,300,0.49824516261409996,0.37790904289690974,-0.24245656146384315,1.238946886692043,20 °C,0
2.5008368200836815,20,0,0,0,54,4.3,37,300,0.5000390624168729,0.3780134276104317,-0.24086725569957324,1.240945380533319,20 °C,0
2.518828451882845,20,0,0,0,54,4.3,37,300,0.5018329622196459,0.3781221139488434,-0.23928638112008704,1.242952305559379,20 °C,0
2.536820083682008,20,0,0,0,54,4.3,37,300,0.5036268620224187,0.37823509820391243,-0.23771393045724964,1.2449676545020871,20 °C,0
2.554811715481171,20,0,0,0,54,4.3,37,300,0.5054207618251918,0.3783523765252847,-0.2361498961643662,1.2469914198147498,20 °C,0
2.572803347280334,20,0,0,0,54,4.3,37,300,0.5072146616279647,0.3784739449211327,-0.2345942704174553,1.2490235936733847,20 °C,0
2.5907949790794977,20,0,0,0,54,4.3,37,300,0.5090085614307376,0.37859979925882753,-0.23304704511656438,1.2510641679780394,20 °C,0
2.608786610878661,20,0,0,0,54,4.3,37,300,0.5108024612335105,0.3787299352656334,-0.231508211887131,1.253113134354152,20 °C,0
2.626778242677824,20,0,0,0,54,4.3,37,300,0.5125963610362836,0.3788643485294219,-0.22997776208138332,1.2551704841539504,20 °C,0
2.644769874476987,20,0,0,0,54,4.3,37,300,0.5143902608390564,0.3790030344994114,-0.22845568677979,1.2572362084579027,20 °C,0
2.6627615062761505,20,0,0,0,54,4.3,37,300,0.5161841606418295,0.3791459884869245,-0.22694197679254247,1.2593102980762014,20 °C,0
2.6807531380753136,20,0,0,0,54,4.3,37,300,0.5179780604446024,0.3792932056661684,-0.22543662266108777,1.2613927435502925,20 °C,0
2.6987447698744766,20,0,0,0,54,4.3,37,300,0.5197719602473753,0.37944468107503615,-0.22393961465969558,1.263483535154446,20 °C,0
2.7167364016736397,20,0,0,0,54,4.3,37,300,0.5215658600501482,0.3796004096159271,-0.222450942797069,1.2655826628973652,20 °C,0
2.734728033472803,20,0,0,0,54,4.3,37,300,0.523359759852921,0.37976038605658924,-0.2209705968179938,1.267690116523836,20 °C,0
2.7527196652719663,20,0,0,0,54,4.3,37,300,0.5251536596556942,0.3799246050309798,-0.21949856620502628,1.2698058855164147,20 °C,0
2.7707112970711294,20,0,0,0,54,4.3,37,300,0.526947559458467,0.3800930610401465,-0.21803484018022012,1.2719299590971542,20 °C,0
2.7887029288702925,20,0,0,0,54,4.3,37,300,0.5287414592612399,0.3802657484531276,-0.2165794077068901,1.27406232622937,20 °C,0
2.8066945606694556,20,0,0,0,54,4.3,37,300,0.530535359064013,0.3804426615078707,-0.21513225749141363,1.2762029756194395,20 °C,0
2.824686192468619,20,0,0,0,54,4.3,37,300,0.5323292588667858,0.38062379431217075,-0.21369337798506882,1.2783518957186404,20 °C,0
2.842677824267782,20,0,0,0,54,4.3,37,300,0.5341231586695587,0.3808091408446247,-0.2122627573859056,1.280509074725023,20 °C,0
2.8606694560669452,20,0,0,0,54,4.3,37,300,0.5359170584723317,0.3809986949556062,-0.21084038364065638,1.28267450058532,20 °C,0
2.8786610878661083,20,0,0,0,54,4.3,37,300,0.5377109582751046,0.3811924503682557,-0.20942624444667657,1.2848481609968858,20 °C,0
2.8966527196652714,20,0,0,0,54,4.3,37,300,0.5395048580778775,0.3813904006794892,-0.20802032725392128,1.2870300434096764,20 °C,0
2.914644351464435,20,0,0,0,54,4.3,37,300,0.5412987578806505,0.38159253936102305,-0.2066226192669547,1.2892201350282557,20 °C,0
2.932635983263598,20,0,0,0,54,4.3,37,300,0.5430926576834235,0.38179885976041456,-0.20523310744698897,1.2914184228138361,20 °C,0
2.950627615062761,20,0,0,0,54,4.3,37,300,0.5448865574861964,0.38200935510212025,-0.2038517785139593,1.2936248934863521,20 °C,0
2.968619246861924,20,0,0,0,54,4.3,37,300,0.5466804572889693,0.3822240184885679,-0.20247861894862373,1.2958395335265624,20 °C,0
2.9866108786610877,20,0,0,0,54,4.3,37,300,0.5484743570917423,0.3824428429012454,-0.2011136149946987,1.2980623291781832,20 °C,0
3.0046025104602507,20,0,0,0,54,4.3,37,300,0.5502682568945152,0.3826658212018033,-0.19975675266101933,1.3002932664500497,20 °C,0
3.022594142259414,20,0,0,0,54,4.3,37,300,0.5520621566972882,0.38289294613317265,-0.19840801772373018,1.3025323311183066,20 °C,0
3.040585774058577,20,0,0,0,54,4.3,37,300,0.5538560565000611,0.38312421032069605,-0.19706739572850318,1.3047795087286254,20 °C,0
3.0585774058577404,20,0,0,0,54,4.3,37,300,0.5556499563028341,0.38335960627327376,-0.1957348719927825,1.3070347845984507,20 °C,0
3.0765690376569035,20,0,0,0,54,4.3,37,300,0.557443856105607,0.38359912638452187,-0.19441043160805582,1.30929814381927,20 °C,0
3.0945606694560666,20,0,0,0,54,4.3,37,300,0.55923775590838,0.38384276293394337,-0.19309405944214897,1.311569571258909,20 °C,0
3.1125523012552296,20,0,0,0,54,4.3,37,300,0.5610316557111529,0.3840905080881131,-0.1917857401415488,1.3138490515638546,20 °C,0
3.1305439330543927,20,0,0,0,54,4.3,37,300,0.5628255555139258,0.38434235390187277,-0.19048545813374484,1.3161365691615963,20 °C,0
3.1485355648535562,20,0,0,0,54,4.3,37,300,0.5646194553166988,0.3845982923195399,-0.1891931976295994,1.3184321082629968,20 °C,0
3.1665271966527193,20,0,0,0,54,4.3,37,300,0.5664133551194717,0.384858315176126,-0.18790894262573532,1.3207356528646788,20 °C,0
3.1845188284518824,20,0,0,0,54,4.3,37,300,0.5682072549222447,0.3851224141985672,-0.18663267690694696,1.3230471867514364,20 °C,0
3.2025104602510455,20,0,0,0,54,4.3,37,300,0.5700011547250176,0.3853905810069642,-0.1853643840486323,1.3253666934986674,20 °C,0
3.220502092050209,20,0,0,0,54,4.3,37,300,0.5717950545277907,0.38566280711583306,-0.18410404741924213,1.3276941564748235,20 °C,0
3.238493723849372,20,0,0,0,54,4.3,37,300,0.5735889543305634,0.38593908393536586,-0.18285165018275362,1.3300295588438806,20 °C,0
3.256485355648535,20,0,0,0,54,4.3,37,300,0.5753828541333365,0.3862194027726996,-0.18160717530115478,1.3323728835678277,20 °C,0
3.274476987447698,20,0,0,0,54,4.3,37,300,0.5771767539361092,0.38650375483319477,-0.1803706055369525,1.334724113409171,20 °C,0
3.2924686192468613,20,0,0,0,54,4.3,37,300,0.5789706537388822,0.38679213122172273,-0.17914192345569435,1.3370832309334588,20 °C,0
3.310460251046025,20,0,0,0,54,4.3,37,300,0.5807645535416551,0.3870845229439591,-0.17792111142850475,1.3394502185118151,20 °C,0
3.328451882845188,20,0,0,0,54,4.3,37,300,0.5825584533444282,0.3873809209076885,-0.17670815163464115,1.3418250583234976,20 °C,0
3.346443514644351,20,0,0,0,54,4.3,37,300,0.584352353147201,0.3876813159241123,-0.1755030260640591,1.3442077323584611,20 °C,0
3.364435146443514,20,0,0,0,54,4.3,37,300,0.586146252949974,0.38798569870916677,-0.17430571651999283,1.3465982224199409,20 °C,0
3.3824267782426776,20,0,0,0,54,4.3,37,300,0.5879401527527469,0.38829405988484483,-0.17311620462154897,1.348996510127043,20 °C,0
3.4004184100418406,20,0,0,0,54,4.3,37,300,0.58973405255552,0.3886063899805263,-0.1719344718063116,1.3514025769173517,20 °C,0
3.4184100418410037,20,0,0,0,54,4.3,37,300,0.591527952358293,0.3889226794343119,-0.17076049933295834,1.3538164040495444,20 °C,0
3.436401673640167,20,0,0,0,54,4.3,37,300,0.5933218521610657,0.3892429185943637,-0.16959426828388713,1.3562379726060185,20 °C,0
3.4543933054393303,20,0,0,0,54,4.3,37,300,0.5951157519638388,0.38956709772024983,-0.16843575956785084,1.3586672634955286,20 °C,0
3.4723849372384934,20,0,0,0,54,4.3,37,300,0.5969096517666116,0.3898952069842934,-0.16728495392260345,1.3611042574558265,20 °C,0
3.4903765690376565,20,0,0,0,54,4.3,37,300,0.5987035515693847,0.3902272364729271,-0.16614183191755239,1.363548935056322,20 °C,0
3.5083682008368196,20,0,0,0,54,4.3,37,300,0.6004974513721575,0.3905631761880485,-0.16500637395641748,1.3660012767007323,20 °C,0
3.5263598326359826,20,0,0,0,54,4.3,37,300,0.6022913511749305,0.3909030160483822,-0.16387856027989856,1.3684612626297596,20 °C,0
3.544351464435146,20,0,0,0,54,4.3,37,300,0.6040852509777034,0.3912467458908422,-0.16275837096834733,1.370928872923754,20 °C,0
3.5623430962343092,20,0,0,0,54,4.3,37,300,0.6058791507804764,0.3915943554718976,-0.1616457859444429,1.3734040875053957,20 °C,0
3.5803347280334723,20,0,0,0,54,4.3,37,300,0.6076730505832493,0.39194583446894143,-0.16054078497587587,1.3758868861423745,20 °C,0
3.5983263598326354,20,0,0,0,54,4.3,37,300,0.6094669503860223,0.39230117248165985,-0.15944334767803103,1.3783772484500756,20 °C,0
3.616317991631799,20,0,0,0,54,4.3,37,300,0.6112608501887952,0.3926603590334036,-0.15835345351667596,1.3808751538942663,20 °C,0
3.634309623430962,20,0,0,0,54,4.3,37,300,0.6130547499915682,0.3930233835725607,-0.15727108181065086,1.3833805817937872,20 °C,0
3.652301255230125,20,0,0,0,54,4.3,37,300,0.6148486497943412,0.39339023547392876,-0.15619621173455922,1.3858935113232416,20 °C,0
3.670292887029288,20,0,0,0,54,4.3,37,300,0.616642549597114,0.3937609040400891,-0.15512882232146075,1.3884139215156885,20 °C,0
3.688284518828451,20,0,0,0,54,4.3,37,300,0.618436449399887,0.39413537850278013,-0.1540688924655621,1.3909417912653361,20 °C,0
3.7062761506276147,20,0,0,0,54,4.3,37,300,0.6202303492026598,0.3945136480242698,-0.15301640092490898,1.3934770993302288,20 °C,0
3.724267782426778,20,0,0,0,54,4.3,37,300,0.62202424900543285,0.39489570169872884,-0.15197132632407562,1.3960198243349413,20 °C,0
3.742259414225941,20,0,0,0,54,4.3,37,300,0.6238181488082057,0.3952815285536015,-0.1509336471568532,1.3985699447732647,20 °C,0
3.760251046025104,20,0,0,0,54,4.3,37,300,0.6256120486109787,0.39567111755097584,-0.14990334178893383,1.4011274390108914,20 °C,0
3.7782426778242675,20,0,0,0,54,4.3,37,300,0.6274059484137516,0.3960644575889522,-0.1488803884605947,1.403692285288098,20 °C,0
3.7962343096234306,20,0,0,0,54,4.3,37,300,0.6291998482165246,0.3964615375030091,-0.1478647652893732,1.4062644617224225,20 °C,0
3.8142259414225936,20,0,0,0,54,4.3,37,300,0.6309937480192974,0.3968623460673676,-0.14685645027274308,1.4088439463113378,20 °C,0
3.8322175732217567,20,0,0,0,54,4.3,37,300,0.6327876478220705,0.3972668719963528,-0.145855421290781,1.411430716934922,20 °C,0
3.85020920502092,20,0,0,0,54,4.3,37,300,0.6345815476248435,0.3976751039457515,-0.1448616561088294,1.4140247513585165,20 °C,0
3.8682008368200833,20,0,0,0,54,4.3,37,300,0.6363754474276164,0.3980870305141682,-0.14387513238015326,1.416626027235386,20 °C,0
3.8861924686192464,20,0,0,0,54,4.3,37,300,0.6381693472303894,0.398502640244376,-0.14289582764858744,1.4192345221093663,20 °C,0
3.9041841004184095,20,0,0,0,54,4.3,37,300,0.6399632470331622,0.3989219216246645,-0.1419237193511802,1.4218502134175046,20 °C,0
3.9221757322175725,20,0,0,0,54,4.3,37,300,0.6417571468359352,0.39934486309018397,-0.14095878482082536,1.4244730784926958,20 °C,0
3.940167364016736,20,0,0,0,54,4.3,37,300,0.6435510466387081,0.39977145302428335,-0.14000100128888726,1.4271030945663035,20 °C,0
3.958158995815899,20,0,0,0,54,4.3,37,300,0.6453449464414811,0.4002016797598456,-0.13905034588781628,1.4297402387707785,20 °C,0
3.976150627615062,20,0,0,0,54,4.3,37,300,0.6471388462442539,0.40063553158061693,-0.13810679565375528,1.432384488142263,20 °C,0
3.9941422594142253,20,0,0,0,54,4.3,37,300,0.6489327460470269,0.40107299672253105,-0.13717032752913394,1.4350358196231876,20 °C,0
4.012133891213389,20,0,0,0,54,4.3,37,300,0.6507266458497999,0.4015140633750272,-0.13624091836525343,1.437694210064853,20 °C,0
4.0301255230125514,20,0,0,0,54,4.3,37,300,0.6525205456525728,0.4019587196823644,-0.1353185449248614,1.4403596362300068,20 °C,0
4.048117154811715,20,0,0,0,54,4.3,37,300,0.6543144454553457,0.4024069537449273,-0.13440318388471184,1.4430320747954033,20 °C,0
4.0661087866108785,20,0,0,0,54,4.3,37,300,0.6561083452581188,0.40285875362052764,-0.1334948118381154,1.445711502354353,20 °C,0
4.084100418410041,20,0,0,0,54,4.3,37,300,0.6579022450608917,0.4033141073256971,-0.13259340529747465,1.448397895419258,20 °C,0
4.102092050209205,20,0,0,0,54,4.3,37,300,0.6596961448636647,0.40377300283697665,-0.13169894069680954,1.4510912304241388,20 °C,0
4.120083682008367,20,0,0,0,54,4.3,37,300,0.6614900446664376,0.40423542809219576,-0.13081139439426615,1.4537914837271413,20 °C,0
4.138075313807531,20,0,0,0,54,4.3,37,300,0.6632839444692105,0.40470137099174563,-0.12993074267461102,1.456498631613032,20 °C,0
4.156066945606694,20,0,0,0,54,4.3,37,300,0.6650778442719836,0.40517081939984606,-0.12905696175171466,1.4592126502956817,20 °C,0
4.174058577405857,20,0,0,0,54,4.3,37,300,0.6668717440747565,0.4056437611458026,-0.12819002777101662,1.4619335159205296,20 °C,0
4.1920502092050205,20,0,0,0,54,4.3,37,300,0.6686656438775294,0.406120184025258,-0.12732991681197636,1.464661204567035,20 °C,0
4.210041841004184,20,0,0,0,54,4.3,37,300,0.6704595436803023,0.4066000758014345,-0.12647660489050927,1.4673956922511138,20 °C,0
4.228033472803347,20,0,0,0,54,4.3,37,300,0.6722534434830751,0.4070834242063674,-0.12563006796140497,1.4701369549275554,20 °C,0
4.24602510460251,20,0,0,0,54,4.3,37,300,0.674047343285848,0.40757021694213214,-0.12479028192073094,1.472884968492427,20 °C,0
4.264016736401673,20,0,0,0,54,4.3,37,300,0.675841243088621,0.40806044168206035,-0.12395722260821729,1.4756397087854594,20 °C,0
4.282008368200836,20,0,0,0,54,4.3,37,300,0.6776351428913939,0.4085540860719496,-0.12313086580962729,1.4784011515924151,20 °C,0
4.3,20,0,0,0,54,4.3,37,300,0.679429042694167,0.4090511377312622,-0.12231118725910695,1.481169272647441,20 °C,0
0,10,7,1,13,24,3.2,37,300,0.4470698671724019,0.3982170346676142,-0.333435520776122,1.2275752551209258,10 °C,7
0.013389121338912135,10,7,1,13,24,3.2,37,300,0.44390567408415665,0.39796570808685716,-0.3361071137660833,1.2239184619343966,10 °C,7
0.02677824267782427,10,7,1,13,24,3.2,37,300,0.44074148099591165,0.3977160153914258,-0.338781909171283,1.2202648711631063,10 °C,7
0.0401673640167364,10,7,1,13,24,3.2,37,300,0.4375772879076664,0.3974679596605815,-0.3414599130270733,1.2166144888424062,10 °C,7
0.05355648535564854,10,7,1,13,24,3.2,37,300,0.4344130948194214,0.39722154396106457,-0.3441411313442651,1.212967320983108,10 °C,7
0.06694560669456068,10,7,1,13,24,3.2,37,300,0.4312489017311762,0.3969767713469287,-0.34682557010880405,1.2093233735711564,10 °C,7
0.0803347280334728,10,7,1,13,24,3.2,37,300,0.4280847086429312,0.39673364485937535,-0.34951323528144446,1.2056826525673068,10 °C,7
0.09372384937238494,10,7,1,13,24,3.2,37,300,0.42492051555468596,0.3964921675265878,-0.3522041327974261,1.202045163906798,10 °C,7
0.10711297071129708,10,7,1,13,24,3.2,37,300,0.42175632246644074,0.3962523423635652,-0.3548982685661471,1.1984109134990286,10 °C,7
0.12050209205020922,10,7,1,13,24,3.2,37,300,0.41859212937819595,0.39601417237195685,-0.3575956484708394,1.1947799072272314,10 °C,7
0.13389121338912136,10,7,1,13,24,3.2,37,300,0.41542793628995095,0.39577766053989616,-0.36029627836824546,1.1911521509481473,10 °C,7
0.14728033472803348,10,7,1,13,24,3.2,37,300,0.4122637432017059,0.39554280984183504,-0.3630001640882907,1.1875276504917025,10 °C,7
0.1606694560669456,10,7,1,13,24,3.2,37,300,0.40909955011346066,0.39530962323837815,-0.36570731143376045,1.183906411660682,10 °C,7
0.17405857740585776,10,7,1,13,24,3.2,37,300,0.40593535702521544,0.3950781036761166,-0.36841772617997315,1.1802884402304041,10 °C,7
0.18744769874476988,10,7,1,13,24,3.2,37,300,0.40277116393697043,0.394848254087463,-0.37113141407445704,1.176673741948398,10 °C,7
0.20083682008368203,10,7,1,13,24,3.2,37,300,0.3996069708487252,0.3946200773904852,-0.37384838083662575,1.1730623225340762,10 °C,7
0.21422594142259416,10,7,1,13,24,3.2,37,300,0.3964427777604802,0.3943935764887416,-0.3765686321574534,1.1694541876784137,10 °C,7
0.22761506276150628,10,7,1,13,24,3.2,37,300,0.3932785846722352,0.39416875427111525,-0.3792921736991507,1.1658493430436212,10 °C,7
0.24100418410041843,10,7,1,13,24,3.2,37,300,0.3901143915839902,0.3939456136116484,-0.3820190110948407,1.162247794262821,10 °C,7
0.2543933054393306,10,7,1,13,24,3.2,37,300,0.38695019849574497,0.3937241573693785,-0.38474914994823683,1.1586495469397269,10 °C,7
0.2677824267782427,10,7,1,13,24,3.2,37,300,0.38378600540749974,0.3935043883881723,-0.387482595833318,1.1550546066483176,10 °C,7
0.28117154811715483,10,7,1,13,24,3.2,37,300,0.38062181231925474,0.39328630949656196,-0.39021935429400667,1.1514629789325161,10 °C,7
0.29456066945606696,10,7,1,13,24,3.2,37,300,0.3774576192310095,0.39306992350758024,-0.39295943084384777,1.1478746693058668,10 °C,7
0.3079497907949791,10,7,1,13,24,3.2,37,300,0.3742934261427645,0.3928552332185965,-0.3957028309656846,1.1442896832512135,10 °C,7
0.3213389121338912,10,7,1,13,24,3.2,37,300,0.3711292330545192,0.3926422414111532,-0.3984495601113411,1.1407080262203795,10 °C,7
0.3347280334728034,10,7,1,13,24,3.2,37,300,0.36796503996627405,0.3924309508508017,-0.40119962370129725,1.1371297036338452,10 °C,7
0.3481171548117155,10,7,1,13,24,3.2,37,300,0.3648008468780293,0.39222136428693904,-0.4039530271243712,1.1335547208804297,10 °C,7
0.36150627615062764,10,7,1,13,24,3.2,37,300,0.3616366537897842,0.3920134844526458,-0.40670977573740147,1.12998308331697,10 °C,7
0.37489539748953976,10,7,1,13,24,3.2,37,300,0.3584724607015392,0.39180731406452235,-0.40946987486492453,1.126414796268003,10 °C,7
0.3882845188284519,10,7,1,13,24,3.2,37,300,0.355308267613294,0.3916028558225275,-0.4122333297988599,1.122849865025448,10 °C,7
0.40167364016736407,10,7,1,13,24,3.2,37,300,0.35214407452504903,0.3914001124098161,-0.41500014579819045,1.1192882948482885,10 °C,7
0.4150627615062762,10,7,1,13,24,3.2,37,300,0.3489798814368038,0.3911990864925783,-0.41777032808864967,1.1157300909622574,10 °C,7
0.4284518828451883,10,7,1,13,24,3.2,37,300,0.3458156883485586,0.3909997807198776,-0.42054388186240155,1.1121752585595188,10 °C,7
0.44184100418410044,10,7,1,13,24,3.2,37,300,0.3426514952603135,0.39080219772349073,-0.4233208122777283,1.1086238027983553,10 °C,7
0.45523012552301256,10,7,1,13,24,3.2,37,300,0.3394873021720685,0.3906063401177481,-0.4261011244587177,1.1050757288028548,10 °C,7
0.46861924686192474,10,7,1,13,24,3.2,37,300,0.33632310908382357,0.3904122104993733,-0.42888482349494805,1.1015310416625952,10 °C,7
0.48200836820083687,10,7,1,13,24,3.2,37,300,0.3331589159955783,0.39021981144732454,-0.43167191444117775,1.0979897464323343,10 °C,7
0.495397489539749,10,7,1,13,24,3.2,37,300,0.3299947229073333,0.39002914552263596,-0.4344624023170332,1.0944518481316998,10 °C,7
0.5087866108786612,10,7,1,13,24,3.2,37,300,0.3268305298190881,0.3898402152682598,-0.43725629210670103,1.0909173517448774,10 °C,7
0.5221757322175733,10,7,1,13,24,3.2,37,300,0.3236663367308429,0.38965302320890866,-0.4400535887586181,1.0873862622203039,10 °C,7
0.5355648535564854,10,7,1,13,24,3.2,37,300,0.3205021436425979,0.3894675718508986,-0.44285429718516334,1.083858584470359,10 °C,7
0.5489539748953975,10,7,1,13,24,3.2,37,300,0.3173379505543526,0.3892838636819936,-0.4456584222623548,1.08033432337106,10 °C,7
0.5623430962343097,10,7,1,13,24,3.2,37,300,0.31417375746610765,0.38910190117124915,-0.4484659688295407,1.076813483761756,10 °C,7
0.5757322175732218,10,7,1,13,24,3.2,37,300,0.3110095643778628,0.388921686768858,-0.4512769416890989,1.0732960704448244,10 °C,7
0.5891213389121339,10,7,1,13,24,3.2,37,300,0.3078453712896176,0.3887432229059952,-0.454091345606133,1.0697820881853681,10 °C,7
0.602510460251046,10,7,1,13,24,3.2,37,300,0.3046811782013724,0.3885665119946654,-0.4569091853081718,1.0662715417109165,10 °C,7
0.6158995815899582,10,7,1,13,24,3.2,37,300,0.30151698511312724,0.3883915564275492,-0.4597304654848691,1.0627644357111237,10 °C,7
0.6292887029288703,10,7,1,13,24,3.2,37,300,0.2983527920248823,0.38821835857785153,-0.4625551907877067,1.0592607748374712,10 °C,7
0.6426778242677824,10,7,1,13,24,3.2,37,300,0.29518859893663696,0.3880469207991502,-0.4653833658296974,1.0557605637029712,10 °C,7
0.6560669456066947,10,7,1,13,24,3.2,37,300,0.292024405848392,0.38787724542524554,-0.4682149951850892,1.0522638068818733,10 °C,7
0.6694560669456068,10,7,1,13,24,3.2,37,300,0.2888602127601468,0.3877093347700102,-0.4710500833890731,1.0487705089093666,10 °C,7
0.6828451882845189,10,7,1,13,24,3.2,37,300,0.2856960196719019,0.3875431911272408,-0.47388863493749006,1.045280674281294,10 °C,7
0.696234309623431,10,7,1,13,24,3.2,37,300,0.2825318265836569,0.3873788167705092,-0.4767306542865412,1.041794307453855,10 °C,7
0.7096234309623431,10,7,1,13,24,3.2,37,300,0.27936763349541166,0.38721621395301614,-0.4795761458524999,1.0383114128433233,10 °C,7
0.7230125523012553,10,7,1,13,24,3.2,37,300,0.2762034404071666,0.38705538490744407,-0.48242511401142374,1.034831994825757,10 °C,7
0.7364016736401674,10,7,1,13,24,3.2,37,300,0.27303924731892154,0.38689633184581235,-0.48527756309887066,1.0313560577367138,10 °C,7
0.7497907949790795,10,7,1,13,24,3.2,37,300,0.26987505423067626,0.38673905695933225,-0.488133497409615,1.0278836058709675,10 °C,7
0.7631799163179916,10,7,1,13,24,3.2,37,300,0.26671086114243125,0.3865835624182642,-0.4909929211973666,1.024414643482229,10 °C,7
0.7765690376569038,10,7,1,13,24,3.2,37,300,0.263546668054186,0.38642985037177413,-0.4938558386744913,1.0209491747828632,10 °C,7
0.789958158995816,10,7,1,13,24,3.2,37,300,0.26038247496594097,0.38627792294779284,-0.49672225401173303,1.017487203943615,10 °C,7
0.8033472803347281,10,7,1,13,24,3.2,37,300,0.2572182818776961,0.3861277822528752,-0.49959217133793926,1.0140287350933315,10 °C,7
0.8167364016736403,10,7,1,13,24,3.2,37,300,0.2540540887894511,0.38597943037206023,-0.5024655947397869,1.0105737723186892,10 °C,7
0.8301255230125524,10,7,1,13,24,3.2,37,300,0.2508898957012058,0.3858328693687331,-0.5053425282615112,1.0071223196639227,10 °C,7
0.8435146443514645,10,7,1,13,24,3.2,37,300,0.24772570261296054,0.38568810128448755,-0.508222975904635,1.0036743811305562,10 °C,7
0.8569037656903766,10,7,1,13,24,3.2,37,300,0.24456150952471567,0.3855451281389896,-0.511106941627704,1.0002299606771352,10 °C,7
0.8702928870292888,10,7,1,13,24,3.2,37,300,0.24139731643647028,0.3854039519298425,-0.513994429346021,0.9967890622189615,10 °C,7
0.8836820083682009,10,7,1,13,24,3.2,37,300,0.2382331233482254,0.3852645746324519,-0.5168854429313803,0.9933516896278312,10 °C,7
0.897071129707113,10,7,1,13,24,3.2,37,300,0.23506893025998038,0.38512699819989443,-0.5197799862118127,0.9899178467317735,10 °C,7
0.9104602510460251,10,7,1,13,24,3.2,37,300,0.23190473717173518,0.38499122456278456,-0.5226780629713225,0.9864875373147929,10 °C,7
0.9238493723849373,10,7,1,13,24,3.2,37,300,0.22874054408349032,0.3848572556291445,-0.5255796769496329,0.9830607651166136,10 °C,7
0.9372384937238495,10,7,1,13,24,3.2,37,300,0.22557635099524498,0.3847250932842756,-0.5284848318419352,0.9796375338324251,10 °C,7
0.9506276150627616,10,7,1,13,24,3.2,37,300,0.222412157907,0.3845947393906291,-0.5313935312986331,0.976217847112633,10 °C,7
0.9640167364016737,10,7,1,13,24,3.2,37,300,0.21924796481875472,0.3844661957876802,-0.5343057789250985,0.972801708562608,10 °C,7
0.9774058577405859,10,7,1,13,24,3.2,37,300,0.21608377173050985,0.3843394642918019,-0.5372215782814218,0.9693891217424415,10 °C,7
0.990794979079498,10,7,1,13,24,3.2,37,300,0.21291957864226443,0.384214546696141,-0.540140932882172,0.9659800901667008,10 °C,7
1.0041841004184102,10,7,1,13,24,3.2,37,300,0.20975538555401924,0.3840914447704955,-0.5430638461961519,0.9625746173041905,10 °C,7
1.0175732217573223,10,7,1,13,24,3.2,37,300,0.20659119246577426,0.383970160261192,-0.545990321646162,0.9591727065777106,10 °C,7
1.0309623430962345,10,7,1,13,24,3.2,37,300,0.2034269993775294,0.3838506948909666,-0.5489203626087652,0.955774361363824,10 °C,7
1.0443514644351466,10,7,1,13,24,3.2,37,300,0.20026280628928442,0.3837330503588449,-0.5518539724140517,0.9523795849926204,10 °C,7
1.0577405857740587,10,7,1,13,24,3.2,37,300,0.1970986132010391,0.38361722834002565,-0.5547911543454112,0.9489883807474895,10 °C,7
1.0711297071129708,10,7,1,13,24,3.2,37,300,0.19393442011279413,0.3835032304857631,-0.5577319116393016,0.9456007518648899,10 °C,7
1.084518828451883,10,7,1,13,24,3.2,37,300,0.19077022702454893,0.3833910584232537,-0.5606762474850283,0.9422167015341262,10 °C,7
1.097907949790795,10,7,1,13,24,3.2,37,300,0.18760603393630365,0.3832807137555225,-0.5636241650245204,0.9388362328971276,10 °C,7
1.1112970711297072,10,7,1,13,24,3.2,37,300,0.18444184084805865,0.3831721980613106,-0.5665756673521101,0.9354593490482275,10 °C,7
1.1246861924686193,10,7,1,13,24,3.2,37,300,0.18127764775981356,0.3830655128949659,-0.5695307575143195,0.9320860530339466,10 °C,7
1.1380753138075315,10,7,1,13,24,3.2,37,300,0.17811345467156872,0.38296065978633337,-0.5724894385096447,0.9287163478527821,10 °C,7
1.1514644351464436,10,7,1,13,24,3.2,37,300,0.17494926158332352,0.38285764024064844,-0.5754517132883474,0.9253502364549944,10 °C,7
1.1648535564853557,10,7,1,13,24,3.2,37,300,0.17178506849507832,0.38275645573843076,-0.5784175847522459,0.9219877217424026,10 °C,7
1.1782426778242678,10,7,1,13,24,3.2,37,300,0.16862087540683335,0.3826571077353801,-0.5813870557545117,0.9186288065681784,10 °C,7
1.19163179916318,10,7,1,13,24,3.2,37,300,0.16545668231858804,0.38255959766227393,-0.5843601290994689,0.9152734937366449,10 °C,7
1.205020920502092,10,7,1,13,24,3.2,37,300,0.16229248923034298,0.3824639269248655,-0.5873368075423934,0.9119217860030794,10 °C,7
1.2184100418410042,10,7,1,13,24,3.2,37,300,0.15912829614209786,0.3823700969037857,-0.5903170937893221,0.90857368607351785,10 °C,7
1.2317991631799163,10,7,1,13,24,3.2,37,300,0.1559641030538529,0.3822781089544437,-0.5933009904968567,0.9052291966045625,10 °C,7
1.2451882845188285,10,7,1,13,24,3.2,37,300,0.1527999099656079,0.3821879644069318,-0.5962885002719784,0.9018883202031942,10 °C,7
1.2585774058577406,10,7,1,13,24,3.2,37,300,0.14963571687736274,0.38209966456593003,-0.5992796256718601,0.8985510594265856,10 °C,7
1.2719665271966527,10,7,1,13,24,3.2,37,300,0.14647152378911765,0.3820132107106138,-0.6022743692036854,0.8952174167819207,10 °C,7
1.2853556485355648,10,7,1,13,24,3.2,37,300,0.14330733070087234,0.38192860409456236,-0.6052727333244698,0.8918873947262145,10 °C,7
1.2987447698744772,10,7,1,13,24,3.2,37,300,0.14014313761262745,0.3818458459456689,-0.6082747204408836,0.8885609956661384,10 °C,7
1.3121338912133893,10,7,1,13,24,3.2,37,300,0.13697894452438214,0.3817649374660534,-0.6112803329090826,0.8852382219578467,10 °C,7
1.3255230125523014,10,7,1,13,24,3.2,37,300,0.13381475143613691,0.3816858798319756,-0.6142895730345352,0.8819190759068092,10 °C,7
1.3389121338912136,10,7,1,13,24,3.2,37,300,0.130650558347892,0.3816086741937511,-0.6173024430718602,0.8786035597676441,10 °C,7
1.3523012552301257,10,7,1,13,24,3.2,37,300,0.12748636525964685,0.3815333216756684,-0.6203189452246631,0.8752916757439568,10 °C,7
1.3656903765690378,10,7,1,13,24,3.2,37,300,0.12432217217140208,0.38145982337590845,-0.6233390816453784,0.8719834259881826,10 °C,7
1.37907949790795,10,7,1,13,24,3.2,37,300,0.121157979083157,0.3813881803664646,-0.6263628544351136,0.8686788126014275,10 °C,7
1.392468619246862,10,7,1,13,24,3.2,37,300,0.11799378599491192,0.381318393693066,-0.6293902656434974,0.8653778376333213,10 °C,7
1.4058577405857742,10,7,1,13,24,3.2,37,300,0.11482959290666651,0.3812504643751019,-0.6324213172685332,0.8620805030818662,10 °C,7
1.4192468619246863,10,7,1,13,24,3.2,37,300,0.1116653998184213,0.3811843934055473,-0.6354560112564513,0.8587868108932939,10 °C,7
1.4326359832635984,10,7,1,13,24,3.2,37,300,0.10850120673017635,0.3811201817508917,-0.6384943495015714,0.8554967629619241,10 °C,7
1.4460251046025105,10,7,1,13,24,3.2,37,300,0.10533701364193114,0.38105783035106877,-0.6415363338461636,0.8522103611300259,10 °C,7
1.4594142259414227,10,7,1,13,24,3.2,37,300,0.10217282055368616,0.3809973401193881,-0.6445819660803145,0.8489276071876868,10 °C,7
1.4728033472803348,10,7,1,13,24,3.2,37,300,0.0990086274654413,0.38093871194246837,-0.6476312479417967,0.8456485028726792,10 °C,7
1.486192468619247,10,7,1,13,24,3.2,37,300,0.09584443437719631,0.38088194668017356,-0.6506841811159438,0.8423730498703366,10 °C,7
1.499581589958159,10,7,1,13,24,3.2,37,300,0.09268024128895114,0.38082704516555005,-0.653740767235527,0.8391012498134293,10 °C,7
1.5129707112970712,10,7,1,13,24,3.2,37,300,0.08951604820070592,0.38077400820476526,-0.656801007880634,0.8358331042820458,10 °C,7
1.5263598326359833,10,7,1,13,24,3.2,37,300,0.08635185511246074,0.3807228365770497,-0.6598649045785567,0.8325686148034781,10 °C,7
1.5397489539748954,10,7,1,13,24,3.2,37,300,0.08318766202421544,0.3806735310346396,-0.6629324588036781,0.829307782852109,10 °C,7
1.5531380753138075,10,7,1,13,24,3.2,37,300,0.08002346893597047,0.38062609230272176,-0.6660036719773642,0.8260506098493051,10 °C,7
1.5665271966527197,10,7,1,13,24,3.2,37,300,0.07685927584772538,0.38058052107938045,-0.6690785454678604,0.8227970971633111,10 °C,7
1.579916317991632,10,7,1,13,24,3.2,37,300,0.07369508275948038,0.38053681803554706,-0.6721570805901919,0.8195472461091525,10 °C,7
1.5933054393305441,10,7,1,13,24,3.2,37,300,0.0705308896712354,0.38049498381494967,-0.6752392786060659,0.8163010579485368,10 °C,7
1.6066945606694563,10,7,1,13,24,3.2,37,300,0.0673666965829902,0.3804550190340669,-0.6783251407237809,0.8130585338897613,10 °C,7
1.6200836820083684,10,7,1,13,24,3.2,37,300,0.06420250349474524,0.3804169242820817,-0.6814146680981349,0.8098196750876253,10 °C,7
1.6334728033472805,10,7,1,13,24,3.2,37,300,0.06103831040650013,0.3803807001208387,-0.6845078618303437,0.8065844826433439,10 °C,7
1.6468619246861926,10,7,1,13,24,3.2,37,300,0.057874117318254946,0.38034634708480286,-0.6876047229679586,0.8033529576044686,10 °C,7
1.6602510460251048,10,7,1,13,24,3.2,37,300,0.05470992423000965,0.3803138656810196,-0.6907052525047888,0.800125100964808,10 °C,7
1.6736401673640169,10,7,1,13,24,3.2,37,300,0.05154573114176456,0.38028325638907834,-0.6938094513808291,0.7969009136643581,10 °C,7
1.687029288702929,10,7,1,13,24,3.2,37,300,0.04838153805351949,0.3802545196610763,-0.69691732048219,0.7936803965892291,10 °C,7
1.7004184100418411,10,7,1,13,24,3.2,37,300,0.045217344965274194,0.3802276559215857,-0.7000288606410338,0.7904635505715821,10 °C,7
1.7138075313807533,10,7,1,13,24,3.2,37,300,0.04205315187702964,0.38020266556762217,-0.7031440726355098,0.7872503763895691,10 °C,7
1.7271966527196654,10,7,1,13,24,3.2,37,300,0.038888958788784345,0.3801795489686156,-0.7062629571897023,0.7840408747672709,10 °C,7
1.7405857740585775,10,7,1,13,24,3.2,37,300,0.03572476570053894,0.38015830646638316,-0.709385514973572,0.78083504637465,10 °C,7
1.7539748953974896,10,7,1,13,24,3.2,37,300,0.03256057261229405,0.3801389383751031,-0.712511746602908,0.7776328918274961,10 °C,7
1.7673640167364018,10,7,1,13,24,3.2,37,300,0.029396379524048867,0.3801214449812926,-0.7156416526392846,0.7744344116873823,10 °C,7
1.7807531380753139,10,7,1,13,24,3.2,37,300,0.026232186435803887,0.38010582654378605,-0.7187752335900167,0.7712396064616246,10 °C,7
1.794142259414226,10,7,1,13,24,3.2,37,300,0.02306799334755859,0.3800920832937161,-0.7219124899081248,0.768048476603242,10 °C,7
1.8075313807531381,10,7,1,13,24,3.2,37,300,0.019903800259313632,0.3800802154344964,-0.7250534219922993,0.7648610225109265,10 °C,7
1.8209205020920503,10,7,1,13,24,3.2,37,300,0.016739607171068743,0.3800702231418066,-0.7281980301868722,0.7616772445290096,10 °C,7
1.8343096234309624,10,7,1,13,24,3.2,37,300,0.013575414082823449,0.38006210656357947,-0.7313463147817922,0.7584971429474392,10 °C,7
1.8476987447698745,10,7,1,13,24,3.2,37,300,0.010411220994578672,0.38005586581998985,-0.7344982760126014,0.7553207180017588,10 °C,7
1.8610878661087868,10,7,1,13,24,3.2,37,300,0.007247027906333045,0.3800515010034458,-0.7376539140604208,0.7521479698730869,10 °C,7
1.874476987447699,10,7,1,13,24,3.2,37,300,0.004082834818088269,0.3800490121785815,-0.7408132290519315,0.748978898688108,10 °C,7
1.887866108786611,10,7,1,13,24,3.2,37,300,9.186417298429738e-4,0.3800483993822532,-0.7439762210593732,0.7458135045190593,10 °C,7
1.9012552301255232,10,7,1,13,24,3.2,37,300,-0.0022455513584019138,0.3800496626235356,-0.7471428901005317,0.742651787383728,10 °C,7
1.9146443514644353,10,7,1,13,24,3.2,37,300,-0.005409744446647097,0.38005280188372137,-0.750313236138741,0.7394937472454468,10 °C,7
1.9280334728033475,10,7,1,13,24,3.2,37,300,-0.008573937534892169,0.3800578171163234,-0.753487259082886,0.7363393840131016,10 °C,7
1.9414225941422596,10,7,1,13,24,3.2,37,300,-0.011738130623137279,0.380064708247077,-0.7566649587874082,0.7331886975411336,10 °C,7
1.9548117154811717,10,7,1,13,24,3.2,37,300,-0.014902323711382242,0.38007347517394624,-0.7598463350523168,0.7300416876295523,10 °C,7
1.9682008368200838,10,7,1,13,24,3.2,37,300,-0.018066516799627313,0.3800841177671312,-0.7630313876232044,0.7268983540239498,10 °C,7
1.981589958158996,10,7,1,13,24,3.2,37,300,-0.02123070988787272,0.3800966358690774,-0.7662201161912643,0.7237586964155189,10 °C,7
1.994979079497908,10,7,1,13,24,3.2,37,300,-0.024394902976118012,0.38011102929448803,-0.7694125203933145,0.7206227144410785,10 °C,7
2.0083682008368204,10,7,1,13,24,3.2,37,300,-0.027559096064363013,0.3801272978303369,-0.7726085998118233,0.7174904076830972,10 °C,7
2.0217573221757323,10,7,1,13,24,3.2,37,300,-0.03072328915260786,0.38014544123588506,-0.7758083539749426,0.7143617756697268,10 °C,7
2.0351464435146447,10,7,1,13,24,3.2,37,300,-0.033887482240853084,0.3801654592426978,-0.7790117823565408,0.7112368178748345,10 °C,7
2.0485355648535566,10,7,1,13,24,3.2,37,300,-0.037051675329097936,0.38018735155466515,-0.7822188843762417,0.7081155337180458,10 °C,7
2.061924686192469,10,7,1,13,24,3.2,37,300,-0.040215868417343155,0.3802111178480229,-0.7854296593994681,0.7049979225647818,10 °C,7
2.075313807531381,10,7,1,13,24,3.2,37,300,-0.04338006150558841,0.3802367577713776,-0.7886441067374885,0.7018839837263118,10 °C,7
2.088702928870293,10,7,1,13,24,3.2,37,300,-0.046544254593833115,0.3802642709457318,-0.7918622256474674,0.6987737164598011,10 °C,7
2.102092050209205,10,7,1,13,24,3.2,37,300,-0.04970844768207859,0.38029365696451217,-0.7950840153325225,0.6956671199683653,10 °C,7
2.1154811715481174,10,7,1,13,24,3.2,37,300,-0.052872640770323706,0.38032491539359975,-0.7983094749417792,0.6925641934011317,10 °C,7
2.1288702928870293,10,7,1,13,24,3.2,37,300,-0.05603683385856855,0.3803580457713612,-0.8015386035704364,0.6894649358532994,10 °C,7
2.1422594142259417,10,7,1,13,24,3.2,37,300,-0.059201026946813666,0.38039304760868414,-0.8047714002598345,0.6863693463662073,10 °C,7
2.1556485355648536,10,7,1,13,24,3.2,37,300,-0.06236522003505873,0.3804299203890118,-0.8080078639975219,0.6832774239274044,10 °C,7
2.169037656903766,10,7,1,13,24,3.2,37,300,-0.06552941312330363,0.3804686635683819,-0.8112479937173321,0.6801891674707249,10 °C,7
2.182426778242678,10,7,1,13,24,3.2,37,300,-0.06869360621154892,0.3805092765754664,-0.8144917882994631,0.6771045758763652,10 °C,7
2.19581589958159,10,7,1,13,24,3.2,37,300,-0.07185779929979422,0.3805517588116135,-0.8177392465705566,0.6740236479709683,10 °C,7
2.209205020920502,10,7,1,13,24,3.2,37,300,-0.07502199238803929,0.38059610965089197,-0.8209903673037875,0.6709463825277089,10 °C,7
2.2225941422594144,10,7,1,13,24,3.2,37,300,-0.07818618547628417,0.38064232844013607,-0.8242451492189509,0.6678727782663825,10 °C,7
2.2359832635983263,10,7,1,13,24,3.2,37,300,-0.08135037856452947,0.380690414498995,-0.8275035909825595,0.6648028338535007,10 °C,7
2.2493723849372387,10,7,1,13,24,3.2,37,300,-0.08451457165277436,0.3807403671199817,-0.8307656912079384,0.6617365479023898,10 °C,7
2.2627615062761506,10,7,1,13,24,3.2,37,300,-0.08767876474101943,0.3807921855685247,-0.8340314484553278,0.658673918973289,10 °C,7
2.276150627615063,10,7,1,13,24,3.2,37,300,-0.09084295782926471,0.3808458690830222,-0.8373008612319883,0.6556149455734588,10 °C,7
2.2895397489539753,10,7,1,13,24,3.2,37,300,-0.09400715091751005,0.3809014168748979,-0.8405739279923099,0.6525596261572899,10 °C,7
2.302928870292887,10,7,1,13,24,3.2,37,300,-0.09717134400575468,0.3809588281286582,-0.8438506471379248,0.6495079591264155,10 °C,7
2.3163179916317995,10,7,1,13,24,3.2,37,300,-0.10033553709400042,0.381018102001952,-0.8471310170178263,0.6464599428298254,10 °C,7
2.3297071129707114,10,7,1,13,24,3.2,37,300,-0.10349973018224505,0.38107923762563173,-0.8504150359284832,0.6434155755639932,10 °C,7
2.3430962343096238,10,7,1,13,24,3.2,37,300,-0.10666392327049037,0.38114223410381726,-0.8537027021139721,0.6403748555729915,10 °C,7
2.3564853556485357,10,7,1,13,24,3.2,37,300,-0.10982811635873523,0.3812070905139605,-0.8569940137660979,0.6373377810486274,10 °C,7
2.369874476987448,10,7,1,13,24,3.2,37,300,-0.11299230944698056,0.38127380590691284,-0.8602889690245298,0.6343043501305686,10 °C,7
2.38326359832636,10,7,1,13,24,3.2,37,300,-0.11615650253522564,0.38134237930699366,-0.8635875659769332,0.6312745609064818,10 °C,7
2.3966527196652723,10,7,1,13,24,3.2,37,300,-0.11932069562347052,0.38141280971206176,-0.8668898026591115,0.6282484114121706,10 °C,7
2.410041841004184,10,7,1,13,24,3.2,37,300,-0.12248488871171578,0.38148509609358694,-0.8701956770551462,0.6252258996317146,10 °C,7
2.4234309623430965,10,7,1,13,24,3.2,37,300,-0.12564908179996048,0.38155923739672537,-0.8735051870975422,0.6222070234976212,10 °C,7
2.4368200836820084,10,7,1,13,24,3.2,37,300,-0.12881327488820596,0.3816352325403952,-0.8768183306673806,0.6191917808909687,10 °C,7
2.4502092050209208,10,7,1,13,24,3.2,37,300,-0.13197746797645085,0.38171308041735474,-0.8801351055944661,0.6161801696415644,10 °C,7
2.4635983263598327,10,7,1,13,24,3.2,37,300,-0.1351416610646959,0.3817927798942822,-0.883455509657489,0.6131721875280971,10 °C,7
2.476987447698745,10,7,1,13,24,3.2,37,300,-0.1383058541529408,0.3818743298118574,-0.8867795405841814,0.6101678322782997,10 °C,7
2.490376569037657,10,7,1,13,24,3.2,37,300,-0.14147004724118611,0.3819577289848448,-0.8901071960514819,0.6071671015691098,10 °C,7
2.5037656903765693,10,7,1,13,24,3.2,37,300,-0.14463424032943162,0.38204297620217886,-0.8934384736857022,0.6041699930268389,10 °C,7
2.517154811715481,10,7,1,13,24,3.2,37,300,-0.14779843341767626,0.3821300702270504,-0.8967733710626951,0.6011765042273425,10 °C,7
2.5305439330543935,10,7,1,13,24,3.2,37,300,-0.15096262650592177,0.3822190097969958,-0.9001118857080335,0.59818663269619,10 °C,7
2.5439330543933054,10,7,1,13,24,3.2,37,300,-0.15412681959416683,0.38230979362398626,-0.9034540150971799,0.5952003759088462,10 °C,7
2.5573221757322178,10,7,1,13,24,3.2,37,300,-0.15729101268241194,0.3824024203945202,-0.9067997566556716,0.5922177312908476,10 °C,7
2.5707112970711297,10,7,1,13,24,3.2,37,300,-0.16045520577065703,0.3824968887697171,-0.9101491077593025,0.5892386962179885,10 °C,7
2.584100418410042,10,7,1,13,24,3.2,37,300,-0.1636193988589019,0.3825931973854121,-0.9135020657343096,0.5862632680165059,10 °C,7
2.5974895397489544,10,7,1,13,24,3.2,37,300,-0.166783591947147,0.38269134485225276,-0.9168586278575623,0.5832914439632684,10 °C,7
2.6108786610878663,10,7,1,13,24,3.2,37,300,-0.1699477850353921,0.3827913297557984,-0.9202187913567569,0.5803232212859727,10 °C,7
2.6242677824267786,10,7,1,13,24,3.2,37,300,-0.1731119781236372,0.38289315065661905,-0.9235825534106106,0.5773585971633362,10 °C,7
2.6376569037656905,10,7,1,13,24,3.2,37,300,-0.17627617121188205,0.38299680609039793,-0.926949911149062,0.5743975687252978,10 °C,7
2.651046025104603,10,7,1,13,24,3.2,37,300,-0.17944036430012777,0.38310229456803424,-0.9303208616534748,0.5714401330532193,10 °C,7
2.6644351464435148,10,7,1,13,24,3.2,37,300,-0.18260455738837242,0.3832096145757482,-0.9336954019568389,0.568486287180094,10 °C,7
2.677824267782427,10,7,1,13,24,3.2,37,300,-0.18576875047661776,0.3833187645751868,-0.9370735290439839,0.5655360280907483,10 °C,7
2.691213389121339,10,7,1,13,24,3.2,37,300,-0.18893294356486282,0.3834297430035326,-0.9404552398517867,0.5625893527220611,10 °C,7
2.7046025104602514,10,7,1,13,24,3.2,37,300,-0.1920971366531077,0.3835425482736122,-0.9438405312693876,0.5596462579631722,10 °C,7
2.7179916317991633,10,7,1,13,24,3.2,37,300,-0.19526132974135277,0.38365717877400746,-0.9472294001384074,0.5567067406557018,10 °C,7
2.7313807531380756,10,7,1,13,24,3.2,37,300,-0.19842552282959788,0.38377363286916777,-0.9506218432531667,0.5537707975939709,10 °C,7
2.7447698744769875,10,7,1,13,24,3.2,37,300,-0.20158971591784314,0.3838919088995239,-0.9540178573609099,0.5508384255252237,10 °C,7
2.7581589958159,10,7,1,13,24,3.2,37,300,-0.20475390900608806,0.384012005181603,-0.9574174391620299,0.5479096211498539,10 °C,7
2.7715481171548118,10,7,1,13,24,3.2,37,300,-0.20791810209433334,0.3841339200081452,-0.960820585310298,0.5449843811216313,10 °C,7
2.784937238493724,10,7,1,13,24,3.2,37,300,-0.2110822951825782,0.3842576516482219,-0.964227292413093,0.5420627020479367,10 °C,7
2.798326359832636,10,7,1,13,24,3.2,37,300,-0.2142464882708233,0.3843831983473548,-0.9676375570316387,0.5391445804899921,10 °C,7
2.8117154811715483,10,7,1,13,24,3.2,37,300,-0.2174106813590688,0.3845105583276368,-0.971051375681237,0.5362300129630994,10 °C,7
2.8251046025104602,10,7,1,13,24,3.2,37,300,-0.22057487444731366,0.38463972978785443,-0.9744687448315084,0.5333189959368809,10 °C,7
2.8384937238493726,10,7,1,13,24,3.2,37,300,-0.223739067535559,0.3847707109036105,-0.9778896609066354,0.5304115258355175,10 °C,7
2.8518828451882845,10,7,1,13,24,3.2,37,300,-0.22690326062380362,0.3849034998274495,-0.9813141202856046,0.5275075990379974,10 °C,7
2.865271966527197,10,7,1,13,24,3.2,37,300,-0.23006745371204934,0.38503809468898353,-0.984742119302457,0.5246072118783585,10 °C,7
2.878661087866109,10,7,1,13,24,3.2,37,300,-0.23323164680029407,0.385174493595019,-0.9881736542465313,0.5217103606459431,10 °C,7
2.892050209205021,10,7,1,13,24,3.2,37,300,-0.23639583988853932,0.3853126946296858,-0.9916087213627235,0.5188170415856449,10 °C,7
2.9054393305439334,10,7,1,13,24,3.2,37,300,-0.23956003297678422,0.38545269585456676,-0.995047316851735,0.5159272508981666,10 °C,7
2.9188284518828453,10,7,1,13,24,3.2,37,300,-0.24272422606502927,0.38559449530882883,-0.9984894368703338,0.5130409847402752,10 °C,7
2.9322175732217577,10,7,1,13,24,3.2,37,300,-0.2458884191532746,0.3857380910093546,-1.0019350775316096,0.5101582392250603,10 °C,7
2.9456066945606696,10,7,1,13,24,3.2,37,300,-0.24905261224151945,0.3858834809508764,-1.005384234905237,0.5072790104221983,10 °C,7
2.958995815899582,10,7,1,13,24,3.2,37,300,-0.2522168053297648,0.38603066310611006,-1.0088369050177406,0.5044032943582109,10 °C,7
2.972384937238494,10,7,1,13,24,3.2,37,300,-0.25538099841800943,0.3861796354258913,-1.0122930838527564,0.5015310870167374,10 °C,7
2.985774058577406,10,7,1,13,24,3.2,37,300,-0.25854519150625516,0.38633039583931145,-1.0157527673513056,0.49866238433879523,10 °C,7
2.999163179916318,10,7,1,13,24,3.2,37,300,-0.26170938459449977,0.38648294225385593,-1.0192159514120573,0.4957971822230578,10 °C,7
3.0125523012552304,10,7,1,13,24,3.2,37,300,-0.2648735776827451,0.38663727255554287,-1.0226826318916091,0.4929354765261189,10 °C,7
3.0259414225941423,10,7,1,13,24,3.2,37,300,-0.26803777077098995,0.38679338460906293,-1.0261528046047532,0.4900772630627734,10 °C,7
3.0393305439330547,10,7,1,13,24,3.2,37,300,-0.2712019638592355,0.3869512762579201,-1.0296264653247589,0.4872225376062878,10 °C,7
3.0527196652719666,10,7,1,13,24,3.2,37,300,-0.27436615694748057,0.38711094532457424,-1.033103609783646,0.4843712958886849,10 °C,7
3.066108786610879,10,7,1,13,24,3.2,37,300,-0.27753035003572546,0.3872723896105832,-1.0365842336724684,0.48152353360101763,10 °C,7
3.079497907949791,10,7,1,13,24,3.2,37,300,-0.2806945431239707,0.38743560689674694,-1.0400683326415947,0.47867924639365333,10 °C,7
3.092887029288703,10,7,1,13,24,3.2,37,300,-0.28385873621221563,0.3876005949432527,-1.043555902300991,0.4758384298765597,10 °C,7
3.106276150627615,10,7,1,13,24,3.2,37,300,-0.28702292930046086,0.38776735148982033,-1.0470469382205088,0.473001079619587,10 °C,7
3.1196652719665274,10,7,1,13,24,3.2,37,300,-0.29018712238870575,0.38793587425584874,-1.0505414359301692,0.4701671911527578,10 °C,7
3.1330543933054393,10,7,1,13,24,3.2,37,300,-0.2933513154769511,0.38810616094056416,-1.0540393909204568,0.4673367599665546,10 °C,7
3.1464435146443517,10,7,1,13,24,3.2,37,300,-0.29651550856519593,0.3882782092231675,-1.0575407986426044,0.46450978151221245,10 °C,7
3.159832635983264,10,7,1,13,24,3.2,37,300,-0.29967970165344127,0.38845201676298474,-1.0610456545088913,0.4616862512020088,10 °C,7
3.173221757322176,10,7,1,13,24,3.2,37,300,-0.3028438947416864,0.388627581199616,-1.0645539538929336,0.45886616440956096,10 °C,7
3.1866108786610883,10,7,1,13,24,3.2,37,300,-0.3060080878299312,0.38880490015308644,-1.0680656921299807,0.4560495164701182,10 °C,7
3.2,10,7,1,13,24,3.2,37,300,-0.3091722809181765,0.3889839712239984,-1.0715808645172133,0.45323630268086035,10 °C,7
0,15,7,1,13,100,6.2069999999999945,37,300,-0.0228013359534215,0.38199558582082976,-0.7715126841622478,0.7259100122554049,15 °C,7
0.025970711297071108,15,7,1,13,100,6.2069999999999945,37,300,-0.020993559422039985,0.38176415885150117,-0.7692513107709822,0.7272641919269023,15 °C,7
0.051941422594142216,15,7,1,13,100,6.2069999999999945,37,300,-0.019185782890658695,0.38153506132576887,-0.7669945030891656,0.7286229373078483,15 °C,7
0.07791213389121332,15,7,1,13,100,6.2069999999999945,37,300,-0.017378006359277404,0.3813082974423593,-0.7647422693463016,0.7299862566277467,15 °C,7
0.10388284518828443,15,7,1,13,100,6.2069999999999945,37,300,-0.015570229827895667,0.38108387136717287,-0.7624946177075544,0.7313541580517631,15 °C,7
0.12985355648535554,15,7,1,13,100,6.2069999999999945,37,300,-0.013762453296514593,0.3808617872329302,-0.7602515562730577,0.7327266496800285,15 °C,7
0.15582426778242664,15,7,1,13,100,6.2069999999999945,37,300,-0.01195467676513331,0.38064204913882055,-0.7580130930772215,0.734103739546955,15 °C,7
0.18179497907949776,15,7,1,13,100,6.2069999999999945,37,300,-0.010146900233751545,0.3804246611501511,-0.7557792360880476,0.7354854356205446,15 °C,7
0.20776569037656886,15,7,1,13,100,6.2069999999999945,37,300,-0.008339123702370483,0.3802096272979986,-0.7535499932064478,0.7368717458017069,15 °C,7
0.23373640167363996,15,7,1,13,100,6.2069999999999945,37,300,-0.006531347170988756,0.37999695157886115,-0.7513253722655566,0.738262677923579,15 °C,7
0.2597071129707111,15,7,1,13,100,6.2069999999999945,37,300,-0.004723570639607449,0.3797866379543129,-0.7491053810300607,0.7396582397508458,15 °C,7
0.2856778242677822,15,7,1,13,100,6.2069999999999945,37,300,-0.0029157941082263877,0.3795786903506595,-0.746890027195519,0.7410584389790662,15 °C,7
0.3116485355648533,15,7,1,13,100,6.2069999999999945,37,300,-0.0011080175768446601,0.37937311265859647,-0.7446793183876937,0.7424632832340045,15 °C,7
0.3376192468619244,15,7,1,13,100,6.2069999999999945,37,300,6.997589545366463e-4,0.37916990873286743,-0.7424732621618835,0.7438727800709568,15 °C,7
0.36358995815899553,15,7,1,13,100,6.2069999999999945,37,300,0.002507535485917731,0.37896908239192595,-0.7402718660022571,0.7452869369740927,15 °C,7
0.3895606694560666,15,7,1,13,100,6.2069999999999945,37,300,0.004315312017299435,0.3787706374175994,-0.7380751373211955,0.7467057613557943,15 °C,7
0.4155313807531377,15,7,1,13,100,6.2069999999999945,37,300,0.006123088548680742,0.37857457755475243,-0.7358830834586341,0.7481292605559955,15 °C,7
0.44150209205020885,15,7,1,13,100,6.2069999999999945,37,300,0.007930865080062048,0.3783809065109557,-0.7336957116814111,0.7495574418415352,15 °C,7
0.4674728033472799,15,7,1,13,100,6.2069999999999945,37,300,0.00973864161144353,0.3781896279561546,-0.7315130291826194,0.7509903124055065,15 °C,7
0.49344351464435104,15,7,1,13,100,6.2069999999999945,37,300,0.011546418142824838,0.3780007455223405,-0.7293350430809624,0.7524278793666122,15 °C,7
0.5194142259414222,15,7,1,13,100,6.2069999999999945,37,300,0.013354194674206366,0.3778142628032251,-0.7271617604201148,0.7538701497685276,15 °C,7
0.5453849372384932,15,7,1,13,100,6.2069999999999945,37,300,0.015161971205587627,0.3776301833539161,-0.724993188168088,0.7553171305792632,15 °C,7
0.5713556485355644,15,7,1,13,100,6.2069999999999945,37,300,0.016969747736968934,0.37744851069059576,-0.7228293332165988,0.7567688286905366,15 °C,7
0.5973263598326355,15,7,1,13,100,6.2069999999999945,37,300,0.01877752426835046,0.37726924829020175,-0.720670202380445,0.7582252509171459,15 °C,7
0.6232970711297066,15,7,1,13,100,6.2069999999999945,37,300,0.020585300799731723,0.3770923995901107,-0.7185158023968852,0.7596864039963487,15 °C,7
0.6492677824267777,15,7,1,13,100,6.2069999999999945,37,300,0.022393077331113075,0.37691796798782357,-0.7163661399250211,0.7611522945872472,15 °C,7
0.6752384937238488,15,7,1,13,100,6.2069999999999945,37,300,0.024200853862494556,0.3767459568406554,-0.7142212215451901,0.7626229292701793,15 °C,7
0.7012092050209199,15,7,1,13,100,6.2069999999999945,37,300,0.02600863039387604,0.3765763694654255,-0.712081053758358,0.76409831454611,15 °C,7
0.7271799163179911,15,7,1,13,100,6.2069999999999945,37,300,0.027816406925257282,0.37640920913815185,-0.7099456429855203,0.765578456836035,15 °C,7
0.7531506276150621,15,7,1,13,100,6.2069999999999945,37,300,0.029624183456638652,0.37624447909374803,-0.7078149955671075,0.7670633624803848,15 °C,7
0.7791213389121332,15,7,1,13,100,6.2069999999999945,37,300,0.03143195998802013,0.3760821825257232,-0.7056891177623972,0.7685530377384375,15 °C,7
0.8050920502092044,15,7,1,13,100,6.2069999999999945,37,300,0.0332397365194016,0.37592232258588404,-0.7035680157489311,0.7700474887877343,15 °C,7
0.8310627615062754,15,7,1,13,100,6.2069999999999945,37,300,0.03504751305078297,0.3757649023840415,-0.7014516956219382,0.7715467217235042,15 °C,7
0.8570334728033465,15,7,1,13,100,6.2069999999999945,37,300,0.03685528958216423,0.3756099249877186,-0.6993401633937643,0.7730507425580927,15 °C,7
0.8830041841004177,15,7,1,13,100,6.2069999999999945,37,300,0.0386630661135457,0.3754573934218631,-0.6972334249933059,0.7745595572203974,15 °C,7
0.9089748953974888,15,7,1,13,100,6.2069999999999945,37,300,0.04047084264492706,0.3753073106685617,-0.6951314862654538,0.776073171555308,15 °C,7
0.9349456066945598,15,7,1,13,100,6.2069999999999945,37,300,0.042278619176308326,0.3751596796667595,-0.6930343529705403,0.777591591323157,15 °C,7
0.960916317991631,15,7,1,13,100,6.2069999999999945,37,300,0.04408639570769001,0.37501450331198055,-0.6909420307837918,0.7791148221991718,15 °C,7
0.9868870292887021,15,7,1,13,100,6.2069999999999945,37,300,0.045894172239071274,0.3748717844560538,-0.6888545252947942,0.7806428697729366,15 °C,7
1.0128577405857733,15,7,1,13,100,6.2069999999999945,37,300,0.047701948770452404,0.37473152590684067,-0.6867718420069553,0.7821757395478601,15 °C,7
1.0388284518828443,15,7,1,13,100,6.2069999999999945,37,300,0.04950972530183411,0.37459373042796773,-0.6846939863369826,0.7837134369406508,15 °C,7
1.0647991631799154,15,7,1,13,100,6.2069999999999945,37,300,0.051317501833215366,0.37445840073856196,-0.6826209636143661,0.7852559672807968,15 °C,7
1.0907698744769865,15,7,1,13,100,6.2069999999999945,37,300,0.05312527836459674,0.3743255395129892,-0.6805527790808621,0.7868033358100555,15 °C,7
1.1167405857740575,15,7,1,13,100,6.2069999999999945,37,300,0.054933054895978224,0.3741951493805981,-0.678489437889994,0.7883555476819505,15 °C,7
1.1427112970711288,15,7,1,13,100,6.2069999999999945,37,300,0.056740831427359355,0.3740672329254655,-0.6764309451065531,0.7899126079612717,15 °C,7
1.1686820083682,15,7,1,13,100,6.2069999999999945,37,300,0.05854860795874115,0.3739417926861471,-0.6743773057061071,0.7914745216235894,15 °C,7
1.194652719665271,15,7,1,13,100,6.2069999999999945,37,300,0.060356384490122296,0.3738188311554314,-0.6723285245745233,0.7930412935547678,15 °C,7
1.220623430962342,15,7,1,13,100,6.2069999999999945,37,300,0.06216416102150345,0.37369835078009794,-0.6702846065074884,0.7946129285504954,15 °C,7
1.2465941422594131,15,7,1,13,100,6.2069999999999945,37,300,0.06397193755288515,0.3735803539606786,-0.668245556210045,0.7961894313158152,15 °C,7
1.2725648535564842,15,7,1,13,100,6.2069999999999945,37,300,0.06577971408426642,0.373464843051224,-0.6662113782961326,0.7977708064646655,15 °C,7
1.2985355648535555,15,7,1,13,100,6.2069999999999945,37,300,0.06758749061564785,0.37335182035907294,-0.6641820772881352,0.7993570585194308,15 °C,7
1.3245062761506265,15,7,1,13,100,6.2069999999999945,37,300,0.06939526714702934,0.37324128814462654,-0.6621576576164386,0.8009481919104974,15 °C,7
1.3504769874476976,15,7,1,13,100,6.2069999999999945,37,300,0.07120304367841049,0.3731332486211266,-0.6601381236189977,0.8025442109758186,15 °C,7
1.3764476987447687,15,7,1,13,100,6.2069999999999945,37,300,0.07301082020979219,0.37302770395443735,-0.658123479540905,0.8041451199604894,15 °C,7
1.4024184100418398,15,7,1,13,100,6.2069999999999945,37,300,0.07481859674117335,0.37292465626283283,-0.6561137295339791,0.8057509230163257,15 °C,7
1.4283891213389108,15,7,1,13,100,6.2069999999999945,37,300,0.07662637327255482,0.37282410761678647,-0.6541088776563466,0.8073616242014563,15 °C,7
1.4543598326359821,15,7,1,13,100,6.2069999999999945,37,300,0.07843414980393616,0.3727260600387676,-0.6521089278720484,0.8089772274799207,15 °C,7
1.4803305439330532,15,7,1,13,100,6.2069999999999945,37,300,0.08024192633531753,0.37263051550304027,-0.6501138840506413,0.8105977367212764,15 °C,7
1.5063012552301243,15,7,1,13,100,6.2069999999999945,37,300,0.0820497028666988,0.3725374759354669,-0.6481237499668163,0.8122231557002139,15 °C,7
1.5322719665271953,15,7,1,13,100,6.2069999999999945,37,300,0.08385747939808028,0.3724469432133177,-0.6461385293000225,0.8138534880961831,15 °C,7
1.5582426778242664,15,7,1,13,100,6.2069999999999945,37,300,0.08566525592946142,0.3723589191650828,-0.6441582256341009,0.8154887374930236,15 °C,7
1.5842133891213375,15,7,1,13,100,6.2069999999999945,37,300,0.08747303246084324,0.3722734055702901,-0.6421828424569254,0.8171289073786119,15 °C,7
1.6101841004184088,15,7,1,13,100,6.2069999999999945,37,300,0.08928080899222435,0.3721904041593271,-0.6402123831600567,0.8187740011445054,15 °C,7
1.6361548117154798,15,7,1,13,100,6.2069999999999945,37,300,0.09108858552360584,0.3721099166132683,-0.6382468510384,0.8204240220856117,15 °C,7
1.662125523012551,15,7,1,13,100,6.2069999999999945,37,300,0.0928963620549871,0.3720319445637059,-0.6362862492898765,0.8220789733998507,15 °C,7
1.688096234309622,15,7,1,13,100,6.2069999999999945,37,300,0.09470413858636857,0.3719564895925863,-0.6343305810151005,0.8237388581878378,15 °C,7
1.714066945606693,15,7,1,13,100,6.2069999999999945,37,300,0.09651191511774984,0.37188355323205124,-0.6323798492170706,0.8254036794525702,15 °C,7
1.7400376569037643,15,7,1,13,100,6.2069999999999945,37,300,0.0983196916491311,0.371813136964283,-0.6304340568008635,0.8270734400991258,15 °C,7
1.7660083682008354,15,7,1,13,100,6.2069999999999945,37,300,0.10012746818051299,0.37174524222135513,-0.6284932065733431,0.828748142934369,15 °C,7
1.7919790794979065,15,7,1,13,100,6.2069999999999945,37,300,0.10193524471189425,0.3716798703850884,-0.6265573012428789,0.8304277906666675,15 °C,7
1.8179497907949775,15,7,1,13,100,6.2069999999999945,37,300,0.1037430212432755,0.37161702278690983,-0.6246263434190678,0.8321123859056188,15 °C,7
1.8439205020920486,15,7,1,13,100,6.2069999999999945,37,300,0.10555079777465717,0.37155670070771957,-0.6227003356124732,0.8338019311617875,15 °C,7
1.8698912133891197,15,7,1,13,100,6.2069999999999945,37,300,0.10735857430603847,0.3714989053777598,-0.6207792802343708,0.8354964288464477,15 °C,7
1.895861924686191,15,7,1,13,100,6.2069999999999945,37,300,0.1091663508374197,0.3714436379764907,-0.6188631795965022,0.8371958812713415,15 °C,7
1.921832635983262,15,7,1,13,100,6.2069999999999945,37,300,0.11097412736880118,0.37139089963246996,-0.6169520359108399,0.8389002906484423,15 °C,7
1.947803347280333,15,7,1,13,100,6.2069999999999945,37,300,0.11278190390018243,0.37134069142323894,-0.615045851289366,0.8406096590897307,15 °C,7
1.9737740585774042,15,7,1,13,100,6.2069999999999945,37,300,0.11458968043156392,0.37129301437521217,-0.6131446277438519,0.8423239886069798,15 °C,7
1.9997447698744752,15,7,1,13,100,6.2069999999999945,37,300,0.11639745696294518,0.37124786946357363,-0.6112483671856592,0.8440432811115495,15 °C,7
2.0257154811715465,15,7,1,13,100,6.2069999999999945,37,300,0.11820523349432663,0.3712052576121764,-0.6093570714255391,0.8457675384141924,15 °C,7
2.0516861924686176,15,7,1,13,100,6.2069999999999945,37,300,0.12001301002570788,0.3711651796934492,-0.6074707421734525,0.8474967622248682,15 °C,7
2.0776569037656887,15,7,1,13,100,6.2069999999999945,37,300,0.12182078655708937,0.3711276365283073,-0.605589381038393,0.8492309541525718,15 °C,7
2.1036276150627597,15,7,1,13,100,6.2069999999999945,37,300,0.12362856308847085,0.371092628886068,-0.6037129895282224,0.850970115705164,15 °C,7
2.129598326359831,15,7,1,13,100,6.2069999999999945,37,300,0.12543633961985212,0.37106015748437216,-0.6018415690495172,0.8527142482892215,15 °C,7
2.155569037656902,15,7,1,13,100,6.2069999999999945,37,300,0.12724411615123338,0.37103022298911154,-0.5999751209074253,0.854463353209892,15 °C,7
2.181539748953973,15,7,1,13,100,6.2069999999999945,37,300,0.12905189268261508,0.37100282601435974,-0.59811364630553,0.8562174316707601,15 °C,7
2.207510460251044,15,7,1,13,100,6.2069999999999945,37,300,0.13085966921399633,0.37097796712230935,-0.59625714634573,0.8579764847737226,15 °C,7
2.233481171548115,15,7,1,13,100,6.2069999999999945,37,300,0.1326674457453778,0.37095564682321513,-0.5944056220281239,0.8597405135188795,15 °C,7
2.259451882845186,15,7,1,13,100,6.2069999999999945,37,300,0.13447522227675926,0.3709358655753408,-0.5925590742509087,0.8615095188044272,15 °C,7
2.2854225941422577,15,7,1,13,100,6.2069999999999945,37,300,0.1362829988081403,0.3709186237849121,-0.5907175038102873,0.863283501426568,15 °C,7
2.3113933054393287,15,7,1,13,100,6.2069999999999945,37,300,0.13809077533952158,0.370903921806076,-0.5888809114003875,0.8650624620794305,15 °C,7
2.3373640167364,15,7,1,13,100,6.2069999999999945,37,300,0.13989855187090322,0.37089175994086326,-0.5870492976131887,0.8668464013549952,15 °C,7
2.363334728033471,15,7,1,13,100,6.2069999999999945,37,300,0.14170632840228473,0.37088213843915796,-0.5852226629384649,0.8686353197430343,15 °C,7
2.389305439330542,15,7,1,13,100,6.2069999999999945,37,300,0.14351410493366598,0.37087505749867183,-0.5834010077637308,0.8704292176310628,15 °C,7
2.415276150627613,15,7,1,13,100,6.2069999999999945,37,300,0.14532188146504746,0.3708705172649239,-0.5815843323742035,0.8722280953042983,15 °C,7
2.441246861924684,15,7,1,13,100,6.2069999999999945,37,300,0.1471296579964285,0.3708685178312254,-0.5797726369527733,0.8740319529456303,15 °C,7
2.467217573221755,15,7,1,13,100,6.2069999999999945,37,300,0.1489374345278104,0.37086905923867014,-0.577965921579983,0.8758407906356038,15 °C,7
2.4931882845188262,15,7,1,13,100,6.2069999999999945,37,300,0.15074521105919145,0.3708721414761308,-0.5761641862340249,0.8776546083524078,15 °C,7
2.5191589958158973,15,7,1,13,100,6.2069999999999945,37,300,0.15255298759057276,0.3708777644802593,-0.5743674307907354,0.879473405971881,15 °C,7
2.5451297071129684,15,7,1,13,100,6.2069999999999945,37,300,0.15436076412195465,0.37088592813549415,-0.5725756550236138,0.8812971832675232,15 °C,7
2.57110041841004,15,7,1,13,100,6.2069999999999945,37,300,0.15616854065333588,0.37089663227407144,-0.5707888586038441,0.8831259399105158,15 °C,7
2.597071129707111,15,7,1,13,100,6.2069999999999945,37,300,0.15797631718471708,0.37090987667604275,-0.5690070411003267,0.8849596754697608,15 °C,7
2.623041841004182,15,7,1,13,100,6.2069999999999945,37,300,0.15978409371609853,0.3709256610692974,-0.5672302019797244,0.8867983894119214,15 °C,7
2.649012552301253,15,7,1,13,100,6.2069999999999945,37,300,0.16159187024748006,0.3709439851295908,-0.5654583406065179,0.8886420811014781,15 °C,7
2.674983263598324,15,7,1,13,100,6.2069999999999945,37,300,0.16339964677886173,0.37096484848057687,-0.5636914562430689,0.8904907498007925,15 °C,7
2.7009539748953952,15,7,1,13,100,6.2069999999999945,37,300,0.16520742331024257,0.37098825069384783,-0.5619295480496991,0.8923443946701843,15 °C,7
2.7269246861924663,15,7,1,13,100,6.2069999999999945,37,300,0.16701519984162366,0.3710141912889774,-0.5601726150847721,0.8942030147680193,15 °C,7
2.7528953974895374,15,7,1,13,100,6.2069999999999945,37,300,0.1688229763730053,0.37104266973357,-0.5584206563047918,0.8960666090508025,15 °C,7
2.7788661087866084,15,7,1,13,100,6.2069999999999945,37,300,0.17063075290438662,0.37107368544331587,-0.5566736705645126,0.8979351763732857,15 °C,7
2.8048368200836795,15,7,1,13,100,6.2069999999999945,37,300,0.17243852943576807,0.37110723778205057,-0.554931656617051,0.8998087154885872,15 °C,7
2.8308075313807506,15,7,1,13,100,6.2069999999999945,37,300,0.17424630596714952,0.3711433260618201,-0.5531946131140179,0.9016872250483169,15 °C,7
2.8567782426778217,15,7,1,13,100,6.2069999999999945,37,300,0.17605408249853102,0.37118194954295153,-0.551462538605654,0.9035707036027161,15 °C,7
2.882748953974893,15,7,1,13,100,6.2069999999999945,37,300,0.17786185902991203,0.3712231074341287,-0.5497354315409801,0.9054591496008042,15 °C,7
2.9087196652719642,15,7,1,13,100,6.2069999999999945,37,300,0.1796696355612937,0.3712667988924725,-0.5480132902679524,0.9073525613905398,15 °C,7
2.9346903765690353,15,7,1,13,100,6.2069999999999945,37,300,0.1814774120926752,0.37131302302362795,-0.5462961130336356,0.909250937218986,15 °C,7
2.9606610878661064,15,7,1,13,100,6.2069999999999945,37,300,0.18328518862405666,0.3713617788818547,-0.5445838979843786,0.9111542752324918,15 °C,7
2.9866317991631774,15,7,1,13,100,6.2069999999999945,37,300,0.1850929651554381,0.3714130654701237,-0.5428766431660044,0.9130625734768805,15 °C,7
3.0126025104602485,15,7,1,13,100,6.2069999999999945,37,300,0.1869007416868192,0.37146688174021897,-0.54117434652401,0.9149758298976483,15 °C,7
3.0385732217573196,15,7,1,13,100,6.2069999999999945,37,300,0.18870851821820062,0.3715232265928443,-0.5394770059037741,0.9168940423401755,15 °C,7
3.0645439330543907,15,7,1,13,100,6.2069999999999945,37,300,0.19051629474958215,0.37158209887773486,-0.5377846190507782,0.9188172085499424,15 °C,7
3.0905146443514617,15,7,1,13,100,6.2069999999999945,37,300,0.1923240712809636,0.371643497393774,-0.5360971836108334,0.9207453261727606,15 °C,7
3.116485355648533,15,7,1,13,100,6.2069999999999945,37,300,0.19413184781234466,0.37170742088911557,-0.5344146971303219,0.9226783927550111,15 °C,7
3.142456066945604,15,7,1,13,100,6.2069999999999945,37,300,0.1959396243437262,0.3717738680613105,-0.5327371570564423,0.9246164057438948,15 °C,7
3.168426778242675,15,7,1,13,100,6.2069999999999945,37,300,0.19774740087510764,0.37184283755743897,-0.5310645607374727,0.926559362487688,15 °C,7
3.1943974895397464,15,7,1,13,100,6.2069999999999945,37,300,0.19955517740648862,0.3719143279742472,-0.5293969054230359,0.9285072602360132,15 °C,7
3.2203682008368175,15,7,1,13,100,6.2069999999999945,37,300,0.20136295393787007,0.37198833785828883,-0.527734188264376,0.9304600961401162,15 °C,7
3.2463389121338886,15,7,1,13,100,6.2069999999999945,37,300,0.20317073046925196,0.3720648657060723,-0.5260764063146497,0.9324178672531536,15 °C,7
3.2723096234309597,15,7,1,13,100,6.2069999999999945,37,300,0.20497850700063305,0.37214390996421176,-0.524423556529222,0.9343805705304881,15 °C,7
3.2982803347280307,15,7,1,13,100,6.2069999999999945,37,300,0.20678628353201411,0.372225469029584,-0.5227756357659704,0.9363482028299986,15 °C,7
3.324251046025102,15,7,1,13,100,6.2069999999999945,37,300,0.20859406006339556,0.37230954124948873,-0.5211326407856024,0.9383207609123935,15 °C,7
3.350221757322173,15,7,1,13,100,6.2069999999999945,37,300,0.2104018365947771,0.3723961249218155,-0.5194945682519813,0.9402982414415354,15 °C,7
3.376192468619244,15,7,1,13,100,6.2069999999999945,37,300,0.21220961312615852,0.37248521829521336,-0.5178614147324597,0.9422806409847767,15 °C,7
3.402163179916315,15,7,1,13,100,6.2069999999999945,37,300,0.2140173896575404,0.3725768195692663,-0.5162331766982216,0.9442679560133023,15 °C,7
3.428133891213386,15,7,1,13,100,6.2069999999999945,37,300,0.2158251661889215,0.3726709268946736,-0.5146098505246388,0.9462601829024817,15 °C,7
3.454104602510457,15,7,1,13,100,6.2069999999999945,37,300,0.21763294272030295,0.3727675383734337,-0.512991432491627,0.948257317932233,15 °C,7
3.4800753138075287,15,7,1,13,100,6.2069999999999945,37,300,0.219440719251684,0.3728666520590331,-0.5113779187840208,0.9502593572873888,15 °C,7
3.5060460251045997,15,7,1,13,100,6.2069999999999945,37,300,0.22124849578306502,0.37296826595664084,-0.509769305491951,0.9522662970580811,15 °C,7
3.532016736401671,15,7,1,13,100,6.2069999999999945,37,300,0.2230562723144469,0.37307237802330473,-0.5081655886112303,0.9542781332401241,15 °C,7
3.557987447698742,15,7,1,13,100,6.2069999999999945,37,300,0.22486404884582842,0.3731789861681554,-0.5065667640437562,0.9562948617354131,15 °C,7
3.583958158995813,15,7,1,13,100,6.2069999999999945,37,300,0.22667182537720987,0.3732880882526118,-0.5049728275979092,0.9583164783523289,15 °C,7
3.609928870292884,15,7,1,13,100,6.2069999999999945,37,300,0.22847960190859132,0.37339968209059243,-0.5033837749889699,0.9603429788061525,15 °C,7
3.635899581589955,15,7,1,13,100,6.2069999999999945,37,300,0.23028737843997238,0.3735137654487317,-0.5017996018395418,0.9623743587194865,15 °C,7
3.661870292887026,15,7,1,13,100,6.2069999999999945,37,300,0.23209515497135427,0.3736303360465974,-0.5002203036799766,0.9644106136226851,15 °C,7
3.687841004184097,15,7,1,13,100,6.2069999999999945,37,300,0.23390293150273572,0.3737493915569162,-0.4986458759488201,0.9664517389542915,15 °C,7
3.7138117154811683,15,7,1,13,100,6.2069999999999945,37,300,0.23571070803411642,0.37387092960580065,-0.4970763139932528,0.9684977300614857,15 °C,7
3.7397824267782394,15,7,1,13,100,6.2069999999999945,37,300,0.23751848456549787,0.3739949477729808,-0.4955116130695445,0.9705485822005402,15 °C,7
3.7657531380753104,15,7,1,13,100,6.2069999999999945,37,300,0.2393262610968794,0.3741214435920404,-0.49395176834351984,0.9726042905372786,15 °C,7
3.791723849372382,15,7,1,13,100,6.2069999999999945,37,300,0.24113403762826077,0.37425041455065716,-0.4923967748910272,0.9746648501475488,15 °C,7
3.817694560669453,15,7,1,13,100,6.2069999999999945,37,300,0.24294181415964222,0.37438185809084507,-0.49084662769841414,0.9767302560176986,15 °C,7
3.843665271966524,15,7,1,13,100,6.2069999999999945,37,300,0.24474959069102373,0.37451577160920363,-0.4893013216630153,0.9788005030450628,15 °C,7
3.869635983263595,15,7,1,13,100,6.2069999999999945,37,300,0.24655736722240518,0.3746521524571686,-0.48776085159364524,0.9808755860384556,15 °C,7
3.895606694560666,15,7,1,13,100,6.2069999999999945,37,300,0.24836514375378624,0.3747909979412663,-0.4862252122110957,0.9829554997186682,15 °C,7
3.9215774058577373,15,7,1,13,100,6.2069999999999945,37,300,0.25017292028516736,0.37493230532337396,-0.48469439814864557,0.9850402387189803,15 °C,7
3.9475481171548084,15,7,1,13,100,6.2069999999999945,37,300,0.2519806968165492,0.3750760718209813,-0.4831684039525741,0.9871297975856725,15 °C,7
3.9735188284518794,15,7,1,13,100,6.2069999999999945,37,300,0.25378847334793064,0.37522229460745604,-0.48164722408268323,0.9892241707785445,15 °C,7
3.9994895397489505,15,7,1,13,100,6.2069999999999945,37,300,0.25559624987931173,0.375370970812315,-0.48013085291282565,0.9913233526714491,15 °C,7
4.025460251046022,15,7,1,13,100,6.2069999999999945,37,300,0.25740402641069354,0.375522097521496,-0.4786192847314386,0.9934273375528258,15 °C,7
4.051430962343093,15,7,1,13,100,6.2069999999999945,37,300,0.2592118029420751,0.3756756717776339,-0.47711251374208735,0.9955361196262376,15 °C,7
4.077401673640164,15,7,1,13,100,6.2069999999999945,37,300,0.2610195794734557,0.3758316905803419,-0.4756105340640144,0.9976496930109258,15 °C,7
4.103372384937235,15,7,1,13,100,6.2069999999999945,37,300,0.2628273560048376,0.3759901508864928,-0.47411333973268827,0.9997680517423635,15 °C,7
4.129343096234306,15,7,1,13,100,6.2069999999999945,37,300,0.2646351325362191,0.37615104961050694,-0.4726209247003745,1.0018911897728127,15 °C,7
4.155313807531377,15,7,1,13,100,6.2069999999999945,37,300,0.26644290906760054,0.3763143836246407,-0.47113328283669526,1.0040191009718964,15 °C,7
4.181284518828448,15,7,1,13,100,6.2069999999999945,37,300,0.2682506855989812,0.3764801497592788,-0.46965040792920526,1.0061517791271677,15 °C,7
4.2072552301255195,15,7,1,13,100,6.2069999999999945,37,300,0.27005846213036305,0.37664834480323073,-0.4681722936839691,1.0082892179446952,15 °C,7
4.233225941422591,15,7,1,13,100,6.2069999999999945,37,300,0.27186623866174453,0.3768189655040286,-0.46669893372615157,1.0104314110496406,15 °C,7
4.259196652719662,15,7,1,13,100,6.2069999999999945,37,300,0.27367401519312606,0.3769920085682295,-0.46523032160060374,1.0125783519868559,15 °C,7
4.285167364016733,15,7,1,13,100,6.2069999999999945,37,300,0.2754817917245075,0.3771674706617184,-0.4637664507724606,1.0147300342214756,15 °C,7
4.311138075313804,15,7,1,13,100,6.2069999999999945,37,300,0.2772895682558886,0.377345348410017,-0.46230731462774466,1.0168864511395217,15 °C,7
4.337108786610875,15,7,1,13,100,6.2069999999999945,37,300,0.27909734478727044,0.37752563839859227,-0.46085290647397037,1.0190475960485113,15 °C,7
4.363079497907946,15,7,1,13,100,6.2069999999999945,37,300,0.28090512131865153,0.37770833717316965,-0.459403219540761,1.0212134621780642,15 °C,7
4.389050209205017,15,7,1,13,100,6.2069999999999945,37,300,0.28271289785003334,0.37789344124004787,-0.45795824698046045,1.0233840426805272,15 °C,7
4.415020920502088,15,7,1,13,100,6.2069999999999945,37,300,0.28452067438141404,0.37808094706641715,-0.4565179818687636,1.0255593306315918,15 °C,7
4.440991631799159,15,7,1,13,100,6.2069999999999945,37,300,0.2863284509127947,0.37827085108067876,-0.4550824172053357,1.0277393190309252,15 °C,7
4.46696234309623,15,7,1,13,100,6.2069999999999945,37,300,0.288136227444177,0.37846314967276756,-0.45365154591444745,1.0299240008028014,15 °C,7
4.492933054393301,15,7,1,13,100,6.2069999999999945,37,300,0.2899440039755581,0.3786578391944777,-0.45222536084561826,1.0321133687967343,15 °C,7
4.518903765690372,15,7,1,13,100,6.2069999999999945,37,300,0.2917517805069399,0.37885491595978904,-0.4508038547742466,1.0343074157881265,15 °C,7
4.544874476987444,15,7,1,13,100,6.2069999999999945,37,300,0.29355955703832093,0.37905437624519694,-0.4493870204022651,1.0365061344789068,15 °C,7
4.570845188284515,15,7,1,13,100,6.2069999999999945,37,300,0.29536733356970196,0.3792562162900438,-0.44797485035878387,1.0387095174981877,15 °C,7
4.596815899581586,15,7,1,13,100,6.2069999999999945,37,300,0.2971751101010839,0.3794604322968525,-0.44656733720074704,1.0409175574029148,15 °C,7
4.6227866108786575,15,7,1,13,100,6.2069999999999945,37,300,0.29898288663246453,0.37966702043166284,-0.44516447341359466,1.0431302466785237,15 °C,7
4.648757322175729,15,7,1,13,100,6.2069999999999945,37,300,0.3007906631638468,0.37987597682436797,-0.44376625141191445,1.045347577739608,15 °C,7
4.6747280334728,15,7,1,13,100,6.2069999999999945,37,300,0.30259843969522826,0.3800872975690549,-0.4423726635401194,1.0475695429305758,15 °C,7
4.700698744769871,15,7,1,13,100,6.2069999999999945,37,300,0.30440621622660974,0.3803009787243463,-0.44098370207310905,1.0497961345263285,15 °C,7
4.726669456066942,15,7,1,13,100,6.2069999999999945,37,300,0.3062139927579908,0.380517016313742,-0.43959935921694354,1.0520273447329251,15 °C,7
4.752640167364013,15,7,1,13,100,6.2069999999999945,37,300,0.30802176928937225,0.3807354063259657,-0.4382196271095205,1.054263165688265,15 °C,7
4.778610878661084,15,7,1,13,100,6.2069999999999945,37,300,0.3098295458207538,0.3809561447153102,-0.4368444978212542,1.0565035894627617,15 °C,7
4.804581589958155,15,7,1,13,100,6.2069999999999945,37,300,0.31163732235213437,0.38117922740198623,-0.4354739633557586,1.0587486080600272,15 °C,7
4.830552301255226,15,7,1,13,100,6.2069999999999945,37,300,0.3134450988835163,0.38140465027247183,-0.43410801565052853,1.060998213417561,15 °C,7
4.856523012552297,15,7,1,13,100,6.2069999999999945,37,300,0.3152528754148974,0.3816324091798634,-0.4327466465776349,1.0632523974074297,15 °C,7
4.882493723849368,15,7,1,13,100,6.2069999999999945,37,300,0.3170606519462788,0.38186249994422766,-0.43138984794440743,1.065511151836965,15 °C,7
4.908464435146439,15,7,1,13,100,6.2069999999999945,37,300,0.31886842847766034,0.38209491835295656,-0.4300376114941345,1.0677744684494552,15 °C,7
4.93443514644351,15,7,1,13,100,6.2069999999999945,37,300,0.3206762050090426,0.3823296601611214,-0.4286899289067554,1.0700423389248406,15 °C,7
4.960405857740581,15,7,1,13,100,6.2069999999999945,37,300,0.32248398154042324,0.38256672109182893,-0.4273467917995615,1.072314754880408,15 °C,7
4.9863765690376525,15,7,1,13,100,6.2069999999999945,37,300,0.3242917580718047,0.382806096836579,-0.4260081917278901,1.0745917078714995,15 °C,7
5.0123472803347235,15,7,1,13,100,6.2069999999999945,37,300,0.3260995346031858,0.38304778305562365,-0.42467412018583656,1.076873189392208,15 °C,7
5.038317991631795,15,7,1,13,100,6.2069999999999945,37,300,0.3279073111345669,0.3832917753783256,-0.4233445686069513,1.0791591908760851,15 °C,7
5.064288702928866,15,7,1,13,100,6.2069999999999945,37,300,0.3297150876659487,0.383538069403518,-0.4220195283649465,1.081449703696844,15 °C,7
5.090259414225937,15,7,1,13,100,6.2069999999999945,37,300,0.33152286419733024,0.38378666069986783,-0.42069899077441075,1.0837447191690712,15 °C,7
5.116230125523008,15,7,1,13,100,6.2069999999999945,37,300,0.3333306407287125,0.38403754480623614,-0.4193829470915103,1.0860442285489353,15 °C,7
5.14220083682008,15,7,1,13,100,6.2069999999999945,37,300,0.3351384172600927,0.38429071723204145,-0.41807138851470854,1.088348223034894,15 °C,7
5.168171548117151,15,7,1,13,100,6.2069999999999945,37,300,0.3369461937914737,0.38454617345762315,-0.41676430618546767,1.0906566937684152,15 °C,7
5.194142259414222,15,7,1,13,100,6.2069999999999945,37,300,0.33875397032285554,0.3848039089346061,-0.4154616911889724,1.0929696318346835,15 °C,7
5.220112970711293,15,7,1,13,100,6.2069999999999945,37,300,0.3405617468542366,0.3850639190862648,-0.4141635345548424,1.0952870282633156,15 °C,7
5.246083682008364,15,7,1,13,100,6.2069999999999945,37,300,0.3423695233856189,0.38532619930788886,-0.41286982725784327,1.097608874029081,15 °C,7
5.272054393305435,15,7,1,13,100,6.2069999999999945,37,300,0.3441772999170004,0.38559074496714907,-0.4115805602186118,1.0999351600526126,15 °C,7
5.298025104602506,15,7,1,13,100,6.2069999999999945,37,300,0.34598507644838195,0.3858575514044628,-0.4102957243043651,1.1022658772011291,15 °C,7
5.323995815899577,15,7,1,13,100,6.2069999999999945,37,300,0.3477928529797626,0.3861266139333613,-0.40901531032962546,1.1046010162891506,15 °C,7
5.349966527196648,15,7,1,13,100,6.2069999999999945,37,300,0.3496006295111444,0.38639792784085564,-0.4077393090569326,1.1069405680792215,15 °C,7
5.375937238493719,15,7,1,13,100,6.2069999999999945,37,300,0.35140840604252543,0.386671488387804,-0.4064677111975704,1.1092845232826214,15 °C,7
5.4019079497907905,15,7,1,13,100,6.2069999999999945,37,300,0.3532161825739065,0.38694729080927914,-0.40520050741228053,1.1116328725600937,15 °C,7
5.4278786610878615,15,7,1,13,100,6.2069999999999945,37,300,0.35502395910528806,0.3872253303149354,-0.4039376883119853,1.1139856065225615,15 °C,7
5.453849372384933,15,7,1,13,100,6.2069999999999945,37,300,0.3568317356366687,0.3875056020893752,-0.40267924445850667,1.116342715731844,15 °C,7
5.479820083682004,15,7,1,13,100,6.2069999999999945,37,300,0.3586395121680505,0.38778810129251834,-0.4014251663652854,1.1187041907013864,15 °C,7
5.505790794979075,15,7,1,13,100,6.2069999999999945,37,300,0.36044728869943243,0.3880728230599668,-0.4001754444981025,1.1210700218969674,15 °C,7
5.531761506276146,15,7,1,13,100,6.2069999999999945,37,300,0.3622550652308143,0.3883597625033734,-0.39893006927579755,1.1234401997374261,15 °C,7
5.557732217573217,15,7,1,13,100,6.2069999999999945,37,300,0.36406284176219506,0.3886489147108088,-0.3976890310709902,1.1258147145953803,15 °C,7
5.583702928870288,15,7,1,13,100,6.2069999999999945,37,300,0.36587061829357687,0.3889402747471277,-0.3964523202107934,1.128193556797947,15 °C,7
5.609673640167359,15,7,1,13,100,6.2069999999999945,37,300,0.36767839482495795,0.3892338376543355,-0.39521992697753966,1.1305767166274556,15 °C,7
5.63564435146443,15,7,1,13,100,6.2069999999999945,37,300,0.3694861713563386,0.38952959845195373,-0.3939918416094907,1.1329641843221678,15 °C,7
5.661615062761501,15,7,1,13,100,6.2069999999999945,37,300,0.37129394788772085,0.38982755213738796,-0.3927680543015595,1.1353559500770012,15 °C,7
5.687585774058572,15,7,1,13,100,6.2069999999999945,37,300,0.37310172441910233,0.39012769368629047,-0.391548555206027,1.1377520040442317,15 °C,7
5.713556485355643,15,7,1,13,100,6.2069999999999945,37,300,0.37490950095048386,0.3904300180529268,-0.39033333443325263,1.1401523363342203,15 °C,7
5.739527196652714,15,7,1,13,100,6.2069999999999945,37,300,0.3767172774818645,0.3907345201705401,-0.3891223820523941,1.142556937016123,15 °C,7
5.765497907949786,15,7,1,13,100,6.2069999999999945,37,300,0.3785250540132459,0.391041194951714,-0.38791568809211363,1.1449657961186053,15 °C,7
5.791468619246857,15,7,1,13,100,6.2069999999999945,37,300,0.3803328305446277,0.39135003728873596,-0.38671324254129474,1.1473789036305502,15 °C,7
5.8174393305439285,15,7,1,13,100,6.2069999999999945,37,300,0.3821406070760088,0.3916610420539607,-0.3855150353497541,1.1497962495017717,15 °C,7
5.8434100418409995,15,7,1,13,100,6.2069999999999945,37,300,0.3839483836073903,0.39197420410017064,-0.38432105642894415,1.1522178236437248,15 °C,7
5.869380753138071,15,7,1,13,100,6.2069999999999945,37,300,0.3857561601387718,0.39228951826093816,-0.383131295652667,1.1546436159302105,15 °C,7
5.895351464435142,15,7,1,13,100,6.2069999999999945,37,300,0.3875639366701536,0.3926069793509839,-0.3819457428577748,1.157073616198082,15 °C,7
5.921322175732213,15,7,1,13,100,6.2069999999999945,37,300,0.3893717132015347,0.39292658216653875,-0.38076438784488126,1.1595078142479507,15 °C,7
5.947292887029284,15,7,1,13,100,6.2069999999999945,37,300,0.39117948973291694,0.39324832148569966,-0.37958722037905435,1.1619461998448881,15 °C,7
5.973263598326355,15,7,1,13,100,6.2069999999999945,37,300,0.3929872662642976,0.39357219206878846,-0.3784142301905278,1.164388762719123,15 °C,7
5.999234309623426,15,7,1,13,100,6.2069999999999945,37,300,0.3947950427956779,0.3938981886587077,-0.3772454069753891,1.166835492566745,15 °C,7
6.025205020920497,15,7,1,13,100,6.2069999999999945,37,300,0.3966028193270602,0.39422630598129704,-0.37608074039628203,1.1692863790504024,15 °C,7
6.051175732217568,15,7,1,13,100,6.2069999999999945,37,300,0.3984105958584408,0.39455653874568625,-0.37492022008310427,1.1717414117999858,15 °C,7
6.077146443514639,15,7,1,13,100,6.2069999999999945,37,300,0.40021837238982305,0.39488888164464914,-0.3737638356336892,1.1742005804133353,15 °C,7
6.10311715481171,15,7,1,13,100,6.2069999999999945,37,300,0.4020261489212046,0.3952233293549559,-0.37261157661450894,1.176663874456918,15 °C,7
6.129087866108781,15,7,1,13,100,6.2069999999999945,37,300,0.4038339254525857,0.39555987653772323,-0.37146343256135184,1.179131283466523,15 °C,7
6.155058577405852,15,7,1,13,100,6.2069999999999945,37,300,0.40564170198396676,0.3958985178387641,-0.37031939298001093,1.1816027969479443,15 °C,7
6.1810292887029235,15,7,1,13,100,6.2069999999999945,37,300,0.407449478515349,0.3962392478889367,-0.3691794473469669,1.1840784043776649,15 °C,7
6.2069999999999945,15,7,1,13,100,6.2069999999999945,37,300,0.4092572550467301,0.3965820613044912,-0.36804358511007257,1.1865580952035328,15 °C,7
0,20,7,1,13,67,6.2069999999999945,37,300,-0.4926725390792447,0.4028444636247716,-1.282247687783797,0.2969026096253077,20 °C,7
0.025970711297071108,20,7,1,13,67,6.2069999999999945,37,300,-0.48291944023562655,0.40219380434156426,-1.2712192967450926,0.30538041627383944,20 °C,7
0.051941422594142216,20,7,1,13,67,6.2069999999999945,37,300,-0.4731663413920084,0.40155017067430593,-1.260204675913648,0.3138719931296312,20 °C,7
0.07791213389121332,20,7,1,13,67,6.2069999999999945,37,300,-0.46341324254839006,0.40091359646013636,-1.2492038916102572,0.3223774065134772,20 °C,7
0.10388284518828443,20,7,1,13,67,6.2069999999999945,37,300,-0.4536601437047719,0.4002841153791281,-1.238217009847863,0.33089672243831914,20 °C,7
0.12985355648535554,20,7,1,13,67,6.2069999999999945,37,300,-0.4439070448611538,0.39966176094707184,-1.2272440963174145,0.33943000659510697,20 °C,7
0.15582426778242664,20,7,1,13,67,6.2069999999999945,37,300,-0.4341539460175357,0.3990465665082093,-1.216285216373626,0.3479773243385545,20 °C,7
0.18179497907949776,20,7,1,13,67,6.2069999999999945,37,300,-0.4244008471739176,0.39843856522791593,-1.205340435020633,0.35653874067279767,20 °C,7
0.20776569037656886,20,7,1,13,67,6.2069999999999945,37,300,-0.4146477483302992,0.3978377900853347,-1.1944098168975552,0.36511432023695684,20 °C,7
0.23373640167363996,20,7,1,13,67,6.2069999999999945,37,300,-0.4048946494866811,0.3972442738659661,-1.1834934262639747,0.37370412729061253,20 °C,7
0.2597071129707111,20,7,1,13,67,6.2069999999999945,37,300,-0.39514155064306294,0.39665804915421504,-1.1725913269853243,0.3823082256991985,20 °C,7
0.2856778242677822,20,7,1,13,67,6.2069999999999945,37,300,-0.3853884517994448,0.3960791483258994,-1.1617035825182076,0.390926678919318,20 °C,7
0.3116485355648533,20,7,1,13,67,6.2069999999999945,37,300,-0.3756353529558267,0.39550760354072223,-1.1508302558956423,0.39955954998398885,20 °C,7
0.3376192468619244,20,7,1,13,67,6.2069999999999945,37,300,-0.36588225411220837,0.3949434467347111,-1.1399714097122422,0.4082069014878254,20 °C,7
0.36358995815899553,20,7,1,13,67,6.2069999999999945,37,300,-0.3561291552685902,0.39438670961262773,-1.1291271061093404,0.4168687955721601,20 °C,7
0.3895606694560666,20,7,1,13,67,6.2069999999999945,37,300,-0.3463760564249721,0.39383742364035185,-1.1182974067600617,0.4255452939101175,20 °C,7
0.4155313807531377,20,7,1,13,67,6.2069999999999945,37,300,-0.33662295758135374,0.39329562003724106,-1.1074823728543461,0.43423645769163877,20 °C,7
0.44150209205020885,20,7,1,13,67,6.2069999999999945,37,300,-0.3268698587377358,0.3927613297684727,-1.0966820650839422,0.44294234760847073,20 °C,7
0.4674728033472799,20,7,1,13,67,6.2069999999999945,37,300,-0.31711675989411753,0.39223458353736895,-1.0858965436273607,0.45166302383912565,20 °C,7
0.49344351464435104,20,7,1,13,67,6.2069999999999945,37,300,-0.30736366105049917,0.3917154117777097,-1.0751258681348101,0.4603985460338118,20 °C,7
0.5194142259414222,20,7,1,13,67,6.2069999999999945,37,300,-0.2976105622068812,0.3912038446460378,-1.0643700977131152,0.4691489732993529,20 °C,7
0.5453849372384932,20,7,1,13,67,6.2069999999999945,37,300,-0.28785746336326307,0.3906999120139585,-1.0536292909106217,0.47791436418409555,20 °C,7
0.5713556485355644,20,7,1,13,67,6.2069999999999945,37,300,-0.27810436451964493,0.3902036434604396,-1.0429035057021065,0.4866947766628167,20 °C,7
0.5973263598326355,20,7,1,13,67,6.2069999999999945,37,300,-0.26835126567602685,0.38971506826411256,-1.0321927994736875,0.49549026812163377,20 °C,7
0.6232970711297066,20,7,1,13,67,6.2069999999999945,37,300,-0.25859816683240827,0.38923421539558306,-1.021497229007751,0.5043008953429344,20 °C,7
0.6492677824267777,20,7,1,13,67,6.2069999999999945,37,300,-0.24884506798879036,0.3887611135097509,-1.010816850467902,0.5131267144903214,20 °C,7
0.6752384937238488,20,7,1,13,67,6.2069999999999945,37,300,-0.23909196914517225,0.38829579093814676,-1.0001517193839398,0.5219677810935953,20 °C,7
0.7012092050209199,20,7,1,13,67,6.2069999999999945,37,300,-0.22933887030155392,0.3878382756812865,-0.9895018906368753,0.5308241500337676,20 °C,7
0.7271799163179911,20,7,1,13,67,6.2069999999999945,37,300,-0.21958577145793592,0.38738859540105136,-0.9788674184439965,0.5396958755281247,20 °C,7
0.7531506276150621,20,7,1,13,67,6.2069999999999945,37,300,-0.2098326726143179,0.38694677741309386,-0.9682483563439819,0.548583011115346,20 °C,7
0.7791213389121332,20,7,1,13,67,6.2069999999999945,37,300,-0.20007957377069935,0.3865128486792782,-0.9576447571820845,0.5574856096406859,20 °C,7
0.8050920502092044,20,7,1,13,67,6.2069999999999945,37,300,-0.19032647492708127,0.3860868358001551,-0.9470566730953853,0.5664037232412227,20 °C,7
0.8310627615062754,20,7,1,13,67,6.2069999999999945,37,300,-0.18057337608346302,0.3856687650074795,-0.9364841554981228,0.5753374033311968,20 °C,7
0.8570334728033465,20,7,1,13,67,6.2069999999999945,37,300,-0.1708202772398449,0.38525866215677235,-0.9259272550671187,0.5842867005874288,20 °C,7
0.8830041841004177,20,7,1,13,67,6.2069999999999945,37,300,-0.16106717839622647,0.3848565527199333,-0.9153860217272958,0.5932516649348427,20 °C,7
0.9089748953974888,20,7,1,13,67,6.2069999999999945,37,300,-0.15131407955260853,0.38446246177790727,-0.9048605046373068,0.6022323455320897,20 °C,7
0.9349456066945598,20,7,1,13,67,6.2069999999999945,37,300,-0.14156098070899031,0.3840764140134094,-0.8943507521752727,0.6112287907572922,20 °C,7
0.960916317991631,20,7,1,13,67,6.2069999999999945,37,300,-0.13180788186537223,0.383698433703715,-0.8838568119246535,0.6202410481939091,20 °C,7
0.9868870292887021,20,7,1,13,67,6.2069999999999945,37,300,-0.12205478302175397,0.38332854471351535,-0.8733787306602441,0.6292691646167361,20 °C,7
1.0128577405857733,20,7,1,13,67,6.2069999999999945,37,300,-0.11230168417813559,0.38296677048784816,-0.8629165543343179,0.6383131859780468,20 °C,7
1.0388284518828443,20,7,1,13,67,6.2069999999999945,37,300,-0.10254858533451756,0.3826131340451029,-0.8524703280629192,0.647373157393884,20 °C,7
1.0647991631799154,20,7,1,13,67,6.2069999999999945,37,300,-0.0927954864908993,0.38226765797010975,-0.8420400961123145,0.6564491231305158,20 °C,7
1.0907698744769865,20,7,1,13,67,6.2069999999999945,37,300,-0.0830423876472811,0.38193036440731293,-0.8316259018856145,0.6655411265910522,20 °C,7
1.1167405857740575,20,7,1,13,67,6.2069999999999945,37,300,-0.07328928880366285,0.38160127505403607,-0.8212277879095735,0.6746492103022479,20 °C,7
1.1427112970711288,20,7,1,13,67,6.2069999999999945,37,300,-0.06353618996004487,0.38128041115384154,-0.8108457958215742,0.6837734159014845,20 °C,7
1.1686820083682,20,7,1,13,67,6.2069999999999945,37,300,-0.053783091116426436,0.3809677934899904,-0.8004799663568075,0.6929137841239547,20 °C,7
1.194652719665271,20,7,1,13,67,6.2069999999999945,37,300,-0.04402999227280841,0.3806634423790058,-0.7901303393356598,0.7020703547900429,20 °C,7
1.220623430962342,20,7,1,13,67,6.2069999999999945,37,300,-0.03427689342919039,0.38036737766434503,-0.7797969536513066,0.7112431667929259,20 °C,7
1.2465941422594131,20,7,1,13,67,6.2069999999999945,37,300,-0.024523794585572176,0.3800796187101848,-0.7694798472575344,0.72043225808639,20 °C,7
1.2725648535564842,20,7,1,13,67,6.2069999999999945,37,300,-0.01477069574195393,0.3798001843953233,-0.7591790571567876,0.7296376656728798,20 °C,7
1.2985355648535555,20,7,1,13,67,6.2069999999999945,37,300,-0.005017596898335719,0.3795290931072043,-0.748894619388456,0.7388594255917846,20 °C,7
1.3245062761506265,20,7,1,13,67,6.2069999999999945,37,300,0.004735501945282712,0.3792663627360663,-0.7386265690174072,0.7480975729079726,20 °C,7
1.3504769874476976,20,7,1,13,67,6.2069999999999945,37,300,0.014488600788900515,0.3790120106692228,-0.7283749401227763,0.7573521417005772,20 °C,7
1.3764476987447687,20,7,1,13,67,6.2069999999999945,37,300,0.02424169963251854,0.37876605378547573,-0.7181397657870139,0.766623165052051,20 °C,7
1.4024184100418398,20,7,1,13,67,6.2069999999999945,37,300,0.03399479847613697,0.3785285084496672,-0.7079210780852107,0.7759106750374846,20 °C,7
1.4283891213389108,20,7,1,13,67,6.2069999999999945,37,300,0.043747897319754994,0.3782993905073744,-0.6977189080746987,0.7852147027142088,20 °C,7
1.4543598326359821,20,7,1,13,67,6.2069999999999945,37,300,0.05350099616337317,0.3780787152797486,-0.6875332857849341,0.7945352781116806,20 °C,7
1.4803305439330532,20,7,1,13,67,6.2069999999999945,37,300,0.06325409500699182,0.3778664975585062,-0.6773642402076803,0.803872430221664,20 °C,7
1.5063012552301243,20,7,1,13,67,6.2069999999999945,37,300,0.07300719385060944,0.3776627516010723,-0.6672117992874922,0.8132261869887112,20 °C,7
1.5322719665271953,20,7,1,13,67,6.2069999999999945,37,300,0.08276029269422765,0.37746749112588085,-0.6570759899124987,0.8225965753009541,20 °C,7
1.5582426778242664,20,7,1,13,67,6.2069999999999945,37,300,0.09251339153784567,0.37728072930783774,-0.6469568379055163,0.8319836209812076,20 °C,7
1.5842133891213375,20,7,1,13,67,6.2069999999999945,37,300,0.10226649038146433,0.3771024787739455,-0.6368543680154688,0.8413873487783974,20 °C,7
1.6101841004184088,20,7,1,13,67,6.2069999999999945,37,300,0.1120195892250825,0.3769327515990978,-0.6267686039091491,0.8508077823593141,20 °C,7
1.6361548117154798,20,7,1,13,67,6.2069999999999945,37,300,0.12177268806870034,0.3767715593020438,-0.6166995681633055,0.8602449443007062,20 °C,7
1.662125523012551,20,7,1,13,67,6.2069999999999945,37,300,0.13152578691231856,0.37661891284152615,-0.6066472822570728,0.8696988560817098,20 °C,7
1.688096234309622,20,7,1,13,67,6.2069999999999945,37,300,0.1412788857559368,0.37647482261259624,-0.5966117665647518,0.8791695380766255,20 °C,7
1.714066945606693,20,7,1,13,67,6.2069999999999945,37,300,0.15103198459955477,0.37633929844310926,-0.5865930403489393,0.8886570095480489,20 °C,7
1.7400376569037643,20,7,1,13,67,6.2069999999999945,37,300,0.16078508344317322,0.37621234959040173,-0.5765911217540142,0.8981612886403606,20 °C,7
1.7660083682008354,20,7,1,13,67,6.2069999999999945,37,300,0.17053818228679182,0.37609398473815403,-0.56660602779999,0.9076823923735737,20 °C,7
1.7919790794979065,20,7,1,13,67,6.2069999999999945,37,300,0.18029128113040946,0.3759842119934402,-0.5566377743767332,0.9172203366375522,20 °C,7
1.8179497907949775,20,7,1,13,67,6.2069999999999945,37,300,0.1900443799740273,0.3758830388839681,-0.5466863762385503,0.9267751361866048,20 °C,7
1.8439205020920486,20,7,1,13,67,6.2069999999999945,37,300,0.19979747881764573,0.37579047235551133,-0.5367518469991565,0.936346804634448,20 °C,7
1.8698912133891197,20,7,1,13,67,6.2069999999999945,37,300,0.20955057766126414,0.37570651876953526,-0.5268341991270249,0.9459353544495532,20 °C,7
1.895861924686191,20,7,1,13,67,6.2069999999999945,37,300,0.21930367650488272,0.3756311839010189,-0.5169334439411144,0.9555407969508798,20 °C,7
1.921832635983262,20,7,1,13,67,6.2069999999999945,37,300,0.22905677534850058,0.37556447293647494,-0.5070495916069903,0.9651631423039914,20 °C,7
1.947803347280333,20,7,1,13,67,6.2069999999999945,37,300,0.23880987419211855,0.3755063904721681,-0.49718265113333093,0.974802399517568,20 °C,7
1.9737740585774042,20,7,1,13,67,6.2069999999999945,37,300,0.24856297303573663,0.3754569405125358,-0.48733263036883356,0.9844585764403068,20 °C,7
1.9997447698744752,20,7,1,13,67,6.2069999999999945,37,300,0.25831607187935507,0.37541612646880856,-0.47749953599950973,0.9941316797582198,20 °C,7
2.0257154811715465,20,7,1,13,67,6.2069999999999945,37,300,0.2680691707229734,0.37538395115783546,-0.467683373546384,1.003821714992331,20 °C,7
2.0516861924686176,20,7,1,13,67,6.2069999999999945,37,300,0.27782226956659123,0.375360416801113,-0.45788414736359023,1.0135286864967727,20 °C,7
2.0776569037656887,20,7,1,13,67,6.2069999999999945,37,300,0.2875753684102097,0.37534552502401736,-0.4481018606368643,1.0232525974572837,20 °C,7
2.1036276150627597,20,7,1,13,67,6.2069999999999945,37,300,0.2973284672538275,0.3753392768552452,-0.43833651538245305,1.032993449890108,20 °C,7
2.129598326359831,20,7,1,13,67,6.2069999999999945,37,300,0.30708156609744597,0.37534167272645724,-0.42858811244641026,1.0427512446413023,20 °C,7
2.155569037656902,20,7,1,13,67,6.2069999999999945,37,300,0.31683466494106377,0.37535271247212854,-0.4188566515043081,1.0525259813864356,20 °C,7
2.181539748953973,20,7,1,13,67,6.2069999999999945,37,300,0.32658776378468257,0.3753723953296074,-0.409142131061348,1.0623176586307133,20 °C,7
2.207510460251044,20,7,1,13,67,6.2069999999999945,37,300,0.3363408626283002,0.3754007199393776,-0.3994445484528799,1.0721262737094803,20 °C,7
2.233481171548115,20,7,1,13,67,6.2069999999999945,37,300,0.3460939614719186,0.37543768434552766,-0.38976389984531556,1.081951822789153,20 °C,7
2.259451882845186,20,7,1,13,67,6.2069999999999945,37,300,0.3558470603155365,0.3754832859964265,-0.3801001802374594,1.0917943008685325,20 °C,7
2.2854225941422577,20,7,1,13,67,6.2069999999999945,37,300,0.36560015915915484,0.37553752174560345,-0.37045338346222795,1.1016537017805377,20 °C,7
2.3113933054393287,20,7,1,13,67,6.2069999999999945,37,300,0.375353258002773,0.37560038785283234,-0.3608235021887784,1.1115300181943244,20 °C,7
2.3373640167364,20,7,1,13,67,6.2069999999999945,37,300,0.3851063568463917,0.37567187998541984,-0.35121052792503116,1.1214232416178147,20 °C,7
2.363334728033471,20,7,1,13,67,6.2069999999999945,37,300,0.3948594556900099,0.37575199321969605,-0.3416144510205943,1.131333362400614,20 °C,7
2.389305439330542,20,7,1,13,67,6.2069999999999945,37,300,0.40461255453362754,0.3758407220427059,-0.33203526067007605,1.1412603697373311,20 °C,7
2.415276150627613,20,7,1,13,67,6.2069999999999945,37,300,0.41436565337724535,0.37593806035410093,-0.3224729449167925,1.1512042516712833,20 °C,7
2.441246861924684,20,7,1,13,67,6.2069999999999945,37,300,0.4241187522208636,0.3760440014682297,-0.31292749065686665,1.1611649950985938,20 °C,7
2.467217573221755,20,7,1,13,67,6.2069999999999945,37,300,0.43387185106448223,0.3761585381164242,-0.30339888364370915,1.1711425857726736,20 °C,7
2.4931882845188262,20,7,1,13,67,6.2069999999999945,37,300,0.4436249499081002,0.3762816624494821,-0.2938871084928847,1.181137008309085,20 °C,7
2.5191589958158973,20,7,1,13,67,6.2069999999999945,37,300,0.45337804875171805,0.37641336604034104,-0.2843921486873504,1.1911482461907865,20 °C,7
2.5451297071129684,20,7,1,13,67,6.2069999999999945,37,300,0.46313114759533675,0.37655363988694457,-0.2749139865830746,1.2011762817737481,20 °C,7
2.57110041841004,20,7,1,13,67,6.2069999999999945,37,300,0.4728842464389551,0.3767024744152961,-0.2654526034150252,1.2112210962929355,20 °C,7
2.597071129707111,20,7,1,13,67,6.2069999999999945,37,300,0.4826373452825727,0.3768598594826995,-0.2560079793035183,1.2212826698686636,20 °C,7
2.623041841004182,20,7,1,13,67,6.2069999999999945,37,300,0.4923904441261915,0.3770257843811833,-0.24658009326092778,1.2313609815133106,20 °C,7
2.649012552301253,20,7,1,13,67,6.2069999999999945,37,300,0.5021435429698093,0.3772002378411048,-0.23716892319875604,1.2414560091383748,20 °C,7
2.674983263598324,20,7,1,13,67,6.2069999999999945,37,300,0.5118966418134278,0.3773832080349346,-0.22777444593504403,1.2515677295618994,20 °C,7
2.7009539748953952,20,7,1,13,67,6.2069999999999945,37,300,0.5216497406570456,0.3775746825812141,-0.2183966372021341,1.2616961185162254,20 °C,7
2.7269246861924663,20,7,1,13,67,6.2069999999999945,37,300,0.5314028395006638,0.3777746485486864,-0.20903547165476155,1.2718411506560892,20 °C,7
2.7528953974895374,20,7,1,13,67,6.2069999999999945,37,300,0.5411559383442817,0.37798309246059647,-0.19969092287848744,1.2820027995670507,20 °C,7
2.7788661087866084,20,7,1,13,67,6.2069999999999945,37,300,0.5509090371879004,0.37820000029915546,-0.19036296339844427,1.292181037774245,20 °C,7
2.8048368200836795,20,7,1,13,67,6.2069999999999945,37,300,0.5606621360315183,0.3784253575101695,-0.18105156468841388,1.3023758367514504,20 °C,7
2.8308075313807506,20,7,1,13,67,6.2069999999999945,37,300,0.5704152348751365,0.37865914900782643,-0.17175669718020337,1.3125871669304763,20 °C,7
2.8567782426778217,20,7,1,13,67,6.2069999999999945,37,300,0.5801683337187545,0.3789013591796368,-0.16247833027333358,1.3228149977108425,20 °C,7
2.882748953974893,20,7,1,13,67,6.2069999999999945,37,300,0.589921432562373,0.37915197189152816,-0.15321643234502225,1.3330592974697681,20 °C,7
2.9087196652719642,20,7,1,13,67,6.2069999999999945,37,300,0.5996745314059909,0.37941097049308586,-0.1439709707604574,1.3433200335724393,20 °C,7
2.9346903765690353,20,7,1,13,67,6.2069999999999945,37,300,0.6094276302496098,0.3796783378229387,-0.13474191188335005,1.3535971723825697,20 °C,7
2.9606610878661064,20,7,1,13,67,6.2069999999999945,37,300,0.6191807290932282,0.37995405621428374,-0.1255292210867679,1.3638906792732244,20 °C,7
2.9866317991631774,20,7,1,13,67,6.2069999999999945,37,300,0.6289338279368458,0.38023810750054726,-0.11633286276422683,1.3742005186379185,20 °C,7
3.0126025104602485,20,7,1,13,67,6.2069999999999945,37,300,0.6386869267804635,0.380530473021178,-0.10715280034104535,1.3845266539019723,20 °C,7
3.0385732217573196,20,7,1,13,67,6.2069999999999945,37,300,0.6484400256240819,0.3808311336275677,-0.09798899628595081,1.3948690475341146,20 °C,7
3.0645439330543907,20,7,1,13,67,6.2069999999999945,37,300,0.6581931244677003,0.38114006968909536,-0.08884141212292662,1.4052276610583272,20 °C,7
3.0905146443514617,20,7,1,13,67,6.2069999999999945,37,300,0.6679462233113183,0.3814572610992898,-0.07971000844328968,1.415602455065926,20 °C,7
3.116485355648533,20,7,1,13,67,6.2069999999999945,37,300,0.6776993221549363,0.38178268728210835,-0.070594744917996,1.4259933892278687,20 °C,7
3.142456066945604,20,7,1,13,67,6.2069999999999945,37,300,0.6874524209985547,0.38211632719832545,-0.06149558031016311,1.4364004223072726,20 °C,7
3.168426778242675,20,7,1,13,67,6.2069999999999945,37,300,0.6972055198421733,0.3824581593520269,-0.052412472487799455,1.446823512172146,20 °C,7
3.1943974895397464,20,7,1,13,67,6.2069999999999945,37,300,0.7069586186857908,0.38280816179720667,-0.04334537843673425,1.457262615808316,20 °C,7
3.2203682008368175,20,7,1,13,67,6.2069999999999945,37,300,0.7167117175294095,0.3831663121444596,-0.03429425427373134,1.4677176893325505,20 °C,7
3.2463389121338886,20,7,1,13,67,6.2069999999999945,37,300,0.7264648163730276,0.38353258756776787,-0.025259055259797436,1.4781886880058526,20 °C,7
3.2723096234309597,20,7,1,13,67,6.2069999999999945,37,300,0.7362179152166457,0.38390696481137576,-0.01623973581365079,1.4886755662469422,20 °C,7
3.2982803347280307,20,7,1,13,67,6.2069999999999945,37,300,0.745971014060264,0.3842894201967462,-0.007236249525358618,1.4991782776458866,20 °C,7
3.324251046025102,20,7,1,13,67,6.2069999999999945,37,300,0.7557241129038816,0.3846799296295988,0.001751450829868051,1.5096967749778951,20 °C,7
3.350221757322173,20,7,1,13,67,6.2069999999999945,37,300,0.7654772117474997,0.3850784686070204,0.010723413277739735,1.5202310102172598,20 °C,7
3.376192468619244,20,7,1,13,67,6.2069999999999945,37,300,0.7752303105911181,0.38548501222464665,0.019679686630810767,1.5307809345514256,20 °C,7
3.402163179916315,20,7,1,13,67,6.2069999999999945,37,300,0.784983409434737,0.385899535183909,0.028620320474275318,1.5413464983951988,20 °C,7
3.428133891213386,20,7,1,13,67,6.2069999999999945,37,300,0.7947365082783546,0.3863220117993426,0.037545365151643084,1.5519276514050662,20 °C,7
3.454104602510457,20,7,1,13,67,6.2069999999999945,37,300,0.8044896071219727,0.3867524160059493,0.046454871750312154,1.5625243424936333,20 °C,7
3.4800753138075287,20,7,1,13,67,6.2069999999999945,37,300,0.814242705965591,0.38719072136661475,0.05534889208702609,1.573136519844156,20 °C,7
3.5060460251045997,20,7,1,13,67,6.2069999999999945,37,300,0.8239958048092094,0.3876369010795712,0.06422747869324985,1.5837641309251689,20 °C,7
3.532016736401671,20,7,1,13,67,6.2069999999999945,37,300,0.8337489036528283,0.3880909279859041,0.07309068480045622,1.5944071225052003,20 °C,7
3.557987447698742,20,7,1,13,67,6.2069999999999945,37,300,0.8435020024964459,0.38855277457709697,0.08193856432533586,1.605065440667556,20 °C,7
3.583958158995813,20,7,1,13,67,6.2069999999999945,37,300,0.8532551013400639,0.3890224130026104,0.09077117185494743,1.6157390308251802,20 °C,7
3.609928870292884,20,7,1,13,67,6.2069999999999945,37,300,0.8630082001836815,0.3894998150774914,0.0995885626317985,1.6264278377355645,20 °C,7
3.635899581589955,20,7,1,13,67,6.2069999999999945,37,300,0.8727612990272992,0.3899849522900077,0.10839079253888406,1.6371318055157142,20 °C,7
3.661870292887026,20,7,1,13,67,6.2069999999999945,37,300,0.8825143978709185,0.39047779580930386,0.11717791808468292,1.647850877657154,20 °C,7
3.687841004184097,20,7,1,13,67,6.2069999999999945,37,300,0.8922674967145364,0.39097831649307385,0.12594999638811166,1.6585849970409612,20 °C,7
3.7138117154811683,20,7,1,13,67,6.2069999999999945,37,300,0.9020205955581548,0.39148648489524807,0.13470708516346863,1.669334105952841,20 °C,7
3.7397824267782394,20,7,1,13,67,6.2069999999999945,37,300,0.9117736944017729,0.3920022712736874,0.14344924270534554,1.6800981460982003,20 °C,7
3.7657531380753104,20,7,1,13,67,6.2069999999999945,37,300,0.9215267932453912,0.392525645597883,0.15217652787354052,1.690877058617242,20 °C,7
3.791723849372382,20,7,1,13,67,6.2069999999999945,37,300,0.9312798920890096,0.39305657755665835,0.16088900007795925,1.70167078410006,20 °C,7
3.817694560669453,20,7,1,13,67,6.2069999999999945,37,300,0.9410329909326277,0.39359503656586575,0.16958671926353086,1.7124792626017245,20 °C,7
3.843665271966524,20,7,1,13,67,6.2069999999999945,37,300,0.9507860897762457,0.39414099177607737,0.1782697458951341,1.7233024336573572,20 °C,7
3.869635983263595,20,7,1,13,67,6.2069999999999945,37,300,0.9605391886198638,0.39469441208026734,0.1869381409425398,1.7341402362971876,20 °C,7
3.895606694560666,20,7,1,13,67,6.2069999999999945,37,300,0.9702922874634822,0.3952552661214764,0.19559196586538852,1.7449926090615757,20 °C,7
3.9215774058577373,20,7,1,13,67,6.2069999999999945,37,300,0.9800453863071003,0.39582352230046086,0.204231282598197,1.7558594900160034,20 °C,7
3.9475481171548084,20,7,1,13,67,6.2069999999999945,37,300,0.9897984851507182,0.3963991487833203,0.21285615353541054,1.766740816766026,20 °C,7
3.9735188284518794,20,7,1,13,67,6.2069999999999945,37,300,0.9995515839943359,0.39698211350909934,0.2214666415165012,1.7776365264721705,20 °C,7
3.9994895397489505,20,7,1,13,67,6.2069999999999945,37,300,1.0093046828379546,0.39757238419736257,0.23006280981112393,1.7885465558647853,20 °C,7
4.025460251046022,20,7,1,13,67,6.2069999999999945,37,300,1.0190577816815718,0.39816992835573634,0.23864472210432863,1.799470841258815,20 °C,7
4.051430962343093,20,7,1,13,67,6.2069999999999945,37,300,1.0288108805251919,0.398774713287418,0.2472124424818526,1.810409318568531,20 °C,7
4.077401673640164,20,7,1,13,67,6.2069999999999945,37,300,1.0385639793688095,0.3993867060986453,0.2557660354154647,1.8213619233221543,20 °C,7
4.103372384937235,20,7,1,13,67,6.2069999999999945,37,300,1.0483170782124276,0.40000587370612706,0.26430556574841857,1.8323285906764366,20 °C,7
4.129343096234306,20,7,1,13,67,6.2069999999999945,37,300,1.0580701770560463,0.4006321828444286,0.27283109868096633,1.8433092554311263,20 °C,7
4.155313807531377,20,7,1,13,67,6.2069999999999945,37,300,1.067823275899664,0.4012656000733111,0.28134269975597426,1.8543038520433537,20 °C,7
4.181284518828448,20,7,1,13,67,6.2069999999999945,37,300,1.077576374743282,0.4019060917850216,0.2898404348446397,1.8653123146419244,20 °C,7
4.2072552301255195,20,7,1,13,67,6.2069999999999945,37,300,1.0873294735868997,0.402553624211532,0.29832437013229696,1.8763345770415025,20 °C,7
4.233225941422591,20,7,1,13,67,6.2069999999999945,37,300,1.0970825724305173,0.4032081634317212,0.3067945721043437,1.887370572756691,20 °C,7
4.259196652719662,20,7,1,13,67,6.2069999999999945,37,300,1.1068356712741365,0.4038696753785025,0.3152511075322716,1.8984202350160015,20 °C,7
4.285167364016733,20,7,1,13,67,6.2069999999999945,37,300,1.1165887701177546,0.40453812584589044,0.32369404345980934,1.9094834967757,20 °C,7
4.311138075313804,20,7,1,13,67,6.2069999999999945,37,300,1.1263418689613722,0.4052134804960063,0.33212344718919984,1.9205602907335446,20 °C,7
4.337108786610875,20,7,1,13,67,6.2069999999999945,37,300,1.1360949678049916,0.40589570486601856,0.3405393862675953,1.931650549342388,20 °C,7
4.363079497907946,20,7,1,13,67,6.2069999999999945,37,300,1.1458480666486093,0.40658476437501945,0.3489419284735712,1.9427542048236472,20 °C,7
4.389050209205017,20,7,1,13,67,6.2069999999999945,37,300,1.1556011654922274,0.40728062433083084,0.3573311418037989,1.953871189180656,20 °C,7
4.415020920502088,20,7,1,13,67,6.2069999999999945,37,300,1.165354264335845,0.40798324993674134,0.36570709445983196,1.965001434211858,20 °C,7
4.440991631799159,20,7,1,13,67,6.2069999999999945,37,300,1.175107363179463,0.40869260629817256,0.37406985483504485,1.9761448715238812,20 °C,7
4.46696234309623,20,7,1,13,67,6.2069999999999945,37,300,1.1848604620230818,0.40940865842926893,0.3824194915017147,1.987301432544449,20 °C,7
4.492933054393301,20,7,1,13,67,6.2069999999999945,37,300,1.1946135608667,0.41013137125941423,0.390756073198248,1.9984710485351518,20 °C,7
4.518903765690372,20,7,1,13,67,6.2069999999999945,37,300,1.2043666597103175,0.4108607096396715,0.39907966881656143,2.009653650604074,20 °C,7
4.544874476987444,20,7,1,13,67,6.2069999999999945,37,300,1.2141197585539367,0.41159663834914223,0.407390347389618,2.0208491697182556,20 °C,7
4.570845188284515,20,7,1,13,67,6.2069999999999945,37,300,1.2238728573975544,0.41233912210124807,0.4156881780791082,2.0320575367160005,20 °C,7
4.596815899581586,20,7,1,13,67,6.2069999999999945,37,300,1.2336259562411722,0.4130881255499294,0.42397323016331057,2.043278682319034,20 °C,7
4.6227866108786575,20,7,1,13,67,6.2069999999999945,37,300,1.2433790550847907,0.4138436132957639,0.4322455730250935,2.054512537144488,20 °C,7
4.648757322175729,20,7,1,13,67,6.2069999999999945,37,300,1.2531321539284088,0.4146055498919988,0.44050527614009116,2.0657590317167265,20 °C,7
4.6747280334728,20,7,1,13,67,6.2069999999999945,37,300,1.262885252772028,0.41537389985049916,0.44875240906504965,2.0770180964790064,20 °C,7
4.700698744769871,20,7,1,13,67,6.2069999999999945,37,300,1.2726383516156456,0.41614862764761307,0.45698704142632407,2.0882896618049673,20 °C,7
4.726669456066942,20,7,1,13,67,6.2069999999999945,37,300,1.2823914504592644,0.41692969772994576,0.4652092429085707,2.099573658009958,20 °C,7
4.752640167364013,20,7,1,13,67,6.2069999999999945,37,300,1.292144549302882,0.41771707452005036,0.4734190832435834,2.1108700153621807,20 °C,7
4.778610878661084,20,7,1,13,67,6.2069999999999945,37,300,1.3018976481465,0.41851072242202797,0.48161663219932527,2.122178664093675,20 °C,7
4.804581589958155,20,7,1,13,67,6.2069999999999945,37,300,1.3116507469901177,0.4193106058270404,0.48980195956911865,2.1334995344111167,20 °C,7
4.830552301255226,20,7,1,13,67,6.2069999999999945,37,300,1.3214038458337354,0.42011668911873096,0.49797513516102276,2.144832556506448,20 °C,7
4.856523012552297,20,7,1,13,67,6.2069999999999945,37,300,1.3311569446773541,0.4209289366785589,0.5061362287873786,2.1561776605673297,20 °C,7
4.882493723849368,20,7,1,13,67,6.2069999999999945,37,300,1.3409100435209718,0.4217473128910409,0.5142853102545316,2.167534776787412,20 °C,7
4.908464435146439,20,7,1,13,67,6.2069999999999945,37,300,1.350663142364591,0.4225717821489005,0.522422449352746,2.178903835376436,20 °C,7
4.93443514644351,20,7,1,13,67,6.2069999999999945,37,300,1.360416241208209,0.4234023088581301,0.530547715846274,2.190284766570144,20 °C,7
4.960405857740581,20,7,1,13,67,6.2069999999999945,37,300,1.3701693400518273,0.4242388574429575,0.5386611794636307,2.2016775006400238,20 °C,7
4.9863765690376525,20,7,1,13,67,6.2069999999999945,37,300,1.3799224388954454,0.42508139235072384,0.5467629098880267,2.2130819679028644,20 °C,7
5.0123472803347235,20,7,1,13,67,6.2069999999999945,37,300,1.389675537739063,0.4259298780566664,0.5548529767479969,2.224498098730129,20 °C,7
5.038317991631795,20,7,1,13,67,6.2069999999999945,37,300,1.3994286365826811,0.42678427906861455,0.5629314496081966,2.2359258235571655,20 °C,7
5.064288702928866,20,7,1,13,67,6.2069999999999945,37,300,1.4091817354262994,0.4276445599315865,0.5709983979603899,2.247365072892209,20 °C,7
5.090259414225937,20,7,1,13,67,6.2069999999999945,37,300,1.418934834269918,0.4285106852323019,0.5790538912146063,2.2588157773252298,20 °C,7
5.116230125523008,20,7,1,13,67,6.2069999999999945,37,300,1.428687933113536,0.4293826196035958,0.5870979986904883,2.270277867536584,20 °C,7
5.14220083682008,20,7,1,13,67,6.2069999999999945,37,300,1.4384410319571548,0.43026032772874734,0.59513078960881,2.2817512743054995,20 °C,7
5.168171548117151,20,7,1,13,67,6.2069999999999945,37,300,1.4481941308007729,0.43114377434571066,0.60315233308318,2.293235928518366,20 °C,7
5.194142259414222,20,7,1,13,67,6.2069999999999945,37,300,1.4579472296443905,0.4320329242512592,0.6111626981119225,2.3047317611768587,20 °C,7
5.220112970711293,20,7,1,13,67,6.2069999999999945,37,300,1.4677003284880081,0.43292774230503683,0.6191619535701359,2.3162387034058805,20 °C,7
5.246083682008364,20,7,1,13,67,6.2069999999999945,37,300,1.4774534273316275,0.43382819343352014,0.627150168201928,2.327756686461327,20 °C,7
5.272054393305435,20,7,1,13,67,6.2069999999999945,37,300,1.487206526175246,0.4347342426338883,0.635127410612825,2.3392856417376673,20 °C,7
5.298025104602506,20,7,1,13,67,6.2069999999999945,37,300,1.4969596250188637,0.43564585497780417,0.6430937492623675,2.35082550077536,20 °C,7
5.323995815899577,20,7,1,13,67,6.2069999999999945,37,300,1.5067127238624825,0.4365629956151084,0.65104925245687,2.362376195268095,20 °C,7
5.349966527196648,20,7,1,13,67,6.2069999999999945,37,300,1.5164658227061,0.4374856297774191,0.6589939883423587,2.3739376570698414,20 °C,7
5.375937238493719,20,7,1,13,67,6.2069999999999945,37,300,1.5262189215497182,0.43841372278165075,0.6669280248976827,2.385509818201754,20 °C,7
5.4019079497907905,20,7,1,13,67,6.2069999999999945,37,300,1.5359720203933358,0.4393472400334394,0.6748514299277946,2.397092610858877,20 °C,7
5.4278786610878615,20,7,1,13,67,6.2069999999999945,37,300,1.5457251192369539,0.440286147030483,0.6827642710572072,2.4086859674167007,20 °C,7
5.453849372384933,20,7,1,13,67,6.2069999999999945,37,300,1.5554782180805722,0.44123040936579694,0.6906666157236102,2.4202898204375343,20 °C,7
5.479820083682004,20,7,1,13,67,6.2069999999999945,37,300,1.5652313169241898,0.4421799927308818,0.6985585311716614,2.431904102676718,20 °C,7
5.505790794979075,20,7,1,13,67,6.2069999999999945,37,300,1.5749844157678083,0.44313486291880655,0.7064400844469475,2.4435287470886693,20 °C,7
5.531761506276146,20,7,1,13,67,6.2069999999999945,37,300,1.584737514611428,0.44409498582720996,0.7143113423900964,2.4551636868327593,20 °C,7
5.557732217573217,20,7,1,13,67,6.2069999999999945,37,300,1.5944906134550458,0.44506032746121404,0.7221723716310663,2.4668088552790253,20 °C,7
5.583702928870288,20,7,1,13,67,6.2069999999999945,37,300,1.6042437122986635,0.44603085393626013,0.7300232385835936,2.478464186013733,20 °C,7
5.609673640167359,20,7,1,13,67,6.2069999999999945,37,300,1.613996811142281,0.4470065314808602,0.7378640094397951,2.490129612844767,20 °C,7
5.63564435146443,20,7,1,13,67,6.2069999999999945,37,300,1.6237499099858992,0.4479873264392663,0.7456947501649372,2.5018050698068612,20 °C,7
5.661615062761501,20,7,1,13,67,6.2069999999999945,37,300,1.6335030088295175,0.44897320527406515,0.7535155264923499,2.513490491166685,20 °C,7
5.687585774058572,20,7,1,13,67,6.2069999999999945,37,300,1.6432561076731356,0.44996413456868645,0.7613264039185101,2.525185811427761,20 °C,7
5.713556485355643,20,7,1,13,67,6.2069999999999945,37,300,1.6530092065167536,0.45096008102983914,0.7691274476982689,2.5368909653352385,20 °C,7
5.739527196652714,20,7,1,13,67,6.2069999999999945,37,300,1.6627623053603726,0.4519610114898681,0.7769187228402311,2.5486058878805142,20 °C,7
5.765497907949786,20,7,1,13,67,6.2069999999999945,37,300,1.6725154042039905,0.45296689290903286,0.784700294102286,2.560330514305695,20 °C,7
5.791468619246857,20,7,1,13,67,6.2069999999999945,37,300,1.6822685030476086,0.45397769237771474,0.7924722259872877,2.5720647801079295,20 °C,7
5.8174393305439285,20,7,1,13,67,6.2069999999999945,37,300,1.6920216018912273,0.45499337711854626,0.8002345827388766,2.583808621043578,20 °C,7
5.8434100418409995,20,7,1,13,67,6.2069999999999945,37,300,1.701774700734845,0.4560139144884703,0.8079874283374432,2.595561973132247,20 °C,7
5.869380753138071,20,7,1,13,67,6.2069999999999945,37,300,1.7115277995784637,0.45703927198072286,0.8157308264962468,2.6073247726606805,20 °C,7
5.895351464435142,20,7,1,13,67,6.2069999999999945,37,300,1.7212808984220818,0.458069417226749,0.8234648406576538,2.61909695618651,20 °C,7
5.921322175732213,20,7,1,13,67,6.2069999999999945,37,300,1.7310339972657005,0.45910431799804596,0.8311895339895304,2.6308784605418705,20 °C,7
5.947292887029284,20,7,1,13,67,6.2069999999999945,37,300,1.7407870961093186,0.4601439422079373,0.8389049693817615,2.6426692228368758,20 °C,7
5.973263598326355,20,7,1,13,67,6.2069999999999945,37,300,1.7505401949529362,0.4611882579132795,0.8466112094429085,2.654469180462964,20 °C,7
5.999234309623426,20,7,1,13,67,6.2069999999999945,37,300,1.7602932937965539,0.46223723331609945,0.854308316496999,2.666278271096109,20 °C,7
6.025205020920497,20,7,1,13,67,6.2069999999999945,37,300,1.770046392640172,0.46329083676517113,0.8619963525804365,2.6780964326999075,20 °C,7
6.051175732217568,20,7,1,13,67,6.2069999999999945,37,300,1.7797994914837902,0.46434903675751926,0.8696753794390525,2.689923603528528,20 °C,7
6.077146443514639,20,7,1,13,67,6.2069999999999945,37,300,1.7895525903274083,0.46541180193986526,0.8773454585252725,2.701759722129544,20 °C,7
6.10311715481171,20,7,1,13,67,6.2069999999999945,37,300,1.799305689171027,0.46647910111000895,0.8850066509954095,2.7136047273466444,20 °C,7
6.129087866108781,20,7,1,13,67,6.2069999999999945,37,300,1.8090587880146451,0.46755090321814674,0.8926590177070776,2.7254585583222126,20 °C,7
6.155058577405852,20,7,1,13,67,6.2069999999999945,37,300,1.8188118868582641,0.4686271773681299,0.9003026192167295,2.737321154499799,20 °C,7
6.1810292887029235,20,7,1,13,67,6.2069999999999945,37,300,1.8285649857018815,0.46970789281866454,0.9079375157772991,2.749192455626464,20 °C,7
6.2069999999999945,20,7,1,13,67,6.2069999999999945,37,300,1.8383180845454996,0.47079301898444953,0.9155637673359786,2.7610724017550208,20 °C,7
0,10,20,14,30,9,2.4,37,300,0.8551712360932929,0.46346994404387276,-0.05322985423269766,1.7635723264192835,10 °C,20
0.0100418410041841,10,20,14,30,9,2.4,37,300,0.8494477245912606,0.4627677143462912,-0.0575769955274702,1.7564724447099915,10 °C,20
0.0200836820083682,10,20,14,30,9,2.4,37,300,0.843724213089227,0.4620682020147631,-0.061929462859708684,1.7493778890381626,10 °C,20
0.0301255230125523,10,20,14,30,9,2.4,37,300,0.8380007015871946,0.4613714194091641,-0.06628728045476695,1.7422886836291562,10 °C,20
0.0401673640167364,10,20,14,30,9,2.4,37,300,0.8322771900851623,0.460677378915769,-0.07065047258974488,1.7352048527600696,10 °C,20
0.0502092050209205,10,20,14,30,9,2.4,37,300,0.8265536785831291,0.4599860929467158,-0.07501906359243382,1.728126420758692,10 °C,20
0.0602510460251046,10,20,14,30,9,2.4,37,300,0.8208301670810968,0.45929757393945764,-0.07939307784024019,1.721053412002434,10 °C,20
0.07029288702928871,10,20,14,30,9,2.4,37,300,0.8151066555790636,0.45861183435620584,-0.08377253975909982,1.713985850917227,10 °C,20
0.0803347280334728,10,20,14,30,9,2.4,37,300,0.8093831440770307,0.45792888668336,-0.08815747382235495,1.7069237619764164,10 °C,20
0.0903765690376569,10,20,14,30,9,2.4,37,300,0.8036596325749984,0.4572487434309303,-0.09254790454962503,1.6998671696996217,10 °C,20
0.100418410041841,10,20,14,30,9,2.4,37,300,0.7979361210729656,0.45657141713194554,-0.09694385650564763,1.692816098651579,10 °C,20
0.11046025104602511,10,20,14,30,9,2.4,37,300,0.7922126095709329,0.45589692034185425,-0.10134535429910141,1.6857705734409671,10 °C,20
0.1205020920502092,10,20,14,30,9,2.4,37,300,0.7864890980689001,0.4552252656379103,-0.10575242258140416,1.6787306187192044,10 °C,20
0.1305439330543933,10,20,14,30,9,2.4,37,300,0.7807655865668673,0.45455646561855295,-0.11016508604549646,1.6716962591792313,10 °C,20
0.14058577405857742,10,20,14,30,9,2.4,37,300,0.7750420750648346,0.4538905329027701,-0.1145833694245948,1.664667519554264,10 °C,20
0.1506276150627615,10,20,14,30,9,2.4,37,300,0.7693185635628023,0.45322748012945546,-0.11900729749093042,1.657644424616535,10 °C,20
0.1606694560669456,10,20,14,30,9,2.4,37,300,0.7635950520607695,0.45256731995675153,-0.12343689505446354,1.6506269991760025,10 °C,20
0.1707112970711297,10,20,14,30,9,2.4,37,300,0.7578715405587363,0.4519100650613823,-0.127872186961573,1.6436152680790457,10 °C,20
0.1807531380753138,10,20,14,30,9,2.4,37,300,0.752148029056704,0.45125572813797515,-0.13231319809372732,1.6366092562071353,10 °C,20
0.1907949790794979,10,20,14,30,9,2.4,37,300,0.7464245175546708,0.4506043218983713,-0.136759953366137,1.6296089884754785,10 °C,20
0.200836820083682,10,20,14,30,9,2.4,37,300,0.7407010060526384,0.4499558590709239,-0.14121247772637235,1.6226144898316492,10 °C,20
0.2108786610878661,10,20,14,30,9,2.4,37,300,0.7349774945506056,0.44931035239978695,-0.14567079615297684,1.615625785254188,10 °C,20
0.22092050209205022,10,20,14,30,9,2.4,37,300,0.7292539830485725,0.44866781464419053,-0.15013493365404096,1.608642899751186,10 °C,20
0.2309623430962343,10,20,14,30,9,2.4,37,300,0.7235304715465402,0.4480282585777062,-0.15460491526576392,1.6016658583588441,10 °C,20
0.2410041841004184,10,20,14,30,9,2.4,37,300,0.7178069600445073,0.44739169698750086,-0.15908076605099442,1.5946946861400089,10 °C,20
0.2510460251046025,10,20,14,30,9,2.4,37,300,0.7120834485424745,0.44675814267357755,-0.16356251109773745,1.5877294081826865,10 °C,20
0.2610878661087866,10,20,14,30,9,2.4,37,300,0.7063599370404422,0.4461276084480082,-0.1680501755176539,1.5807700495985384,10 °C,20
0.2711297071129707,10,20,14,30,9,2.4,37,300,0.700636425538409,0.44550010713414995,-0.1725437844445249,1.573816635521343,10 °C,20
0.28117154811715483,10,20,14,30,9,2.4,37,300,0.6949129140363763,0.44487565156585523,-0.17704336303269985,1.5668691911054524,10 °C,20
0.29121338912133893,10,20,14,30,9,2.4,37,300,0.6891894025343435,0.4442542545866666,-0.18154893645552306,1.55992774152421,10 °C,20
0.301255230125523,10,20,14,30,9,2.4,37,300,0.6834658910323111,0.4436359290490015,-0.18606052990373179,1.552992311968354,10 °C,20
0.3112970711297071,10,20,14,30,9,2.4,37,300,0.6777423795302779,0.4430206878133256,-0.19057816858384025,1.546062927644396,10 °C,20
0.3213389121338912,10,20,14,30,9,2.4,37,300,0.6720188680282452,0.4424085437473137,-0.19510187771648968,1.53913961377298,10 °C,20
0.3313807531380753,10,20,14,30,9,2.4,37,300,0.6662953565262127,0.4417995097250006,-0.19963168253478836,1.5322223955872138,10 °C,20
0.3414225941422594,10,20,14,30,9,2.4,37,300,0.6605718450241801,0.4411935986259185,-0.20416760828262015,1.5253112983309802,10 °C,20
0.3514644351464435,10,20,14,30,9,2.4,37,300,0.6548483335221472,0.440590823334226,-0.20870968021293568,1.5184063472572302,10 °C,20
0.3615062761506276,10,20,14,30,9,2.4,37,300,0.6491248220201146,0.43999119673782033,-0.21325792358601325,1.5115075676262424,10 °C,20
0.37154811715481173,10,20,14,30,9,2.4,37,300,0.6434013105180814,0.43939473172744437,-0.21781236366770962,1.5046149847038723,10 °C,20
0.3815899581589958,10,20,14,30,9,2.4,37,300,0.637677799016049,0.438801441195778,-0.2223730257276758,1.497728623759774,10 °C,20
0.3916317991631799,10,20,14,30,9,2.4,37,300,0.6319542875140167,0.4382113380365187,-0.22693993503755983,1.4908485100655933,10 °C,20
0.401673640167364,10,20,14,30,9,2.4,37,300,0.6262307760119838,0.43762443514345234,-0.23151311686918274,1.4839746688931506,10 °C,20
0.4117154811715481,10,20,14,30,9,2.4,37,300,0.6205072645099506,0.43704074540951077,-0.23609259649269043,1.4771071255125916,10 °C,20
0.4217573221757322,10,20,14,30,9,2.4,37,300,0.6147837530079182,0.4364602817258191,-0.24067839917468714,1.4702459051905237,10 °C,20
0.4317991631799163,10,20,14,30,9,2.4,37,300,0.6090602415058852,0.4358830569807309,-0.24527055017634725,1.4633910331881177,10 °C,20
0.44184100418410044,10,20,14,30,9,2.4,37,300,0.6033367300038528,0.4353090840588539,-0.24986907475150077,1.4565425347592065,10 °C,20
0.45188284518828453,10,20,14,30,9,2.4,37,300,0.5976132185018205,0.43473837584006175,-0.2544739981447005,1.4497004351483413,10 °C,20
0.4619246861924686,10,20,14,30,9,2.4,37,300,0.5918897069997869,0.4341709451984976,-0.2590853455892683,1.4428647595888422,10 °C,20
0.4719665271966527,10,20,14,30,9,2.4,37,300,0.5861661954977545,0.43360680500156373,-0.26370314230531045,1.4360355333008195,10 °C,20
0.4820083682008368,10,20,14,30,9,2.4,37,300,0.5804426839957217,0.4330459681089027,-0.2683274134977276,1.429212781489171,10 °C,20
0.4920502092050209,10,20,14,30,9,2.4,37,300,0.574719172493689,0.43248844737136605,-0.2729581843541885,1.4223965293415666,10 °C,20
0.502092050209205,10,20,14,30,9,2.4,37,300,0.5689956609916567,0.43193425562997234,-0.2775954800430891,1.4155868020264024,10 °C,20
0.5121338912133891,10,20,14,30,9,2.4,37,300,0.5632721494896236,0.43138340571485495,-0.28223932571149213,1.4087836246907393,10 °C,20
0.5221757322175732,10,20,14,30,9,2.4,37,300,0.5575486379875907,0.43083591044419844,-0.2868897464830382,1.4019870224582196,10 °C,20
0.5322175732217573,10,20,14,30,9,2.4,37,300,0.5518251264855584,0.4302917826231648,-0.2915467674558446,1.3951970204269615,10 °C,20
0.5422594142259414,10,20,14,30,9,2.4,37,300,0.5461016149835254,0.42975103504280926,-0.2962104137003807,1.3884136436674315,10 °C,20
0.5523012552301255,10,20,14,30,9,2.4,37,300,0.5403781034814927,0.4292136804789849,-0.30088071025731766,1.3816369172203031,10 °C,20
0.5623430962343097,10,20,14,30,9,2.4,37,300,0.5346545919794596,0.4286797316912381,-0.30555768213536694,1.3748668660942862,10 °C,20
0.5723849372384937,10,20,14,30,9,2.4,37,300,0.5289310804774272,0.4281492014216923,-0.3102413543090897,1.368103515263944,10 °C,20
0.5824267782426779,10,20,14,30,9,2.4,37,300,0.5232075689753946,0.4276221023939237,-0.31493175171669585,1.361346889667485,10 °C,20
0.5924686192468619,10,20,14,30,9,2.4,37,300,0.5174840574733621,0.4270984473118243,-0.31962889925781346,1.3545970142045376,10 °C,20
0.602510460251046,10,20,14,30,9,2.4,37,300,0.5117605459713285,0.4265782488584578,-0.3243328217912488,1.3478539137339056,10 °C,20
0.6125523012552301,10,20,14,30,9,2.4,37,300,0.506037034469296,0.42606151969490386,-0.3290435441327155,1.3411176130713076,10 °C,20
0.6225941422594142,10,20,14,30,9,2.4,37,300,0.5003135229672635,0.42554827245909355,-0.3337610910525598,1.3343881369870867,10 °C,20
0.6326359832635983,10,20,14,30,9,2.4,37,300,0.4945900114652306,0.4250385197646352,-0.33848548727345434,1.3276655102039154,10 °C,20
0.6426778242677824,10,20,14,30,9,2.4,37,300,0.48886649996319825,0.4245322741996312,-0.34321675746807884,1.3209497573944753,10 °C,20
0.6527196652719666,10,20,14,30,9,2.4,37,300,0.4831429884611651,0.42402954832548506,-0.3479549262567856,1.3142409031791158,10 °C,20
0.6627615062761506,10,20,14,30,9,2.4,37,300,0.47741947695913217,0.42353035467570005,-0.35270001820523994,1.3075389721235042,10 °C,20
0.6728033472803348,10,20,14,30,9,2.4,37,300,0.4716959654571001,0.4230347057546688,-0.35745205782205075,1.3008439887362508,10 °C,20
0.6828451882845188,10,20,14,30,9,2.4,37,300,0.4659724539550672,0.4225426140364534,-0.36221106955638144,1.294155977466516,10 °C,20
0.6928870292887029,10,20,14,30,9,2.4,37,300,0.46024894245303444,0.42205409196355975,-0.3669770777955426,1.2874749627016115,10 °C,20
0.702928870292887,10,20,14,30,9,2.4,37,300,0.45452543095100156,0.42156915194569894,-0.3717501068625683,1.2808009687645714,10 °C,20
0.7129707112970711,10,20,14,30,9,2.4,37,300,0.448801919448969,0.42108780635854587,-0.37653018101378083,1.2741340199117188,10 °C,20
0.7230125523012552,10,20,14,30,9,2.4,37,300,0.4430784079469361,0.4206100675424851,-0.3813173244363347,1.267474140330207,10 °C,20
0.7330543933054393,10,20,14,30,9,2.4,37,300,0.4373548964449034,0.42013594780135266,-0.3861115612457478,1.2608213541355546,10 °C,20
0.7430962343096235,10,20,14,30,9,2.4,37,300,0.4316313849428711,0.4196654594011679,-0.3909129154834179,1.2541756853691601,10 °C,20
0.7531380753138075,10,20,14,30,9,2.4,37,300,0.42590787344083775,0.4191986145688595,-0.3957214111141268,1.2475371579958023,10 °C,20
0.7631799163179916,10,20,14,30,9,2.4,37,300,0.4201843619388052,0.4187354254909827,-0.4005370720235209,1.2409057959011314,10 °C,20
0.7732217573221757,10,20,14,30,9,2.4,37,300,0.4144608504367727,0.41827590431243217,-0.40535992201559434,1.2342816228891398,10 °C,20
0.7832635983263598,10,20,14,30,9,2.4,37,300,0.40873733893474,0.41782006313514536,-0.41018998481014485,1.2276646626796248,10 °C,20
0.7933054393305439,10,20,14,30,9,2.4,37,300,0.4030138274327075,0.4173679140168014,-0.41502728404022315,1.2210549389056382,10 °C,20
0.803347280334728,10,20,14,30,9,2.4,37,300,0.3972903159306744,0.41691946896951326,-0.41987184324957155,1.2144524751109202,10 °C,20
0.8133891213389122,10,20,14,30,9,2.4,37,300,0.3915668044286412,0.4164747399585128,-0.42472368589004383,1.2078572947473263,10 °C,20
0.8234309623430962,10,20,14,30,9,2.4,37,300,0.38584329292660874,0.4160337389008328,-0.42958283531902347,1.201269421172241,10 °C,20
0.8334728033472804,10,20,14,30,9,2.4,37,300,0.3801197814245765,0.4155964776639801,-0.4344493147968246,1.1946888776459774,10 °C,20
0.8435146443514644,10,20,14,30,9,2.4,37,300,0.37439626992254355,0.4151629680646063,-0.4393231474840848,1.1881156873291718,10 °C,20
0.8535564853556485,10,20,14,30,9,2.4,37,300,0.36867275842051056,0.41473322186717193,-0.4442043564391464,1.1815498732801675,10 °C,20
0.8635983263598326,10,20,14,30,9,2.4,37,300,0.3629492469184781,0.41430725078260666,-0.449092964615431,1.174991458452387,10 °C,20
0.8736401673640167,10,20,14,30,9,2.4,37,300,0.35722573541644514,0.4138850664669651,-0.45398899485880645,1.1684404656916967,10 °C,20
0.8836820083682009,10,20,14,30,9,2.4,37,300,0.35150222391441266,0.4134666805200774,-0.45889246990493904,1.1618969177337644,10 °C,20
0.8937238493723849,10,20,14,30,9,2.4,37,300,0.3457787124123799,0.4130521044841979,-0.4638034123766479,1.1553608372014077,10 °C,20
0.9037656903765691,10,20,14,30,9,2.4,37,300,0.34005520091034697,0.4126413498426487,-0.4687218447812445,1.1488322466019385,10 °C,20
0.9138075313807531,10,20,14,30,9,2.4,37,300,0.33433168940831426,0.4122344280184602,-0.4736477895078678,1.1423111683244964,10 °C,20
0.9238493723849373,10,20,14,30,9,2.4,37,300,0.32860817790628133,0.41183135037300916,-0.4785812688248166,1.1357976246373793,10 °C,20
0.9338912133891213,10,20,14,30,9,2.4,37,300,0.32288466640424884,0.4114321282046539,-0.48352230487687287,1.1292916376853706,10 °C,20
0.9439330543933054,10,20,14,30,9,2.4,37,300,0.31716115490221636,0.41103677274736716,-0.4884709196826233,1.122793229487056,10 °C,20
0.9539748953974895,10,20,14,30,9,2.4,37,300,0.311437643400183,0.4106452951693664,-0.49342713513177505,1.116302421932141,10 °C,20
0.9640167364016736,10,20,14,30,9,2.4,37,300,0.3057141318981505,0.4102577065717435,-0.49839097298246676,1.1098192367787678,10 °C,20
0.9740585774058578,10,20,14,30,9,2.4,37,300,0.2999906203961182,0.4098740179870917,-0.5033624548585816,1.103343695650818,10 °C,20
0.9841004184100418,10,20,14,30,9,2.4,37,300,0.29426710889408525,0.409494240378133,-0.5083416022470554,1.0968758200352258,10 °C,20
0.994142259414226,10,20,14,30,9,2.4,37,300,0.2885435973920522,0.40911838463634337,-0.5133284364951807,1.0904156312792852,10 °C,20
1.00418410041841,10,20,14,30,9,2.4,37,300,0.28282008589001995,0.4087464615805783,-0.5183229788079136,1.0839631505879535,10 °C,20
1.014225941422594,10,20,14,30,9,2.4,37,300,0.27709657438798707,0.4083784819556985,-0.523325250245182,1.077518399021156,10 °C,20
1.0242677824267783,10,20,14,30,9,2.4,37,300,0.2713730628859545,0.40801445643119527,-0.5283352717191883,1.071081397491097,10 °C,20
1.0343096234309623,10,20,14,30,9,2.4,37,300,0.265649551383922,0.40765439559981687,-0.533353063991719,1.064652166759563,10 °C,20
1.0443514644351464,10,20,14,30,9,2.4,37,300,0.2599260398818891,0.4072983099761963,-0.5383786476714556,1.0582307274352338,10 °C,20
1.0543933054393306,10,20,14,30,9,2.4,37,300,0.2542025283798559,0.4069462099954793,-0.5434120432112836,1.0518170999709953,10 °C,20
1.0644351464435147,10,20,14,30,9,2.4,37,300,0.24847901687782367,0.40659810601195523,-0.5484532709056086,1.0454113046612559,10 °C,20
1.0744769874476987,10,20,14,30,9,2.4,37,300,0.24275550537579074,0.40625400829768926,-0.5535023508876802,1.0390133616392616,10 °C,20
1.0845188284518827,10,20,14,30,9,2.4,37,300,0.23703199387375828,0.4059139270411576,-0.5585593031269106,1.0326232908744273,10 °C,20
1.094560669456067,10,20,14,30,9,2.4,37,300,0.23130848237172508,0.4055778723458846,-0.5636241474262087,1.0262411121696589,10 °C,20
1.104602510460251,10,20,14,30,9,2.4,37,300,0.22558497086969218,0.4052458542290848,-0.568696903419314,1.0198668451586983,10 °C,20
1.114644351464435,10,20,14,30,9,2.4,37,300,0.2198614593676597,0.404917882620306,-0.57377759056814,1.0135005093034595,10 °C,20
1.1246861924686193,10,20,14,30,9,2.4,37,300,0.21413794786562734,0.404593967360079,-0.5788662281601276,1.0071421238913822,10 °C,20
1.1347280334728034,10,20,14,30,9,2.4,37,300,0.20841443636359444,0.4042741181985692,-0.5839628353056011,1.00079170803279,10 °C,20
1.1447698744769874,10,20,14,30,9,2.4,37,300,0.20269092486156154,0.4039583447942351,-0.5890674309351391,0.9944492806582623,10 °C,20
1.1548117154811715,10,20,14,30,9,2.4,37,300,0.19696741335952903,0.40364665671249017,-0.5941800337969516,0.9881148605160097,10 °C,20
1.1648535564853557,10,20,14,30,9,2.4,37,300,0.19124390185749604,0.40333906342437126,-0.5993006624542716,0.9817884661692637,10 °C,20
1.1748953974895398,10,20,14,30,9,2.4,37,300,0.1855203903554638,0.4030355743052127,-0.604429335282753,0.9754701159936807,10 °C,20
1.1849372384937238,10,20,14,30,9,2.4,37,300,0.17979687885343107,0.40273619863332566,-0.6095660704678871,0.9691598281747493,10 °C,20
1.1949790794979078,10,20,14,30,9,2.4,37,300,0.17407336735139772,0.4024409455886862,-0.6147108860024273,0.9628576207052226,10 °C,20
1.205020920502092,10,20,14,30,9,2.4,37,300,0.1683498558493652,0.4021498242516283,-0.6198637996838262,0.9565635113825567,10 °C,20
1.2150627615062761,10,20,14,30,9,2.4,37,300,0.16262634434733228,0.40186284360154595,-0.6250248291116978,0.9502775178063623,10 °C,20
1.2251046025104602,10,20,14,30,9,2.4,37,300,0.1569028328452998,0.4015800125156019,-0.6301939916852799,0.9439996573758795,10 °C,20
1.2351464435146444,10,20,14,30,9,2.4,37,300,0.1511793213432673,0.4013013397674456,-0.6353713046009261,0.9377299472874606,10 °C,20
1.2451882845188285,10,20,14,30,9,2.4,37,300,0.14545580984123388,0.4010268340259391,-0.6405567848496068,0.9314684045320745,10 °C,20
1.2552301255230125,10,20,14,30,9,2.4,37,300,0.13973229833920142,0.40075650385389194,-0.6457504492144268,0.9252150458928297,10 °C,20
1.2652719665271965,10,20,14,30,9,2.4,37,300,0.13400878683716916,0.40049035770680735,-0.6509523142681732,0.9189698879425117,10 °C,20
1.2753138075313808,10,20,14,30,9,2.4,37,300,0.12828527533513595,0.4002284039316347,-0.656162396370868,0.91273294704114,10 °C,20
1.2853556485355648,10,20,14,30,9,2.4,37,300,0.1225617638331035,0.3999706507655361,-0.6613807116673474,0.9065042393335543,10 °C,20
1.2953974895397489,10,20,14,30,9,2.4,37,300,0.11683825233107059,0.39971710633466084,-0.6666072760848647,0.9002837807470059,10 °C,20
1.3054393305439331,10,20,14,30,9,2.4,37,300,0.11111474082903738,0.3994677786529319,-0.6718421053307092,0.894071586988784,10 °C,20
1.3154811715481172,10,20,14,30,9,2.4,37,300,0.10539122932700513,0.39922267562084535,-0.6770852148898517,0.8878676735438621,10 °C,20
1.3255230125523012,10,20,14,30,9,2.4,37,300,0.09966771782497268,0.3989818050242778,-0.6823366200226119,0.8816720556725571,10 °C,20
1.3355648535564852,10,20,14,30,9,2.4,37,300,0.09394420632293969,0.3987451745333107,-0.6875963357623494,0.8754847484082287,10 °C,20
1.3456066945606695,10,20,14,30,9,2.4,37,300,0.08822069482090693,0.39851279170106363,-0.6928643769131778,0.8693057665549916,10 °C,20
1.3556485355648535,10,20,14,30,9,2.4,37,300,0.08249718331887447,0.3982846639625429,-0.6981407580477097,0.8631351246854586,10 °C,20
1.3656903765690376,10,20,14,30,9,2.4,37,300,0.07677367181684133,0.39806079863350186,-0.7034254935048223,0.856972837138505,10 °C,20
1.3757322175732218,10,20,14,30,9,2.4,37,300,0.07105016031480901,0.39784120290931707,-0.7087185973874524,0.8508189180170704,10 °C,20
1.3857740585774059,10,20,14,30,9,2.4,37,300,0.06532664881277611,0.39762588386387626,-0.7140200835604213,0.8446733811859735,10 °C,20
1.39581589958159,10,20,14,30,9,2.4,37,300,0.05960313731074275,0.39741484844848274,-0.7193299656482834,0.8385362402697689,10 °C,20
1.405857740585774,10,20,14,30,9,2.4,37,300,0.05387962580871029,0.39720810349077446,-0.7246482570332076,0.8324075086506282,10 °C,20
1.4158995815899582,10,20,14,30,9,2.4,37,300,0.04815611430667797,0.3970056556936568,-0.7299749708528893,0.8262871994662453,10 °C,20
1.4259414225941422,10,20,14,30,9,2.4,37,300,0.04243260280464521,0.39680751163425365,-0.7353101199984919,0.8201753256077824,10 °C,20
1.4359832635983263,10,20,14,30,9,2.4,37,300,0.036709091302612296,0.3966136777628723,-0.7406537171126175,0.814071899717842,10 °C,20
1.4460251046025103,10,20,14,30,9,2.4,37,300,0.030985579800579834,0.3964241604019871,-0.7460057745873149,0.8079769341884745,10 °C,20
1.4560669456066946,10,20,14,30,9,2.4,37,300,0.025262068298546627,0.3962389657452359,-0.7513663045621158,0.801890441159209,10 °C,20
1.4661087866108786,10,20,14,30,9,2.4,37,300,0.019538556796514162,0.39605809985643997,-0.7567353189221081,0.7958124325151364,10 °C,20
1.4761506276150627,10,20,14,30,9,2.4,37,300,0.01381504529448192,0.3958815686686341,-0.7621128292960409,0.7897429198850048,10 °C,20
1.486192468619247,10,20,14,30,9,2.4,37,300,0.00809153379244827,0.3957093779831211,-0.767498847054469,0.7836819146393657,10 °C,20
1.496234309623431,10,20,14,30,9,2.4,37,300,0.002368022290415804,0.3955415334685401,-0.7728933833079228,0.7776294278887543,10 °C,20
1.506276150627615,10,20,14,30,9,2.4,37,300,-0.0033554892116166614,0.3953780406599551,-0.7782964489051286,0.7715854704818953,10 °C,20
1.516317991631799,10,20,14,30,9,2.4,37,300,-0.00907900071364957,0.3952189049579632,-0.7837080544312574,0.7655500530039583,10 °C,20
1.5263598326359833,10,20,14,30,9,2.4,37,300,-0.01480251221568174,0.39506413162781945,-0.7891282102062078,0.7595231857748443,10 °C,20
1.5364016736401673,10,20,14,30,9,2.4,37,300,-0.020526023717715093,0.3949137257985853,-0.7945569262829423,0.7535048788475122,10 °C,20
1.5464435146443514,10,20,14,30,9,2.4,37,300,-0.026249535219747558,0.3947676924622917,-0.7999942124458393,0.7474951420063441,10 °C,20
1.5564853556485356,10,20,14,30,9,2.4,37,300,-0.0319730467217801,0.39462603647312766,-0.8054400782091103,0.7414939847655501,10 °C,20
1.5665271966527197,10,20,14,30,9,2.4,37,300,-0.03769655822381301,0.3944887625466452,-0.8108945328152376,0.7355014163676116,10 °C,20
1.5765690376569037,10,20,14,30,9,2.4,37,300,-0.04342006972584547,0.39435587525898763,-0.8163575852334611,0.7295174457817702,10 °C,20
1.5866108786610877,10,20,14,30,9,2.4,37,300,-0.04914358122787838,0.39422737904613636,-0.8218292441583057,0.7235420817025489,10 °C,20
1.596652719665272,10,20,14,30,9,2.4,37,300,-0.05486709272991181,0.3941032782031828,-0.8273095180081501,0.7175753325483264,10 °C,20
1.606694560669456,10,20,14,30,9,2.4,37,300,-0.060590604231944276,0.39398357688361835,-0.8327984149238362,0.7116172064599476,10 °C,20
1.61673640167364,10,20,14,30,9,2.4,37,300,-0.06631411573397675,0.3938682790986473,-0.8382959427673254,0.705667711299372,10 °C,20
1.6267782426778243,10,20,14,30,9,2.4,37,300,-0.07203762723600972,0.3937573887165237,-0.8438021091203962,0.6997268546483768,10 °C,20
1.6368200836820084,10,20,14,30,9,2.4,37,300,-0.07776113873804263,0.3936509094619067,-0.8493169212833798,0.6937946438072944,10 °C,20
1.6468619246861924,10,20,14,30,9,2.4,37,300,-0.0834846502400751,0.39354884491524367,-0.8548403862739526,0.6878710857938024,10 °C,20
1.6569037656903765,10,20,14,30,9,2.4,37,300,-0.08920816174210801,0.39345119851217114,-0.8603725108259634,0.6819561873417475,10 °C,20
1.6669456066945607,10,20,14,30,9,2.4,37,300,-0.09493167324414055,0.3933579735429433,-0.8659133013883094,0.6760499549000283,10 °C,20
1.6769874476987447,10,20,14,30,9,2.4,37,300,-0.10065518474617301,0.39326917315187976,-0.8714627641238573,0.6701523946315113,10 °C,20
1.6870292887029288,10,20,14,30,9,2.4,37,300,-0.10637869624820637,0.3931848003368401,-0.877020904908413,0.6642635124120002,10 °C,20
1.697071129707113,10,20,14,30,9,2.4,37,300,-0.11210220775023853,0.3931048579487208,-0.8825877293297313,0.6583833138292543,10 °C,20
1.707112970711297,10,20,14,30,9,2.4,37,300,-0.117825719252271,0.3930293486909753,-0.8881632426865825,0.6525118041820405,10 °C,20
1.7171548117154811,10,20,14,30,9,2.4,37,300,-0.12354923075430391,0.3929582751191608,-0.893747449987859,0.6466489884792512,10 °C,20
1.7271966527196652,10,20,14,30,9,2.4,37,300,-0.1292727422563369,0.39289163964050594,-0.8993403559517286,0.6407948714390548,10 °C,20
1.7372384937238494,10,20,14,30,9,2.4,37,300,-0.13499625375836935,0.3928294445135062,-0.9049419650048415,0.6349494574881028,10 °C,20
1.7472803347280335,10,20,14,30,9,2.4,37,300,-0.14071976526040228,0.39277169184754107,-0.9105522812815828,0.6291127507607782,10 °C,20
1.7573221757322175,10,20,14,30,9,2.4,37,300,-0.14644327676243474,0.3927183836025189,-0.9161713086233717,0.6232847550985022,10 °C,20
1.7673640167364018,10,20,14,30,9,2.4,37,300,-0.15216678826446772,0.3926695215885436,-0.9217990505780133,0.6174654740490778,10 °C,20
1.7774058577405858,10,20,14,30,9,2.4,37,300,-0.15789029976650107,0.39262510746560986,-0.9274355103990963,0.6116549108660942,10 °C,20
1.7874476987447698,10,20,14,30,9,2.4,37,300,-0.16361381126853325,0.39258514274332024,-0.9330806910454409,0.6058530685083744,10 °C,20
1.7974895397489539,10,20,14,30,9,2.4,37,300,-0.1693373227705657,0.3925496287806294,-0.9387345951805992,0.6000599496394678,10 °C,20
1.8075313807531381,10,20,14,30,9,2.4,37,300,-0.1750608342725986,0.3925185667856136,-0.9443972251724013,0.594275556627204,10 °C,20
1.8175732217573222,10,20,14,30,9,2.4,37,300,-0.1807843457746311,0.3924919578152648,-0.95006858309255,0.5884998915432879,10 °C,20
1.8276150627615062,10,20,14,30,9,2.4,37,300,-0.18650785727666408,0.39246980277531235,-0.9557486707162762,0.5827329561629481,10 °C,20
1.8376569037656902,10,20,14,30,9,2.4,37,300,-0.19223136877869698,0.39245210242006695,-0.9614374895220281,0.5769747519646342,10 °C,20
1.8476987447698745,10,20,14,30,9,2.4,37,300,-0.19795488028072997,0.3924388573522944,-0.9671350406912269,0.571225280129767,10 °C,20
1.8577405857740585,10,20,14,30,9,2.4,37,300,-0.20367839178276198,0.392430068023111,-0.9728413251080594,0.5654845415425356,10 °C,20
1.8677824267782426,10,20,14,30,9,2.4,37,300,-0.20940190328479488,0.39242573473190817,-0.978556343359335,0.5597525367897451,10 °C,20
1.8778242677824268,10,20,14,30,9,2.4,37,300,-0.2151254147868278,0.3924258576263008,-0.9842800957343772,0.5540292661607217,10 °C,20
1.8878661087866109,10,20,14,30,9,2.4,37,300,-0.22084892628886077,0.3924304367021024,-0.9900125822249816,0.54831472964726,10 °C,20
1.897907949790795,10,20,14,30,9,2.4,37,300,-0.2265724377908937,0.39243947180332583,-0.9957538025254122,0.542608926943625,10 °C,20
1.907949790794979,10,20,14,30,9,2.4,37,300,-0.23229594929292616,0.3924529626222096,-1.001503756032457,0.5369118574466045,10 °C,20
1.9179916317991632,10,20,14,30,9,2.4,37,300,-0.2380194607949587,0.3924709086992699,-1.0072624418455278,0.5312235202556104,10 °C,20
1.9280334728033472,10,20,14,30,9,2.4,37,300,-0.24374297229699204,0.39249330942338034,-1.0130298587668176,0.5255439141728334,10 °C,20
1.9380753138075313,10,20,14,30,9,2.4,37,300,-0.2494664837990245,0.3925201640318742,-1.018806005301498,0.519873037703449,10 °C,20
1.9481171548117155,10,20,14,30,9,2.4,37,300,-0.2551899953010567,0.39255147161067516,-1.0245908796579801,0.5142108890558666,10 °C,20
1.9581589958158996,10,20,14,30,9,2.4,37,300,-0.2609135068030896,0.3925872310944531,-1.0303844797482176,0.5085574661420385,10 °C,20
1.9682008368200836,10,20,14,30,9,2.4,37,300,-0.26663701830512204,0.39262744126680416,-1.0361868031880581,0.5029127665778141,10 °C,20
1.9782426778242677,10,20,14,30,9,2.4,37,300,-0.2723605298071554,0.392672100760458,-1.0419978472976532,0.49727678768334227,10 °C,20
1.988284518828452,10,20,14,30,9,2.4,37,300,-0.27808404130918796,0.39272120805751015,-1.0478176091019078,0.4916495264835319,10 °C,20
1.998326359832636,10,20,14,30,9,2.4,37,300,-0.28380755281122044,0.3927747614896792,-1.0536460853309917,0.48603097970855075,10 °C,20
2.00836820083682,10,20,14,30,9,2.4,37,300,-0.2895310643132533,0.3928327592385902,-1.05948327242089,0.48042114379438344,10 °C,20
2.0184100418410043,10,20,14,30,9,2.4,37,300,-0.29525457581528675,0.39289519933608136,-1.065329166514006,0.4748200148834327,10 °C,20
2.028451882845188,10,20,14,30,9,2.4,37,300,-0.3009780873173187,0.3929620796645392,-1.0711837634598156,0.46922758882517823,10 °C,20
2.0384937238493723,10,20,14,30,9,2.4,37,300,-0.30670159881935166,0.39303339795725417,-1.0770470588155698,0.4636438611768665,10 °C,20
2.0485355648535566,10,20,14,30,9,2.4,37,300,-0.3124251103213843,0.39310915179880573,-1.0829190478470436,0.4580688272042749,10 °C,20
2.0585774058577404,10,20,14,30,9,2.4,37,300,-0.31814862182341663,0.393189338625468,-1.0887997255293338,0.45250248188250064,10 °C,20
2.0686192468619247,10,20,14,30,9,2.4,37,300,-0.3238721333254501,0.39327395572564283,-1.0946890865477101,0.44694481989680984,10 °C,20
2.078661087866109,10,20,14,30,9,2.4,37,300,-0.32959564482748266,0.39336300024031534,-1.1005871252985007,0.4413958356435354,10 °C,20
2.0887029288702927,10,20,14,30,9,2.4,37,300,-0.3353191563295146,0.393456469163534,-1.1064938358900411,0.43585552323101207,10 °C,20
2.098744769874477,10,20,14,30,9,2.4,37,300,-0.341042667831548,0.39355435934291594,-1.1124092121436633,0.43032387648056725,10 °C,20
2.1087866108786613,10,20,14,30,9,2.4,37,300,-0.34676617933358056,0.39365666748017425,-1.118333247594722,0.42480088892756096,10 °C,20
2.118828451882845,10,20,14,30,9,2.4,37,300,-0.35248969083561343,0.3937633901316694,-1.1242659354936855,0.4192865538224586,10 °C,20
2.1288702928870293,10,20,14,30,9,2.4,37,300,-0.35821320233764636,0.39387452370898435,-1.1302072688072557,0.41378086413196297,10 °C,20
2.138912133891213,10,20,14,30,9,2.4,37,300,-0.36393671383967885,0.39399006447952334,-1.1361572402195446,0.40828381254018686,10 °C,20
2.1489539748953974,10,20,14,30,9,2.4,37,300,-0.36966022534171133,0.3941100085671306,-1.1421158421332873,0.4027953914498646,10 °C,20
2.1589958158995817,10,20,14,30,9,2.4,37,300,-0.3753837368437443,0.3942343519527364,-1.1480830666711075,0.3973155929836189,10 °C,20
2.1690376569037655,10,20,14,30,9,2.4,37,300,-0.38110724834577714,0.3943630904750211,-1.1540589056768185,0.3918444089852642,10 °C,20
2.1790794979079497,10,20,14,30,9,2.4,37,300,-0.3868307598478097,0.39449621983110394,-1.1600433507167733,0.3863818310211541,10 °C,20
2.189121338912134,10,20,14,30,9,2.4,37,300,-0.3925542713498431,0.39463373557725295,-1.1660363930812587,0.3809278503815726,10 °C,20
2.199163179916318,10,20,14,30,9,2.4,37,300,-0.39827778285187515,0.39477563312961567,-1.1720380237859218,0.37548245808217157,10 °C,20
2.209205020920502,10,20,14,30,9,2.4,37,300,-0.404001294353908,0.3949219077649733,-1.1780482335732558,0.3700456448654397,10 °C,20
2.2192468619246863,10,20,14,30,9,2.4,37,300,-0.4097248058559411,0.3950725546215133,-1.184067012914107,0.3646174012022249,10 °C,20
2.22928870292887,10,20,14,30,9,2.4,37,300,-0.41544831735797344,0.39522756869962467,-1.1900943520092377,0.3591977172932909,10 °C,20
2.2393305439330544,10,20,14,30,9,2.4,37,300,-0.4211718288600065,0.3953869448627127,-1.1961302407909233,0.3537865830709104,10 °C,20
2.2493723849372387,10,20,14,30,9,2.4,37,300,-0.426895340362039,0.39555067783803427,-1.2021746689245862,0.3483839882005081,10 °C,20
2.2594142259414225,10,20,14,30,9,2.4,37,300,-0.43261885186407145,0.3957187622175533,-1.2082276258104758,0.34298992208233303,10 °C,20
2.2694560669456068,10,20,14,30,9,2.4,37,300,-0.4383423633661048,0.39589119245881416,-1.2142891005853806,0.33760437385317094,10 °C,20
2.2794979079497906,10,20,14,30,9,2.4,37,300,-0.4440658748681373,0.396067962885837,-1.2203590821243777,0.3322273323881032,10 °C,20
2.289539748953975,10,20,14,30,9,2.4,37,300,-0.44978938637016974,0.39624906769002854,-1.2264375590426257,0.32685878630228615,10 °C,20
2.299581589958159,10,20,14,30,9,2.4,37,300,-0.4555128978722027,0.3964345009311153,-1.2325245196971888,0.32149872395278334,10 °C,20
2.309623430962343,10,20,14,30,9,2.4,37,300,-0.4612364093742352,0.39662425653809075,-1.238619952188893,0.3161471334404226,10 °C,20
2.319665271966527,10,20,14,30,9,2.4,37,300,-0.4669599208762678,0.39681832831018476,-1.24472384436423,0.3108040026116943,10 °C,20
2.3297071129707114,10,20,14,30,9,2.4,37,300,-0.47268343237830074,0.39701670991784616,-1.2508361838172792,0.3054693190606777,10 °C,20
2.3397489539748952,10,20,14,30,9,2.4,37,300,-0.4784069438803332,0.39721939490374625,-1.256956957891676,0.3001430701310094,10 °C,20
2.3497907949790795,10,20,14,30,9,2.4,37,300,-0.48413045538236565,0.3974263766837962,-1.2630861536826061,0.29482524291787493,10 °C,20
2.3598326359832638,10,20,14,30,9,2.4,37,300,-0.48985396688439864,0.397637648548183,-1.2692237580388372,0.2895158242700401,10 °C,20
2.3698744769874476,10,20,14,30,9,2.4,37,300,-0.49557747838643157,0.39785320366242066,-1.275369757564776,0.2842148007919129,10 °C,20
2.379916317991632,10,20,14,30,9,2.4,37,300,-0.5013009898884645,0.3980730350684156,-1.281524138622559,0.2789221588456301,10 °C,20
2.3899581589958157,10,20,14,30,9,2.4,37,300,-0.5070245013904969,0.39829713568555075,-1.2876868873341762,0.2736378845531825,10 °C,20
2.4,10,20,14,30,9,2.4,37,300,-0.5127480128925299,0.3985254983117809,-1.2938579895836204,0.2683619637985607,10 °C,20
0,15,20,14,30,28,4.5,37,300,-0.5090130711957492,0.4056685023487215,-1.3041233357992432,0.28609719340774487,15 °C,20
0.01882845188284519,15,20,14,30,28,4.5,37,300,-0.506020849283538,0.4051790598347767,-1.3001718065597003,0.2881301079926244,15 °C,20
0.03765690376569038,15,20,14,30,28,4.5,37,300,-0.5030286273713273,0.4046929510565751,-1.2962268114422144,0.2901695566995599,15 °C,20
0.056485355648535567,15,20,14,30,28,4.5,37,300,-0.500036405459116,0.4042101880417075,-1.2922883740208628,0.29221556310263075,15 °C,20
0.07531380753138076,15,20,14,30,28,4.5,37,300,-0.49704418354690477,0.4037307827923117,-1.2883565178198357,0.29426815072602625,15 °C,20
0.09414225941422594,15,20,14,30,28,4.5,37,300,-0.494051961634694,0.4032547472839225,-1.284431266311182,0.2963273430417941,15 °C,20
0.11297071129707113,15,20,14,30,28,4.5,37,300,-0.49105973972248274,0.40278209346431326,-1.2805126429125369,0.2983931634675713,15 °C,20
0.13179916317991633,15,20,14,30,28,4.5,37,300,-0.48806751781027197,0.4023128332523292,-1.2766006709848372,0.3004656353642932,15 °C,20
0.1506276150627615,15,20,14,30,28,4.5,37,300,-0.48507529589806075,0.40184697853671264,-1.2726953738300175,0.302544782033896,15 °C,20
0.1694560669456067,15,20,14,30,28,4.5,37,300,-0.48208307398584954,0.40138454117491995,-1.2687967746886926,0.30463062671699354,15 °C,20
0.18828451882845187,15,20,14,30,28,4.5,37,300,-0.4790908520736383,0.4009255329919314,-1.2649048967378238,0.3067231925905472,15 °C,20
0.20711297071129708,15,20,14,30,28,4.5,37,300,-0.4760986301614279,0.40046996577905125,-1.2610197630883684,0.30882250276551254,15 °C,20
0.22594142259414227,15,20,14,30,28,4.5,37,300,-0.4731064082492167,0.40001785129270406,-1.2571413967829166,0.3109285802844832,15 °C,20
0.24476987447698745,15,20,14,30,28,4.5,37,300,-0.47011418633700547,0.39956920125322015,-1.253269820793317,0.31304144811930606,15 °C,20
0.26359832635983266,15,20,14,30,28,4.5,37,300,-0.4671219644247942,0.3991240273436167,-1.249405058018283,0.3151611291686945,15 °C,20
0.2824267782426778,15,20,14,30,28,4.5,37,300,-0.4641297425125835,0.39868234120836965,-1.245547131280988,0.317287646255821,15 °C,20
0.301255230125523,15,20,14,30,28,4.5,37,300,-0.4611375206003722,0.39824415445218125,-1.2416960633266474,0.319421022125903,15 °C,20
0.32008368200836823,15,20,14,30,28,4.5,37,300,-0.45814529868816145,0.39780947863873967,-1.2378518768200912,0.32156127944376833,15 °C,20
0.3389121338912134,15,20,14,30,28,4.5,37,300,-0.4551530767759503,0.3973783252894729,-1.2340145943433172,0.3237084407914166,15 °C,20
0.3577405857740586,15,20,14,30,28,4.5,37,300,-0.4521608548637389,0.3969507058822964,-1.23018423839304,0.3258625286655621,15 °C,20
0.37656903765690375,15,20,14,30,28,4.5,37,300,-0.4491686329515282,0.39652663185035636,-1.2263608313782266,0.3280235654751702,15 °C,20
0.39539748953974896,15,20,14,30,28,4.5,37,300,-0.44617641103931704,0.39610611458076445,-1.2225443956176152,0.3301915735389812,15 °C,20
0.41422594142259417,15,20,14,30,28,4.5,37,300,-0.44318418912710617,0.3956891654133311,-1.2187349533372351,0.33236657508302275,15 °C,20
0.4330543933054393,15,20,14,30,28,4.5,37,300,-0.4401919672148955,0.39527579563929083,-1.2149325266679054,0.3345485922381145,15 °C,20
0.45188284518828453,15,20,14,30,28,4.5,37,300,-0.43719974530268374,0.3948660165000244,-1.2111371376427316,0.33673764703736403,15 °C,20
0.47071129707112974,15,20,14,30,28,4.5,37,300,-0.4342075233904726,0.39445983918577526,-1.207348808194592,0.3389337614136469,15 °C,20
0.4895397489539749,15,20,14,30,28,4.5,37,300,-0.43121530147826215,0.39405727483436365,-1.2035675601536149,0.3411369571970906,15 °C,20
0.5083682008368201,15,20,14,30,28,4.5,37,300,-0.42822307956605093,0.3936583345298937,-1.1997934152446426,0.34334725611254063,15 °C,20
0.5271966527196653,15,20,14,30,28,4.5,37,300,-0.4252308576538396,0.3932630293014604,-1.196026395084702,0.34556467977702277,15 °C,20
0.5460251046025105,15,20,14,30,28,4.5,37,300,-0.42223863574162873,0.3928713701218506,-1.192266521180456,0.34778924969719843,15 °C,20
0.5648535564853556,15,20,14,30,28,4.5,37,300,-0.41924641382941774,0.39248336790624133,-1.188513814925651,0.3500209872668153,15 °C,20
0.5836820083682008,15,20,14,30,28,4.5,37,300,-0.41625419191720686,0.3920990335108964,-1.1847682975985638,0.35225991376415006,15 °C,20
0.602510460251046,15,20,14,30,28,4.5,37,300,-0.4132619700049957,0.3917183777318589,-1.1810299903594392,0.35450605034944777,15 °C,20
0.6213389121338913,15,20,14,30,28,4.5,37,300,-0.41026974809278455,0.3913414113036425,-1.1772989142479238,0.3567594180623547,15 °C,20
0.6401673640167365,15,20,14,30,28,4.5,37,300,-0.40727752618057406,0.3909681448979205,-1.1735750901804982,0.35902003781935005,15 °C,20
0.6589958158995816,15,20,14,30,28,4.5,37,300,-0.4042853042683626,0.39059858912221246,-1.169858538947899,0.3612879304111738,15 °C,20
0.6778242677824268,15,20,14,30,28,4.5,37,300,-0.4012930823561513,0.39023275451857153,-1.1661492812125516,0.3635631165002489,15 °C,20
0.696652719665272,15,20,14,30,28,4.5,37,300,-0.3983008604439404,0.38987065156226836,-1.1624473375059865,0.36584561661810555,15 °C,20
0.7154811715481172,15,20,14,30,28,4.5,37,300,-0.3953086385317295,0.3895122906604754,-1.1587527282262613,0.3681354511628022,15 °C,20
0.7343096234309624,15,20,14,30,28,4.5,37,300,-0.39231641661951816,0.38915768215095137,-1.155065473635383,0.37043264039634655,15 °C,20
0.7531380753138075,15,20,14,30,28,4.5,37,300,-0.38932419470730717,0.3888068363007244,-1.1513855938567268,0.37273720444211256,15 °C,20
0.7719665271966527,15,20,14,30,28,4.5,37,300,-0.38633197279509623,0.3884597633047764,-1.147713108872458,0.37504916328226545,15 °C,20
0.7907949790794979,15,20,14,30,28,4.5,37,300,-0.3833397508828853,0.38811647328472726,-1.1440480385209506,0.3773685367551801,15 °C,20
0.8096234309623431,15,20,14,30,28,4.5,37,300,-0.3803475289706744,0.3877769762875216,-1.1403904024942169,0.37969534455286796,15 °C,20
0.8284518828451883,15,20,14,30,28,4.5,37,300,-0.37735530705846304,0.38744128228411484,-1.136740220335328,0.38202960621840204,15 °C,20
0.8472803347280335,15,20,14,30,28,4.5,37,300,-0.3743630851462517,0.3871094011681611,-1.1330975114358475,0.38437134114334404,15 °C,20
0.8661087866108786,15,20,14,30,28,4.5,37,300,-0.3713708632340414,0.38678134275470477,-1.1294622950332627,0.38672056856517995,15 °C,20
0.8849372384937239,15,20,14,30,28,4.5,37,300,-0.36837864132182985,0.38645711677887323,-1.1258345902084215,0.38907730756476167,15 °C,20
0.9037656903765691,15,20,14,30,28,4.5,37,300,-0.3653864194096187,0.38613673289457234,-1.1222144158829805,0.39144157706374305,15 °C,20
0.9225941422594143,15,20,14,30,28,4.5,37,300,-0.3623941974974084,0.38582020067318396,-1.1186017908168489,0.3938133958220321,15 °C,20
0.9414225941422595,15,20,14,30,28,4.5,37,300,-0.35940197558519726,0.3855075296022696,-1.1149967336056457,0.39619278243525113,15 °C,20
0.9602510460251046,15,20,14,30,28,4.5,37,300,-0.3564097536729861,0.38519872908427494,-1.111399262678165,0.3985797553321928,15 °C,20
0.9790794979079498,15,20,14,30,28,4.5,37,300,-0.35341753176077456,0.3848938084352406,-1.1078093962938462,0.40097433277229705,15 °C,20
0.997907949790795,15,20,14,30,28,4.5,37,300,-0.35042530984856385,0.38459277688351606,-1.1042271525402554,0.40337653284312763,15 °C,20
1.0167364016736402,15,20,14,30,28,4.5,37,300,-0.3474330879363527,0.3842956435684788,-1.100652549330571,0.40578637345786567,15 °C,20
1.0355648535564854,15,20,14,30,28,4.5,37,300,-0.3444408660241416,0.38400241753925946,-1.0970856044010902,0.408203872352807,15 °C,20
1.0543933054393306,15,20,14,30,28,4.5,37,300,-0.34144864411193043,0.3837131077534717,-1.093526335308735,0.41062904708487413,15 °C,20
1.0732217573221758,15,20,14,30,28,4.5,37,300,-0.3384564221997197,0.3834277230759484,-1.0899747594285785,0.41306191502913914,15 °C,20
1.092050209205021,15,20,14,30,28,4.5,37,300,-0.3354642002875082,0.38314627227748416,-1.0864308939513772,0.41550249337636075,15 °C,20
1.110878661087866,15,20,14,30,28,4.5,37,300,-0.33247197837529735,0.3828687640335852,-1.0828947558811244,0.4179507991305296,15 °C,20
1.1297071129707112,15,20,14,30,28,4.5,37,300,-0.32947975646308625,0.3825952069232249,-1.079366362032607,0.42040684910643455,15 °C,20
1.1485355648535565,15,20,14,30,28,4.5,37,300,-0.326487534550876,0.38232560942760907,-1.0758457290289898,0.4228706599272378,15 °C,20
1.1673640167364017,15,20,14,30,28,4.5,37,300,-0.323495312638664,0.3820599799289468,-1.0723328732993997,0.4253422480220717,15 °C,20
1.1861924686192469,15,20,14,30,28,4.5,37,300,-0.32050309072645283,0.38179832670923136,-1.0688278110765463,0.4278216296236406,15 °C,20
1.205020920502092,15,20,14,30,28,4.5,37,300,-0.31751086881424256,0.38154065794902864,-1.0653305583943387,0.4303088207658536,15 °C,20
1.2238493723849373,15,20,14,30,28,4.5,37,300,-0.3145186469020314,0.381286981726276,-1.0618411310855325,0.4328038372814696,15 °C,20
1.2426778242677825,15,20,14,30,28,4.5,37,300,-0.31152642498982025,0.38103730601508906,-1.0583595447793948,0.4353066947997543,15 °C,20
1.2615062761506277,15,20,14,30,28,4.5,37,300,-0.30853420307760915,0.3807916386845787,-1.0548858148993834,0.4378174087441651,15 °C,20
1.280334728033473,15,20,14,30,28,4.5,37,300,-0.30554198116539844,0.3805499874976796,-1.0514199566608504,0.44033599433005355,15 °C,20
1.2991631799163181,15,20,14,30,28,4.5,37,300,-0.30254975925318695,0.38031236010998715,-1.0479619850687616,0.4428624665623878,15 °C,20
1.3179916317991631,15,20,14,30,28,4.5,37,300,-0.2995575373409765,0.3800787640686076,-1.0445119149154474,0.4453968402334943,15 °C,20
1.3368200836820083,15,20,14,30,28,4.5,37,300,-0.2965653154287642,0.37984920681101725,-1.0410697607783579,0.4479391299208296,15 °C,20
1.3556485355648535,15,20,14,30,28,4.5,37,300,-0.2935730935165538,0.3796236956639361,-1.0376355370178687,0.450489349984761,15 °C,20
1.3744769874476988,15,20,14,30,28,4.5,37,300,-0.2905808716043431,0.37940223784221144,-1.0342092577750774,0.45304751456639136,15 °C,20
1.393305439330544,15,20,14,30,28,4.5,37,300,-0.28758864969213155,0.3791848404477138,-1.0307909369696506,0.4556136375853875,15 °C,20
1.4121338912133892,15,20,14,30,28,4.5,37,300,-0.28459642777992084,0.37897151046824784,-1.0273805882976865,0.4581877327378449,15 °C,20
1.4309623430962344,15,20,14,30,28,4.5,37,300,-0.2816042058677098,0.37876225477647557,-1.023978225229602,0.4607698134941823,15 °C,20
1.4497907949790796,15,20,14,30,28,4.5,37,300,-0.27861198395549897,0.37855708012885125,-1.0205838610080473,0.46335989309704945,15 °C,20
1.4686192468619248,15,20,14,30,28,4.5,37,300,-0.2756197620432871,0.37835599316457297,-1.0171975086458502,0.46595798455927595,15 °C,20
1.48744769874477,15,20,14,30,28,4.5,37,300,-0.27262754013107626,0.3781590004045471,-1.0138191809239885,0.46856410066183596,15 °C,20
1.506276150627615,15,20,14,30,28,4.5,37,300,-0.2696353182188651,0.3779661082503684,-1.0104488903895872,0.471178253951857,15 °C,20
1.5251046025104602,15,20,14,30,28,4.5,37,300,-0.2666430963066544,0.37777732298331435,-1.0070866493539505,0.47380045674064175,15 °C,20
1.5439330543933054,15,20,14,30,28,4.5,37,300,-0.2636508743944436,0.3775926507633548,-1.003732469890619,0.47643072110173174,15 °C,20
1.5627615062761506,15,20,14,30,28,4.5,37,300,-0.26065865248223175,0.3774120976281778,-1.0003863638334602,0.47906905886899676,15 °C,20
1.5815899581589958,15,20,14,30,28,4.5,37,300,-0.2576664305700218,0.3772356694922323,-0.9970483427747971,0.48171548163475353,15 °C,20
1.600418410041841,15,20,14,30,28,4.5,37,300,-0.2546742086578103,0.37706337214578617,-0.9937184180635512,0.4843700007479306,15 °C,20
1.6192468619246863,15,20,14,30,28,4.5,37,300,-0.2516819867455991,0.3768952112540003,-0.9903966008034397,0.48703262731224145,15 °C,20
1.6380753138075315,15,20,14,30,28,4.5,37,300,-0.24868976483338762,0.37673119235602276,-0.9870829018511922,0.489703372184417,15 °C,20
1.6569037656903767,15,20,14,30,28,4.5,37,300,-0.24569754292117732,0.37657132086409695,-0.9837773318148073,0.4923822459724527,15 °C,20
1.6757322175732219,15,20,14,30,28,4.5,37,300,-0.24270532100896655,0.37641560206269065,-0.9804799010518402,0.4950692590339071,15 °C,20
1.694560669456067,15,20,14,30,28,4.5,37,300,-0.23971309909675464,0.3762640411076409,-0.9771906196677308,0.4977644214742215,15 °C,20
1.713389121338912,15,20,14,30,28,4.5,37,300,-0.2367208771845438,0.3761166430253173,-0.9739094975141657,0.500467743145078,15 °C,20
1.7322175732217573,15,20,14,30,28,4.5,37,300,-0.23372865527233305,0.3759734127118071,-0.9706365441874749,0.5031792336428089,15 °C,20
1.7510460251046025,15,20,14,30,28,4.5,37,300,-0.23073643336012278,0.3758343549321147,-0.9673717690270676,0.5058989023068221,15 °C,20
1.7698744769874477,15,20,14,30,28,4.5,37,300,-0.22774421144791046,0.3756994743193846,-0.9641151811139043,0.5086267582180833,15 °C,20
1.788702928870293,15,20,14,30,28,4.5,37,300,-0.22475198953569975,0.375568775374141,-0.9608667892690161,0.5113628101976166,15 °C,20
1.8075313807531381,15,20,14,30,28,4.5,37,300,-0.22175976762348856,0.37544226246355045,-0.9576266020520474,0.5141070668050702,15 °C,20
1.8263598326359833,15,20,14,30,28,4.5,37,300,-0.21876754571127785,0.37531993982069994,-0.9543946277598497,0.516859536337294,15 °C,20
1.8451882845188285,15,20,14,30,28,4.5,37,300,-0.2157753237990667,0.3752018115439014,-0.9511708744251135,0.5196202268269801,15 °C,20
1.8640167364016738,15,20,14,30,28,4.5,37,300,-0.21278310188685526,0.37508788159601236,-0.9479553498150395,0.522389146041329,15 °C,20
1.882845188284519,15,20,14,30,28,4.5,37,300,-0.20979087997464527,0.37497815380377825,-0.9447480614300506,0.52516630148076,15 °C,20
1.9016736401673642,15,20,14,30,28,4.5,37,300,-0.20679865806243292,0.3748726318571991,-0.9415490165025432,0.5279517003776774,15 °C,20
1.9205020920502092,15,20,14,30,28,4.5,37,300,-0.20380643615022295,0.3747713193089132,-0.9383582219956929,0.5307453496952469,15 °C,20
1.9393305439330544,15,20,14,30,28,4.5,37,300,-0.20081421423801105,0.3746742195736057,-0.9351756846022782,0.5335472561262561,15 °C,20
1.9581589958158996,15,20,14,30,28,4.5,37,300,-0.1978219923257999,0.3745813359274389,-0.9320014107435801,0.5363574260919803,15 °C,20
1.9769874476987448,15,20,14,30,28,4.5,37,300,-0.19482977041358918,0.37449267150750304,-0.9288354065682951,0.5391758657411168,15 °C,20
1.99581589958159,15,20,14,30,28,4.5,37,300,-0.19183754850137757,0.37440822931128964,-0.9256776779515052,0.5420025809487501,15 °C,20
2.014644351464435,15,20,14,30,28,4.5,37,300,-0.18884532658916686,0.3743280121961903,-0.9225282304936998,0.5448375773153661,15 °C,20
2.0334728033472804,15,20,14,30,28,4.5,37,300,-0.18585310467695615,0.37425202287901427,-0.9193870695198241,0.5476808601659118,15 °C,20
2.0523012552301254,15,20,14,30,28,4.5,37,300,-0.18286088276474455,0.3741802639355319,-0.916254200078387,0.5505324345488979,15 °C,20
2.071129707112971,15,20,14,30,28,4.5,37,300,-0.17986866085253309,0.3741127378000404,-0.9131296269406122,0.5533923052355461,15 °C,20
2.089958158995816,15,20,14,30,28,4.5,37,300,-0.17687643894032398,0.3740494467649512,-0.9100133545996284,0.5562604767189804,15 °C,20
2.1087866108786613,15,20,14,30,28,4.5,37,300,-0.17388421702811166,0.37399039298040504,-0.9069053872697055,0.5591369532134822,15 °C,20
2.1276150627615062,15,20,14,30,28,4.5,37,300,-0.17089199511590078,0.37393557845390485,-0.9038057288855543,0.5620217386537527,15 °C,20
2.1464435146443517,15,20,14,30,28,4.5,37,300,-0.1678997732036902,0.37388500504997835,-0.9007143831016478,0.5649148366942673,15 °C,20
2.1652719665271967,15,20,14,30,28,4.5,37,300,-0.16490755129147935,0.37383867448985997,-0.8976313532916049,0.5678162507086462,15 °C,20
2.184100418410042,15,20,14,30,28,4.5,37,300,-0.16191532937926717,0.373796588351199,-0.8945566425476172,0.5707259837890828,15 °C,20
2.202928870292887,15,20,14,30,28,4.5,37,300,-0.1589231074670563,0.37375874806779147,-0.8914902536799275,0.5736440387458149,15 °C,20
2.221757322175732,15,20,14,30,28,4.5,37,300,-0.15593088555484633,0.37372515492933733,-0.8884321892163475,0.5765704181066548,15 °C,20
2.2405857740585775,15,20,14,30,28,4.5,37,300,-0.15293866364263398,0.37369581008121966,-0.8853824514018245,0.5795051241165565,15 °C,20
2.2594142259414225,15,20,14,30,28,4.5,37,300,-0.14994644173042415,0.3736707145243089,-0.8823410421980695,0.5824481587372212,15 °C,20
2.278242677824268,15,20,14,30,28,4.5,37,300,-0.1469542198182118,0.3736498691147952,-0.8793079632832104,0.5853995236467868,15 °C,20
2.297071129707113,15,20,14,30,28,4.5,37,300,-0.14396199790600184,0.373633274564039,-0.8762832160515183,0.5883592202395146,15 °C,20
2.3158995815899583,15,20,14,30,28,4.5,37,300,-0.14096977599379037,0.3736209314384524,-0.873266801613157,0.5913272496255763,15 °C,20
2.3347280334728033,15,20,14,30,28,4.5,37,300,-0.13797755408157877,0.37361284015940055,-0.8702587207940038,0.5943036126308463,15 °C,20
2.3535564853556488,15,20,14,30,28,4.5,37,300,-0.13498533216936806,0.37360900100313216,-0.867258974135507,0.5972883097967709,15 °C,20
2.3723849372384938,15,20,14,30,28,4.5,37,300,-0.13199311025715735,0.37360941410072884,-0.8642675618945859,0.6002813413802712,15 °C,20
2.391213389121339,15,20,14,30,28,4.5,37,300,-0.12900088834494663,0.37361407943808633,-0.8612844840435958,0.6032827073537026,15 °C,20
2.410041841004184,15,20,14,30,28,4.5,37,300,-0.12600866643273503,0.3736229968559144,-0.8583097402703271,0.6062924074048571,15 °C,20
2.428870292887029,15,20,14,30,28,4.5,37,300,-0.1230164445205243,0.37363616604976496,-0.8553433299780636,0.609310440937015,15 °C,20
2.4476987447698746,15,20,14,30,28,4.5,37,300,-0.1200242226083136,0.3736535865700848,-0.8523852522856797,0.6123368070690526,15 °C,20
2.4665271966527196,15,20,14,30,28,4.5,37,300,-0.11703200069610199,0.37367525782229033,-0.849435506027791,0.6153715046355871,15 °C,20
2.485355648535565,15,20,14,30,28,4.5,37,300,-0.11403977878389127,0.37370117906687084,-0.8464940897549581,0.6184145321871756,15 °C,20
2.50418410041841,15,20,14,30,28,4.5,37,300,-0.11104755687167966,0.37373134941951425,-0.8435610017339276,0.6214658879905682,15 °C,20
2.5230125523012554,15,20,14,30,28,4.5,37,300,-0.10805533495946822,0.3737657678512573,-0.8406362399479325,0.6245255700289961,15 °C,20
2.5418410041841004,15,20,14,30,28,4.5,37,300,-0.10506311304725824,0.37380443318866047,-0.8377198020970328,0.6275935760025163,15 °C,20
2.560669456066946,15,20,14,30,28,4.5,37,300,-0.10207089113504678,0.37384734411400955,-0.8348116855985055,0.630669903328412,15 °C,20
2.579497907949791,15,20,14,30,28,4.5,37,300,-0.09907866922283681,0.37389449916553835,-0.831911887587292,0.6337545491416183,15 °C,20
2.5983263598326363,15,20,14,30,28,4.5,37,300,-0.09608644731062461,0.3739458967376779,-0.8290204049164733,0.636847510295224,15 °C,20
2.6171548117154813,15,20,14,30,28,4.5,37,300,-0.09309422539841375,0.37400153508132905,-0.8261372341578187,0.6399487833609913,15 °C,20
2.6359832635983262,15,20,14,30,28,4.5,37,300,-0.09010200348620377,0.3740614123041591,-0.8232623716023556,0.643058364629948,15 °C,20
2.6548117154811717,15,20,14,30,28,4.5,37,300,-0.08710978157399142,0.3741255263709237,-0.8203958132610019,0.646176250113019,15 °C,20
2.6736401673640167,15,20,14,30,28,4.5,37,300,-0.08411755966177997,0.3741938751038113,-0.8175375548652501,0.6493024355416901,15 °C,20
2.692468619246862,15,20,14,30,28,4.5,37,300,-0.08112533774956926,0.3742664561828106,-0.814687591867878,0.6524369163687396,15 °C,20
2.711297071129707,15,20,14,30,28,4.5,37,300,-0.0781331158373584,0.3743432671461047,-0.8118459194437236,0.6555796877690069,15 °C,20
2.7301255230125525,15,20,14,30,28,4.5,37,300,-0.07514089392514782,0.3744243053904851,-0.8090125324904985,0.658730744640203,15 °C,20
2.7489539748953975,15,20,14,30,28,4.5,37,300,-0.07214867201293697,0.37450956817179126,-0.8061874256296478,0.6618900816037739,15 °C,20
2.767782426778243,15,20,14,30,28,4.5,37,300,-0.06915645010072477,0.374599052605373,-0.8033705932072559,0.6650576930058063,15 °C,20
2.786610878661088,15,20,14,30,28,4.5,37,300,-0.0661642281885139,0.37469275566657506,-0.800562029295001,0.6682335729179733,15 °C,20
2.8054393305439334,15,20,14,30,28,4.5,37,300,-0.06317200627630319,0.3747906741912447,-0.7977617276911427,0.6714177151385364,15 °C,20
2.8242677824267783,15,20,14,30,28,4.5,37,300,-0.06017978436409247,0.37489280487626125,-0.7949696819215645,0.6746101131933796,15 °C,20
2.8430962343096233,15,20,14,30,28,4.5,37,300,-0.057187562451881606,0.3749991442800916,-0.7921858852408612,0.677810760337098,15 °C,20
2.8619246861924688,15,20,14,30,28,4.5,37,300,-0.054195340539669415,0.37510968882336043,-0.7894103306334559,0.681019649554117,15 °C,20
2.8807531380753137,15,20,14,30,28,4.5,37,300,-0.05120311862745944,0.37522443478945056,-0.7866430108147825,0.6842367735598637,15 °C,20
2.899581589958159,15,20,14,30,28,4.5,37,300,-0.048210896715248724,0.37534337832512005,-0.7838839182324839,0.6874621248019865,15 °C,20
2.918410041841004,15,20,14,30,28,4.5,37,300,-0.045218674803037116,0.3754665154411415,-0.7811330450676744,0.6906956954616003,15 °C,20
2.9372384937238496,15,20,14,30,28,4.5,37,300,-0.042226452890825814,0.37559384201296314,-0.7783903832362336,0.6939374774545819,15 °C,20
2.9560669456066946,15,20,14,30,28,4.5,37,300,-0.03923423097861495,0.3757253537813912,-0.7756559243901417,0.6971874624329117,15 °C,20
2.97489539748954,15,20,14,30,28,4.5,37,300,-0.036242009066404235,0.3758610463532925,-0.7729296599188575,0.700445641786049,15 °C,20
2.993723849372385,15,20,14,30,28,4.5,37,300,-0.03324978715419337,0.3760009152023157,-0.7702115809507322,0.7037120066423455,15 °C,20
3.01255230125523,15,20,14,30,28,4.5,37,300,-0.030257565241981026,0.3761449556696374,-0.7675016783544703,0.7069865478705083,15 °C,20
3.0313807531380754,15,20,14,30,28,4.5,37,300,-0.02726534332977046,0.37629316296472204,-0.7647999427406257,0.7102692560810847,15 °C,20
3.0502092050209204,15,20,14,30,28,4.5,37,300,-0.024273121417559593,0.37644553216610743,-0.7621063644631301,0.713560121628011,15 °C,20
3.069037656903766,15,20,14,30,28,4.5,37,300,-0.02128089950534888,0.37660205822220283,-0.7594209336208664,0.7168591346101687,15 °C,20
3.087866108786611,15,20,14,30,28,4.5,37,300,-0.018288677593138014,0.37676273595211385,-0.7567436400592812,0.7201662848730052,15 °C,20
3.1066945606694563,15,20,14,30,28,4.5,37,300,-0.015296455680926708,0.37692756004648004,-0.7540744733720276,0.7234815620101741,15 °C,20
3.1255230125523012,15,20,14,30,28,4.5,37,300,-0.012304233768715103,0.3770965250683306,-0.751413422902643,0.7268049553652127,15 °C,20
3.1443514644351467,15,20,14,30,28,4.5,37,300,-0.009312011856504388,0.377269625453964,-0.7487604777462739,0.730136454033265,15 °C,20
3.1631799163179917,15,20,14,30,28,4.5,37,300,-0.006319789944293525,0.3774468555138403,-0.7461156267514204,0.7334760468628334,15 °C,20
3.182008368200837,15,20,14,30,28,4.5,37,300,-0.003327568032082069,0.377628209433491,-0.7434788585217245,0.7368237224575602,15 °C,20
3.200836820083682,15,20,14,30,28,4.5,37,300,-3.3534611987135377e-4,0.3778136812744479,-0.7408501614177894,0.7401794691780466,15 °C,20
3.219665271966527,15,20,14,30,28,4.5,37,300,0.0026568757923393616,0.3780032649751896,-0.7382295235590323,0.7435432751437109,15 °C,20
3.2384937238493725,15,20,14,30,28,4.5,37,300,0.005649097704550078,0.37819695435209855,-0.735616932825563,0.7469151282346632,15 °C,20
3.2573221757322175,15,20,14,30,28,4.5,37,300,0.00864131961676094,0.3783947431004439,-0.7330123768601091,0.750295016093631,15 °C,20
3.276150627615063,15,20,14,30,28,4.5,37,300,0.011633541528974025,0.3785966247953687,-0.7304158430699487,0.7536829261278967,15 °C,20
3.294979079497908,15,20,14,30,28,4.5,37,300,0.014625763441184,0.37880259289290324,-0.7278273186289063,0.7570788455112744,15 °C,20
3.3138075313807533,15,20,14,30,28,4.5,37,300,0.017617985353394566,0.37901264073098584,-0.7252467904793377,0.7604827611861268,15 °C,20
3.3326359832635983,15,20,14,30,28,4.5,37,300,0.020610207265605432,0.37922676153050094,-0.7226742453341763,0.7638946598653873,15 °C,20
3.3514644351464438,15,20,14,30,28,4.5,37,300,0.023602429177816145,0.3794449483963307,-0.7201096696789919,0.7673145280346243,15 °C,20
3.3702928870292888,15,20,14,30,28,4.5,37,300,0.02659465109002849,0.3796671943184245,-0.7175530497740835,0.7707423519541404,15 °C,20
3.389121338912134,15,20,14,30,28,4.5,37,300,0.029586873002239944,0.37989349217287427,-0.7150043716565936,0.7741781176610735,15 °C,20
3.407949790794979,15,20,14,30,28,4.5,37,300,0.03257909491444992,0.38012383472300976,-0.7124636211426493,0.777621810971549,15 °C,20
3.426778242677824,15,20,14,30,28,4.5,37,300,0.03557131682666079,0.38035821462050423,-0.7099307838295275,0.7810734174828491,15 °C,20
3.4456066945606696,15,20,14,30,28,4.5,37,300,0.03856353873887298,0.38059662440649195,-0.7074058450978512,0.7845329225755971,15 °C,20
3.4644351464435146,15,20,14,30,28,4.5,37,300,0.04155576065108221,0.3808390565126984,-0.7048887901138066,0.788000311415971,15 °C,20
3.48326359832636,15,20,14,30,28,4.5,37,300,0.04454798256329441,0.3810855032625813,-0.7023796038313649,0.7914755689579537,15 °C,20
3.502092050209205,15,20,14,30,28,4.5,37,300,0.047540204475503646,0.3813359568724868,-0.6998782709945705,0.7949586799455778,15 °C,20
3.5209205020920504,15,20,14,30,28,4.5,37,300,0.050532426387715844,0.38159040945280903,-0.6973847761397899,0.7984496289152215,15 °C,20
3.5397489539748954,15,20,14,30,28,4.5,37,300,0.053524648299927445,0.38184885300916777,-0.6948991035980414,0.8019484001978963,15 °C,20
3.558577405857741,15,20,14,30,28,4.5,37,300,0.056516870212139046,0.38211127944359147,-0.6924212374973002,0.8054549779215783,15 °C,20
3.577405857740586,15,20,14,30,28,4.5,37,300,0.059509092124349766,0.38237768055571303,-0.6899511617648478,0.8089693460135473,15 °C,20
3.5962343096234313,15,20,14,30,28,4.5,37,300,0.06250131403655959,0.38264804804397357,-0.6874888601296286,0.8124914882027477,15 °C,20
3.6150627615062763,15,20,14,30,28,4.5,37,300,0.06549353594877208,0.3829223735068319,-0.6850343161246184,0.8160213880221625,15 °C,20
3.6338912133891212,15,20,14,30,28,4.5,37,300,0.0684857578609828,0.38320064844399215,-0.6825875130892418,0.8195590288112073,15 °C,20
3.6527196652719667,15,20,14,30,28,4.5,37,300,0.07147797977319352,0.38348286425762657,-0.6801484341717545,0.8231043937181415,15 °C,20
3.6715481171548117,15,20,14,30,28,4.5,37,300,0.07447020168540423,0.3837690122536179,-0.6777170623316869,0.8266574657024953,15 °C,20
3.690376569037657,15,20,14,30,28,4.5,37,300,0.07746242359761495,0.38405908364280256,-0.675293380342278,0.8302182275375078,15 °C,20
3.709205020920502,15,20,14,30,28,4.5,37,300,0.08045464550982655,0.38435306954222187,-0.6728773707929283,0.8337866618125813,15 °C,20
3.7280334728033475,15,20,14,30,28,4.5,37,300,0.08344686742203963,0.3846509609763813,-0.6704690160916676,0.837362750935747,15 °C,20
3.7468619246861925,15,20,14,30,28,4.5,37,300,0.08643908933424799,0.38495274887851716,-0.6680682984676456,0.8409464771361417,15 °C,20
3.765690376569038,15,20,14,30,28,4.5,37,300,0.0894313112464587,0.38525842409186445,-0.6656751999735957,0.844537822466513,15 °C,20
3.784518828451883,15,20,14,30,28,4.5,37,300,0.09242353315867267,0.3855679773709353,-0.6632897024883605,0.8481367688057059,15 °C,20
3.8033472803347284,15,20,14,30,28,4.5,37,300,0.09541575507088339,0.38588139938280036,-0.6609117877194053,0.8517432978611721,15 °C,20
3.8221757322175733,15,20,14,30,28,4.5,37,300,0.09840797698309262,0.3861986807083754,-0.6585414372053231,0.8553573911715084,15 °C,20
3.8410041841004183,15,20,14,30,28,4.5,37,300,0.10140019889530333,0.3865198118437119,-0.656178632318372,0.8589790301089786,15 °C,20
3.8598326359832638,15,20,14,30,28,4.5,37,300,0.10439242080751406,0.38684478320129184,-0.6538233542670179,0.8626081958820461,15 °C,20
3.8786610878661087,15,20,14,30,28,4.5,37,300,0.10738464271972713,0.3871735851113262,-0.6514755840984722,0.8662448695379265,15 °C,20
3.897489539748954,15,20,14,30,28,4.5,37,300,0.11037686463193785,0.3875062078230585,-0.6491353027012567,0.8698890319651325,15 °C,20
3.916317991631799,15,20,14,30,28,4.5,37,300,0.11336908654414857,0.38784264150606845,-0.6468024908077455,0.8735406638960427,15 °C,20
3.9351464435146446,15,20,14,30,28,4.5,37,300,0.11636130845635928,0.3881828762515795,-0.6444771289967365,0.877199745909455,15 °C,20
3.9539748953974896,15,20,14,30,28,4.5,37,300,0.11935353036857088,0.3885269020737697,-0.6421591976960177,0.8808662584331595,15 °C,20
3.972803347280335,15,20,14,30,28,4.5,37,300,0.1223457522807816,0.3888747089110825,-0.6398486771849401,0.8845401817465033,15 °C,20
3.99163179916318,15,20,14,30,28,4.5,37,300,0.1253379741929923,0.3892262866275415,-0.637545547596989,0.8882214959829736,15 °C,20
4.010460251046025,15,20,14,30,28,4.5,37,300,0.12833019610520155,0.38958162501406307,-0.6352497889223621,0.8919101811327652,15 °C,20
4.02928870292887,15,20,14,30,28,4.5,37,300,0.1313224180174155,0.38994071378977313,-0.6329613810105398,0.8956062170453708,15 °C,20
4.048117154811716,15,20,14,30,28,4.5,37,300,0.13431463992962595,0.39030354260332484,-0.6306803035728907,0.8993095834321425,15 °C,20
4.066945606694561,15,20,14,30,28,4.5,37,300,0.13730686184183696,0.3906701010342095,-0.6284065361852137,0.9030202598688876,15 °C,20
4.085774058577406,15,20,14,30,28,4.5,37,300,0.14029908375404768,0.3910403785940796,-0.6261400582903484,0.9067382257984437,15 °C,20
4.104602510460251,15,20,14,30,28,4.5,37,300,0.14329130566625928,0.3914143647280586,-0.6238808492007355,0.910463460533254,15 °C,20
4.123430962343097,15,20,14,30,28,4.5,37,300,0.14628352757847057,0.3917920488160595,-0.6216288881010061,0.9141959432579472,15 °C,20
4.142259414225942,15,20,14,30,28,4.5,37,300,0.14927574949068217,0.39217342017409673,-0.6193841540505474,0.9179356530319118,15 °C,20
4.161087866108787,15,20,14,30,28,4.5,37,300,0.15226797140289142,0.3925584680555987,-0.617146625986082,0.9216825687918648,15 °C,20
4.179916317991632,15,20,14,30,28,4.5,37,300,0.15526019331510302,0.39294718165272013,-0.6149162827242285,0.9254366693544345,15 °C,20
4.1987447698744775,15,20,14,30,28,4.5,37,300,0.15825241522731345,0.393339550097648,-0.6126931029640765,0.9291979334187035,15 °C,20
4.2175732217573225,15,20,14,30,28,4.5,37,300,0.16124463713952594,0.39373556246391045,-0.6104770652897384,0.9329663395687904,15 °C,20
4.2364016736401675,15,20,14,30,28,4.5,37,300,0.16423685905173666,0.3941352077676773,-0.6082681481729109,0.9367418662763842,15 °C,20
4.2552301255230125,15,20,14,30,28,4.5,37,300,0.1672290809639459,0.394538474969066,-0.6060663299754234,0.9405244919033153,15 °C,20
4.2740585774058575,15,20,14,30,28,4.5,37,300,0.17022130287615986,0.3949453529734325,-0.6038715889517677,0.9443141947040875,15 °C,20
4.292887029288703,15,20,14,30,28,4.5,37,300,0.17321352478837057,0.3953558306326707,-0.601683903251664,0.9481109528284052,15 °C,20
4.311715481171548,15,20,14,30,28,4.5,37,300,0.17620574670058128,0.3957698967465014,-0.5995032509225615,0.9519147443237241,15 °C,20
4.330543933054393,15,20,14,30,28,4.5,37,300,0.17919796861279053,0.3961875400637569,-0.597329609912173,0.9557255471377539,15 °C,20
4.349372384937238,15,20,14,30,28,4.5,37,300,0.18219019052500124,0.3966087492836643,-0.5951629580709807,0.9595433391209833,15 °C,20
4.368200836820084,15,20,14,30,28,4.5,37,300,0.18518241243721492,0.39703351305712326,-0.5930032731547467,0.9633680980291764,15 °C,20
4.387029288702929,15,20,14,30,28,4.5,37,300,0.18817463434942414,0.39746181998797897,-0.5908505328270146,0.9671998015258629,15 °C,20
4.405857740585774,15,20,14,30,28,4.5,37,300,0.19116685626163665,0.3978936586342884,-0.5887047146615686,0.9710384271848419,15 °C,20
4.424686192468619,15,20,14,30,28,4.5,37,300,0.19415907817384737,0.3983290175095829,-0.5865657961449351,0.9748839524926298,15 °C,20
4.443514644351464,15,20,14,30,28,4.5,37,300,0.19715130008605836,0.3987678850841262,-0.584433754678829,0.9787363548509458,15 °C,20
4.46234309623431,15,20,14,30,28,4.5,37,300,0.20014352199827026,0.3992102497861637,-0.5823085675826106,0.9825956115791511,15 °C,20
4.481171548117155,15,20,14,30,28,4.5,37,300,0.2031357439104795,0.399656100003169,-0.5801902120957316,0.9864616999166906,15 °C,20
4.5,15,20,14,30,28,4.5,37,300,0.20612796582269022,0.40010542408308064,-0.5780786653801478,0.9903345970255283,15 °C,20
0,20,20,14,30,18,4.1,37,300,-1.873197378484791,0.47571464699463745,-2.8055980865942804,-0.9407966703753017,20 °C,20
0.01715481171548117,20,20,14,30,18,4.1,37,300,-1.8579672197399006,0.47451091341444473,-2.7880086100322123,-0.927925829447589,20 °C,20
0.03430962343096234,20,20,14,30,18,4.1,37,300,-1.8427370609950102,0.4733129333046548,-2.7704304102721338,-0.9150437117178869,20 °C,20
0.05146443514644351,20,20,14,30,18,4.1,37,300,-1.82750690225012,0.4721207504626013,-2.7528635731568185,-0.9021502313434214,20 °C,20
0.06861924686192468,20,20,14,30,18,4.1,37,300,-1.8122767435052292,0.4709344089160942,-2.7353081849807737,-0.8892453020296844,20 °C,20
0.08577405857740585,20,20,14,30,18,4.1,37,300,-1.7970465847603385,0.4697539529208879,-2.7177643324852787,-0.8763288370353982,20 °C,20
0.10292887029288703,20,20,14,30,18,4.1,37,300,-1.781816426015448,0.46857942695803045,-2.700232102853188,-0.8634007491777084,20 °C,20
0.12008368200836819,20,20,14,30,18,4.1,37,300,-1.7665862672705575,0.46741087573108536,-2.682711583703485,-0.8504609508376302,20 °C,20
0.13723849372384936,20,20,14,30,18,4.1,37,300,-1.7513561085256675,0.4662483441632276,-2.6652028630855935,-0.8375093539657414,20 °C,20
0.15439330543933052,20,20,14,30,18,4.1,37,300,-1.7361259497807766,0.4650918773942099,-2.647706029473428,-0.8245458700881253,20 °C,20
0.1715481171548117,20,20,14,30,18,4.1,37,300,-1.7208957910358857,0.46394152077719636,-2.6302211717591906,-0.8115704103125809,20 °C,20
0.18870292887029286,20,20,14,30,18,4.1,37,300,-1.705665632290996,0.4627973198754633,-2.612748379246904,-0.7985828853350879,20 °C,20
0.20585774058577405,20,20,14,30,18,4.1,37,300,-1.6904354735461051,0.4616593204589657,-2.595287741645678,-0.7855832054465324,20 °C,20
0.22301255230125522,20,20,14,30,18,4.1,37,300,-1.6752053148012147,0.46052756850076165,-2.5778393490627076,-0.7725712805397219,20 °C,20
0.24016736401673638,20,20,14,30,18,4.1,37,300,-1.6599751560563243,0.45940211017330024,-2.5604032919959927,-0.7595470201166559,20 °C,20
0.25732217573221755,20,20,14,30,18,4.1,37,300,-1.6447449973114336,0.4582829918445654,-2.5429796613267817,-0.7465103332960855,20 °C,20
0.2744769874476987,20,20,14,30,18,4.1,37,300,-1.6295148385665432,0.4571702600740762,-2.5255685483117327,-0.733461128821354,20 °C,20
0.2916317991631799,20,20,14,30,18,4.1,37,300,-1.6142846798216528,0.45606396160874035,-2.5081700445747837,-0.7203993150685217,20 °C,20
0.30878661087866105,20,20,14,30,18,4.1,37,300,-1.5990545210767624,0.4549641433785594,-2.490784242098739,-0.707324800054786,20 °C,20
0.3259414225941422,20,20,14,30,18,4.1,37,300,-1.5838243623318715,0.4538708524921839,-2.473411233216552,-0.694237491447191,20 °C,20
0.3430962343096234,20,20,14,30,18,4.1,37,300,-1.5685942035869813,0.45278413623231617,-2.456051110602321,-0.6811372965716417,20 °C,20
0.36025104602510455,20,20,14,30,18,4.1,37,300,-1.553364044842091,0.4517040420509599,-2.438703967261972,-0.6680241224222095,20 °C,20
0.3774058577405857,20,20,14,30,18,4.1,37,300,-1.5381338860972005,0.4506306175645121,-2.421369896523644,-0.6548978756707567,20 °C,20
0.3945606694560669,20,20,14,30,18,4.1,37,300,-1.52290372735231,0.4495639105486999,-2.4040489920277617,-0.6417584626768583,20 °C,20
0.4117154811715481,20,20,14,30,18,4.1,37,300,-1.5076735686074194,0.4485039689333562,-2.3867413477167974,-0.6286057894980412,20 °C,20
0.42887029288702927,20,20,14,30,18,4.1,37,300,-1.492443409862529,0.4474508407970355,-2.3694470578247184,-0.6154397619003394,20 °C,20
0.44602510460251044,20,20,14,30,18,4.1,37,300,-1.4772132511176386,0.44640457436146735,-2.352166216866115,-0.6022602853691625,20 °C,20
0.4631799163179916,20,20,14,30,18,4.1,37,300,-1.4619830923727475,0.44536521798584466,-2.3348989196250027,-0.589067265120492,20 °C,20
0.48033472803347277,20,20,14,30,18,4.1,37,300,-1.446752933627858,0.44433282016094977,-2.3176452611433196,-0.5758606061123964,20 °C,20
0.49748953974895394,20,20,14,30,18,4.1,37,300,-1.431522774882967,0.44330742950310975,-2.300405336709062,-0.562640213056872,20 °C,20
0.5146443514644351,20,20,14,30,18,4.1,37,300,-1.4162926161380762,0.44228909474798683,-2.28317924184413,-0.5494059904320221,20 °C,20
0.5317991631799163,20,20,14,30,18,4.1,37,300,-1.401062457393186,0.44127786474420005,-2.265967072291818,-0.5361578424945539,20 °C,20
0.5489539748953974,20,20,14,30,18,4.1,37,300,-1.3858322986482958,0.4402737884467745,-2.248768924003974,-0.5228956732926178,20 °C,20
0.5661087866108786,20,20,14,30,18,4.1,37,300,-1.3706021399034047,0.4392769149104209,-2.2315848931278297,-0.5096193866789798,20 °C,20
0.5832635983263598,20,20,14,30,18,4.1,37,300,-1.3553719811585148,0.43828729328264443,-2.214415075992498,-0.49632888632453165,20 °C,20
0.6004184100418409,20,20,14,30,18,4.1,37,300,-1.340141822413624,0.4373049727966789,-2.1972595690951144,-0.48302407573213324,20 °C,20
0.6175732217573221,20,20,14,30,18,4.1,37,300,-1.3249116636687335,0.43633000276424844,-2.1801184690866604,-0.46970485825080655,20 °C,20
0.6347280334728033,20,20,14,30,18,4.1,37,300,-1.3096815049238433,0.43536243256815527,-2.1629918727574275,-0.456371137090259,20 °C,20
0.6518828451882844,20,20,14,30,18,4.1,37,300,-1.2944513461789524,0.43440231165469373,-2.145879877022152,-0.4430228153357527,20 °C,20
0.6690376569037656,20,20,14,30,18,4.1,37,300,-1.279221187434062,0.433449689525889,-2.1287825789048043,-0.4296597959633195,20 °C,20
0.6861924686192468,20,20,14,30,18,4.1,37,300,-1.2639910286891713,0.43250461573156057,-2.11170007552303,-0.4162819818553126,20 °C,20
0.7033472803347279,20,20,14,30,18,4.1,37,300,-1.2487608699442816,0.4315671398612132,-2.0946324640722596,-0.40288927581630374,20 °C,20
0.7205020920502091,20,20,14,30,18,4.1,37,300,-1.2335307111993905,0.43063731153575,-2.0775798418094604,-0.3894815805893205,20 °C,20
0.7376569037656903,20,20,14,30,18,4.1,37,300,-1.2183005524545,0.42971518039901363,-2.0605423060365666,-0.37605879887243343,20 °C,20
0.7548117154811714,20,20,14,30,18,4.1,37,300,-1.2030703937096094,0.4288007961091521,-2.0435199540835476,-0.3626208333356713,20 °C,20
0.7719665271966526,20,20,14,30,18,4.1,37,300,-1.1878402349647192,0.4278942083298116,-2.02651288329115,-0.3491675866382885,20 °C,20
0.7891213389121338,20,20,14,30,18,4.1,37,300,-1.1726100762198288,0.4269954667211552,-2.009521190993293,-0.3356989614463647,20 °C,20
0.8062761506276149,20,20,14,30,18,4.1,37,300,-1.1573799174749382,0.4261046209307123,-1.9925449744991344,-0.3222148604507421,20 °C,20
0.8234309623430962,20,20,14,30,18,4.1,37,300,-1.1421497587300475,0.42522172058405305,-1.9755843310747916,-0.3087151863853036,20 °C,20
0.8405857740585774,20,20,14,30,18,4.1,37,300,-1.1269195999851576,0.4243468152752962,-1.958639357924738,-0.29519984204557703,20 °C,20
0.8577405857740585,20,20,14,30,18,4.1,37,300,-1.1116894412402665,0.4234799545574477,-1.941710152172864,-0.28166873030766904,20 °C,20
0.8748953974895397,20,20,14,30,18,4.1,37,300,-1.0964592824953756,0.42262118793257053,-1.9247968108432139,-0.26812175414753736,20 °C,20
0.8920502092050209,20,20,14,30,18,4.1,37,300,-1.0812291237504859,0.4217705648417915,-1.9078994308403971,-0.25455881666057456,20 °C,20
0.909205020920502,20,20,14,30,18,4.1,37,300,-1.0659989650055952,0.4209281346551433,-1.891018108929676,-0.2409798210815144,20 °C,20
0.9263598326359832,20,20,14,30,18,4.1,37,300,-1.0507688062607046,0.42009394666124455,-1.8741529417167437,-0.2273846708046653,20 °C,20
0.9435146443514644,20,20,14,30,18,4.1,37,300,-1.0355386475158144,0.41926805005682266,-1.8573040256271867,-0.21377326940444197,20 °C,20
0.9606694560669455,20,20,14,30,18,4.1,37,300,-1.020308488770924,0.4184504939360779,-1.8404714568856366,-0.20014552065621127,20 °C,20
0.9778242677824267,20,20,14,30,18,4.1,37,300,-1.0050783300260333,0.4176413272798952,-1.8236553314946278,-0.18650132855743873,20 °C,20
0.9949790794979079,20,20,14,30,18,4.1,37,300,-0.9898481712811428,0.41684059894490255,-1.8068557452131517,-0.17284059734913382,20 °C,20
1.012133891213389,20,20,14,30,18,4.1,37,300,-0.9746180125362522,0.4160483576523831,-1.7900727935349232,-0.15916323153758127,20 °C,20
1.0292887029288702,20,20,14,30,18,4.1,37,300,-0.959387853791362,0.415264651977041,-1.7733065716663625,-0.14546913591636168,20 °C,20
1.0464435146443514,20,20,14,30,18,4.1,37,300,-0.9441576950464715,0.4144895303356267,-1.7565571745042998,-0.1317582155886432,20 °C,20
1.0635983263598325,20,20,14,30,18,4.1,37,300,-0.9289275363015809,0.4137230409754228,-1.7398246966134097,-0.11803037598975219,20 °C,20
1.0807531380753137,20,20,14,30,18,4.1,37,300,-0.9136973775566902,0.41296523196259766,-1.7231092322033816,-0.10428552290999882,20 °C,20
1.0979079497907949,20,20,14,30,18,4.1,37,300,-0.8984672188118001,0.4122161511704271,-1.7064108751058371,-0.09052356251776306,20 °C,20
1.115062761506276,20,20,14,30,18,4.1,37,300,-0.8832370600669096,0.4114758462673918,-1.6897297187509976,-0.07674440138282168,20 °C,20
1.1322175732217572,20,20,14,30,18,4.1,37,300,-0.8680069013220186,0.41074436470515296,-1.6730658561441185,-0.06294794649991886,20 °C,20
1.1493723849372384,20,20,14,30,18,4.1,37,300,-0.8527767425771284,0.4100217537064112,-1.6564193798416944,-0.04913410531256246,20 °C,20
1.1665271966527195,20,20,14,30,18,4.1,37,300,-0.8375465838322379,0.40930806025265326,-1.6397903819274382,-0.03530278573703749,20 °C,20
1.1836820083682007,20,20,14,30,18,4.1,37,300,-0.8223164250873481,0.40860333107179375,-1.6231789539880639,-0.021453896186632404,20 °C,20
1.2008368200836819,20,20,14,30,18,4.1,37,300,-0.8070862663424572,0.40790761262571457,-1.6065851870888577,-0.007587345596056672,20 °C,20
1.217991631799163,20,20,14,30,18,4.1,37,300,-0.7918561075975665,0.4072209510977076,-1.5900091717490734,0.006296956553940358,20 °C,20
1.2351464435146442,20,20,14,30,18,4.1,37,300,-0.7766259488526764,0.4065433923798305,-1.5734509979171443,0.020199100211791388,20 °C,20
1.2523012552301254,20,20,14,30,18,4.1,37,300,-0.7613957901077855,0.4058749820601753,-1.556910754945729,0.03411917473015813,20 °C,20
1.2694560669456065,20,20,14,30,18,4.1,37,300,-0.7461656313628944,0.4052157654100616,-1.5403885315666153,0.048057268840826395,20 °C,20
1.2866108786610877,20,20,14,30,18,4.1,37,300,-0.7309354726180043,0.40456578737115717,-1.5238844158654723,0.06201347062946372,20 °C,20
1.3037656903765689,20,20,14,30,18,4.1,37,300,-0.7157053138731145,0.4039250925425333,-1.5073984952564796,0.07598786751025066,20 °C,20
1.32092050209205,20,20,14,30,18,4.1,37,300,-0.7004751551282232,0.403293725167664,-1.4909308564568446,0.08998054620039819,20 °C,20
1.3380753138075312,20,20,14,30,18,4.1,37,300,-0.6852449963833335,0.4026717291213728,-1.474481585461224,0.10399159269455716,20 °C,20
1.3552301255230124,20,20,14,30,18,4.1,37,300,-0.6700148376384428,0.40205914789673525,-1.458050767516044,0.11802109223915824,20 °C,20
1.3723849372384935,20,20,14,30,18,4.1,37,300,-0.6547846788935523,0.40145602459194585,-1.4416384870937662,0.1320691293066616,20 °C,20
1.3895397489539747,20,20,14,30,18,4.1,37,300,-0.6395545201486617,0.40086240189715583,-1.425244827867087,0.14613578756976375,20 °C,20
1.4066945606694559,20,20,14,30,18,4.1,37,300,-0.6243243614037719,0.40027832208128916,-1.4088698726830986,0.1602211498755548,20 °C,20
1.423849372384937,20,20,14,30,18,4.1,37,300,-0.6090942026588806,0.3997038269788461,-1.3925137035374189,0.1743252982196577,20 °C,20
1.4410041841004182,20,20,14,30,18,4.1,37,300,-0.59386404391399,0.39913895797669996,-1.3761764015483218,0.188448313720342,20 °C,20
1.4581589958158994,20,20,14,30,18,4.1,37,300,-0.5786338851691002,0.398583756000899,-1.3598580469308623,0.20259027659266182,20 °C,20
1.4753138075313805,20,20,14,30,18,4.1,37,300,-0.5634037264242088,0.3980382615034767,-1.343558718971023,0.21675126612260553,20 °C,20
1.4924686192468617,20,20,14,30,18,4.1,37,300,-0.5481735676793191,0.39750251444928447,-1.3272784959999167,0.2309313606412784,20 °C,20
1.5096234309623429,20,20,14,30,18,4.1,37,300,-0.5329434089344277,0.39697655430285156,-1.3110174553680167,0.2451306374991613,20 °C,20
1.526778242677824,20,20,14,30,18,4.1,37,300,-0.517713250189538,0.3964604200152818,-1.2947756734194904,0.2593491730404144,20 °C,20
1.5439330543933052,20,20,14,30,18,4.1,37,300,-0.5024830914446482,0.39595415001119766,-1.2785532254665957,0.27358704257729916,20 °C,20
1.5610878661087864,20,20,14,30,18,4.1,37,300,-0.48725293269975684,0.3954577821757386,-1.2623501857642045,0.2878443203646908,20 °C,20
1.5782426778242675,20,20,14,30,18,4.1,37,300,-0.4720227739548662,0.3949713538416245,-1.2461666274844503,0.30212107957471784,20 °C,20
1.5953974895397487,20,20,14,30,18,4.1,37,300,-0.4567926152099757,0.39449490177629026,-1.2300026226915046,0.3164173922715532,20 °C,20
1.6125523012552299,20,20,14,30,18,4.1,37,300,-0.44156245646508596,0.39402846216910736,-1.2138582423165363,0.33073332938636446,20 °C,20
1.629707112970711,20,20,14,30,18,4.1,37,300,-0.4263322977201953,0.39357207061869404,-1.1977335561328357,0.34506896069244497,20 °C,20
1.6468619246861924,20,20,14,30,18,4.1,37,300,-0.41110213897530484,0.3931257621203277,-1.1816286327311472,0.3594243547805374,20 °C,20
1.6640167364016736,20,20,14,30,18,4.1,37,300,-0.39587198023041437,0.39268957105346963,-1.1655435394952147,0.3737995790343861,20 °C,20
1.6811715481171547,20,20,14,30,18,4.1,37,300,-0.38064182148552284,0.39226353116941076,-1.1494783425775679,0.3881946996065222,20 °C,20
1.698326359832636,20,20,14,30,18,4.1,37,300,-0.36541166274063236,0.39184767557904476,-1.13343310687556,0.4026097813942953,20 °C,20
1.715481171548117,20,20,14,30,18,4.1,37,300,-0.3501815039957426,0.39144203674078343,-1.117407896007678,0.41704488801619294,20 °C,20
1.7326359832635982,20,20,14,30,18,4.1,37,300,-0.33495134525085124,0.39104664644862147,-1.1014027722901494,0.4315000817884468,20 °C,20
1.7497907949790794,20,20,14,30,18,4.1,37,300,-0.3197211865059606,0.3906615358203581,-1.0854177967138625,0.4459754237019413,20 °C,20
1.7669456066945606,20,20,14,30,18,4.1,37,300,-0.30449102776107084,0.3902867352859899,-1.069453028921611,0.4604709733994693,20 °C,20
1.7841004184100417,20,20,14,30,18,4.1,37,300,-0.28926086901618026,0.3899222745762794,-1.0535085271856879,0.4749867891533274,20 °C,20
1.801255230125523,20,20,14,30,18,4.1,37,300,-0.2740307102712906,0.3895681827115123,-1.0375843483858547,0.4895229278432734,20 °C,20
1.818410041841004,20,20,14,30,18,4.1,37,300,-0.25880055152639914,0.3892244879904506,-1.0216805479876823,0.5040794449348841,20 °C,20
1.8355648535564852,20,20,14,30,18,4.1,37,300,-0.24357039278150863,0.3888912179794941,-1.005797180021317,0.5186563944582998,20 °C,20
1.8527196652719664,20,20,14,30,18,4.1,37,300,-0.22834023403661888,0.38856839950205424,-0.9899342970606452,0.5332538289874075,20 °C,20
1.8698744769874476,20,20,14,30,18,4.1,37,300,-0.2131100752917275,0.38825605862815465,-0.9740919502029106,0.5478717996194555,20 °C,20
1.8870292887029287,20,20,14,30,18,4.1,37,300,-0.19787991654683762,0.387954220664266,-0.958270189048799,0.5625103559551237,20 °C,20
1.90418410041841,20,20,14,30,18,4.1,37,300,-0.1826497578019464,0.3876629101433799,-0.942469061682971,0.5771695460790782,20 °C,20
1.921338912133891,20,20,14,30,18,4.1,37,300,-0.1674195990570565,0.38738215081533967,-0.9266886146551222,0.5918494165410092,20 °C,20
1.9384937238493722,20,20,14,30,18,4.1,37,300,-0.15218944031216602,0.38711196563742367,-0.9109288929615165,0.6065500123371843,20 °C,20
1.9556485355648534,20,20,14,30,18,4.1,37,300,-0.13695928156727538,0.38685237676520634,-0.8951899400270797,0.6212713768925291,20 °C,20
1.9728033472803346,20,20,14,30,18,4.1,37,300,-0.1217291228223849,0.38660340554368633,-0.8794717976880101,0.6360135520432403,20 °C,20
1.9899581589958157,20,20,14,30,18,4.1,37,300,-0.10649896407749426,0.3863650724987063,-0.8637745061749585,0.65077657801997,20 °C,20
2.007112970711297,20,20,14,30,18,4.1,37,300,-0.09126880533260379,0.3861373973286617,-0.8480981040967808,0.6655604934315731,20 °C,20
2.024267782426778,20,20,14,30,18,4.1,37,300,-0.07603864658771314,0.3859203988965112,-0.8324426284248752,0.6803653352494488,20 °C,20
2.0414225941422592,20,20,14,30,18,4.1,37,300,-0.0608084878428234,0.38571409522209554,-0.8168081144781307,0.6951911387924838,20 °C,20
2.0585774058577404,20,20,14,30,18,4.1,37,300,-0.04557832909793277,0.3855185034747683,-0.8011945959084786,0.710037937712613,20 °C,20
2.0757322175732216,20,20,14,30,18,4.1,37,300,-0.030348170353042284,0.3853336399663511,-0.7856021046870905,0.7249057639810059,20 °C,20
2.0928870292887027,20,20,14,30,18,4.1,37,300,-0.015118011608151651,0.38515952014441696,-0.7700306710912088,0.7397946478749056,20 °C,20
2.110041841004184,20,20,14,30,18,4.1,37,300,1.121471367388344e-4,0.3849961585859078,-0.7544803236916405,0.7547046179651181,20 °C,20
2.127196652719665,20,20,14,30,18,4.1,37,300,0.015342305881629468,0.3848435689910914,-0.7389510893409097,0.7696357011041686,20 °C,20
2.1443514644351462,20,20,14,30,18,4.1,37,300,0.03057246462652084,0.3847017641778683,-0.7234429931621009,0.7845879224151426,20 °C,20
2.1615062761506274,20,20,14,30,18,4.1,37,300,0.04580262337140985,0.38457075607642716,-0.7079560585383874,0.7995613052812071,20 °C,20
2.1786610878661086,20,20,14,30,18,4.1,37,300,0.061032782116301074,0.38445055572426085,-0.6924903071032502,0.8145558713358523,20 °C,20
2.1958158995815897,20,20,14,30,18,4.1,37,300,0.07626294086119097,0.3843411732615425,-0.6770457587314322,0.8295716404538143,20 °C,20
2.212970711297071,20,20,14,30,18,4.1,37,300,0.09149309960608144,0.3842426179268675,-0.6616224315305789,0.8446086307427417,20 °C,20
2.230125523012552,20,20,14,30,18,4.1,37,300,0.10672325835097209,0.38415489805336855,-0.6462203418336303,0.8596668585355745,20 °C,20
2.2472803347280332,20,20,14,30,18,4.1,37,300,0.12195341709586256,0.3840780210652027,-0.6308395041919347,0.8747463383836599,20 °C,20
2.2644351464435144,20,20,14,30,18,4.1,37,300,0.1371835758407532,0.38401199347442083,-0.6154799313691117,0.889847083050618,20 °C,20
2.2815899581589956,20,20,14,30,18,4.1,37,300,0.1524137345856437,0.3839568208782114,-0.6001416343356507,0.904969103506938,20 °C,20
2.2987447698744767,20,20,14,30,18,4.1,37,300,0.1676438933305343,0.3839125079565323,-0.584824622264269,0.9201124089253376,20 °C,20
2.315899581589958,20,20,14,30,18,4.1,37,300,0.18287405207542407,0.38387905847013015,-0.56952890252603106,0.9352770066768792,20 °C,20
2.333054393305439,20,20,14,30,18,4.1,37,300,0.1981042108203147,0.3838564752589449,-0.5542544806872173,0.9504629023278467,20 °C,20
2.3502092050209202,20,20,14,30,18,4.1,37,300,0.21333436956520518,0.3838447602409017,-0.5390013605069621,0.9656700996373724,20 °C,20
2.3673640167364014,20,20,14,30,18,4.1,37,300,0.22856452831009583,0.3838439144111021,-0.5237695439356642,0.980898600555856,20 °C,20
2.3845188284518826,20,20,14,30,18,4.1,37,300,0.2437946870549872,0.38385393784139715,-0.5085590311141512,0.9961484052241256,20 °C,20
2.4016736401673637,20,20,14,30,18,4.1,37,300,0.25902484579987695,0.38387482968035874,-0.4933698203736262,1.0114195119733802,20 °C,20
2.418828451882845,20,20,14,30,18,4.1,37,300,0.2742550045447674,0.38390658815364154,-0.47820190823636993,1.0267119173259047,20 °C,20
2.435983263598326,20,20,14,30,18,4.1,37,300,0.2894851632896582,0.3839492105647336,-0.4630552894172196,1.042025615996536,20 °C,20
2.4531380753138072,20,20,14,30,18,4.1,37,300,0.30471532203454854,0.3840026932961049,-0.44792995682581704,1.0573606008949141,20 °C,20
2.4702928870292884,20,20,14,30,18,4.1,37,300,0.3199454807794384,0.38406703181073804,-0.4328259015696081,1.072716863128485,20 °C,20
2.4874476987447696,20,20,14,30,18,4.1,37,300,0.3351756395243298,0.3841422206540515,-0.41774311295761113,1.088094392006271,20 °C,20
2.5046025104602507,20,20,14,30,18,4.1,37,300,0.3504057982692195,0.384228253456209,-0.40268157850495007,1.1034931750433892,20 °C,20
2.521757322175732,20,20,14,30,18,4.1,37,300,0.36563595701411095,0.38432512293481347,-0.3876412839381234,1.1189131979663454,20 °C,20
2.538912133891213,20,20,14,30,18,4.1,37,300,0.38086611575900153,0.3844328208979793,-0.37262221320103794,1.134354444719041,20 °C,20
2.5560669456066942,20,20,14,30,18,4.1,37,300,0.3960962745038912,0.38455133824778703,-0.3576243484617714,1.1498168974695537,20 °C,20
2.5732217573221754,20,20,14,30,18,4.1,37,300,0.41132643324878265,0.3846806649841105,-0.34264767012007397,1.1653005366176392,20 °C,20
2.5903765690376566,20,20,14,30,18,4.1,37,300,0.4265565919936724,0.38482079020881743,-0.32769215681560976,1.1808053408029546,20 °C,20
2.6075313807531377,20,20,14,30,18,4.1,37,300,0.44178675073856216,0.3849717021303351,-0.31275778543689464,1.196331286914019,20 °C,20
2.624686192468619,20,20,14,30,18,4.1,37,300,0.4570169094834543,0.38513338806858033,-0.2978445311309631,1.2118783500978716,20 °C,20
2.6418410041841,20,20,14,30,18,4.1,37,300,0.472247068228344,0.3853058344602478,-0.2829523673137417,1.2274465037704296,20 °C,20
2.6589958158995812,20,20,14,30,18,4.1,37,300,0.48747722697323465,0.3854890268644488,-0.268081265681085,1.2430357196275543,20 °C,20
2.6761506276150624,20,20,14,30,18,4.1,37,300,0.5027073857181245,0.3856829499687002,-0.2532311962205279,1.258645967656777,20 °C,20
2.6933054393305436,20,20,14,30,18,4.1,37,300,0.517937544463015,0.38588758759525515,-0.23840212722368515,1.2742772161497151,20 °C,20
2.7104602510460247,20,20,14,30,18,4.1,37,300,0.5331677032079056,0.3861029227077673,-0.22359402529931827,1.2899294317151295,20 °C,20
2.727615062761506,20,20,14,30,18,4.1,37,300,0.5483978619527969,0.38632893741828733,-0.20880685538704624,1.30560257929264,20 °C,20
2.744769874476987,20,20,14,30,18,4.1,37,300,0.5636280206976876,0.3865656129945762,-0.19404058077168174,1.3212966221670568,20 °C,20
2.7619246861924682,20,20,14,30,18,4.1,37,300,0.5788581794425772,0.3868129298677459,-0.1792951630982047,1.3370115219833592,20 °C,20
2.7790794979079494,20,20,14,30,18,4.1,37,300,0.5940883381874679,0.387070867640197,-0.16457056238731826,1.352747238762254,20 °C,20
2.7962343096234306,20,20,14,30,18,4.1,37,300,0.6093184969323576,0.3873394050938629,-0.14986673705161357,1.3685037309163288,20 °C,20
2.8133891213389117,20,20,14,30,18,4.1,37,300,0.6245486556772483,0.3876185201987485,-0.13518364391229876,1.3842809552667954,20 °C,20
2.830543933054393,20,20,14,30,18,4.1,37,300,0.6397788144221395,0.3879081901217545,-0.1205212382164993,1.4000788670607782,20 °C,20
2.847698744769874,20,20,14,30,18,4.1,37,300,0.6550089731670292,0.3882083912357783,-0.10587947365509631,1.4158974199891547,20 °C,20
2.8648535564853552,20,20,14,30,18,4.1,37,300,0.6702391319119199,0.38851909912908333,-0.09125830238108346,1.4317365662049233,20 °C,20
2.8820083682008364,20,20,14,30,18,4.1,37,300,0.6854692906568105,0.3888402886149335,-0.07665767502845922,1.4475962563420803,20 °C,20
2.8991631799163176,20,20,14,30,18,4.1,37,300,0.7006994494017017,0.38917193374148,-0.0620775407315991,1.4634764395350026,20 °C,20
2.9163179916317987,20,20,14,30,18,4.1,37,300,0.7159296081465909,0.389514007801888,-0.04751784714510954,1.4793770634382915,20 °C,20
2.93347280334728,20,20,14,30,18,4.1,37,300,0.7311597668914821,0.38986648334469964,-0.03297854046412918,1.4952980742470934,20 °C,20
2.950627615062761,20,20,14,30,18,4.1,37,300,0.7463899256363727,0.39022933218442696,-0.018459565445104076,1.5112394167178496,20 °C,20
2.9677824267782422,20,20,14,30,18,4.1,37,300,0.7616200843812625,0.3906025254123593,-0.003960865426961724,1.5272010341894866,20 °C,20
2.9849372384937234,20,20,14,30,18,4.1,37,300,0.7768502431261531,0.39098603340757476,0.010517617647306632,1.5431828686049998,20 °C,20
3.0020920502092046,20,20,14,30,18,4.1,37,300,0.7920804018710443,0.39137982584815634,0.024975943208657925,1.5591848605334309,20 °C,20
3.0192468619246857,20,20,14,30,18,4.1,37,300,0.807310560615935,0.3917838717225929,0.03941417203965292,1.575206949192217,20 °C,20
3.036401673640167,20,20,14,30,18,4.1,37,300,0.8225407193608247,0.39219813934135944,0.053832366251760244,1.5912490724698891,20 °C,20
3.053556485355648,20,20,14,30,18,4.1,37,300,0.8377708781057154,0.3926225963486707,0.06823058926232084,1.6073111669491098,20 °C,20
3.070711297071129,20,20,14,30,18,4.1,37,300,0.8530010368506066,0.393057209734392,0.08260890577119828,1.6233931679300149,20 °C,20
3.0878661087866104,20,20,14,30,18,4.1,37,300,0.8682311955954958,0.3935019458461011,0.09696738173713759,1.6394950094538538,20 °C,20
3.1050209205020916,20,20,14,30,18,4.1,37,300,0.883461354340387,0.39395677040129373,0.11130608435385125,1.6556166243269228,20 °C,20
3.1221757322175727,20,20,14,30,18,4.1,37,300,0.8986915130852776,0.3944216484997182,0.1256250820258299,1.6717579441447254,20 °C,20
3.139330543933054,20,20,14,30,18,4.1,37,300,0.9139216718301683,0.39489654463583246,0.1399244443439367,1.6879188993163998,20 °C,20
3.156485355648535,20,20,14,30,18,4.1,37,300,0.929151830575058,0.3953814227113773,0.15420424206075856,1.7040994190893575,20 °C,20
3.173640167364016,20,20,14,30,18,4.1,37,300,0.9443819893199492,0.39587624604804605,0.16846454706577896,1.7202994315741194,20 °C,20
3.1907949790794974,20,20,14,30,18,4.1,37,300,0.9596121480648407,0.39638097740025474,0.18270543236034142,1.73651886376934,20 °C,20
3.2079497907949786,20,20,14,30,18,4.1,37,300,0.9748423068097296,0.39689557896799094,0.19692697203246734,1.7527576415869919,20 °C,20
3.2251046025104597,20,20,14,30,18,4.1,37,300,0.9900724655546203,0.3974200124097419,0.2111292412315261,1.7690156898777145,20 °C,20
3.242259414225941,20,20,14,30,18,4.1,37,300,1.005302624299511,0.3979542388554873,0.22531231614275582,1.785292932456266,20 °C,20
3.259414225941422,20,20,14,30,18,4.1,37,300,1.0205327830444006,0.3984982189197448,0.2394762739617009,1.8015892921271004,20 °C,20
3.276569037656903,20,20,14,30,18,4.1,37,300,1.0357629417892926,0.3990519127146678,0.2536211928685438,1.8179046907100416,20 °C,20
3.293723849372385,20,20,14,30,18,4.1,37,300,1.0509931005341824,0.3996152798631807,0.2677471520023482,1.8342390490660165,20 °C,20
3.310878661087866,20,20,14,30,18,4.1,37,300,1.0662232592790737,0.4001882795121435,0.28185423143527244,1.850592287122875,20 °C,20
3.328033472803347,20,20,14,30,18,4.1,37,300,1.0814534180239634,0.40077087034553593,0.2959425121467131,1.8669643239012137,20 °C,20
3.3451882845188283,20,20,14,30,18,4.1,37,300,1.0966835767688534,0.40136301059765717,0.3100120759974454,1.8833550775402614,20 °C,20
3.3623430962343095,20,20,14,30,18,4.1,37,300,1.1119137355137438,0.4019646580663267,0.3240630057037436,1.8997644653237442,20 °C,20
3.3794979079497907,20,20,14,30,18,4.1,37,300,1.1271438942586358,0.4025757701260851,0.338095384811509,1.9161924037057627,20 °C,20
3.396652719665272,20,20,14,30,18,4.1,37,300,1.1423740530035256,0.40319630374137855,0.35210929767042365,1.9326388083366275,20 °C,20
3.413807531380753,20,20,14,30,18,4.1,37,300,1.1576042117484162,0.4038262154797245,0.36610482940815614,1.9491035940886763,20 °C,20
3.430962343096234,20,20,14,30,18,4.1,37,300,1.1728343704933069,0.404465461524852,0.3800820659045969,1.9655866750820168,20 °C,20
3.4481171548117153,20,20,14,30,18,4.1,37,300,1.1880645292381966,0.40511399768980316,0.39404109376618246,1.9820879647102108,20 °C,20
3.4652719665271965,20,20,14,30,18,4.1,37,300,1.203294687983088,0.4057717794299937,0.4079820003003003,1.9986073756658755,20 °C,20
3.4824267782426777,20,20,14,30,18,4.1,37,300,1.218524846727978,0.40643876185622424,0.42190487348977845,2.0151448199661774,20 °C,20
3.499581589958159,20,20,14,30,18,4.1,37,300,1.2337550054728692,0.4071148997476339,0.43580980196750685,2.0317002089782314,20 °C,20
3.51673640167364,20,20,14,30,18,4.1,37,300,1.248985164217759,0.4078001475645866,0.4496968749911693,2.0482734534443487,20 °C,20
3.533891213389121,20,20,14,30,18,4.1,37,300,1.2642153229626487,0.4084944594614944,0.46356618241811975,2.0648644635071776,20 °C,20
3.5510460251046023,20,20,14,30,18,4.1,37,300,1.2794454817075398,0.40919778929955947,0.47741781468040323,2.0814731487346765,20 °C,20
3.5682008368200835,20,20,14,30,18,4.1,37,300,1.29467564045243,0.40991009065943007,0.49125186275994703,2.098099418144913,20 °C,20
3.5853556485355647,20,20,14,30,18,4.1,37,300,1.309905799197322,0.41063131685377535,0.5050684181639223,2.1147431802307217,20 °C,20
3.602510460251046,20,20,14,30,18,4.1,37,300,1.3251359579422117,0.4113614209397575,0.518867572900287,2.1314043429841365,20 °C,20
3.619665271966527,20,20,14,30,18,4.1,37,300,1.3403661166871015,0.4121003557314096,0.5326494194535387,2.1480828139206642,20 °C,20
3.636820083682008,20,20,14,30,18,4.1,37,300,1.3555962754319912,0.4128480738119054,0.5464140507606566,2.164778500103326,20 °C,20
3.6539748953974893,20,20,14,30,18,4.1,37,300,1.3708264341768828,0.41360452754571486,0.5601615601872817,2.1814913081664837,20 °C,20
3.6711297071129705,20,20,14,30,18,4.1,37,300,1.386056592921774,0.4143696690906508,0.5738920415040984,2.19822114433945,20 °C,20
3.6882845188284517,20,20,14,30,18,4.1,37,300,1.4012867516666652,0.4151434504097883,0.5876055888634801,2.21496791446985,20 °C,20
3.705439330543933,20,20,14,30,18,4.1,37,300,1.4165169104115554,0.4159258232832641,0.6013022967763577,2.231731524046753,20 °C,20
3.722594142259414,20,20,14,30,18,4.1,37,300,1.4317470691564433,0.41671673931994246,0.6149822600893561,2.2485118782235305,20 °C,20
3.739748953974895,20,20,14,30,18,4.1,37,300,1.4469772279013362,0.41751614996895214,0.62864557396219,2.2653088818404825,20 °C,20
3.7569037656903763,20,20,14,30,18,4.1,37,300,1.4622073866462264,0.4183240065310808,0.642292333845308,2.2821224394471447,20 °C,20
3.7740585774058575,20,20,14,30,18,4.1,37,300,1.4774375453911142,0.4191402601700331,0.6559226354578493,2.298952455324379,20 °C,20
3.7912133891213387,20,20,14,30,18,4.1,37,300,1.4926677041360072,0.41996486192353943,0.6695365747658699,2.3157988335061446,20 °C,20
3.80836820083682,20,20,14,30,18,4.1,37,300,1.5078978628808986,0.4207977627143227,0.6831342479608261,2.332661477800971,20 °C,20
3.825523012552301,20,20,14,30,18,4.1,37,300,1.5231280216257883,0.42163891336091064,0.6967157514384035,2.349540291813173,20 °C,20
3.842677824267782,20,20,14,30,18,4.1,37,300,1.5383581803706783,0.42248826458829275,0.7102811817776246,2.366435178963732,20 °C,20
3.8598326359832633,20,20,14,30,18,4.1,37,300,1.5535883391155696,0.42334576703842475,0.7238306357202571,2.3833460425108823,20 °C,20
3.8769874476987445,20,20,14,30,18,4.1,37,300,1.5688184978604593,0.4242113712805736,0.7373642101505351,2.4002727855703836,20 °C,20
3.8941422594142256,20,20,14,30,18,4.1,37,300,1.5840486566053475,0.4250850278214993,0.7508820020752089,2.417215311135486,20 °C,20
3.911297071129707,20,20,14,30,18,4.1,37,300,1.5992788153502404,0.4259666871154749,0.7643841086039096,2.4341735220965712,20 °C,20
3.928451882845188,20,20,14,30,18,4.1,37,300,1.6145089740951317,0.42685629957414106,0.7778706269298152,2.451147321260448,20 °C,20
3.945606694560669,20,20,14,30,18,4.1,37,300,1.6297391328400215,0.4277538155761931,0.791341654310683,2.46813661136936,20 °C,20
3.9627615062761503,20,20,14,30,18,4.1,37,300,1.6449692915849112,0.4286591854769033,0.8047972880501808,2.4851412951196417,20 °C,20
3.9799163179916315,20,20,14,30,18,4.1,37,300,1.6601994503298028,0.42957235961747003,0.8182376254795615,2.502161275180044,20 °C,20
3.9970711297071126,20,20,14,30,18,4.1,37,300,1.6754296090746925,0.43049328833419276,0.8316627639396748,2.5191964542097103,20 °C,20
4.014225941422594,20,20,14,30,18,4.1,37,300,1.6906597678195838,0.43142192196748713,0.845072800763309,2.5362467348758586,20 °C,20
4.031380753138075,20,20,14,30,18,4.1,37,300,1.705889926564472,0.43235821087071047,0.8584678332578796,2.5533120198710644,20 °C,20
4.048535564853556,20,20,14,30,18,4.1,37,300,1.7211200853093649,0.43330210541883,0.8718479586884581,2.5703922119302716,20 °C,20
4.065690376569037,20,20,14,30,18,4.1,37,300,1.7363502440542546,0.43425355601690513,0.8852132742611206,2.5874872138473886,20 °C,20
4.0828451882845185,20,20,14,30,18,4.1,37,300,1.7515804027991444,0.43521251310840264,0.8985638771066752,2.6045969284916137,20 °C,20
4.1,20,20,14,30,18,4.1,37,300,1.7668105615440357,0.4361789271833328,0.9118998642647035,2.621721258823368,20 °C,20
